Id. Acidente,Datahora,Dia,Mês,Hora,Entidades Fiscalizadoras,Velocidade local,Velocidade geral,Dia da Semana,Latitude GPS,Longitude GPS,Num. Mortos a 30 dias,Num. Feridos graves a 30 dias,Num. Feridos ligeiros a 30 dias,Características Tecnicas1,Cond Aderência,Distrito,Concelho,Freguesia,Pov. Proxima,Nome arruamento,Tipos Vias,Cod Via,Estado Conservação,Km,Factores Atmosféricos,Reg Circulação1,Intersecção Vias,Localizações,Luminosidade,Marca Via,Natureza,Obras Arte,Obstáculos,Sentidos,Sinais,Sinais Luminosos,Tipo Piso,Traçado 1,Traçado 2,Traçado 3,Traçado 4,Via Trânsito
2010442006,2010:01:09 09:40:00,01/09/00,01/01/00,01/01/00,Guarda Nacional Republicana,50.0,50.0,Sábado       ,,,0,0,1,Estrada sem separador,"Com gelo, geada ou neve",Braga,Vila Nova de Famalicao,Oliveira (Santa Maria),,AV GENERAL HUMBERTO DELGADO,Arruamento,0,Em bom estado,,Neve,Dois sentidos,Fora da intersecção,Dentro das localidades,Em pleno dia,Com marcas - separadoras de sentido de trânsito,Despiste com colisão com veículo imobil. ou obstáculo,NÃO DEFINIDO,Inexistentes,NÃO DEFINIDO,Outros,Inexistentes,Betuminoso,Curva,Em patamar,Sem berma ou impraticável,Em plena via,Direita
2010423287,2010:01:11 08:40:00,01/11/00,01/01/00,01/01/00,Polícia de Segurança Pública,70.0,90.0,Segunda-Feira,"0,00","0,00",0,0,1,Estrada sem separador,Seco e limpo,Lisboa,Oeiras,Oeiras e São Julião da Barra,Oeiras,Rua da Mina,Arruamento,0,Em bom estado,,Chuva,Dois sentidos,Fora da intersecção,Dentro das localidades,Em pleno dia,Com marcas - separadoras de sentido de trânsito,Colisão choque em cadeia,NÃO DEFINIDO,Inexistentes,NÃO DEFINIDO,Outros,Inexistentes,Betuminoso,Recta,Com inclinação,Berma pavimentada,Em plena via,Direita
2013680606,2013:01:18 14:30:00,01/18/00,01/01/00,01/01/00,Guarda Nacional Republicana,50.0,90.0,Sexta-Feira  ,,,0,0,3,Estrada sem separador,Molhado,Vila Real,Vila Pouca de Aguiar,Soutelo de Aguiar,,,EN - Estrada Nacional,EN2,Em bom estado,39.1,Chuva,Dois sentidos,Em entroncamento,Fora das localidades,Em pleno dia,Com marcas - separadoras de sentido de trânsito,Colisão traseira com outro veículo em movimento,NÃO DEFINIDO,Inexistentes,NÃO DEFINIDO,Proibição de ultrapassagem,Inexistentes,Betuminoso,Recta,Em patamar,Sem berma ou impraticável,Em plena via,Direita
20171187152,2017:01:24 08:00:00,01/24/00,01/01/00,01/01/00,Polícia de Segurança Pública,50.0,50.0,Terça-Feira  ,"41,439626","-8,308261",0,0,1,Outra via,Molhado,Braga,Guimaraes,Creixomil,,Rua Cuteleiros de Guimarães                                                                         ,Arruamento,0,Em estado regular,,Bom tempo,Sentido único,Em rotunda,Dentro das localidades,Em pleno dia,Com marcas - separadoras de sentido de trânsito,Despiste sem dispositivo de retenção,NÃO DEFINIDO,Correctamente sinalizados,No sentido decrescente da quilometragem,Outros,Inexistentes,Betuminoso,Curva,Em patamar,Sem berma ou impraticável,Em plena via,Direita
2011519213,2011:01:07 13:15:00,01/07/00,01/01/00,01/01/00,Guarda Nacional Republicana,50.0,50.0,Sexta-Feira  ,,,0,0,2,Estrada sem separador,Seco e limpo,Coimbra,Cantanhede,Cantanhede,CANTANHEDE,R BOMBEIROS VOLUNTARIOS,Arruamento,0,Em bom estado,,Bom tempo,Dois sentidos,Fora da intersecção,Dentro das localidades,Em pleno dia,Com marcas - separadoras de sentido de trânsito,Atropelamento de peões,NÃO DEFINIDO,Inexistentes,NÃO DEFINIDO,Passagem de peões,Inexistentes,Betuminoso,Recta,Em patamar,Berma pavimentada,Em plena via,Direita
2015883679,2015:01:08 09:10:00,01/08/00,01/01/00,01/01/00,Polícia de Segurança Pública,50.0,50.0,Quinta-Feira ,"38,701786","-9,219429",0,0,1,Outra via,Seco e limpo,Lisboa,Lisboa,Belém,Lisboa,Avenida Dom Vasco da Gama                                                                           ,Arruamento,0,Em bom estado,,Bom tempo,Sentido único,Em cruzamento,Dentro das localidades,Em pleno dia,Com marcas - separadoras de sentido e de vias de trânsito,Colisão frontal,NÃO DEFINIDO,Inexistentes,No sentido crescente da quilometragem,Cedência de passagem,Inexistentes,Betuminoso,Recta,Com inclinação,Berma pavimentada,Em plena via,Central
2013681726,2013:01:22 12:45:00,01/22/00,01/01/00,01/01/00,Guarda Nacional Republicana,90.0,90.0,Terça-Feira  ,,,0,1,0,Estrada sem separador,Seco e limpo,Faro,Aljezur,Aljezur,Vale da Telha,,EM - Estrada Municipal,EM1003-1,Em bom estado,,Chuva,Dois sentidos,Fora da intersecção,Fora das localidades,Em pleno dia,Com marcas - separadoras de sentido e de vias de trânsito,Despiste com colisão com veículo imobil. ou obstáculo,NÃO DEFINIDO,Inexistentes,NÃO DEFINIDO,NÃO DEFINIDO,Inexistentes,Betuminoso,Recta,Com inclinação,Berma não pavimentada,Na berma,Direita
20171234898,2017:01:06 20:20:00,01/06/00,01/01/00,01/01/00,Guarda Nacional Republicana,50.0,50.0,Sexta-Feira  ,"40,650408","-8,444495",0,0,6,Estrada sem separador,Seco e limpo,Aveiro,Agueda,Macinhata do Vouga,BECO,,EM - Estrada Municipal,0,Em estado regular,,Bom tempo,Dois sentidos,Fora da intersecção,Dentro das localidades,"Noite, sem iluminação",Sem marcas rodoviárias ou pouco visíveis,Colisão frontal,NÃO DEFINIDO,Inexistentes,NÃO DEFINIDO,NÃO DEFINIDO,Inexistentes,Betuminoso,Recta,Em patamar,Sem berma ou impraticável,Em plena via,Direita
2015889674,2015:01:15 14:25:00,01/15/00,01/01/00,01/01/00,Polícia de Segurança Pública,50.0,50.0,Quinta-Feira ,"38,641941","-9,151360",0,0,1,Estrada sem separador,Molhado,Setúbal,Seixal,Corroios,Corroios,Avenida 25 de Abril (Corroios),Arruamento,0,Em bom estado,,Chuva,Dois sentidos,Fora da intersecção,Dentro das localidades,Em pleno dia,Com marcas - separadoras de sentido de trânsito,Atropelamento de peões,NÃO DEFINIDO,Inexistentes,NÃO DEFINIDO,NÃO DEFINIDO,Inexistentes,Betuminoso,Recta,Em patamar,Sem berma ou impraticável,Em plena via,Direita
2013659376,2013:01:08 18:44:00,01/08/00,01/01/00,01/01/00,Polícia de Segurança Pública,50.0,50.0,Terça-Feira  ,"0,00","0,00",0,0,1,Estrada sem separador,Húmido,Vila Real,Vila Real,Vila Real (São Dinis),,Rua D. Afonso III,Arruamento,0,Em estado regular,,Chuva,Sentido único,Em entroncamento,Dentro das localidades,"Noite, com iluminação",Sem marcas rodoviárias ou pouco visíveis,Atropelamento de peões,NÃO DEFINIDO,Inexistentes,NÃO DEFINIDO,Outros,Inexistentes,Calçada,Curva,Em patamar,Berma pavimentada,Em plena via,Direita
20191684425,2019:01:04 21:00:00,01/04/00,01/01/00,01/01/00,Guarda Nacional Republicana,120.0,120.0,Sexta-Feira  ,"38,886760","-9,179077",0,0,3,Auto-estrada,Seco e limpo,Lisboa,Loures,Lousa,Loures,,A  - Auto-Estrada,A8,Em bom estado,"11,7",Bom tempo,Sentido único,Fora da intersecção,Fora das localidades,"Noite, sem iluminação",Com marcas - separadoras de sentido e de vias de trânsito,Colisão traseira com outro veículo em movimento,NÃO DEFINIDO,Inexistentes,No sentido crescente da quilometragem,NÃO DEFINIDO,Inexistentes,Betuminoso,Recta,Com inclinação,Berma pavimentada,Em plena via,Central
20181367649,2018:01:17 17:00:00,01/17/00,01/01/00,01/01/00,Guarda Nacional Republicana,50.0,50.0,Quarta-Feira ,"40,435827","-8,504301",0,0,1,Estrada sem separador,Seco e limpo,Aveiro,Anadia,São Lourenço do Bairro,Albergaria-a-Velha,Estrada Principal,Arruamento,0,Em bom estado,,Bom tempo,Sentido único,Fora da intersecção,Dentro das localidades,Em pleno dia,Com marcas - separadoras de sentido de trânsito,Colisão traseira com outro veículo em movimento,NÃO DEFINIDO,Inexistentes,NÃO DEFINIDO,NÃO DEFINIDO,Inexistentes,Betuminoso,Recta,Com inclinação,Sem berma ou impraticável,Em plena via,Direita
2010442815,2010:01:13 19:40:00,01/13/00,01/01/00,01/01/00,Guarda Nacional Republicana,50.0,50.0,Quarta-Feira ,"40,174910","-8,322208",0,0,2,Estrada sem separador,Molhado,Coimbra,Miranda do Corvo,Semide,POMAR DOS BRACOS,,EN - Estrada Nacional,EN17,Em bom estado,15.5,Chuva,Dois sentidos,Fora da intersecção,Dentro das localidades,"Noite, com iluminação",Com marcas - separadoras de sentido de trânsito,Despiste com capotamento,NÃO DEFINIDO,Inexistentes,NÃO DEFINIDO,NÃO DEFINIDO,Inexistentes,Betuminoso,Curva,Com inclinação,Berma pavimentada,Na berma,Direita
20191658189,2019:01:26 09:30:00,01/26/00,01/01/00,01/01/00,Polícia de Segurança Pública,50.0,50.0,Sábado       ,"0,0","0,0",0,0,1,Estrada sem separador,Seco e limpo,Lisboa,Lisboa,Carnide,,Estrada Paço do Lumiar                                                                              ,Arruamento,0,Em bom estado,,Bom tempo,Dois sentidos,Em entroncamento,Dentro das localidades,Em pleno dia,Com marcas - separadoras de sentido e de vias de trânsito,Colisão lateral com outro veículo em movimento,NÃO DEFINIDO,Inexistentes,NÃO DEFINIDO,Passagem de peões,Inexistentes,Betuminoso,Recta,Em patamar,Berma pavimentada,Em plena via,Direita
2011507243,2011:01:18 10:00:00,01/18/00,01/01/00,01/01/00,Polícia de Segurança Pública,80.0,80.0,Terça-Feira  ,"0,00","0,00",0,0,1,Auto-estrada,Húmido,Setúbal,Almada,Almada,,,A  - Auto-Estrada,A2,Em estado regular,,Bom tempo,Dois sentidos,Fora da intersecção,Fora das localidades,Em pleno dia,Com marcas - separadoras de sentido e de vias de trânsito,Colisão com outras situações,NÃO DEFINIDO,Inexistentes,No sentido decrescente da quilometragem,NÃO DEFINIDO,Inexistentes,Betuminoso,Recta,Em patamar,Berma pavimentada,Em plena via,Esquerda
20171237766,2017:01:22 02:20:00,01/22/00,01/01/00,01/01/00,Guarda Nacional Republicana,50.0,50.0,Domingo      ,"41,444550","-8,172330",0,0,2,Estrada sem separador,Seco e limpo,Braga,Fafe,Fafe,Fafe,,VAR - Variante,0,Em bom estado,,Bom tempo,Sentido único,Fora da intersecção,Dentro das localidades,"Noite, sem iluminação",Sem marcas rodoviárias ou pouco visíveis,Colisão frontal,NÃO DEFINIDO,Inexistentes,NÃO DEFINIDO,NÃO DEFINIDO,Inexistentes,Terra batida,Recta,Em patamar,Sem berma ou impraticável,Em plena via,Direita
2013682050,2013:01:23 08:45:00,01/23/00,01/01/00,01/01/00,Guarda Nacional Republicana,50.0,50.0,Quarta-Feira ,,,0,0,1,Estrada sem separador,Com água acumulada na faixa de rodagem,Aveiro,Agueda,Águeda,"Alagoa (rotunda dos ""Pipos""",,Outra Via,0,Em estado regular,,Chuva,Dois sentidos,Em rotunda,Dentro das localidades,Em pleno dia,Sem marcas rodoviárias ou pouco visíveis,Colisão lateral com outro veículo em movimento,NÃO DEFINIDO,Inexistentes,NÃO DEFINIDO,Outros,Inexistentes,Betão de cimento,Curva,Em patamar,Sem berma ou impraticável,Em plena via,Direita
20161020772,2016:01:17 13:00:00,01/17/00,01/01/00,01/01/00,Polícia de Segurança Pública,50.0,50.0,Domingo      ,"39,710714","-8,799995",0,0,1,Estrada sem separador,Seco e limpo,Leiria,Leiria,"União das freguesias de Leiria, Pousos, Barreira e Cortes",Casal Galego,Rua Forno da Telha,Arruamento,0,Em estado regular,,Bom tempo,Dois sentidos,Fora da intersecção,Dentro das localidades,Em pleno dia,Com marcas - separadoras de sentido de trânsito,Atropelamento de peões,NÃO DEFINIDO,Inexistentes,NÃO DEFINIDO,Outros,Inexistentes,Betuminoso,Recta,Com inclinação,Berma pavimentada,Em plena via,Direita
2015932699,2015:01:05 10:00:00,01/05/00,01/01/00,01/01/00,Guarda Nacional Republicana,90.0,90.0,Segunda-Feira,"39,392478","-8,445988",0,0,1,Estrada sem separador,"Com gelo, geada ou neve",Leiria,Batalha,Reguengo do Fetal,Torre,,Outra Via,0,Em estado regular,,Bom tempo,Dois sentidos,Fora da intersecção,Fora das localidades,Em pleno dia,Com marcas - separadoras de sentido de trânsito,Despiste com capotamento,NÃO DEFINIDO,Inexistentes,NÃO DEFINIDO,NÃO DEFINIDO,Inexistentes,Betuminoso,Curva,Com inclinação,Sem berma ou impraticável,Na berma,Direita
2013683504,2013:01:10 07:30:00,01/10/00,01/01/00,01/01/00,Guarda Nacional Republicana,120.0,120.0,Quinta-Feira ,,,0,0,1,Auto-estrada,Molhado,Porto,Santo Tirso,Água Longa,,,A  - Auto-Estrada,A41,Em bom estado,18.0,Nevoeiro,Sentido único,Fora da intersecção,Fora das localidades,Em pleno dia,Com marcas - separadoras de sentido e de vias de trânsito,Despiste simples,NÃO DEFINIDO,Inexistentes,No sentido decrescente da quilometragem,NÃO DEFINIDO,Inexistentes,Betuminoso,Curva,Em patamar,Berma pavimentada,Em plena via,Direita
20181366700,2018:01:13 07:55:00,01/13/00,01/01/00,01/01/00,Guarda Nacional Republicana,50.0,50.0,Sábado       ,"40,699399","-8,495117",0,0,1,Estrada sem separador,Húmido,Aveiro,Albergaria-a-Velha,Albergaria-a-Velha e Valmaior,Albergaria-a-Velha,RUA PINHAL DA SEMOUQUEIRA,Arruamento,0,Em bom estado,,Chuva,Sentido único,Fora da intersecção,Dentro das localidades,Em pleno dia,Com marcas - separadoras de sentido de trânsito,Atropelamento com fuga,NÃO DEFINIDO,Inexistentes,NÃO DEFINIDO,NÃO DEFINIDO,Inexistentes,Betuminoso,Recta,Em patamar,Sem berma ou impraticável,Em plena via,Direita
20161022727,2015:01:27 09:05:00,01/27/00,01/01/00,01/01/00,Polícia de Segurança Pública,50.0,50.0,Terça-Feira  ,"41,164187","-8,611067",0,0,1,Estrada sem separador,Seco e limpo,Porto,Porto,Paranhos,Porto,Rua Antero de Quental                                                                               ,Arruamento,0,Em estado regular,,Bom tempo,Dois sentidos,Fora da intersecção,Dentro das localidades,Em pleno dia,Com marcas - separadoras de sentido e de vias de trânsito,Colisão com outras situações,NÃO DEFINIDO,Inexistentes,NÃO DEFINIDO,Outros,Inexistentes,Betuminoso,Recta,Em patamar,Berma pavimentada,Em plena via,Direita
2010442041,2010:01:03 10:10:00,01/03/00,01/01/00,01/01/00,Guarda Nacional Republicana,120.0,120.0,Domingo      ,"41,448277","-8,491502",0,0,1,Auto-estrada,Molhado,Braga,Vila Nova de Famalicao,Cruz,CRUZ,,A  - Auto-Estrada,A3,Em bom estado,34.4,Chuva,Sentido único,Fora da intersecção,Fora das localidades,Em pleno dia,Com marcas - separadoras de sentido e de vias de trânsito,Despiste com dispositivo de retenção,NÃO DEFINIDO,Inexistentes,No sentido decrescente da quilometragem,Outros,Inexistentes,Betuminoso,Curva,Em patamar,Berma pavimentada,Em plena via,Esquerda
2014790485,2014:01:17 09:50:00,01/17/00,01/01/00,01/01/00,Guarda Nacional Republicana,120.0,120.0,Sexta-Feira  ,"38,510624","-9,104906",0,0,1,Auto-estrada,Molhado,Lisboa,Loures,Loures,Loures,,A  - Auto-Estrada,A9,Em bom estado,17.6,Chuva,Sentido único,Fora da intersecção,Fora das localidades,Em pleno dia,Com marcas - separadoras de sentido e de vias de trânsito,Despiste com dispositivo de retenção,NÃO DEFINIDO,Inexistentes,No sentido crescente da quilometragem,NÃO DEFINIDO,Inexistentes,Betuminoso,Recta,Com inclinação,Berma pavimentada,Em plena via,Esquerda
20171175648,2017:01:18 18:20:00,01/18/00,01/01/00,01/01/00,Polícia de Segurança Pública,50.0,50.0,Quarta-Feira ,"39,096165","-9,259761",0,0,1,Estrada sem separador,Seco e limpo,Lisboa,Torres Vedras,"União das freguesias de Torres Vedras (São Pedro, Santiago, Santa Maria do Castelo e São Miguel) e Matacães",Torres Vedras,Rua Dias Neiva                                                                                      ,Arruamento,0,Em bom estado,,Bom tempo,Dois sentidos,Fora da intersecção,Dentro das localidades,Aurora ou crepúsculo,Com marcas - separadoras de sentido e de vias de trânsito,Atropelamento de peões,NÃO DEFINIDO,Inexistentes,NÃO DEFINIDO,Passagem de peões,Inexistentes,Betuminoso,Recta,Em Lomba,Berma pavimentada,Em plena via,Direita
20181358575,2018:01:30 08:00:00,01/30/00,01/01/00,01/01/00,Polícia de Segurança Pública,50.0,50.0,Terça-Feira  ,"41,438902","-8,303408",0,0,1,Estrada sem separador,Seco e limpo,Braga,Guimaraes,Creixomil,,Rua Professor Abel Salazar                                                                          ,Arruamento,0,Em bom estado,,Bom tempo,Dois sentidos,Em entroncamento,Dentro das localidades,Em pleno dia,Com marcas - separadoras de sentido e de vias de trânsito,Colisão frontal,NÃO DEFINIDO,Inexistentes,NÃO DEFINIDO,Outros,Inexistentes,Betuminoso,Recta,Com inclinação,Sem berma ou impraticável,Em plena via,Direita
20171158703,2017:01:04 22:05:00,01/04/00,01/01/00,01/01/00,Polícia de Segurança Pública,70.0,90.0,Quarta-Feira ,"41,166864","-8,586229",0,0,1,Auto-estrada,Molhado,Porto,Porto,Paranhos,Porto,,A  - Auto-Estrada,A20,Em estado regular,"11,7",Bom tempo,Sentido único,Fora da intersecção,Fora das localidades,"Noite, com iluminação",Com marcas - separadoras de sentido de trânsito,Colisão choque em cadeia,NÃO DEFINIDO,Inexistentes,No sentido crescente da quilometragem,Outros,Inexistentes,Betuminoso,Curva,Com inclinação,Berma pavimentada,Em plena via,Central
2014790486,2014:01:17 14:15:00,01/17/00,01/01/00,01/01/00,Guarda Nacional Republicana,120.0,120.0,Sexta-Feira  ,"38,502104","-9,057450",0,0,1,Auto-estrada,Molhado,Lisboa,Loures,São João da Talha,,,A  - Auto-Estrada,A1,Em estado regular,6.5,Chuva,Sentido único,Fora da intersecção,Fora das localidades,Em pleno dia,Com marcas - separadoras de sentido e de vias de trânsito,Despiste com capotamento,NÃO DEFINIDO,Inexistentes,No sentido decrescente da quilometragem,NÃO DEFINIDO,Inexistentes,Betuminoso,Recta,Em patamar,Berma pavimentada,Em plena via,Central
2011517142,2011:01:21 17:30:00,01/21/00,01/01/00,01/01/00,Guarda Nacional Republicana,50.0,50.0,Sexta-Feira  ,"41,422467","-8,615947",0,0,2,Estrada sem separador,Seco e limpo,Braga,Vila Nova de Famalicao,Gondifelos,GONDIFELOS,,EN - Estrada Nacional,EN206,Em bom estado,13.55,Bom tempo,Dois sentidos,Em entroncamento,Dentro das localidades,Em pleno dia,Com marcas - separadoras de sentido de trânsito,Colisão lateral com outro veículo em movimento,NÃO DEFINIDO,Inexistentes,NÃO DEFINIDO,Outros,Inexistentes,Betuminoso,Recta,Com inclinação,Berma pavimentada,Em plena via,Direita
20161024016,2016:01:02 16:30:00,01/02/00,01/01/00,01/01/00,Polícia de Segurança Pública,50.0,50.0,Sábado       ,"41,724057","-8,852234",0,0,1,Estrada sem separador,Molhado,Viana do Castelo,Viana do Castelo,Areosa,,Rua das Rosas de Areosa,Arruamento,0,Em estado regular,,Chuva,Dois sentidos,Em cruzamento,Dentro das localidades,Em pleno dia,Sem marcas rodoviárias ou pouco visíveis,Colisão com outras situações,NÃO DEFINIDO,Inexistentes,NÃO DEFINIDO,Outros,Inexistentes,Betuminoso,Recta,Em patamar,Berma pavimentada,Em plena via,Direita
20171178435,2017:01:25 15:30:00,01/25/00,01/01/00,01/01/00,Polícia de Segurança Pública,50.0,50.0,Quarta-Feira ,"38,752247","-9,173953",0,0,1,Estrada sem separador,Seco e limpo,Lisboa,Lisboa,São Domingos de Benfica,Lisboa,Estrada Luz                                                                                         ,Arruamento,0,Em bom estado,,Bom tempo,Dois sentidos,Em entroncamento,Dentro das localidades,Em pleno dia,Com marcas - separadoras de sentido e de vias de trânsito,Colisão com outras situações,NÃO DEFINIDO,Inexistentes,NÃO DEFINIDO,Cedência de passagem,Inexistentes,Betuminoso,Recta,Em patamar,Berma pavimentada,Em plena via,Esquerda
2012597524,2012:01:14 16:00:00,01/14/00,01/01/00,01/01/00,Guarda Nacional Republicana,50.0,50.0,Sábado       ,,,0,0,2,Estrada sem separador,Molhado,Braga,Guimaraes,Leitões,LEITOES,R DE SAO MARTINHO,Arruamento,0,Em estado regular,,Chuva,Dois sentidos,Em entroncamento,Dentro das localidades,Em pleno dia,Sem marcas rodoviárias ou pouco visíveis,Colisão lateral com outro veículo em movimento,NÃO DEFINIDO,Inexistentes,NÃO DEFINIDO,Stop,Desligada,Betuminoso,Recta,Com inclinação,Sem berma ou impraticável,Em plena via,Direita
2012577705,2012:01:03 18:30:00,01/03/00,01/01/00,01/01/00,Polícia de Segurança Pública,50.0,50.0,Terça-Feira  ,"0,00","0,00",0,0,1,Estrada sem separador,Seco e limpo,Lisboa,Lisboa,Graça,,Largo Graça                                                                                         ,Arruamento,0,Em bom estado,,Bom tempo,Dois sentidos,Fora da intersecção,Dentro das localidades,"Noite, com iluminação",Com marcas - separadoras de sentido e de vias de trânsito,Atropelamento com fuga,NÃO DEFINIDO,Inexistentes,NÃO DEFINIDO,Outros,Inexistentes,Betuminoso,Recta,Em patamar,Berma pavimentada,Em plena via,Esquerda
2013681789,2013:01:19 13:00:00,01/19/00,01/01/00,01/01/00,Guarda Nacional Republicana,120.0,120.0,Sábado       ,,,0,0,1,Auto-estrada,Molhado,Viseu,Lamego,Valdigem,Valdigem,,A  - Auto-Estrada,A24,Em bom estado,94.65,Chuva,Sentido único,Fora da intersecção,Fora das localidades,Em pleno dia,Com marcas - separadoras de sentido e de vias de trânsito,Despiste simples,Viaduto/Ponte,Inexistentes,No sentido crescente da quilometragem,Outros,Inexistentes,Betuminoso,Curva,Com inclinação,Berma pavimentada,Na berma,Direita
20191659205,2019:01:28 13:35:00,01/28/00,01/01/00,01/01/00,Polícia de Segurança Pública,50.0,50.0,Segunda-Feira,"41,220749","-8,561095",0,0,2,Estrada sem separador,Molhado,Porto,Maia,Águas Santas,,Via Ardegães                                                                                        ,Arruamento,0,Em estado regular,,Chuva,Sentido único,Fora da intersecção,Dentro das localidades,Em pleno dia,Com marcas - separadoras de sentido e de vias de trânsito,Despiste com dispositivo de retenção,NÃO DEFINIDO,Inexistentes,NÃO DEFINIDO,Outros,Inexistentes,Betuminoso,Curva,Com inclinação,Berma pavimentada,Em plena via,Direita
2012598042,2012:01:13 16:40:00,01/13/00,01/01/00,01/01/00,Guarda Nacional Republicana,50.0,50.0,Sexta-Feira  ,,,0,0,1,Estrada sem separador,Seco e limpo,Aveiro,Santa Maria da Feira,Gião,CASAL,AV DA LIBERDADE,Arruamento,0,Em bom estado,,Bom tempo,Dois sentidos,Em entroncamento,Dentro das localidades,Em pleno dia,Com marcas - separadoras de sentido de trânsito,Colisão lateral com outro veículo em movimento,NÃO DEFINIDO,Inexistentes,NÃO DEFINIDO,Stop,Inexistentes,Betuminoso,Recta,Em patamar,Berma pavimentada,Em plena via,Direita
2012577484,2012:01:02 23:00:00,01/02/00,01/01/00,01/01/00,Polícia de Segurança Pública,50.0,50.0,Segunda-Feira,"0,00","0,00",0,0,1,Estrada sem separador,Húmido,Porto,Maia,Águas Santas,,Rua Manuel Gonçalves Lage,Arruamento,0,Em estado regular,,Bom tempo,Dois sentidos,Fora da intersecção,Dentro das localidades,"Noite, com iluminação",Sem marcas rodoviárias ou pouco visíveis,Despiste sem dispositivo de retenção,NÃO DEFINIDO,Inexistentes,NÃO DEFINIDO,NÃO DEFINIDO,Inexistentes,Betuminoso,Recta,Com inclinação,Sem berma ou impraticável,Em plena via,Direita
20171233838,2017:01:02 14:00:00,01/02/00,01/01/00,01/01/00,Guarda Nacional Republicana,50.0,50.0,Segunda-Feira,"38,627420","-8,918178",0,0,1,Outra via,Molhado,Setúbal,Palmela,Pinhal Novo,,Avenidados Ferroviários,Arruamento,0,Em bom estado,,Chuva,Dois sentidos,Em rotunda,Dentro das localidades,Em pleno dia,Com marcas - separadoras de sentido e de vias de trânsito,Despiste simples,NÃO DEFINIDO,Inexistentes,No sentido crescente da quilometragem,NÃO DEFINIDO,Inexistentes,Betuminoso,Recta,Em patamar,Berma pavimentada,Em plena via,Direita
20191681885,2019:01:14 13:00:00,01/14/00,01/01/00,01/01/00,Guarda Nacional Republicana,50.0,50.0,Segunda-Feira,"38,657400","-9,202761",0,0,1,Outra via,Seco e limpo,Setúbal,Almada,União das freguesias de Charneca de Caparica e Sobreda,Charneca da Caparica.,,IC - Itinerário Complementar,IC20,Em bom estado,"0,1",Bom tempo,Sentido único,Fora da intersecção,Fora das localidades,Em pleno dia,Com marcas - separadoras de sentido e de vias de trânsito,Despiste simples,NÃO DEFINIDO,Inexistentes,No sentido crescente da quilometragem,Outros,Inexistentes,Betuminoso,Curva,Com inclinação,Berma pavimentada,Em plena via,Direita
2012595597,2012:01:24 14:50:00,01/24/00,01/01/00,01/01/00,Guarda Nacional Republicana,,80.0,Terça-Feira  ,"39,192583","-8,951484",0,0,1,Estrada sem separador,Seco e limpo,Lisboa,Azambuja,Alcoentre,ALCOENTRE,,EN - Estrada Nacional,EN366,Em bom estado,15.0,Bom tempo,Dois sentidos,Fora da intersecção,Fora das localidades,Em pleno dia,Sem marcas rodoviárias ou pouco visíveis,Despiste com capotamento,NÃO DEFINIDO,Inexistentes,NÃO DEFINIDO,NÃO DEFINIDO,Inexistentes,Betuminoso,Curva,Em patamar,Berma pavimentada,Em plena via,Direita
20171158019,2017:01:05 19:25:00,01/05/00,01/01/00,01/01/00,Polícia de Segurança Pública,50.0,50.0,Quinta-Feira ,"37,017237","-7,933205",0,0,1,Estrada sem separador,Seco e limpo,Faro,Faro,União das freguesias de Faro (Sé e São Pedro),Faro,Largo Terreiro do Bispo                                                                             ,Arruamento,0,Em estado regular,,Bom tempo,Sentido único,Fora da intersecção,Dentro das localidades,"Noite, com iluminação",Sem marcas rodoviárias ou pouco visíveis,Atropelamento de peões,NÃO DEFINIDO,Inexistentes,NÃO DEFINIDO,NÃO DEFINIDO,Inexistentes,Calçada,Recta,Em patamar,Berma pavimentada,Em plena via,Direita
20181357639,2018:01:24 13:30:00,01/24/00,01/01/00,01/01/00,Polícia de Segurança Pública,50.0,50.0,Quarta-Feira ,"38,712382","-9,160473",0,0,2,Estrada sem separador,Seco e limpo,Lisboa,Lisboa,Estrela,Lisboa,Rua João de Deus                                                                                    ,Arruamento,0,Em bom estado,,Bom tempo,Dois sentidos,Fora da intersecção,Dentro das localidades,Em pleno dia,Sem marcas rodoviárias ou pouco visíveis,Colisão com outras situações,NÃO DEFINIDO,Inexistentes,NÃO DEFINIDO,Outros,Inexistentes,Calçada,Curva,Com inclinação,Sem berma ou impraticável,Em plena via,Direita
20171238807,2017:01:27 08:40:00,01/27/00,01/01/00,01/01/00,Guarda Nacional Republicana,50.0,90.0,Sexta-Feira  ,"40,894810","-8,479835",0,0,1,Estrada sem separador,Molhado,Aveiro,Sao Joao da Madeira,São João da Madeira,SÃO JOÃO DA MADEIRA,,IC - Itinerário Complementar,IC2,Em estado regular,"271,8",Chuva,Dois sentidos,Em via de aceleração,Fora das localidades,Em pleno dia,Com marcas - separadoras de sentido de trânsito,Despiste com capotamento,NÃO DEFINIDO,Inexistentes,NÃO DEFINIDO,Cedência de passagem,Inexistentes,Betuminoso,Curva,Em patamar,Berma pavimentada,Na berma,Direita