Id. Acidente,Datahora,Dia,Mês,Hora,Entidades Fiscalizadoras,Velocidade local,Velocidade geral,Dia da Semana,Latitude GPS,Longitude GPS,Num. Mortos a 30 dias,Num. Feridos graves a 30 dias,Num. Feridos ligeiros a 30 dias,Características Tecnicas1,Cond Aderência,Distrito,Concelho,Freguesia,Pov. Proxima,Nome arruamento,Tipos Vias,Cod Via,Estado Conservação,Km,Factores Atmosféricos,Reg Circulação1,Intersecção Vias,Localizações,Luminosidade,Marca Via,Natureza,Obras Arte,Obstáculos,Sentidos,Sinais,Sinais Luminosos,Tipo Piso,Traçado 1,Traçado 2,Traçado 3,Traçado 4,Via Trânsito
20181368431,2018:01:21 23:30:00,01/21/00,01/01/00,01/01/00,Guarda Nacional Republicana,50.0,50.0,Domingo      ,"37,150023","-8,010004",0,0,2,Estrada sem separador,Seco e limpo,Faro,Loule,Loulé (São Clemente),Loulé,,EN - Estrada Nacional,EN396,Em bom estado,14,Bom tempo,Dois sentidos,Fora da intersecção,Fora das localidades,"Noite, com iluminação",Com marcas - separadoras de sentido de trânsito,Despiste simples,NÃO DEFINIDO,Inexistentes,NÃO DEFINIDO,NÃO DEFINIDO,Inexistentes,Betuminoso,Recta,Em patamar,Berma não pavimentada,Na berma,Direita
20161012027,2016:01:01 13:30:00,01/01/00,01/01/00,01/01/00,Polícia de Segurança Pública,80.0,80.0,Sexta-Feira  ,"38,685716","-9,176315",0,0,1,Auto-estrada,Molhado,Lisboa,Lisboa,Alcântara,,,A  - Auto-Estrada,A2,Em bom estado,"4,15",Chuva,Sentido único,NÃO DEFINIDO,Fora das localidades,Em pleno dia,Com marcas - separadoras de sentido e de vias de trânsito,Colisão choque em cadeia,Viaduto/Ponte,Inexistentes,No sentido decrescente da quilometragem,Outros,Inexistentes,Betuminoso,Recta,Com inclinação,Sem berma ou impraticável,Em plena via,Central
2015932423,2015:01:31 12:00:00,01/31/00,01/01/00,01/01/00,Guarda Nacional Republicana,50.0,50.0,Sábado       ,"38,733215","-9,396904",0,0,1,Estrada sem separador,Seco e limpo,Lisboa,Cascais,Alcabideche,,Estrada de Manique,Arruamento,0,Em bom estado,,Bom tempo,Dois sentidos,Fora da intersecção,Dentro das localidades,Em pleno dia,Com marcas - separadoras de sentido de trânsito,Atropelamento de peões,NÃO DEFINIDO,Inexistentes,NÃO DEFINIDO,Outros,Inexistentes,Betuminoso,Curva,Em patamar,Berma pavimentada,Em plena via,Direita
20171166704,2017:01:14 14:10:00,01/14/00,01/01/00,01/01/00,Polícia de Segurança Pública,70.0,70.0,Sábado       ,"38,680703","-9,175007",0,0,1,Auto-estrada,Seco e limpo,Setúbal,Almada,"União das freguesias de Almada, Cova da Piedade, Pragal e Cacilhas",,,A  - Auto-Estrada,A2,Em estado regular,"4,5",Bom tempo,Sentido único,Fora da intersecção,Fora das localidades,Em pleno dia,Com marcas - separadoras de sentido de trânsito,Colisão choque em cadeia,Viaduto/Ponte,Inexistentes,No sentido decrescente da quilometragem,NÃO DEFINIDO,A funcionar normalmente,Betuminoso,Recta,Em patamar,Sem berma ou impraticável,Em plena via,Central
2010438555,2010:01:23 18:55:00,01/23/00,01/01/00,01/01/00,Guarda Nacional Republicana,90.0,90.0,Sábado       ,"38,445728","-7,606114",0,0,2,Estrada sem separador,Seco e limpo,Évora,Reguengos de Monsaraz,Reguengos de Monsaraz,REGUENGOS MONSARAZ,,EN - Estrada Nacional,EN256,Em bom estado,13.96,Bom tempo,Dois sentidos,Fora da intersecção,Fora das localidades,"Noite, sem iluminação",Com marcas - separadoras de sentido de trânsito,Colisão frontal,NÃO DEFINIDO,Inexistentes,NÃO DEFINIDO,NÃO DEFINIDO,Inexistentes,Betuminoso,Recta,Em patamar,Sem berma ou impraticável,Em plena via,Direita
20161111634,2016:01:09 13:35:00,01/09/00,01/01/00,01/01/00,Guarda Nacional Republicana,50.0,50.0,Sábado       ,"41,192052","-8,034498",0,0,1,Estrada sem separador,Molhado,Porto,Amarante,"União das freguesias de Vila Garcia, Aboim e Chapa",CHAPA,Rua de Aboim,Arruamento,0,Em estado regular,,Chuva,Dois sentidos,Fora da intersecção,Dentro das localidades,Em pleno dia,Com marcas - separadoras de sentido de trânsito,Despiste simples,NÃO DEFINIDO,Inexistentes,NÃO DEFINIDO,NÃO DEFINIDO,Inexistentes,Betão de cimento,Recta,Em patamar,Sem berma ou impraticável,Em plena via,Direita
2015889117,2015:01:26 17:45:00,01/26/00,01/01/00,01/01/00,Polícia de Segurança Pública,50.0,50.0,Segunda-Feira,"40,171882","-8,887706",1,0,0,Estrada sem separador,Seco e limpo,Coimbra,Figueira da Foz,Buarcos,Vais,Rua Dona Maria ,Arruamento,0,Em estado regular,,Bom tempo,Dois sentidos,Em entroncamento,Dentro das localidades,Em pleno dia,Sem marcas rodoviárias ou pouco visíveis,Colisão traseira com outro veículo em movimento,NÃO DEFINIDO,Inexistentes,NÃO DEFINIDO,NÃO DEFINIDO,Inexistentes,Betuminoso,Recta,Em patamar,Berma pavimentada,Em plena via,Direita
20171235463,2017:01:10 01:40:00,01/10/00,01/01/00,01/01/00,Guarda Nacional Republicana,60.0,90.0,Terça-Feira  ,"39,123592","-7,651562",0,3,1,Estrada sem separador,Seco e limpo,Portalegre,Fronteira,Cabeço de Vide,CABEÇO DE VIDE,,EN - Estrada Nacional,EN245,Em estado regular,"35,42",Bom tempo,Dois sentidos,Fora da intersecção,Fora das localidades,"Noite, sem iluminação",Com marcas - separadoras de sentido de trânsito,Despiste simples,NÃO DEFINIDO,Inexistentes,NÃO DEFINIDO,Outros,Inexistentes,Betuminoso,Recta,Em patamar,Berma pavimentada,Em plena via,Direita
2014790960,2014:01:09 09:20:00,01/09/00,01/01/00,01/01/00,Guarda Nacional Republicana,50.0,50.0,Quinta-Feira ,"41,159513","-7,347568",0,0,2,Estrada sem separador,Seco e limpo,Vila Real,Sabrosa,Sabrosa,Sabrosa,Rua do Bairro,Arruamento,0,Em estado regular,,Bom tempo,Dois sentidos,Em entroncamento,Dentro das localidades,Em pleno dia,Com marcas - separadoras de sentido de trânsito,Colisão lateral com outro veículo em movimento,NÃO DEFINIDO,Inexistentes,NÃO DEFINIDO,NÃO DEFINIDO,Inexistentes,Calçada,Recta,Com inclinação,Berma pavimentada,Em plena via,Direita
20191681032,2019:01:19 23:45:00,01/19/00,01/01/00,01/01/00,Guarda Nacional Republicana,50.0,50.0,Sábado       ,"38,944310","-9,332086",0,0,1,Estrada sem separador,Húmido,Lisboa,Mafra,Carvoeira,Fonte Boa da Bricosa,Rua do Outeiro 18,Arruamento,0,Em bom estado,,Chuva,Dois sentidos,Fora da intersecção,Dentro das localidades,"Noite, com iluminação",Sem marcas rodoviárias ou pouco visíveis,Colisão frontal,NÃO DEFINIDO,Inexistentes,NÃO DEFINIDO,NÃO DEFINIDO,A funcionar normalmente,Betuminoso,Curva,Com inclinação,Sem berma ou impraticável,Em plena via,Direita
2015929899,2015:01:08 07:25:00,01/08/00,01/01/00,01/01/00,Guarda Nacional Republicana,50.0,50.0,Quinta-Feira ,"41,269419","-8,105031",1,0,0,Estrada sem separador,Húmido,Braga,Fafe,Fafe,,Avª do Brasil,Arruamento,0,Em estado regular,,Bom tempo,Sentido único,Fora da intersecção,Dentro das localidades,Aurora ou crepúsculo,Sem marcas rodoviárias ou pouco visíveis,Atropelamento de peões,NÃO DEFINIDO,Inexistentes,NÃO DEFINIDO,Outros,A funcionar normalmente,Betuminoso,Recta,Com inclinação,Berma pavimentada,Em plena via,Esquerda
20181367684,2018:01:17 18:00:00,01/17/00,01/01/00,01/01/00,Guarda Nacional Republicana,50.0,50.0,Quarta-Feira ,"37,220104","-8,639561",0,0,1,Estrada sem separador,Seco e limpo,Faro,Portimao,Mexilhoeira Grande,Odiáxere,,EM - Estrada Municipal,0,Em estado regular,,Bom tempo,Dois sentidos,Fora da intersecção,Dentro das localidades,Em pleno dia,Sem marcas rodoviárias ou pouco visíveis,Despiste simples,NÃO DEFINIDO,Inexistentes,NÃO DEFINIDO,NÃO DEFINIDO,Inexistentes,Betuminoso,Curva,Em patamar,Sem berma ou impraticável,Em plena via,Direita
20181346465,2018:01:02 16:10:00,01/02/00,01/01/00,01/01/00,Polícia de Segurança Pública,50.0,50.0,Terça-Feira  ,"38,724569","-9,212983",0,0,1,Outra via,Seco e limpo,Lisboa,Amadora,Alfragide,Amadora,,EN - Estrada Nacional,EN117,Em estado regular,"0,7",Bom tempo,Dois sentidos,Fora da intersecção,Fora das localidades,Em pleno dia,Com marcas - separadoras de sentido e de vias de trânsito,Colisão lateral com outro veículo em movimento,NÃO DEFINIDO,Inexistentes,No sentido crescente da quilometragem,Outros,Inexistentes,Betuminoso,Curva,Em patamar,Berma pavimentada,Em plena via,Direita
2012585256,2012:01:26 06:30:00,01/26/00,01/01/00,01/01/00,Polícia de Segurança Pública,50.0,50.0,Quinta-Feira ,"0,00","0,00",0,0,1,Estrada sem separador,Húmido,Lisboa,Loures,Unhos,Catujal,Rua José Gomes Ferreira                                                                             ,Arruamento,0,Em estado regular,,Nevoeiro,Dois sentidos,Em cruzamento,Dentro das localidades,"Noite, com iluminação",Sem marcas rodoviárias ou pouco visíveis,Colisão com outras situações,NÃO DEFINIDO,Inexistentes,NÃO DEFINIDO,Cedência de passagem,Inexistentes,Betuminoso,Curva,Com inclinação,Berma pavimentada,Em plena via,Direita
20181346394,2018:01:03 15:45:00,01/03/00,01/01/00,01/01/00,Polícia de Segurança Pública,50.0,50.0,Quarta-Feira ,"41,527916","-8,447508",0,0,1,Estrada sem separador,Molhado,Braga,Braga,União das freguesias de Ferreiros e Gondizalves,,,EN - Estrada Nacional,EN14,Em bom estado,,Chuva,Dois sentidos,Fora da intersecção,Dentro das localidades,Em pleno dia,Com marcas - separadoras de sentido e de vias de trânsito,Atropelamento de peões,NÃO DEFINIDO,Inexistentes,NÃO DEFINIDO,Passagem de peões,Inexistentes,Betuminoso,Recta,Em patamar,Sem berma ou impraticável,Em plena via,Direita
20191680846,2019:01:20 18:10:00,01/20/00,01/01/00,01/01/00,Guarda Nacional Republicana,50.0,50.0,Domingo      ,"41,140340","-8,302290",0,0,1,Estrada sem separador,Seco e limpo,Porto,Penafiel,Valpedre,Oldrões - Penafiel,Rua das Quintãs 246,Arruamento,0,Em bom estado,,Bom tempo,Dois sentidos,Fora da intersecção,Dentro das localidades,"Noite, com iluminação",Com marcas - separadoras de sentido e de vias de trânsito,Colisão com outras situações,NÃO DEFINIDO,Inexistentes,NÃO DEFINIDO,Outros,A funcionar normalmente,Betuminoso,Recta,Em patamar,Berma pavimentada,Em plena via,Direita
2011517617,2011:01:27 18:50:00,01/27/00,01/01/00,01/01/00,Polícia de Segurança Pública,50.0,50.0,Quinta-Feira ,"0,00","0,00",0,0,1,Estrada sem separador,Húmido,Lisboa,Sintra,Rio de Mouro,,Rua de São Francisco Xavier,Arruamento,0,Em estado regular,,Bom tempo,Dois sentidos,Em entroncamento,Dentro das localidades,"Noite, com iluminação",Com marcas - separadoras de sentido de trânsito,Colisão lateral com outro veículo em movimento,NÃO DEFINIDO,NÃO DEFINIDO,NÃO DEFINIDO,Stop,NÃO DEFINIDO,Betuminoso,Recta,Em patamar,Berma pavimentada,Em plena via,Direita
2011516141,2011:01:08 02:50:00,01/08/00,01/01/00,01/01/00,Guarda Nacional Republicana,50.0,50.0,Sábado       ,,,1,0,0,Estrada sem separador,Molhado,Porto,Vila do Conde,Rio Mau,RIO MAU,RUA SÃO CRISTOVÃO,Arruamento,0,Em estado regular,,Chuva,Dois sentidos,Em entroncamento,Dentro das localidades,"Noite, com iluminação",Com marcas - separadoras de sentido de trânsito,Despiste com colisão com veículo imobil. ou obstáculo,NÃO DEFINIDO,Inexistentes,NÃO DEFINIDO,NÃO DEFINIDO,Inexistentes,Betuminoso,Curva,Em patamar,Berma pavimentada,No passeio,Direita
20171238006,2017:01:23 13:30:00,01/23/00,01/01/00,01/01/00,Guarda Nacional Republicana,50.0,50.0,Segunda-Feira,"40,305988","-8,736115",0,0,3,Estrada sem separador,Seco e limpo,Coimbra,Montemor-o-Velho,Arazede,VOLTA DA TOCHA-ARAZEDE,,EN - Estrada Nacional,EN335-1,Em bom estado,"7,75",Bom tempo,Dois sentidos,Fora da intersecção,Dentro das localidades,Em pleno dia,Com marcas - separadoras de sentido de trânsito,Colisão com outras situações,NÃO DEFINIDO,Inexistentes,NÃO DEFINIDO,NÃO DEFINIDO,Inexistentes,Betuminoso,Recta,Em patamar,Berma não pavimentada,Na berma,Direita
2015890371,2015:01:27 13:25:00,01/27/00,01/01/00,01/01/00,Polícia de Segurança Pública,50.0,50.0,Terça-Feira  ,"38,750032","-9,195002",0,0,1,Estrada sem separador,Seco e limpo,Lisboa,Lisboa,Benfica,Lisboa,Estrada Benfica                                                                                     ,Arruamento,0,Em bom estado,,Bom tempo,Dois sentidos,Fora da intersecção,Dentro das localidades,Em pleno dia,Com marcas - separadoras de sentido de trânsito,Atropelamento de peões,NÃO DEFINIDO,Inexistentes,NÃO DEFINIDO,Outros,A funcionar normalmente,Betuminoso,Recta,Em patamar,Sem berma ou impraticável,Em plena via,Direita
2014761665,2014:01:24 18:55:00,01/24/00,01/01/00,01/01/00,Polícia de Segurança Pública,50.0,50.0,Sexta-Feira  ,"41,151820","-8,628932",0,0,1,Estrada sem separador,Seco e limpo,Porto,Porto,Massarelos,Porto,Praça Bom Sucesso                                                                                   ,Arruamento,0,Em estado regular,,Bom tempo,Sentido único,Fora da intersecção,Dentro das localidades,Em pleno dia,Com marcas - separadoras de sentido e de vias de trânsito,Atropelamento de peões,NÃO DEFINIDO,Inexistentes,NÃO DEFINIDO,Outros,Inexistentes,Betuminoso,Curva,Com inclinação,Sem berma ou impraticável,No passeio,Direita
20171235064,2017:01:07 17:10:00,01/07/00,01/01/00,01/01/00,Guarda Nacional Republicana,50.0,50.0,Sábado       ,"41,028867","-8,546540",0,0,1,Estrada sem separador,Seco e limpo,Aveiro,Santa Maria da Feira,Argoncilhe,Argoncilhe,Rua de Argoncilhe - Argoncilhe,Arruamento,0,Em bom estado,,Bom tempo,Dois sentidos,Fora da intersecção,Dentro das localidades,Em pleno dia,Sem marcas rodoviárias ou pouco visíveis,Colisão traseira com outro veículo em movimento,NÃO DEFINIDO,Inexistentes,NÃO DEFINIDO,NÃO DEFINIDO,Inexistentes,Betuminoso,Recta,Em patamar,Berma pavimentada,Em plena via,Direita
2011503235,2011:01:04 16:55:00,01/04/00,01/01/00,01/01/00,Polícia de Segurança Pública,50.0,50.0,Terça-Feira  ,"0,00","0,00",0,0,1,Estrada sem separador,Húmido,Lisboa,Oeiras,Caxias,Caxias,Rua São João de Deus                                                                                ,Arruamento,0,Em estado regular,,Bom tempo,Sentido único,Em cruzamento,Dentro das localidades,Em pleno dia,Com marcas - separadoras de sentido e de vias de trânsito,Colisão frontal,NÃO DEFINIDO,Inexistentes,NÃO DEFINIDO,Stop,Inexistentes,Betuminoso,Recta,Em patamar,Berma pavimentada,Em plena via,Direita
20181344936,2018:01:01 13:30:00,01/01/00,01/01/00,01/01/00,Polícia de Segurança Pública,50.0,50.0,Segunda-Feira,"41,224369","-8,564706",0,3,3,Estrada sem separador,Seco e limpo,Porto,Maia,Águas Santas,Maia,Via Ardegães                                                                                        ,Arruamento,0,Em bom estado,,Bom tempo,Dois sentidos,Fora da intersecção,Dentro das localidades,Em pleno dia,Com marcas - separadoras de sentido de trânsito,Colisão frontal,NÃO DEFINIDO,Inexistentes,NÃO DEFINIDO,NÃO DEFINIDO,Inexistentes,Betuminoso,Recta,Em patamar,Sem berma ou impraticável,Em plena via,Direita
2011517260,2011:01:23 08:15:00,01/23/00,01/01/00,01/01/00,Polícia de Segurança Pública,50.0,50.0,Domingo      ,"0,00","0,00",0,0,1,Estrada sem separador,Seco e limpo,Lisboa,Lisboa,Santos-o-Velho,,Avenida Dom Carlos I,Arruamento,0,Em bom estado,,Bom tempo,Sentido único,NÃO DEFINIDO,Dentro das localidades,Em pleno dia,Sem marcas rodoviárias ou pouco visíveis,Atropelamento de peões,NÃO DEFINIDO,Inexistentes,NÃO DEFINIDO,NÃO DEFINIDO,Inexistentes,Betuminoso,Recta,Com inclinação,Berma pavimentada,No passeio,Direita
20161115235,2016:01:28 10:00:00,01/28/00,01/01/00,01/01/00,Guarda Nacional Republicana,90.0,90.0,Quinta-Feira ,"37,398030","-7,409078",0,1,0,Estrada sem separador,Húmido,Beja,Mertola,Mértola,MERTOLA,,EN - Estrada Nacional,EN122,Em bom estado,"47,4",Bom tempo,Dois sentidos,Fora da intersecção,Fora das localidades,Em pleno dia,Sem marcas rodoviárias ou pouco visíveis,Despiste com colisão com veículo imobil. ou obstáculo,NÃO DEFINIDO,Inexistentes,NÃO DEFINIDO,NÃO DEFINIDO,Inexistentes,Betuminoso,Recta,Em patamar,Berma não pavimentada,Em plena via,Direita
20181348487,2018:01:19 20:25:00,01/19/00,01/01/00,01/01/00,Polícia de Segurança Pública,50.0,50.0,Sexta-Feira  ,"38,746152","-9,159595",0,0,2,Outra via,Seco e limpo,Lisboa,Lisboa,Alvalade,Lisboa,Avenida Forças Armadas                                                                              ,Arruamento,0,Em bom estado,,Bom tempo,Sentido único,NÃO DEFINIDO,Dentro das localidades,"Noite, com iluminação",Sem marcas rodoviárias ou pouco visíveis,Colisão traseira com outro veículo em movimento,NÃO DEFINIDO,Inexistentes,NÃO DEFINIDO,Outros,Inexistentes,Betuminoso,Recta,Com inclinação,Sem berma ou impraticável,Em plena via,Esquerda
20171238568,2017:01:26 12:35:00,01/26/00,01/01/00,01/01/00,Guarda Nacional Republicana,50.0,50.0,Quinta-Feira ,"38,674405","-8,453640",0,0,1,Estrada sem separador,Molhado,Évora,Vendas Novas,Vendas Novas,VENDAS NOVAS,Avenida 25 de Abril,Arruamento,0,Em bom estado,,Chuva,Dois sentidos,Em entroncamento,Dentro das localidades,Em pleno dia,Sem marcas rodoviárias ou pouco visíveis,Colisão lateral com outro veículo em movimento,NÃO DEFINIDO,Inexistentes,NÃO DEFINIDO,NÃO DEFINIDO,Inexistentes,Betuminoso,Recta,Em patamar,Sem berma ou impraticável,Em plena via,Direita
20181369082,2018:01:25 09:30:00,01/25/00,01/01/00,01/01/00,Guarda Nacional Republicana,120.0,120.0,Quinta-Feira ,"38,716495","-9,224507",0,0,1,Auto-estrada,Molhado,Lisboa,Oeiras,União das freguesias de Carnaxide e Queijas,Carnaxide,,A  - Auto-Estrada,A5,Em bom estado,"4,2",Chuva,Sentido único,Fora da intersecção,Fora das localidades,Em pleno dia,Com marcas - separadoras de sentido e de vias de trânsito,Colisão choque em cadeia,NÃO DEFINIDO,Inexistentes,No sentido crescente da quilometragem,NÃO DEFINIDO,Inexistentes,Betuminoso,Recta,Em patamar,Berma pavimentada,Em plena via,Direita
2011516889,2011:01:28 11:15:00,01/28/00,01/01/00,01/01/00,Guarda Nacional Republicana,50.0,50.0,Sexta-Feira  ,"39,948050","-8,784219",0,0,1,Estrada sem separador,Seco e limpo,Leiria,Pombal,Guia,GUIA,,EN - Estrada Nacional,EN109,Em estado regular,143.7,Bom tempo,Dois sentidos,Fora da intersecção,Dentro das localidades,Em pleno dia,Com marcas - separadoras de sentido de trânsito,Colisão lateral com outro veículo em movimento,NÃO DEFINIDO,Inexistentes,NÃO DEFINIDO,Outros,Inexistentes,Betuminoso,Recta,Em patamar,Berma pavimentada,Em plena via,Direita
20181358751,2018:01:28 12:30:00,01/28/00,01/01/00,01/01/00,Polícia de Segurança Pública,40.0,40.0,Domingo      ,"41,701357","-8,822251",0,0,1,Estrada sem separador,Seco e limpo,Viana do Castelo,Viana do Castelo,União das freguesias de Viana do Castelo (Santa Maria Maior e Monserrate) e Meadela,Viana do Castelo,Avenida Capitão Gaspar de Castro                                                                    ,Arruamento,0,Em estado regular,,Bom tempo,Dois sentidos,Fora da intersecção,Dentro das localidades,Em pleno dia,Com marcas - separadoras de sentido e de vias de trânsito,Despiste sem dispositivo de retenção,NÃO DEFINIDO,Inexistentes,NÃO DEFINIDO,NÃO DEFINIDO,A funcionar normalmente,Betuminoso,Recta,Em patamar,Berma pavimentada,Em plena via,Direita
2014792110,2014:01:07 14:45:00,01/07/00,01/01/00,01/01/00,Guarda Nacional Republicana,120.0,120.0,Terça-Feira  ,"39,251785","-8,359527",0,0,1,Auto-estrada,Molhado,Santarém,Santarem,Casével,Casével,,A  - Auto-Estrada,A1,Em bom estado,86.65,Chuva,Sentido único,Fora da intersecção,Fora das localidades,Em pleno dia,Com marcas - separadoras de sentido e de vias de trânsito,Despiste com capotamento,NÃO DEFINIDO,Inexistentes,No sentido decrescente da quilometragem,Outros,Inexistentes,Betuminoso,Recta,Em patamar,Berma pavimentada,Em plena via,Direita
2013656103,2013:01:03 19:25:00,01/03/00,01/01/00,01/01/00,Polícia de Segurança Pública,50.0,50.0,Quinta-Feira ,"0,00","0,00",0,0,1,Outra via,Seco e limpo,Porto,Matosinhos,Matosinhos,Matosinhos,Rua Sousa Aroso                                                                                     ,Arruamento,0,Em bom estado,,Bom tempo,Sentido único,Em cruzamento,Dentro das localidades,"Noite, com iluminação",Com marcas - separadoras de sentido e de vias de trânsito,Atropelamento de peões,NÃO DEFINIDO,Inexistentes,NÃO DEFINIDO,Passagem de peões,Inexistentes,Betuminoso,Recta,Em patamar,Berma pavimentada,Em plena via,Direita
2014762149,2014:01:28 17:15:00,01/28/00,01/01/00,01/01/00,Polícia de Segurança Pública,80.0,80.0,Terça-Feira  ,"38,755245","-9,171845",0,0,1,Outra via,Molhado,Lisboa,Lisboa,Campo Grande,,,IP- Itinerário Principal,IP7,Em bom estado,6.4,Bom tempo,Dois sentidos,Fora da intersecção,Dentro das localidades,Em pleno dia,Com marcas - separadoras de sentido e de vias de trânsito,Colisão traseira com outro veículo em movimento,NÃO DEFINIDO,Inexistentes,No sentido crescente da quilometragem,Outros,Inexistentes,Betuminoso,Recta,Em patamar,Berma pavimentada,Em plena via,Direita
20181366917,2018:01:14 09:00:00,01/14/00,01/01/00,01/01/00,Guarda Nacional Republicana,50.0,50.0,Domingo      ,"40,654144","-7,661021",0,0,1,Estrada sem separador,Húmido,Viseu,Penalva do Castelo,Castelo de Penalva,Penalva do Castelo,Rua 25 de Abril,Arruamento,0,Em bom estado,,Bom tempo,Dois sentidos,Fora da intersecção,Dentro das localidades,Em pleno dia,Sem marcas rodoviárias ou pouco visíveis,Despiste simples,NÃO DEFINIDO,Inexistentes,NÃO DEFINIDO,NÃO DEFINIDO,Inexistentes,Betuminoso,Recta,Em patamar,Sem berma ou impraticável,Em plena via,Direita
20181346570,2018:01:09 17:15:00,01/09/00,01/01/00,01/01/00,Polícia de Segurança Pública,50.0,50.0,Terça-Feira  ,"38,726002","-9,149465",0,0,1,Outra via,Seco e limpo,Lisboa,Lisboa,Avenidas Novas,Lisboa,Praça Marquês Pombal                                                                                ,Arruamento,0,Em bom estado,,Bom tempo,Sentido único,Em entroncamento,Dentro das localidades,Em pleno dia,Com marcas - separadoras de sentido e de vias de trânsito,Colisão com outras situações,NÃO DEFINIDO,Inexistentes,NÃO DEFINIDO,Passagem de peões,A funcionar normalmente,Betuminoso,Curva,Com inclinação,Sem berma ou impraticável,Em plena via,Central
2011507020,2011:01:21 23:00:00,01/21/00,01/01/00,01/01/00,Polícia de Segurança Pública,50.0,50.0,Sexta-Feira  ,"0,00","0,00",0,0,1,Estrada sem separador,Húmido,Lisboa,Lisboa,São Domingos de Benfica,,Rua João de Freitas Branco,Arruamento,0,Em estado regular,,Bom tempo,Sentido único,Em cruzamento,Dentro das localidades,"Noite, com iluminação",Com marcas - separadoras de sentido de trânsito,Colisão lateral com outro veículo em movimento,NÃO DEFINIDO,Inexistentes,NÃO DEFINIDO,Stop,NÃO DEFINIDO,Betão de cimento,Recta,Em patamar,Berma pavimentada,Em plena via,Central
2014762094,2014:01:29 10:10:00,01/29/00,01/01/00,01/01/00,Polícia de Segurança Pública,50.0,50.0,Quarta-Feira ,"38,721351","-9,219059",0,0,1,Estrada sem separador,Molhado,Lisboa,Oeiras,Carnaxide,Carnaxide,Rua Cincinato da Costa                                                                              ,Arruamento,0,Em estado regular,,Bom tempo,Dois sentidos,Fora da intersecção,Dentro das localidades,Em pleno dia,Com marcas - separadoras de sentido de trânsito,Colisão traseira com outro veículo em movimento,NÃO DEFINIDO,Inexistentes,NÃO DEFINIDO,Cedência de passagem,Inexistentes,Betuminoso,Curva,Em patamar,Berma pavimentada,Em plena via,Direita
2010442390,2010:01:01 00:40:00,01/01/00,01/01/00,01/01/00,Guarda Nacional Republicana,50.0,50.0,Sexta-Feira  ,,,0,0,3,Estrada sem separador,Molhado,Porto,Felgueiras,Idães,BARROSAS,AV MATA,Arruamento,0,Em bom estado,,Chuva,Dois sentidos,Fora da intersecção,Dentro das localidades,"Noite, com iluminação",Sem marcas rodoviárias ou pouco visíveis,Despiste com colisão com veículo imobil. ou obstáculo,NÃO DEFINIDO,Inexistentes,NÃO DEFINIDO,NÃO DEFINIDO,Inexistentes,Betuminoso,Recta,Com inclinação,Berma pavimentada,Na berma,Direita
2015930465,2015:01:07 21:35:00,01/07/00,01/01/00,01/01/00,Guarda Nacional Republicana,90.0,110.0,Quarta-Feira ,"38,226409","-8,291887",0,0,1,Auto-estrada,Seco e limpo,Setúbal,Alcacer do Sal,União das freguesias de Alcácer do Sal (Santa Maria do Castelo e Santiago) e Santa Susana,Alcácer do Sal,,A  - Auto-Estrada,A2,Em bom estado,87.15,Nevoeiro,Sentido único,Fora da intersecção,Fora das localidades,"Noite, sem iluminação",Com marcas - separadoras de sentido e de vias de trânsito,Colisão traseira com outro veículo em movimento,NÃO DEFINIDO,Inexistentes,No sentido decrescente da quilometragem,NÃO DEFINIDO,Inexistentes,Betuminoso,Recta,Em patamar,Berma pavimentada,Em plena via,Direita
2012582904,2012:01:10 20:30:00,01/10/00,01/01/00,01/01/00,Polícia de Segurança Pública,50.0,50.0,Terça-Feira  ,"0,00","0,00",0,0,1,Estrada sem separador,Seco e limpo,Lisboa,Odivelas,Ramada,Ramada,Rua Almirante Gago Coutinho                                                                         ,Arruamento,0,Em bom estado,,Bom tempo,Dois sentidos,Em entroncamento,Dentro das localidades,"Noite, com iluminação",Com marcas - separadoras de sentido e de vias de trânsito,Colisão lateral com outro veículo em movimento,NÃO DEFINIDO,Inexistentes,NÃO DEFINIDO,Stop,Inexistentes,Betuminoso,Recta,Em patamar,Berma pavimentada,Em plena via,Direita
2010428428,2010:01:20 10:00:00,01/20/00,01/01/00,01/01/00,Polícia de Segurança Pública,50.0,50.0,Quarta-Feira ,"0,00","0,00",0,0,1,Outra via,Húmido,Lisboa,Lisboa,São Francisco Xavier,,Rua Carlos Calisto,Arruamento,0,Em estado regular,,Bom tempo,Dois sentidos,Em entroncamento,Dentro das localidades,Em pleno dia,Com marcas - separadoras de sentido e de vias de trânsito,Atropelamento de peões,NÃO DEFINIDO,Inexistentes,No sentido crescente da quilometragem,Passagem de peões,Inexistentes,Betuminoso,Curva,Em patamar,Sem berma ou impraticável,Em plena via,Esquerda
20191794372,2019:01:08 18:14:00,01/08/00,01/01/00,01/01/00,Polícia de Segurança Pública,50.0,50.0,Terça-Feira  ,0,0,0,0,1,Estrada sem separador,Seco e limpo,Porto,Gondomar,Rio Tinto,Rio Tinto,Praça Estação                                                                                       ,Arruamento,0,Em estado regular,,Bom tempo,Dois sentidos,Fora da intersecção,Dentro das localidades,"Noite, com iluminação",Sem marcas rodoviárias ou pouco visíveis,Atropelamento de peões,NÃO DEFINIDO,Inexistentes,NÃO DEFINIDO,Passagem de peões,Inexistentes,Betuminoso,Recta,Em patamar,Berma pavimentada,Em plena via,Direita