Id. Acidente,Datahora,Dia,Mês,Hora,Entidades Fiscalizadoras,Velocidade local,Velocidade geral,Dia da Semana,Latitude GPS,Longitude GPS,Num. Mortos a 30 dias,Num. Feridos graves a 30 dias,Num. Feridos ligeiros a 30 dias,Características Tecnicas1,Cond Aderência,Distrito,Concelho,Freguesia,Pov. Proxima,Nome arruamento,Tipos Vias,Cod Via,Estado Conservação,Km,Factores Atmosféricos,Reg Circulação1,Intersecção Vias,Localizações,Luminosidade,Marca Via,Natureza,Obras Arte,Obstáculos,Sentidos,Sinais,Sinais Luminosos,Tipo Piso,Traçado 1,Traçado 2,Traçado 3,Traçado 4,Via Trânsito
20161016707,2016:01:09 19:00:00,01/09/00,01/01/00,01/01/00,Polícia de Segurança Pública,50.0,50.0,Sábado       ,"38,756914","-9,140201",0,0,2,Estrada sem separador,Molhado,Lisboa,Lisboa,Alvalade,,Avenida Rio de Janeiro                                                                              ,Arruamento,0,Em estado regular,,Chuva,Dois sentidos,Fora da intersecção,Dentro das localidades,"Noite, com iluminação",Com marcas - separadoras de sentido e de vias de trânsito,Atropelamento de peões,NÃO DEFINIDO,Correctamente sinalizados,NÃO DEFINIDO,Passagem de peões,Inexistentes,Betuminoso,Recta,Em patamar,Sem berma ou impraticável,Em plena via,Esquerda
2015932372,2015:01:31 18:50:00,01/31/00,01/01/00,01/01/00,Guarda Nacional Republicana,120.0,120.0,Sábado       ,"39,094596","-9,135751",0,0,1,Auto-estrada,Húmido,Lisboa,Torres Vedras,Ramalhal,Ramalhal,,A  - Auto-Estrada,A8,Em estado regular,48.95,Bom tempo,Sentido único,Fora da intersecção,Fora das localidades,Aurora ou crepúsculo,Com marcas - separadoras de sentido e de vias de trânsito,Colisão traseira com outro veículo em movimento,NÃO DEFINIDO,Inexistentes,No sentido decrescente da quilometragem,NÃO DEFINIDO,Inexistentes,Betão de cimento,Recta,Em patamar,Berma pavimentada,Em plena via,Direita
2010442655,2010:01:11 13:30:00,01/11/00,01/01/00,01/01/00,Guarda Nacional Republicana,50.0,50.0,Segunda-Feira,,,0,0,1,Estrada sem separador,Seco e limpo,Porto,Povoa de Varzim,Amorim,AMORIM,R MANUEL DIAS,Arruamento,0,Em estado regular,,Bom tempo,Dois sentidos,Fora da intersecção,Dentro das localidades,Em pleno dia,Sem marcas rodoviárias ou pouco visíveis,Colisão frontal,NÃO DEFINIDO,Inexistentes,NÃO DEFINIDO,NÃO DEFINIDO,Inexistentes,Calçada,Curva,Em patamar,Sem berma ou impraticável,Em plena via,Direita
20181365524,2018:01:07 16:40:00,01/07/00,01/01/00,01/01/00,Guarda Nacional Republicana,120.0,120.0,Domingo      ,"40,643638","-8,658788",1,0,0,Auto-estrada,Seco e limpo,Aveiro,Aveiro,União das freguesias de Glória e Vera Cruz,Aveiro,,A  - Auto-Estrada,A25,Em bom estado,"8,4",Bom tempo,Sentido único,Fora da intersecção,Fora das localidades,Em pleno dia,Com marcas - separadoras de sentido de trânsito,Despiste com colisão com veículo imobil. ou obstáculo,NÃO DEFINIDO,Inexistentes,No sentido decrescente da quilometragem,NÃO DEFINIDO,Inexistentes,Betuminoso,Recta,Em patamar,Berma pavimentada,Em plena via,Esquerda
2011519479,2011:01:03 07:45:00,01/03/00,01/01/00,01/01/00,Guarda Nacional Republicana,50.0,50.0,Segunda-Feira,"39,261900","-8,806269",0,0,2,Estrada sem separador,Húmido,Santarém,Santarem,Almoster,LOURICEIRA,,EN - Estrada Nacional,EN114-2,Em bom estado,1.5,Nevoeiro,Dois sentidos,Em cruzamento,Fora das localidades,Em pleno dia,Sem marcas rodoviárias ou pouco visíveis,Colisão lateral com outro veículo em movimento,NÃO DEFINIDO,Inexistentes,NÃO DEFINIDO,Stop,Inexistentes,Betuminoso,Recta,Com inclinação,Sem berma ou impraticável,Em plena via,Direita
2015930304,2015:01:31 19:15:00,01/31/00,01/01/00,01/01/00,Guarda Nacional Republicana,50.0,50.0,Sábado       ,"40,150820","-8,266913",0,0,1,Estrada sem separador,Húmido,Coimbra,Coimbra,União das freguesias de Trouxemil e Torre de Vilela,Adémia,Rua da Liberdade,Arruamento,0,Em bom estado,,Bom tempo,Dois sentidos,Fora da intersecção,Dentro das localidades,"Noite, com iluminação",Com marcas - separadoras de sentido de trânsito,Atropelamento de peões,NÃO DEFINIDO,Inexistentes,NÃO DEFINIDO,NÃO DEFINIDO,Inexistentes,Betuminoso,Recta,Em patamar,Berma pavimentada,Em plena via,Direita
2010426434,2010:01:12 18:30:00,01/12/00,01/01/00,01/01/00,Polícia de Segurança Pública,40.0,40.0,Terça-Feira  ,"0,00","0,00",0,0,1,Estrada sem separador,Seco e limpo,Braga,Vila Nova de Famalicao,<Sem Freguesia>,,Rua Adolfo Casais Monteiro,Arruamento,0,Em bom estado,,Chuva,Dois sentidos,NÃO DEFINIDO,Dentro das localidades,"Noite, com iluminação",Com marcas - separadoras de sentido e de vias de trânsito,Atropelamento de peões,NÃO DEFINIDO,NÃO DEFINIDO,NÃO DEFINIDO,NÃO DEFINIDO,NÃO DEFINIDO,Betuminoso,Recta,Em patamar,Berma pavimentada,Em plena via,Direita
20171194815,2017:01:26 22:00:00,01/26/00,01/01/00,01/01/00,Polícia de Segurança Pública,50.0,50.0,Quinta-Feira ,"41,481679","-7,185748",0,0,3,Estrada sem separador,Molhado,Bragança,Mirandela,Mirandela,Mirandela,Avenida Varandas do Tua                                                                             ,Arruamento,0,Em bom estado,,Chuva,Dois sentidos,Fora da intersecção,Dentro das localidades,"Noite, com iluminação",Com marcas - separadoras de sentido de trânsito,Colisão com veiculo ou obstáculo na faixa de rodagem,NÃO DEFINIDO,Inexistentes,NÃO DEFINIDO,NÃO DEFINIDO,Inexistentes,Betuminoso,Recta,Em patamar,Berma pavimentada,Em plena via,Direita
2011519460,2011:01:24 13:34:00,01/24/00,01/01/00,01/01/00,Guarda Nacional Republicana,90.0,90.0,Segunda-Feira,,,0,0,1,Estrada sem separador,Seco e limpo,Castelo Branco,Serta,Cernache do Bonjardim,QUINTÃ - QTA VALE LOUREIRO,,EM - Estrada Municipal,EM534,Em bom estado,0.001,Bom tempo,Dois sentidos,Fora da intersecção,Fora das localidades,Em pleno dia,Com marcas - separadoras de sentido de trânsito,Despiste simples,NÃO DEFINIDO,Inexistentes,NÃO DEFINIDO,NÃO DEFINIDO,Inexistentes,Betuminoso,Recta,Com inclinação,Sem berma ou impraticável,Na berma,Direita
20171234309,2017:01:04 10:10:00,01/04/00,01/01/00,01/01/00,Guarda Nacional Republicana,90.0,90.0,Quarta-Feira ,"38,652972","-9,100792",0,0,1,Estrada sem separador,Húmido,Setúbal,Santiago do Cacem,"União das freguesias de Santiago do Cacém, Santa Cruz e São Bartolomeu da Serra",EN 261,,EN - Estrada Nacional,EN261,Em bom estado,"50,3",Bom tempo,Dois sentidos,Fora da intersecção,Fora das localidades,Em pleno dia,Com marcas - separadoras de sentido de trânsito,Despiste com capotamento,NÃO DEFINIDO,Inexistentes,NÃO DEFINIDO,Proibição de ultrapassagem,Inexistentes,Betuminoso,Recta,Em patamar,Sem berma ou impraticável,Em plena via,Direita
2012597244,2012:01:10 00:45:00,01/10/00,01/01/00,01/01/00,Guarda Nacional Republicana,90.0,90.0,Terça-Feira  ,"39,857253","-7,524910",0,0,1,Estrada sem separador,Seco e limpo,Castelo Branco,Castelo Branco,Castelo Branco,CASTELO BRANCO,,EN - Estrada Nacional,EN112,Em bom estado,90.8,Bom tempo,Dois sentidos,Fora da intersecção,Fora das localidades,"Noite, sem iluminação",Com marcas - separadoras de sentido de trânsito,Despiste simples,NÃO DEFINIDO,Inexistentes,NÃO DEFINIDO,Outros,Inexistentes,Betuminoso,Curva,Com inclinação,Sem berma ou impraticável,Em plena via,Direita
20181346879,2018:01:08 01:40:00,01/08/00,01/01/00,01/01/00,Polícia de Segurança Pública,50.0,50.0,Segunda-Feira,"38,725416","-9,151032",0,0,1,Estrada sem separador,Molhado,Lisboa,Lisboa,Santo António,Lisboa,Praça Marquês Pombal                                                                                ,Arruamento,0,Em estado regular,,Chuva,Sentido único,Em cruzamento,Dentro das localidades,"Noite, com iluminação",Com marcas - separadoras de sentido e de vias de trânsito,Colisão com veiculo ou obstáculo na faixa de rodagem,NÃO DEFINIDO,Inexistentes,NÃO DEFINIDO,Passagem de peões,A funcionar normalmente,Betuminoso,Curva,Com inclinação,Berma pavimentada,Em plena via,Direita
2013679398,2013:01:25 19:20:00,01/25/00,01/01/00,01/01/00,Guarda Nacional Republicana,50.0,50.0,Sexta-Feira  ,,,0,0,1,Estrada sem separador,Seco e limpo,Faro,Albufeira,Albufeira,Albufeira,Estrada de Santa Eulália,Arruamento,0,Em bom estado,,Bom tempo,Reversível,Em entroncamento,Dentro das localidades,"Noite, com iluminação",Com marcas - separadoras de sentido de trânsito,Colisão frontal,NÃO DEFINIDO,Inexistentes,NÃO DEFINIDO,Stop,Inexistentes,Betuminoso,Recta,Em patamar,Berma pavimentada,Em plena via,Direita
2011516415,2011:01:21 23:15:00,01/21/00,01/01/00,01/01/00,Guarda Nacional Republicana,90.0,90.0,Sexta-Feira  ,"39,239402","-8,956331",0,0,1,Estrada sem separador,Seco e limpo,Lisboa,Azambuja,Alcoentre,QUEBRADAS,,IC - Itinerário Complementar,IC2,Em bom estado,60.13,Bom tempo,Dois sentidos,NÃO DEFINIDO,Fora das localidades,"Noite, sem iluminação",Com marcas - separadoras de sentido de trânsito,Despiste com capotamento,NÃO DEFINIDO,Inexistentes,NÃO DEFINIDO,NÃO DEFINIDO,Inexistentes,Betuminoso,Recta,Em patamar,Berma pavimentada,Em plena via,NÃO DEFINIDO
2011501238,2010:01:31 22:20:00,01/31/00,01/01/00,01/01/00,Polícia de Segurança Pública,50.0,50.0,Domingo      ,"0,00","0,00",0,0,1,Outra via,Seco e limpo,Portalegre,Elvas,Alcáçova,,A. de S.Domingos,Arruamento,0,Em bom estado,,NÃO DEFINIDO,Dois sentidos,NÃO DEFINIDO,Dentro das localidades,Em pleno dia,Sem marcas rodoviárias ou pouco visíveis,Colisão frontal,NÃO DEFINIDO,Inexistentes,NÃO DEFINIDO,NÃO DEFINIDO,NÃO DEFINIDO,Calçada,Curva,Com inclinação,Sem berma ou impraticável,Em plena via,Direita
20181364750,2018:01:03 18:20:00,01/03/00,01/01/00,01/01/00,Guarda Nacional Republicana,50.0,50.0,Quarta-Feira ,"40,645563","-8,646244",0,0,1,Estrada sem separador,Molhado,Aveiro,Estarreja,União das freguesias de Beduído e Veiros,Aveiro,Av. Visconde Valdemouro,Arruamento,0,Em estado regular,,Chuva,Dois sentidos,Fora da intersecção,Dentro das localidades,Em pleno dia,Com marcas - separadoras de sentido de trânsito,Atropelamento de peões,NÃO DEFINIDO,Inexistentes,NÃO DEFINIDO,Passagem de peões,Inexistentes,Betuminoso,Recta,Em patamar,Berma pavimentada,Em plena via,Direita
2014792470,2014:01:03 14:50:00,01/03/00,01/01/00,01/01/00,Guarda Nacional Republicana,70.0,90.0,Sexta-Feira  ,"37,089704","-9,271106",0,0,2,Outra via,Molhado,Faro,Silves,Silves,Lagoa,,EN - Estrada Nacional,EN124-1,Em bom estado,4.5,Chuva,Sentido único,Fora da intersecção,Fora das localidades,Em pleno dia,Com marcas - separadoras de sentido de trânsito,Despiste com dispositivo de retenção,NÃO DEFINIDO,Inexistentes,No sentido crescente da quilometragem,Outros,Inexistentes,Betuminoso,Curva,Com inclinação,Sem berma ou impraticável,Em plena via,Esquerda
2010428934,2010:01:24 16:41:00,01/24/00,01/01/00,01/01/00,Polícia de Segurança Pública,50.0,50.0,Domingo      ,"0,00","0,00",0,0,1,Estrada sem separador,Seco e limpo,Lisboa,Cascais,Cascais,Cascais,Avenida da República,Arruamento,0,Em bom estado,,Bom tempo,Dois sentidos,Fora da intersecção,Dentro das localidades,Em pleno dia,Sem marcas rodoviárias ou pouco visíveis,Colisão traseira com outro veículo em movimento,NÃO DEFINIDO,Inexistentes,NÃO DEFINIDO,NÃO DEFINIDO,Inexistentes,Betuminoso,Recta,Em patamar,Sem berma ou impraticável,Em plena via,Direita
2015930369,2015:01:08 11:00:00,01/08/00,01/01/00,01/01/00,Guarda Nacional Republicana,,50.0,Quinta-Feira ,"41,194436","-8,092662",0,0,1,Estrada sem separador,"Com gelo, geada ou neve",Porto,Felgueiras,União das freguesias de Vila Cova da Lixa e Borba de Godim,Lixa,Rua Doutor António Ferreira Gomes,Arruamento,0,Em bom estado,,Neve,Dois sentidos,Fora da intersecção,Dentro das localidades,Em pleno dia,Sem marcas rodoviárias ou pouco visíveis,Despiste sem dispositivo de retenção,NÃO DEFINIDO,Inexistentes,NÃO DEFINIDO,Outros,Inexistentes,Betuminoso,Recta,Em patamar,Sem berma ou impraticável,Em plena via,Direita
20171235505,2017:01:10 11:35:00,01/10/00,01/01/00,01/01/00,Guarda Nacional Republicana,50.0,50.0,Terça-Feira  ,"39,397857","-8,041190",0,0,1,Estrada sem separador,Seco e limpo,Portalegre,Ponte de Sor,"União das freguesias de Ponte de Sor, Tramaga e Vale de Açor",DOMINGÃO,Rua do Pinhal,Arruamento,0,Em bom estado,,Bom tempo,Dois sentidos,Fora da intersecção,Dentro das localidades,Em pleno dia,Sem marcas rodoviárias ou pouco visíveis,Colisão lateral com outro veículo em movimento,NÃO DEFINIDO,Inexistentes,NÃO DEFINIDO,Outros,Inexistentes,Betuminoso,Recta,Em patamar,Berma pavimentada,Em plena via,Direita
20171235592,2017:01:10 18:10:00,01/10/00,01/01/00,01/01/00,Guarda Nacional Republicana,50.0,50.0,Terça-Feira  ,"40,503413","-7,865675",0,0,1,Estrada sem separador,Seco e limpo,Viseu,Nelas,Nelas,FOLHADAL,,EM - Estrada Municipal,0,Em estado regular,,Bom tempo,Dois sentidos,Fora da intersecção,Fora das localidades,"Noite, sem iluminação",Sem marcas rodoviárias ou pouco visíveis,Despiste simples,NÃO DEFINIDO,Inexistentes,NÃO DEFINIDO,NÃO DEFINIDO,Inexistentes,Betuminoso,Recta,Em patamar,Berma não pavimentada,Em plena via,Direita
20191682645,2019:01:13 05:45:00,01/13/00,01/01/00,01/01/00,Guarda Nacional Republicana,50.0,50.0,Domingo      ,"40,970830","-8,597095",0,0,1,Estrada sem separador,Húmido,Aveiro,Santa Maria da Feira,Paços de Brandão,Santa Maria de Lamas,Rua do Barroso - Zona Industrial Paços de Brandão,Arruamento,0,Em estado regular,,Bom tempo,Dois sentidos,Fora da intersecção,Dentro das localidades,"Noite, com iluminação",Sem marcas rodoviárias ou pouco visíveis,Despiste simples,NÃO DEFINIDO,Inexistentes,NÃO DEFINIDO,NÃO DEFINIDO,Inexistentes,Betuminoso,Recta,Com inclinação,Sem berma ou impraticável,Em plena via,Direita
2013682644,2013:01:28 10:35:00,01/28/00,01/01/00,01/01/00,Guarda Nacional Republicana,120.0,120.0,Segunda-Feira,,,0,0,1,Auto-estrada,Seco e limpo,Coimbra,Soure,Soure,Soure,,A  - Auto-Estrada,A1,Em bom estado,171.62,Bom tempo,Sentido único,Fora da intersecção,Fora das localidades,Em pleno dia,Com marcas - separadoras de sentido e de vias de trânsito,Despiste com transposição do dispositivo de retenção lateral,NÃO DEFINIDO,Inexistentes,No sentido decrescente da quilometragem,Outros,Inexistentes,Betuminoso,Recta,Em patamar,Berma pavimentada,Em plena via,Direita
20191682880,2019:01:12 02:34:00,01/12/00,01/01/00,01/01/00,Guarda Nacional Republicana,50.0,50.0,Sábado       ,"39,910120","-8,409780",0,0,1,Estrada sem separador,Seco e limpo,Leiria,Ansiao,Ansião,Alqueidão - Chão de Couce,,EM - Estrada Municipal,0,Em estado regular,"0,1",Bom tempo,Dois sentidos,Fora da intersecção,Dentro das localidades,"Noite, sem iluminação",Sem marcas rodoviárias ou pouco visíveis,Despiste com capotamento,NÃO DEFINIDO,Inexistentes,NÃO DEFINIDO,NÃO DEFINIDO,Inexistentes,Betuminoso,Curva,Com inclinação,Berma não pavimentada,Na berma,Direita
20191655989,2019:01:14 08:35:00,01/14/00,01/01/00,01/01/00,Polícia de Segurança Pública,50.0,50.0,Segunda-Feira,"0,0","0,0",0,0,1,Estrada sem separador,Seco e limpo,Porto,Povoa de Varzim,"União das freguesias da Póvoa de Varzim, Beiriz e Argivai",Póvoa de Varzim,Rua Dona Maria I                                                                                    ,Arruamento,0,Em estado regular,,Bom tempo,Dois sentidos,Em entroncamento,Dentro das localidades,Em pleno dia,Com marcas - separadoras de sentido e de vias de trânsito,Colisão com outras situações,NÃO DEFINIDO,Inexistentes,NÃO DEFINIDO,Stop,Inexistentes,Betuminoso,Recta,Em patamar,Berma pavimentada,Em plena via,Direita
20171235310,2017:01:09 08:35:00,01/09/00,01/01/00,01/01/00,Guarda Nacional Republicana,50.0,50.0,Segunda-Feira,"41,570278","-8,597185",0,0,1,Estrada sem separador,Seco e limpo,Braga,Barcelos,Lijó,LIJÓ,Rua dos Combatentes de Ultramar,Arruamento,0,Em bom estado,,Bom tempo,Dois sentidos,Fora da intersecção,Dentro das localidades,Em pleno dia,Sem marcas rodoviárias ou pouco visíveis,Despiste com capotamento,NÃO DEFINIDO,Inexistentes,NÃO DEFINIDO,NÃO DEFINIDO,Inexistentes,Betuminoso,Recta,Em patamar,Sem berma ou impraticável,Em plena via,Direita
20171166780,2017:01:07 09:15:00,01/07/00,01/01/00,01/01/00,Polícia de Segurança Pública,50.0,50.0,Sábado       ,"38,633440","-9,150051",0,0,1,Estrada sem separador,Seco e limpo,Setúbal,Seixal,Corroios,Santa Marta do Pinhal,Avenida Rui Grácio                                                                                  ,Arruamento,0,Em estado regular,,Bom tempo,Dois sentidos,Fora da intersecção,Dentro das localidades,Em pleno dia,Com marcas - separadoras de sentido de trânsito,Atropelamento de peões,NÃO DEFINIDO,Inexistentes,NÃO DEFINIDO,Passagem de peões,Inexistentes,Betuminoso,Curva,Em patamar,Sem berma ou impraticável,Em plena via,Direita
20171177661,2017:01:22 12:50:00,01/22/00,01/01/00,01/01/00,Polícia de Segurança Pública,50.0,50.0,Domingo      ,"40,644023","-8,609478",0,0,1,Estrada sem separador,Seco e limpo,Aveiro,Aveiro,Esgueira,,"Rotunda do ""Retail Park""",Arruamento,0,Em estado regular,,Bom tempo,Dois sentidos,Em rotunda,Dentro das localidades,Em pleno dia,Sem marcas rodoviárias ou pouco visíveis,Colisão lateral com outro veículo em movimento,NÃO DEFINIDO,Inexistentes,NÃO DEFINIDO,Cedência de passagem,Inexistentes,Betuminoso,Curva,Em patamar,Berma pavimentada,Em plena via,Direita
2010429184,2010:01:24 06:15:00,01/24/00,01/01/00,01/01/00,Polícia de Segurança Pública,50.0,50.0,Domingo      ,"0,00","0,00",0,0,1,Estrada sem separador,Seco e limpo,Porto,Porto,Paranhos,,Rua Constituição,Arruamento,0,Em bom estado,,Bom tempo,Sentido único,Em cruzamento,Dentro das localidades,"Noite, com iluminação",Com marcas - separadoras de sentido de trânsito,Colisão com outras situações,NÃO DEFINIDO,Inexistentes,NÃO DEFINIDO,Outros,A funcionar normalmente,Betuminoso,Recta,Em patamar,Berma pavimentada,Em plena via,Central
20171235468,2017:01:09 23:10:00,01/09/00,01/01/00,01/01/00,Guarda Nacional Republicana,50.0,120.0,Segunda-Feira,"41,331835","-8,564025",0,0,1,Estrada sem separador,Seco e limpo,Porto,Trofa,União das freguesias de Bougado (São Martinho e Santiago),BOUGADO,,EN - Estrada Nacional,EN14,Em bom estado,"18,55",Bom tempo,Dois sentidos,Fora da intersecção,Dentro das localidades,"Noite, com iluminação",Com marcas - separadoras de sentido e de vias de trânsito,Colisão frontal,NÃO DEFINIDO,Inexistentes,NÃO DEFINIDO,Outros,Inexistentes,Betuminoso,Recta,Em patamar,Berma pavimentada,Em plena via,Direita
2012586080,2012:01:27 18:15:00,01/27/00,01/01/00,01/01/00,Polícia de Segurança Pública,50.0,50.0,Sexta-Feira  ,"0,00","0,00",0,0,1,Estrada sem separador,Húmido,Setúbal,Seixal,Corroios,Corroios,Rua Cidade da Beira                                                                                 ,Arruamento,0,Em estado regular,,Bom tempo,Dois sentidos,Fora da intersecção,Dentro das localidades,"Noite, com iluminação",Com marcas - separadoras de sentido de trânsito,Atropelamento de peões,NÃO DEFINIDO,Inexistentes,NÃO DEFINIDO,NÃO DEFINIDO,Inexistentes,Betuminoso,Recta,Em patamar,Berma pavimentada,Em plena via,Direita
20191657274,2019:01:17 19:00:00,01/17/00,01/01/00,01/01/00,Polícia de Segurança Pública,50.0,50.0,Quinta-Feira ,"0,0","0,0",0,0,1,Estrada sem separador,Seco e limpo,Porto,Gondomar,Rio Tinto,,Rua Afonso de Albuquerque                                                                           ,Arruamento,0,Em estado regular,,Bom tempo,Dois sentidos,Em cruzamento,Dentro das localidades,"Noite, sem iluminação",Com marcas - separadoras de sentido de trânsito,Atropelamento de peões,NÃO DEFINIDO,Inexistentes,NÃO DEFINIDO,Passagem de peões,Inexistentes,Betuminoso,Recta,Com inclinação,Berma pavimentada,Em plena via,Direita
20181368227,2018:01:20 19:00:00,01/20/00,01/01/00,01/01/00,Guarda Nacional Republicana,50.0,50.0,Sábado       ,"41,255056","-8,652584",0,0,1,Estrada sem separador,Húmido,Porto,Maia,Moreira,Moreira,Rua Engenheiro Frederico Ulrich,Arruamento,0,Em estado regular,,Chuva,Dois sentidos,Em entroncamento,Dentro das localidades,"Noite, com iluminação",Com marcas - separadoras de sentido e de vias de trânsito,Atropelamento de peões,NÃO DEFINIDO,Inexistentes,NÃO DEFINIDO,Cedência de passagem,Inexistentes,Calçada,Recta,Em patamar,Berma pavimentada,Em plena via,Direita
2015884764,2015:01:15 08:50:00,01/15/00,01/01/00,01/01/00,Polícia de Segurança Pública,50.0,50.0,Quinta-Feira ,"38,760597","-9,148775",0,0,2,Outra via,Molhado,Lisboa,Lisboa,Lumiar,Lisboa,Avenida Santos e Castro                                                                             ,Arruamento,0,Em bom estado,,Bom tempo,Dois sentidos,Em cruzamento,Dentro das localidades,Em pleno dia,Com marcas - separadoras de sentido e de vias de trânsito,Colisão lateral com outro veículo em movimento,NÃO DEFINIDO,Inexistentes,NÃO DEFINIDO,Cedência de passagem,Intermitente,Betuminoso,Curva,Com inclinação,Berma pavimentada,Em plena via,Esquerda
2014760583,2014:01:13 18:00:00,01/13/00,01/01/00,01/01/00,Polícia de Segurança Pública,50.0,50.0,Segunda-Feira,"38,757350","-9,221883",0,0,1,Estrada sem separador,Seco e limpo,Lisboa,Amadora,Venda Nova,,Rua Engenheiro Angelo Fortes,Arruamento,0,Em estado regular,,Bom tempo,Sentido único,Fora da intersecção,Dentro das localidades,Em pleno dia,Sem marcas rodoviárias ou pouco visíveis,Atropelamento com fuga,NÃO DEFINIDO,Inexistentes,NÃO DEFINIDO,Passagem de peões,Inexistentes,Betuminoso,Recta,Em patamar,Berma pavimentada,Em plena via,Esquerda
2015930721,2015:01:14 06:00:00,01/14/00,01/01/00,01/01/00,Guarda Nacional Republicana,50.0,50.0,Quarta-Feira ,"41,169817","-8,363352",0,0,2,Estrada sem separador,Molhado,Porto,Maia,Castêlo da Maia,Espinhosa,,EN - Estrada Nacional,EN14,Em bom estado,12.65,Chuva,Dois sentidos,Fora da intersecção,Dentro das localidades,Em pleno dia,Com marcas - separadoras de sentido e de vias de trânsito,Despiste com transposição do dispositivo de retenção lateral,NÃO DEFINIDO,Inexistentes,NÃO DEFINIDO,NÃO DEFINIDO,Inexistentes,Betuminoso,Recta,Em patamar,Berma pavimentada,Em plena via,Direita
20181346099,2018:01:06 10:45:00,01/06/00,01/01/00,01/01/00,Polícia de Segurança Pública,70.0,90.0,Sábado       ,"41,210721","-8,627205",0,0,2,Outra via,Seco e limpo,Porto,Matosinhos,"União das freguesias de Custóias, Leça do Balio e Guifões",Leça do Balio,,EN - Estrada Nacional,EN14,Em bom estado,"4,5",Bom tempo,Sentido único,Fora da intersecção,Fora das localidades,Em pleno dia,Com marcas - separadoras de sentido e de vias de trânsito,Colisão traseira com outro veículo em movimento,NÃO DEFINIDO,Inexistentes,No sentido decrescente da quilometragem,Outros,Inexistentes,Betuminoso,Recta,Em patamar,Berma pavimentada,Em plena via,Direita
20191682039,2019:01:15 18:10:00,01/15/00,01/01/00,01/01/00,Guarda Nacional Republicana,50.0,50.0,Terça-Feira  ,"41,706630","-8,781837",0,0,1,Estrada sem separador,Seco e limpo,Viana do Castelo,Viana do Castelo,Portuzelo,Santa Marta de Portuzelo,,EN - Estrada Nacional,EN202,Em estado regular,4,Bom tempo,Dois sentidos,Fora da intersecção,Dentro das localidades,"Noite, com iluminação",Com marcas - separadoras de sentido e de vias de trânsito,Colisão lateral com outro veículo em movimento,NÃO DEFINIDO,Inexistentes,NÃO DEFINIDO,Outros,Inexistentes,Betuminoso,Recta,Com inclinação,Berma pavimentada,Em plena via,Direita
20161017588,2016:01:16 17:30:00,01/16/00,01/01/00,01/01/00,Polícia de Segurança Pública,120.0,120.0,Sábado       ,"38,820948","-9,157289",0,0,1,Auto-estrada,Seco e limpo,Lisboa,Loures,União das freguesias de Santo António dos Cavaleiros e Frielas,,,A  - Auto-Estrada,A8,Em bom estado,"6,6",Bom tempo,Sentido único,Fora da intersecção,Fora das localidades,Aurora ou crepúsculo,Com marcas - separadoras de sentido e de vias de trânsito,Despiste com dispositivo de retenção,NÃO DEFINIDO,Inexistentes,No sentido decrescente da quilometragem,Outros,Inexistentes,Betuminoso,Recta,Em patamar,Berma pavimentada,Em plena via,Direita
20191683752,2019:01:13 17:00:00,01/13/00,01/01/00,01/01/00,Guarda Nacional Republicana,50.0,50.0,Domingo      ,"41,539300","-6,963791",0,0,1,Estrada sem separador,Seco e limpo,Bragança,Macedo de Cavaleiros,Macedo de Cavaleiros,Macedo De Cavaleiros.,Rua Alexandre Herculano 17,Arruamento,0,Em bom estado,,Bom tempo,Dois sentidos,Fora da intersecção,Dentro das localidades,Em pleno dia,Com marcas - separadoras de sentido de trânsito,Colisão lateral com outro veículo em movimento,NÃO DEFINIDO,Inexistentes,NÃO DEFINIDO,NÃO DEFINIDO,Inexistentes,Betuminoso,Recta,Em patamar,Berma pavimentada,Em plena via,Direita
20191658602,2019:01:28 13:15:00,01/28/00,01/01/00,01/01/00,Polícia de Segurança Pública,50.0,50.0,Segunda-Feira,0,0,0,0,1,Estrada sem separador,Molhado,Leiria,Caldas da Rainha,União das freguesias de Caldas da Rainha - Santo Onofre e Serra do Bouro,Caldas da Rainha,Avenida Timor Loro Sae                                                                              ,Arruamento,0,Em estado regular,,Bom tempo,Sentido único,Em rotunda,Dentro das localidades,Em pleno dia,Sem marcas rodoviárias ou pouco visíveis,Atropelamento de peões,NÃO DEFINIDO,Inexistentes,NÃO DEFINIDO,Cedência de passagem,Inexistentes,Betuminoso,Recta,Com inclinação,Berma pavimentada,Em plena via,Direita
20161115348,2016:01:28 22:35:00,01/28/00,01/01/00,01/01/00,Guarda Nacional Republicana,50.0,50.0,Quinta-Feira ,"38,498573","-9,268315",0,1,0,Estrada sem separador,Seco e limpo,Lisboa,Sintra,"União das freguesias de Sintra (Santa Maria e São Miguel, São Martinho e São Pedro de Penaferrim)",JANAS,Rua do Pinhal - Quinta do Pinhal - Janas,Arruamento,0,Em bom estado,,Bom tempo,Dois sentidos,Fora da intersecção,Dentro das localidades,"Noite, com iluminação",Com marcas - separadoras de sentido de trânsito,Despiste simples,NÃO DEFINIDO,Inexistentes,NÃO DEFINIDO,NÃO DEFINIDO,Inexistentes,Betuminoso,Recta,Em patamar,Berma pavimentada,Em plena via,Direita
20161022888,2016:01:28 17:08:00,01/28/00,01/01/00,01/01/00,Polícia de Segurança Pública,50.0,50.0,Quinta-Feira ,"38,772828","-9,173014",0,0,1,Estrada sem separador,Seco e limpo,Lisboa,Lisboa,Lumiar,Lisboa,Largo Padre Augusto Gomes Pinheiro                                                                  ,Arruamento,0,Em mau estado,,Bom tempo,Dois sentidos,Em entroncamento,Dentro das localidades,Em pleno dia,Sem marcas rodoviárias ou pouco visíveis,Colisão com veiculo ou obstáculo na faixa de rodagem,NÃO DEFINIDO,Inexistentes,NÃO DEFINIDO,Outros,Inexistentes,Betuminoso,Recta,Em patamar,Berma pavimentada,Em plena via,Direita