Id. Acidente,Datahora,Dia,Mês,Hora,Entidades Fiscalizadoras,Velocidade local,Velocidade geral,Dia da Semana,Latitude GPS,Longitude GPS,Num. Mortos a 30 dias,Num. Feridos graves a 30 dias,Num. Feridos ligeiros a 30 dias,Características Tecnicas1,Cond Aderência,Distrito,Concelho,Freguesia,Pov. Proxima,Nome arruamento,Tipos Vias,Cod Via,Estado Conservação,Km,Factores Atmosféricos,Reg Circulação1,Intersecção Vias,Localizações,Luminosidade,Marca Via,Natureza,Obras Arte,Obstáculos,Sentidos,Sinais,Sinais Luminosos,Tipo Piso,Traçado 1,Traçado 2,Traçado 3,Traçado 4,Via Trânsito
2010426451,2010:01:06 08:15:00,01/06/00,01/01/00,01/01/00,Polícia de Segurança Pública,50.0,50.0,Quarta-Feira ,"0,00","0,00",0,0,1,Estrada sem separador,Seco e limpo,Setúbal,Almada,Laranjeiro,,Rua da União Piedense                                                                               ,Arruamento,0,Em bom estado,,Chuva,Dois sentidos,Fora da intersecção,Dentro das localidades,Em pleno dia,Sem marcas rodoviárias ou pouco visíveis,Atropelamento com fuga,NÃO DEFINIDO,Inexistentes,NÃO DEFINIDO,Passagem de peões,Inexistentes,Betuminoso,Recta,Com inclinação,Sem berma ou impraticável,Em plena via,Direita
20171237589,2017:01:21 00:15:00,01/21/00,01/01/00,01/01/00,Guarda Nacional Republicana,50.0,50.0,Sábado       ,"41,486333","-8,712225",0,0,1,Estrada sem separador,Seco e limpo,Braga,Barcelos,Barqueiros,Barqueiros,,EN - Estrada Nacional,EN205,Em estado regular,11,Bom tempo,Dois sentidos,Fora da intersecção,Dentro das localidades,"Noite, com iluminação",Com marcas - separadoras de sentido de trânsito,Despiste simples,NÃO DEFINIDO,Inexistentes,NÃO DEFINIDO,NÃO DEFINIDO,Inexistentes,Betuminoso,Recta,Em patamar,Sem berma ou impraticável,Na berma,Direita
2011503144,2011:01:05 15:40:00,01/05/00,01/01/00,01/01/00,Polícia de Segurança Pública,50.0,50.0,Quarta-Feira ,"0,00","0,00",0,0,1,Estrada sem separador,Húmido,Setúbal,Setubal,Setúbal (São Julião),,Avenida 22 de Dezembro                                                                              ,Arruamento,0,Em estado regular,,Chuva,Sentido único,Em entroncamento,Dentro das localidades,Em pleno dia,Sem marcas rodoviárias ou pouco visíveis,Atropelamento de peões,NÃO DEFINIDO,Correctamente sinalizados,NÃO DEFINIDO,NÃO DEFINIDO,Inexistentes,Betuminoso,Recta,Em patamar,Berma pavimentada,Em plena via,Direita
20181364377,2018:01:02 13:50:00,01/02/00,01/01/00,01/01/00,Guarda Nacional Republicana,90.0,90.0,Terça-Feira  ,"38,522036","-9,006676",0,0,1,Estrada sem separador,Seco e limpo,Setúbal,Setubal,União das freguesias de Azeitão (São Lourenço e São Simão),Setúbal,,EN - Estrada Nacional,EN10,Em bom estado,"26,8",Bom tempo,Dois sentidos,Fora da intersecção,Fora das localidades,Em pleno dia,Sem marcas rodoviárias ou pouco visíveis,Despiste com capotamento,NÃO DEFINIDO,Inexistentes,NÃO DEFINIDO,NÃO DEFINIDO,Inexistentes,Betuminoso,Recta,Em patamar,Berma pavimentada,Na berma,Direita
20191685341,2019:01:23 13:40:00,01/23/00,01/01/00,01/01/00,Guarda Nacional Republicana,50.0,50.0,Quarta-Feira ,"41,343600","-8,312531",0,0,1,Estrada sem separador,Molhado,Porto,Lousada,União das freguesias de Lustosa e Barrosas (Santo Estêvão),Lustosa,,EN - Estrada Nacional,EN106,Em estado regular,"7,3",Chuva,Dois sentidos,Fora da intersecção,Dentro das localidades,Em pleno dia,Com marcas - separadoras de sentido de trânsito,Despiste simples,NÃO DEFINIDO,Inexistentes,NÃO DEFINIDO,NÃO DEFINIDO,Inexistentes,Betuminoso,Curva,Em patamar,Sem berma ou impraticável,Em plena via,Direita
2011518968,2011:01:03 12:30:00,01/03/00,01/01/00,01/01/00,Guarda Nacional Republicana,90.0,90.0,Segunda-Feira,"40,160718","-8,611227",0,0,1,Outra via,Húmido,Coimbra,Soure,Figueiró do Campo,CASAL DE S PEDRO,,EN - Estrada Nacional,EN347,Em estado regular,22.4,Bom tempo,Dois sentidos,Fora da intersecção,Fora das localidades,Em pleno dia,Sem marcas rodoviárias ou pouco visíveis,Despiste simples,NÃO DEFINIDO,Inexistentes,NÃO DEFINIDO,NÃO DEFINIDO,Inexistentes,Betuminoso,Curva,Em patamar,Sem berma ou impraticável,Em plena via,Direita
20161110884,2016:01:07 05:20:00,01/07/00,01/01/00,01/01/00,Guarda Nacional Republicana,90.0,90.0,Quinta-Feira ,"38,355678","-7,532779",0,0,1,Estrada sem separador,Molhado,Évora,Evora,Canaviais,ÉVORA,,EN - Estrada Nacional,EN18,Em bom estado,"265,112",Chuva,Dois sentidos,Fora da intersecção,Fora das localidades,"Noite, sem iluminação",Com marcas - separadoras de sentido de trânsito,Colisão traseira com outro veículo em movimento,NÃO DEFINIDO,Inexistentes,NÃO DEFINIDO,NÃO DEFINIDO,Inexistentes,Betuminoso,Recta,Em patamar,Sem berma ou impraticável,Em plena via,Direita
20181367341,2018:01:16 08:30:00,01/16/00,01/01/00,01/01/00,Guarda Nacional Republicana,50.0,50.0,Terça-Feira  ,"40,330642","-7,869667",0,0,1,Outra via,Molhado,Coimbra,Oliveira do Hospital,Nogueira do Cravo,Senhora das Almas,,EN - Estrada Nacional,EN17,Em estado regular,"74,25",Chuva,Dois sentidos,Em cruzamento,Dentro das localidades,Em pleno dia,Com marcas - separadoras de sentido de trânsito,Colisão lateral com outro veículo em movimento,NÃO DEFINIDO,Correctamente sinalizados,No sentido crescente da quilometragem,Stop,A funcionar normalmente,Betuminoso,Recta,Em patamar,Sem berma ou impraticável,Em plena via,Direita
2013679379,2013:01:11 18:10:00,01/11/00,01/01/00,01/01/00,Guarda Nacional Republicana,50.0,50.0,Sexta-Feira  ,,,0,0,1,Estrada sem separador,Seco e limpo,Faro,Albufeira,Albufeira,Albufeira,Rua Joaquim Pedro Samora,Arruamento,0,Em estado regular,,Bom tempo,Sentido único,Fora da intersecção,Dentro das localidades,"Noite, com iluminação",Sem marcas rodoviárias ou pouco visíveis,Atropelamento de peões,NÃO DEFINIDO,Inexistentes,NÃO DEFINIDO,Outros,Inexistentes,Betuminoso,Recta,Com inclinação,Sem berma ou impraticável,Em plena via,Direita
2010442313,2010:01:17 16:35:00,01/17/00,01/01/00,01/01/00,Guarda Nacional Republicana,50.0,50.0,Domingo      ,,,0,0,1,Estrada sem separador,Molhado,Braga,Guimaraes,Selho (São Cristóvão),SELHO,,EM - Estrada Municipal,0,Em mau estado,,Chuva,Dois sentidos,Fora da intersecção,Dentro das localidades,Em pleno dia,Sem marcas rodoviárias ou pouco visíveis,Despiste com capotamento,NÃO DEFINIDO,Inexistentes,NÃO DEFINIDO,NÃO DEFINIDO,Inexistentes,Betuminoso,Curva,Em patamar,Sem berma ou impraticável,Em plena via,Direita
2014790438,2014:01:15 12:05:00,01/15/00,01/01/00,01/01/00,Guarda Nacional Republicana,50.0,50.0,Quarta-Feira ,"39,165053","-9,051455",0,0,1,Estrada sem separador,Molhado,Lisboa,Cadaval,Vermelha,Dagorda,,EN - Estrada Nacional,EN115,Em estado regular,17.8,Chuva,Dois sentidos,Fora da intersecção,Dentro das localidades,Em pleno dia,Com marcas - separadoras de sentido de trânsito,Colisão lateral com outro veículo em movimento,NÃO DEFINIDO,Inexistentes,NÃO DEFINIDO,Outros,Inexistentes,Betuminoso,Recta,Em patamar,Berma pavimentada,Em plena via,Direita
2011501216,2010:01:22 18:45:00,01/22/00,01/01/00,01/01/00,Polícia de Segurança Pública,50.0,50.0,Sexta-Feira  ,"0,00","0,00",0,0,1,Outra via,Seco e limpo,Porto,Vila Nova de Gaia,Canidelo,,Rua Quinta do Fojo,Arruamento,0,Em bom estado,,Bom tempo,Dois sentidos,Fora da intersecção,Dentro das localidades,"Noite, com iluminação",Com marcas - separadoras de sentido e de vias de trânsito,Atropelamento de peões,NÃO DEFINIDO,Inexistentes,No sentido crescente da quilometragem,NÃO DEFINIDO,Inexistentes,Betuminoso,Recta,Com inclinação,Berma pavimentada,Em plena via,Direita
2010438795,2010:01:04 16:40:00,01/04/00,01/01/00,01/01/00,Guarda Nacional Republicana,120.0,120.0,Segunda-Feira,"40,642975","-8,659670",0,0,1,Auto-estrada,Seco e limpo,Aveiro,Aveiro,Vera Cruz,AVEIRO,,A  - Auto-Estrada,A25,Em bom estado,8.2,Bom tempo,Sentido único,Fora da intersecção,Fora das localidades,Em pleno dia,Com marcas - separadoras de sentido e de vias de trânsito,Colisão traseira com outro veículo em movimento,NÃO DEFINIDO,Inexistentes,No sentido crescente da quilometragem,NÃO DEFINIDO,Inexistentes,Betuminoso,Recta,Com inclinação,Berma pavimentada,Em plena via,Esquerda
2013681659,2013:01:06 13:00:00,01/06/00,01/01/00,01/01/00,Guarda Nacional Republicana,50.0,50.0,Domingo      ,,,1,0,1,Estrada sem separador,Seco e limpo,Aveiro,Agueda,Préstimo,A dos Ferreiros,Bo. Doutor Correia Sousa,Arruamento,0,Em estado regular,,Bom tempo,Dois sentidos,Fora da intersecção,Dentro das localidades,Em pleno dia,Sem marcas rodoviárias ou pouco visíveis,Atropelamento de peões,NÃO DEFINIDO,Inexistentes,NÃO DEFINIDO,NÃO DEFINIDO,Inexistentes,Betuminoso,Recta,Com inclinação,Berma não pavimentada,Na berma,Direita
2015933110,2015:01:03 13:20:00,01/03/00,01/01/00,01/01/00,Guarda Nacional Republicana,90.0,90.0,Sábado       ,"39,474064","-7,521024",0,0,2,Estrada sem separador,Seco e limpo,Castelo Branco,Proenca-a-Nova,União das freguesias de Sobreira Formosa e Alvito da Beira,Sobreira Formosa,,EM - Estrada Municipal,EM1322,Em bom estado,0.001,Bom tempo,Dois sentidos,Fora da intersecção,Fora das localidades,Em pleno dia,Sem marcas rodoviárias ou pouco visíveis,Colisão frontal,NÃO DEFINIDO,Inexistentes,NÃO DEFINIDO,NÃO DEFINIDO,Inexistentes,Betuminoso,Curva,Em patamar,Berma não pavimentada,Em plena via,Direita
2012595278,2012:01:20 08:55:00,01/20/00,01/01/00,01/01/00,Guarda Nacional Republicana,90.0,90.0,Sexta-Feira  ,"39,058325","-9,373443",0,2,0,Estrada sem separador,Seco e limpo,Lisboa,Torres Vedras,São Pedro da Cadeira,SAO PEDRO DA CADEIRA,,EN - Estrada Nacional,EN9,Em estado regular,53.0,Bom tempo,Dois sentidos,Fora da intersecção,Fora das localidades,Em pleno dia,Com marcas - separadoras de sentido de trânsito,Colisão frontal,NÃO DEFINIDO,Inexistentes,NÃO DEFINIDO,Outros,Inexistentes,Betão de cimento,Curva,Em patamar,Sem berma ou impraticável,Em plena via,Direita
20191681939,2019:01:15 17:50:00,01/15/00,01/01/00,01/01/00,Guarda Nacional Republicana,90.0,90.0,Terça-Feira  ,"39,899490","-7,516712",0,0,1,Estrada sem separador,Seco e limpo,Castelo Branco,Castelo Branco,União das freguesias de Póvoa de Rio de Moinhos e Cafede,Caféde,,EM - Estrada Municipal,0,Em estado regular,"1,9",Bom tempo,Dois sentidos,Fora da intersecção,Fora das localidades,Aurora ou crepúsculo,Com marcas - separadoras de sentido de trânsito,Colisão com outras situações,NÃO DEFINIDO,Inexistentes,NÃO DEFINIDO,NÃO DEFINIDO,Inexistentes,Betuminoso,Recta,Em patamar,Sem berma ou impraticável,Em plena via,Direita
20161023094,2016:01:29 13:40:00,01/29/00,01/01/00,01/01/00,Polícia de Segurança Pública,50.0,50.0,Sexta-Feira  ,"38,720979","-9,338951",0,0,1,Estrada sem separador,Seco e limpo,Lisboa,Cascais,São Domingos de Rana,São Domingos de Rana,,EN - Estrada Nacional,EN249-4,Em estado regular,,Bom tempo,Reversível,Em rotunda,Dentro das localidades,Em pleno dia,Com marcas - separadoras de sentido de trânsito,Colisão com outras situações,NÃO DEFINIDO,Inexistentes,NÃO DEFINIDO,NÃO DEFINIDO,Inexistentes,Betuminoso,Curva,Em patamar,Berma pavimentada,Em plena via,Direita
20191681780,2019:01:16 20:52:00,01/16/00,01/01/00,01/01/00,Guarda Nacional Republicana,50.0,50.0,Quarta-Feira ,"41,442630","-8,083778",0,0,1,Estrada sem separador,Húmido,Braga,Celorico de Basto,Rego,Rego,,EN - Estrada Nacional,EN206,Em bom estado,"64,4",Chuva,Sentido único,Fora da intersecção,Dentro das localidades,"Noite, sem iluminação",Com marcas - separadoras de sentido de trânsito,Colisão traseira com outro veículo em movimento,NÃO DEFINIDO,Inexistentes,NÃO DEFINIDO,NÃO DEFINIDO,Inexistentes,Betuminoso,Recta,Com inclinação,Sem berma ou impraticável,Em plena via,Direita
20171177102,2017:01:19 23:40:00,01/19/00,01/01/00,01/01/00,Polícia de Segurança Pública,40.0,100.0,Quinta-Feira ,"38,768732","-9,169964",0,0,2,Outra via,Seco e limpo,Lisboa,Lisboa,Lumiar,Lisboa,,IP- Itinerário Principal,IP7,Em bom estado,5,Bom tempo,Sentido único,Em ramo de ligação - entrada,Dentro das localidades,"Noite, com iluminação",Com marcas - separadoras de sentido e de vias de trânsito,Despiste sem dispositivo de retenção,NÃO DEFINIDO,Inexistentes,No sentido decrescente da quilometragem,Outros,Inexistentes,Betuminoso,Curva,Com inclinação,Berma pavimentada,Em plena via,Direita
20161109825,2016:01:02 18:00:00,01/02/00,01/01/00,01/01/00,Guarda Nacional Republicana,90.0,90.0,Sábado       ,"37,077256","-8,166690",0,0,1,Estrada sem separador,Molhado,Faro,Albufeira,Guia,GUIA,,EN - Estrada Nacional,EN125,Em estado regular,"68,3",Chuva,Dois sentidos,Fora da intersecção,Fora das localidades,"Noite, com iluminação",Com marcas - separadoras de sentido e de vias de trânsito,Colisão com veiculo ou obstáculo na faixa de rodagem,NÃO DEFINIDO,Inexistentes,NÃO DEFINIDO,NÃO DEFINIDO,Inexistentes,Betuminoso,Recta,Em patamar,Berma pavimentada,Em plena via,Direita
2010460153,2010:01:12 11:20:00,01/12/00,01/01/00,01/01/00,Polícia de Segurança Pública,50.0,50.0,Terça-Feira  ,"0,00","0,00",0,0,4,Estrada sem separador,Seco e limpo,Bragança,Braganca,Bragança (Sé),,Avenida Abade Baçal,Arruamento,0,Em bom estado,,Chuva,Dois sentidos,Em entroncamento,Dentro das localidades,Em pleno dia,Com marcas - separadoras de sentido e de vias de trânsito,Colisão lateral com outro veículo em movimento,NÃO DEFINIDO,Inexistentes,NÃO DEFINIDO,Outros,Inexistentes,Betuminoso,Recta,Em patamar,Berma pavimentada,Em plena via,Direita
2011509201,2011:01:29 07:55:00,01/29/00,01/01/00,01/01/00,Polícia de Segurança Pública,50.0,50.0,Sábado       ,"0,00","0,00",0,0,1,Estrada sem separador,Seco e limpo,Lisboa,Oeiras,Cruz Quebrada-Dafundo,,Avenida Pierre de Coubertin                                                                         ,Arruamento,0,Em bom estado,,Bom tempo,Sentido único,Fora da intersecção,Dentro das localidades,Em pleno dia,Sem marcas rodoviárias ou pouco visíveis,Despiste sem dispositivo de retenção,NÃO DEFINIDO,Inexistentes,NÃO DEFINIDO,NÃO DEFINIDO,Inexistentes,Betuminoso,Recta,Em patamar,Sem berma ou impraticável,Em plena via,Direita
20181357408,2018:01:17 14:00:00,01/17/00,01/01/00,01/01/00,Polícia de Segurança Pública,50.0,50.0,Quarta-Feira ,"37,017768","-7,926308",0,0,1,Outra via,Seco e limpo,Faro,Faro,União das freguesias de Faro (Sé e São Pedro),Faro,Avenida 5 de Outubro                                                                                ,Arruamento,0,Em estado regular,,Bom tempo,Sentido único,Fora da intersecção,Dentro das localidades,Em pleno dia,Com marcas - separadoras de sentido e de vias de trânsito,Atropelamento de peões,NÃO DEFINIDO,Inexistentes,No sentido crescente da quilometragem,Passagem de peões,Inexistentes,Betuminoso,Recta,Com inclinação,Berma pavimentada,Em plena via,Esquerda
2015933084,2015:01:15 18:15:00,01/15/00,01/01/00,01/01/00,Guarda Nacional Republicana,60.0,90.0,Quinta-Feira ,"38,359726","-7,538006",0,0,1,Estrada sem separador,Molhado,Évora,Evora,Canaviais,Canaviais,,Outra Via,0,Em estado regular,,Chuva,Dois sentidos,Fora da intersecção,Fora das localidades,"Noite, com iluminação",Com marcas - separadoras de sentido de trânsito,Atropelamento de animais,NÃO DEFINIDO,Inexistentes,NÃO DEFINIDO,Outros,A funcionar normalmente,Betuminoso,Recta,Em patamar,Sem berma ou impraticável,Em plena via,Direita
20161115358,2016:01:29 05:11:00,01/29/00,01/01/00,01/01/00,Guarda Nacional Republicana,90.0,90.0,Sexta-Feira  ,"39,001345","-7,052093",2,1,2,Estrada sem separador,Seco e limpo,Portalegre,Campo Maior,São João Baptista,CAMPO MAIOR,,EN - Estrada Nacional,EN373,Em bom estado,"10,6",Bom tempo,Dois sentidos,Fora da intersecção,Fora das localidades,"Noite, sem iluminação",Com marcas - separadoras de sentido de trânsito,Atropelamento de animais,NÃO DEFINIDO,Inexistentes,NÃO DEFINIDO,Outros,Inexistentes,Betuminoso,Recta,Com inclinação,Sem berma ou impraticável,Em plena via,Direita
20171158867,2017:01:09 20:20:00,01/09/00,01/01/00,01/01/00,Polícia de Segurança Pública,80.0,80.0,Segunda-Feira,"38,755492","-9,183764",0,0,1,Outra via,Seco e limpo,Lisboa,Lisboa,São Domingos de Benfica,Lisboa,Avenida Eusébio da Silva Ferreira,Arruamento,0,Em estado regular,,Bom tempo,Sentido único,Fora da intersecção,Dentro das localidades,"Noite, com iluminação",Com marcas - separadoras de sentido e de vias de trânsito,Colisão traseira com outro veículo em movimento,NÃO DEFINIDO,Inexistentes,No sentido decrescente da quilometragem,Outros,Inexistentes,Betuminoso,Recta,Em patamar,Berma pavimentada,Em plena via,Esquerda
2011504418,2011:01:09 22:00:00,01/09/00,01/01/00,01/01/00,Polícia de Segurança Pública,50.0,50.0,Domingo      ,"0,00","0,00",0,0,1,Estrada sem separador,Seco e limpo,Lisboa,Oeiras,Oeiras e São Julião da Barra,Oeiras,Rua de Aljubarrota                                                                                  ,Arruamento,0,Em bom estado,,Bom tempo,Dois sentidos,Fora da intersecção,Dentro das localidades,"Noite, com iluminação",Com marcas - separadoras de sentido de trânsito,Colisão com outras situações,NÃO DEFINIDO,Inexistentes,NÃO DEFINIDO,Stop,Inexistentes,Betuminoso,Curva,Em patamar,Sem berma ou impraticável,Em plena via,Direita
20191680924,2019:01:16 07:45:00,01/16/00,01/01/00,01/01/00,Guarda Nacional Republicana,50.0,50.0,Quarta-Feira ,"40,903400","-6,908370",0,0,2,Estrada sem separador,"Com gelo, geada ou neve",Guarda,Figueira de Castelo Rodrigo,Mata de Lobos,Mata de Lobos - Figueira de Castelo Rodrigo,Rua dos Combatentes do Ultramar,Arruamento,0,Em estado regular,,Nevoeiro,Dois sentidos,Fora da intersecção,Dentro das localidades,Em pleno dia,Com marcas - separadoras de sentido de trânsito,Despiste simples,NÃO DEFINIDO,Inexistentes,NÃO DEFINIDO,NÃO DEFINIDO,Inexistentes,Betuminoso,Recta,Em patamar,Sem berma ou impraticável,Em plena via,Direita
2013683570,2013:01:23 08:20:00,01/23/00,01/01/00,01/01/00,Guarda Nacional Republicana,50.0,50.0,Quarta-Feira ,,,0,0,1,Estrada sem separador,Molhado,Porto,Vila Nova de Gaia,Grijó,Murracezes,Rua da Feiteira,Arruamento,0,Em bom estado,,Chuva,Dois sentidos,Em cruzamento,Dentro das localidades,Em pleno dia,Sem marcas rodoviárias ou pouco visíveis,Colisão com veiculo ou obstáculo na faixa de rodagem,NÃO DEFINIDO,Inexistentes,NÃO DEFINIDO,Stop,Intermitente,Betão de cimento,Recta,Em patamar,Berma pavimentada,Em plena via,Direita
20191649882,2019:01:04 13:15:00,01/04/00,01/01/00,01/01/00,Polícia de Segurança Pública,20.0,20.0,Sexta-Feira  ,"0,0","0,0",0,0,2,Estrada sem separador,Seco e limpo,Lisboa,Lisboa,Avenidas Novas,,Avenida Duque Ávila                                                                                 ,Arruamento,0,Em bom estado,,Bom tempo,Dois sentidos,Fora da intersecção,Dentro das localidades,Em pleno dia,Com marcas - separadoras de sentido de trânsito,Atropelamento de peões,NÃO DEFINIDO,Inexistentes,NÃO DEFINIDO,Outros,Inexistentes,Betuminoso,Recta,Em patamar,Berma pavimentada,Em via ou pista reservada,Direita
20181365111,2018:01:05 09:30:00,01/05/00,01/01/00,01/01/00,Guarda Nacional Republicana,50.0,50.0,Sexta-Feira  ,"41,723966","-8,663845",0,0,2,Estrada sem separador,Húmido,Viana do Castelo,Ponte de Lima,Vitorino das Donas,Moreira de Geraz do Lima,,EN - Estrada Nacional,EN203,Em bom estado,"12,2",Bom tempo,Dois sentidos,Fora da intersecção,Dentro das localidades,Em pleno dia,Com marcas - separadoras de sentido de trânsito,Despiste simples,NÃO DEFINIDO,Inexistentes,NÃO DEFINIDO,NÃO DEFINIDO,Inexistentes,Betuminoso,Curva,Em patamar,Berma pavimentada,Em plena via,Direita
2015930297,2015:01:18 15:30:00,01/18/00,01/01/00,01/01/00,Guarda Nacional Republicana,90.0,90.0,Domingo      ,"40,374464","-8,587138",0,0,1,Estrada sem separador,Molhado,Coimbra,Cantanhede,União das freguesias de Cantanhede e Pocariça,Arrotas,,Outra Via,0,Em bom estado,,Chuva,Dois sentidos,Em entroncamento,Fora das localidades,Em pleno dia,Com marcas - separadoras de sentido de trânsito,Colisão frontal,NÃO DEFINIDO,Inexistentes,NÃO DEFINIDO,Stop,Inexistentes,Betuminoso,Recta,Em patamar,Berma não pavimentada,Em plena via,Direita
2011516104,2011:01:06 21:00:00,01/06/00,01/01/00,01/01/00,Guarda Nacional Republicana,90.0,90.0,Quinta-Feira ,,,1,0,0,Estrada sem separador,Molhado,Castelo Branco,Belmonte,Belmonte,MALPIQUE,,EN - Estrada Nacional,EN345,Em estado regular,6.643,Chuva,Dois sentidos,Fora da intersecção,Fora das localidades,"Noite, sem iluminação",Com marcas - separadoras de sentido de trânsito,Despiste simples,NÃO DEFINIDO,Inexistentes,NÃO DEFINIDO,NÃO DEFINIDO,Inexistentes,Betuminoso,Curva,Em patamar,Berma não pavimentada,Na berma,Direita
20171234113,2017:01:03 14:10:00,01/03/00,01/01/00,01/01/00,Guarda Nacional Republicana,60.0,120.0,Terça-Feira  ,"41,431233","-8,336935",0,0,2,Auto-estrada,Húmido,Braga,Guimaraes,Candoso (São Martinho),CANDOSO S.MARTINHO,,A  - Auto-Estrada,A11,Em estado regular,"44,64",Chuva,Sentido único,Em via de aceleração,Fora das localidades,Em pleno dia,Com marcas - separadoras de sentido e de vias de trânsito,Despiste simples,NÃO DEFINIDO,Inexistentes,No sentido decrescente da quilometragem,Outros,Inexistentes,Betuminoso,Curva,Com inclinação,Berma pavimentada,Em plena via,Direita
20171235610,2017:01:10 20:00:00,01/10/00,01/01/00,01/01/00,Guarda Nacional Republicana,90.0,90.0,Terça-Feira  ,"40,048015","-8,673328",0,0,1,Estrada sem separador,Molhado,Coimbra,Soure,União das freguesias de Gesteira e Brunhós,SANTO ISIDRO,,EN - Estrada Nacional,EN342,Em estado regular,"17,3",Bom tempo,Dois sentidos,Fora da intersecção,Fora das localidades,"Noite, sem iluminação",Sem marcas rodoviárias ou pouco visíveis,Despiste simples,NÃO DEFINIDO,Inexistentes,NÃO DEFINIDO,NÃO DEFINIDO,Inexistentes,Betuminoso,Curva,Com inclinação,Sem berma ou impraticável,Em plena via,Direita
2010437318,2010:01:26 06:45:00,01/26/00,01/01/00,01/01/00,Guarda Nacional Republicana,120.0,120.0,Terça-Feira  ,"41,199555","-8,517923",5,3,0,Auto-estrada,Seco e limpo,Porto,Valongo,Valongo,,,A  - Auto-Estrada,A4,Em bom estado,14.2,Bom tempo,Sentido único,Fora da intersecção,Fora das localidades,"Noite, sem iluminação",Com marcas - separadoras de sentido e de vias de trânsito,Colisão traseira com outro veículo em movimento,NÃO DEFINIDO,Inexistentes,No sentido decrescente da quilometragem,Outros,Inexistentes,Betuminoso,Recta,Com inclinação,Berma pavimentada,Em plena via,Direita
2014758757,2014:01:09 08:20:00,01/09/00,01/01/00,01/01/00,Polícia de Segurança Pública,50.0,50.0,Quinta-Feira ,"38,697730","-9,286427",0,0,2,Estrada sem separador,Seco e limpo,Lisboa,Oeiras,Paço de Arcos,Paço de Arcos,Avenida Salvador Allende                                                                            ,Arruamento,0,Em estado regular,,Bom tempo,Dois sentidos,Fora da intersecção,Dentro das localidades,Em pleno dia,Com marcas - separadoras de sentido e de vias de trânsito,Colisão com outras situações,NÃO DEFINIDO,Inexistentes,NÃO DEFINIDO,Outros,Inexistentes,Betuminoso,Curva,Em patamar,Berma pavimentada,Em plena via,Direita
20191654805,2019:01:08 17:20:00,01/08/00,01/01/00,01/01/00,Polícia de Segurança Pública,50.0,50.0,Terça-Feira  ,"0,0","0,0",0,0,1,Estrada sem separador,Seco e limpo,Leiria,Leiria,"União das freguesias de Leiria, Pousos, Barreira e Cortes",,,Outra Via,0,Em bom estado,,Bom tempo,Sentido único,Em cruzamento,Dentro das localidades,Aurora ou crepúsculo,Com marcas - separadoras de sentido e de vias de trânsito,Colisão lateral com outro veículo em movimento,NÃO DEFINIDO,Inexistentes,NÃO DEFINIDO,NÃO DEFINIDO,Inexistentes,Betuminoso,Recta,Em patamar,Berma pavimentada,Em parque de estacionamento,Direita
2012583763,2012:01:23 09:10:00,01/23/00,01/01/00,01/01/00,Polícia de Segurança Pública,50.0,50.0,Segunda-Feira,"0,00","0,00",0,0,1,Estrada sem separador,Húmido,Lisboa,Lisboa,São Domingos de Benfica,,Estrada Laranjeiras                                                                                 ,Arruamento,0,Em estado regular,,Bom tempo,Dois sentidos,Fora da intersecção,Dentro das localidades,Em pleno dia,Com marcas - separadoras de sentido e de vias de trânsito,Colisão com veiculo ou obstáculo na faixa de rodagem,NÃO DEFINIDO,Inexistentes,NÃO DEFINIDO,Outros,Inexistentes,Betuminoso,Recta,Em patamar,Berma pavimentada,Em plena via,Direita
2013683522,2013:01:22 17:15:00,01/22/00,01/01/00,01/01/00,Guarda Nacional Republicana,100.0,120.0,Terça-Feira  ,,,0,0,1,Auto-estrada,Molhado,Porto,Vila Nova de Gaia,Arcozelo,Arcozelo,,A  - Auto-Estrada,A29,Em bom estado,45.4,Chuva,Reversível,Fora da intersecção,Fora das localidades,Em pleno dia,Com marcas - separadoras de sentido e de vias de trânsito,Despiste com dispositivo de retenção,NÃO DEFINIDO,Inexistentes,No sentido decrescente da quilometragem,Outros,Inexistentes,Betuminoso,Recta,Em patamar,Berma pavimentada,Em plena via,Esquerda
20171238471,2017:01:26 03:05:00,01/26/00,01/01/00,01/01/00,Guarda Nacional Republicana,50.0,50.0,Quinta-Feira ,"41,293620","-7,875577",0,0,1,Estrada sem separador,Seco e limpo,Vila Real,Vila Real,Campeã,CAMPEÃ,Lugar da Cruz,Arruamento,0,Em bom estado,,Bom tempo,Dois sentidos,Fora da intersecção,Dentro das localidades,"Noite, com iluminação",Sem marcas rodoviárias ou pouco visíveis,Despiste simples,NÃO DEFINIDO,Inexistentes,NÃO DEFINIDO,NÃO DEFINIDO,Inexistentes,Betuminoso,Recta,Em patamar,Sem berma ou impraticável,Em plena via,Direita
2015932415,2015:01:23 21:10:00,01/23/00,01/01/00,01/01/00,Guarda Nacional Republicana,50.0,50.0,Sexta-Feira  ,"38,518895","-9,064166",0,0,1,Estrada sem separador,Seco e limpo,Lisboa,Loures,União das freguesias de Santo Antão e São Julião do Tojal,,Rua 5,Arruamento,0,Em estado regular,,Bom tempo,Dois sentidos,Fora da intersecção,Dentro das localidades,"Noite, com iluminação",Sem marcas rodoviárias ou pouco visíveis,Atropelamento de peões,NÃO DEFINIDO,Inexistentes,NÃO DEFINIDO,NÃO DEFINIDO,Inexistentes,Betuminoso,Recta,Em patamar,Berma pavimentada,Em plena via,Direita