Id. Acidente,Datahora,Dia,Mês,Hora,Entidades Fiscalizadoras,Velocidade local,Velocidade geral,Dia da Semana,Latitude GPS,Longitude GPS,Num. Mortos a 30 dias,Num. Feridos graves a 30 dias,Num. Feridos ligeiros a 30 dias,Características Tecnicas1,Cond Aderência,Distrito,Concelho,Freguesia,Pov. Proxima,Nome arruamento,Tipos Vias,Cod Via,Estado Conservação,Km,Factores Atmosféricos,Reg Circulação1,Intersecção Vias,Localizações,Luminosidade,Marca Via,Natureza,Obras Arte,Obstáculos,Sentidos,Sinais,Sinais Luminosos,Tipo Piso,Traçado 1,Traçado 2,Traçado 3,Traçado 4,Via Trânsito
2012597220,2012:01:14 14:30:00,01/14/00,01/01/00,01/01/00,Guarda Nacional Republicana,50.0,50.0,Sábado       ,,,0,0,1,Estrada sem separador,Seco e limpo,Faro,Albufeira,Paderne,CARRASQUEIRO,,EM - Estrada Municipal,0,Em estado regular,,Bom tempo,Dois sentidos,Fora da intersecção,Dentro das localidades,Em pleno dia,Sem marcas rodoviárias ou pouco visíveis,Colisão traseira com outro veículo em movimento,NÃO DEFINIDO,Inexistentes,NÃO DEFINIDO,NÃO DEFINIDO,Inexistentes,Betuminoso,Recta,Em patamar,Sem berma ou impraticável,Em plena via,Direita
20191682944,2019:01:11 20:50:00,01/11/00,01/01/00,01/01/00,Guarda Nacional Republicana,80.0,80.0,Sexta-Feira  ,"38,652230","-8,182142",0,1,0,Estrada sem separador,Seco e limpo,Évora,Montemor-o-Novo,"União das freguesias de Nossa Senhora da Vila, Nossa Senhora do Bispo e Silveiras",Montemor o Novo,,EN - Estrada Nacional,EN4,Em estado regular,"84,4",Bom tempo,Dois sentidos,Em cruzamento,Fora das localidades,"Noite, com iluminação",Com marcas - separadoras de sentido e de vias de trânsito,Colisão lateral com outro veículo em movimento,NÃO DEFINIDO,Inexistentes,NÃO DEFINIDO,Cedência de passagem,Inexistentes,Betuminoso,Recta,Em patamar,Berma pavimentada,Em plena via,Direita
20171238468,2017:01:26 02:00:00,01/26/00,01/01/00,01/01/00,Guarda Nacional Republicana,50.0,50.0,Quinta-Feira ,"39,533420","-8,138360",0,0,1,Estrada sem separador,Molhado,Santarém,Sardoal,Sardoal,Sardoal,,EN - Estrada Nacional,EN358,Em bom estado,41,Chuva,Dois sentidos,Fora da intersecção,Fora das localidades,"Noite, sem iluminação",Com marcas - separadoras de sentido e de vias de trânsito,Despiste simples,NÃO DEFINIDO,Inexistentes,NÃO DEFINIDO,NÃO DEFINIDO,Inexistentes,Betuminoso,Curva,Em patamar,Sem berma ou impraticável,Em plena via,Direita
2013681763,2013:01:28 09:00:00,01/28/00,01/01/00,01/01/00,Guarda Nacional Republicana,120.0,120.0,Segunda-Feira,,,0,1,0,Auto-estrada,Seco e limpo,Aveiro,Estarreja,Beduído,Pinhal das Enxutas,,A  - Auto-Estrada,A1,Em bom estado,258.475,Bom tempo,Sentido único,Fora da intersecção,Fora das localidades,Em pleno dia,Com marcas - separadoras de sentido e de vias de trânsito,Despiste com capotamento,NÃO DEFINIDO,Inexistentes,No sentido decrescente da quilometragem,NÃO DEFINIDO,Inexistentes,Betuminoso,Recta,Em patamar,Berma pavimentada,Em plena via,Direita
20161113286,2016:01:18 12:15:00,01/18/00,01/01/00,01/01/00,Guarda Nacional Republicana,90.0,90.0,Segunda-Feira,"41,409501","-8,095408",0,0,1,Estrada sem separador,Seco e limpo,Braga,Vieira do Minho,Salamonde,SALAMONDE,,EN - Estrada Nacional,EN103,Em bom estado,"80,829",Bom tempo,Dois sentidos,Fora da intersecção,Dentro das localidades,Em pleno dia,Com marcas - separadoras de sentido de trânsito,Despiste com capotamento,NÃO DEFINIDO,Inexistentes,NÃO DEFINIDO,Proibição de ultrapassagem,Inexistentes,Betuminoso,Recta,Em patamar,Berma pavimentada,Na berma,Direita
20161114415,2016:01:24 01:10:00,01/24/00,01/01/00,01/01/00,Guarda Nacional Republicana,50.0,50.0,Domingo      ,"41,039548","-8,267704",0,0,2,Estrada sem separador,Seco e limpo,Porto,Gondomar,União das freguesias de Melres e Medas,MEDAS,,EM - Estrada Municipal,0,Em estado regular,828,Bom tempo,Dois sentidos,Fora da intersecção,Dentro das localidades,"Noite, com iluminação",Sem marcas rodoviárias ou pouco visíveis,Despiste simples,NÃO DEFINIDO,Inexistentes,NÃO DEFINIDO,NÃO DEFINIDO,Inexistentes,Betuminoso,Recta,Com inclinação,Berma não pavimentada,Em plena via,Direita
20191656352,2019:01:08 00:15:00,01/08/00,01/01/00,01/01/00,Polícia de Segurança Pública,60.0,120.0,Terça-Feira  ,"41,171362","-8,593801",0,0,1,Outra via,Seco e limpo,Porto,Porto,Paranhos,Porto,,Outra Via,0,Em estado regular,"12,4",Bom tempo,Sentido único,Em ramo de ligação - entrada,Fora das localidades,"Noite, sem iluminação",Com marcas - separadoras de sentido e de vias de trânsito,Colisão traseira com outro veículo em movimento,NÃO DEFINIDO,Inexistentes,No sentido crescente da quilometragem,Outros,Inexistentes,Betuminoso,Curva,Em patamar,Sem berma ou impraticável,Em plena via,Direita
20171167461,2017:01:17 00:30:00,01/17/00,01/01/00,01/01/00,Polícia de Segurança Pública,50.0,50.0,Terça-Feira  ,"41,148060","-8,549386",0,0,1,Estrada sem separador,Seco e limpo,Porto,Gondomar,"União das freguesias de Gondomar (São Cosme), Valbom e Jovim",Gondomar,Rua Alvarinho Santos                                                                                ,Arruamento,0,Em bom estado,,Bom tempo,Dois sentidos,Fora da intersecção,Dentro das localidades,"Noite, com iluminação",Com marcas - separadoras de sentido de trânsito,Despiste sem dispositivo de retenção,NÃO DEFINIDO,Inexistentes,NÃO DEFINIDO,NÃO DEFINIDO,Inexistentes,Betuminoso,Recta,Com inclinação,Sem berma ou impraticável,Em plena via,Direita
20181346855,2018:01:10 08:55:00,01/10/00,01/01/00,01/01/00,Polícia de Segurança Pública,80.0,100.0,Quarta-Feira ,"38,762540","-9,296805",0,1,0,Outra via,Molhado,Lisboa,Sintra,União das freguesias do Cacém e São Marcos,São Marcos,,IC - Itinerário Complementar,IC19,Em bom estado,"9,7",Chuva,Sentido único,Fora da intersecção,Dentro das localidades,Em pleno dia,Com marcas - separadoras de sentido e de vias de trânsito,Colisão lateral com outro veículo em movimento,NÃO DEFINIDO,Inexistentes,No sentido decrescente da quilometragem,NÃO DEFINIDO,Inexistentes,Betuminoso,Recta,Com inclinação,Berma pavimentada,Em plena via,Central
2012582830,2012:01:16 13:50:00,01/16/00,01/01/00,01/01/00,Polícia de Segurança Pública,50.0,50.0,Segunda-Feira,"0,00","0,00",0,0,1,Outra via,Húmido,Coimbra,Coimbra,São Martinho do Bispo,,Estrada Beira Rio (Margem esquerda do Mondego),Arruamento,0,Em estado regular,,Bom tempo,Dois sentidos,Fora da intersecção,Dentro das localidades,Em pleno dia,Sem marcas rodoviárias ou pouco visíveis,Colisão lateral com outro veículo em movimento,NÃO DEFINIDO,Inexistentes,No sentido decrescente da quilometragem,Outros,Inexistentes,Betuminoso,Recta,Em patamar,Berma não pavimentada,Em plena via,Direita
20181347883,2018:01:13 09:30:00,01/13/00,01/01/00,01/01/00,Polícia de Segurança Pública,50.0,50.0,Sábado       ,"38,732338","-9,359285",0,0,1,Estrada sem separador,Húmido,Lisboa,Cascais,São Domingos de Rana,Tires,Avenida Amália Rodrigues                                                                            ,Arruamento,0,Em bom estado,,Bom tempo,Sentido único,Fora da intersecção,Dentro das localidades,Em pleno dia,Com marcas - separadoras de sentido e de vias de trânsito,Atropelamento com fuga,NÃO DEFINIDO,Inexistentes,NÃO DEFINIDO,NÃO DEFINIDO,Inexistentes,Betão de cimento,Recta,Em patamar,Sem berma ou impraticável,Em parque de estacionamento,Direita
20191683675,2019:01:31 09:00:00,01/31/00,01/01/00,01/01/00,Guarda Nacional Republicana,120.0,120.0,Quinta-Feira ,"41,186330","-8,456219",0,0,2,Auto-estrada,Molhado,Porto,Valongo,União das freguesias de Campo e Sobrado,Campo,,A  - Auto-Estrada,A4,Em estado regular,"19,87",Chuva,Sentido único,Fora da intersecção,Fora das localidades,Em pleno dia,Com marcas - separadoras de sentido e de vias de trânsito,Despiste com capotamento,NÃO DEFINIDO,Inexistentes,No sentido crescente da quilometragem,NÃO DEFINIDO,Inexistentes,Betuminoso,Curva,Com inclinação,Berma pavimentada,Na berma,Direita
2012585083,2012:01:28 02:15:00,01/28/00,01/01/00,01/01/00,Polícia de Segurança Pública,50.0,50.0,Sábado       ,"0,00","0,00",0,0,1,Estrada sem separador,Seco e limpo,Évora,Evora,Horta das Figueiras,,Rotunda do Staples ,Arruamento,0,Em bom estado,,Bom tempo,Sentido único,Em rotunda,Dentro das localidades,"Noite, com iluminação",Sem marcas rodoviárias ou pouco visíveis,Despiste sem dispositivo de retenção,NÃO DEFINIDO,Inexistentes,NÃO DEFINIDO,Outros,Inexistentes,Betão de cimento,Curva,Em patamar,Berma pavimentada,No passeio,Direita
2010443172,2010:01:31 20:15:00,01/31/00,01/01/00,01/01/00,Guarda Nacional Republicana,50.0,50.0,Domingo      ,,,0,0,1,Estrada sem separador,Seco e limpo,Aveiro,Estarreja,Beduído,BEDUIDO,R AREOSA DO SUL,Arruamento,0,Em bom estado,,Bom tempo,Dois sentidos,Fora da intersecção,Dentro das localidades,Aurora ou crepúsculo,Com marcas - separadoras de sentido de trânsito,Despiste simples,NÃO DEFINIDO,Correctamente sinalizados,NÃO DEFINIDO,Outros,Inexistentes,Betuminoso,Recta,Em patamar,Berma não pavimentada,Em plena via,Direita
2013665861,2013:01:31 20:10:00,01/31/00,01/01/00,01/01/00,Polícia de Segurança Pública,50.0,50.0,Quinta-Feira ,"0,00","0,00",0,0,3,Estrada sem separador,Seco e limpo,Lisboa,Sintra,Queluz,Queluz,Rua Bica da Costa                                                                                   ,Arruamento,0,Em estado regular,,Bom tempo,Dois sentidos,Em entroncamento,Dentro das localidades,"Noite, com iluminação",Com marcas - separadoras de sentido e de vias de trânsito,Colisão com outras situações,NÃO DEFINIDO,Inexistentes,NÃO DEFINIDO,Cedência de passagem,Inexistentes,Betuminoso,Curva,Com inclinação,Berma pavimentada,Em plena via,Direita
20171234214,2017:01:03 16:20:00,01/03/00,01/01/00,01/01/00,Guarda Nacional Republicana,40.0,90.0,Terça-Feira  ,"41,683365","-8,774118",0,0,1,Outra via,Molhado,Viana do Castelo,Viana do Castelo,Darque,DARQUE,,Outra Via,0,Em bom estado,,Chuva,Sentido único,Fora da intersecção,Fora das localidades,Em pleno dia,Com marcas - separadoras de sentido de trânsito,Despiste com capotamento,NÃO DEFINIDO,Inexistentes,No sentido crescente da quilometragem,Outros,Inexistentes,Betuminoso,Curva,Com inclinação,Berma pavimentada,Em plena via,Direita
2010438798,2010:01:04 09:30:00,01/04/00,01/01/00,01/01/00,Guarda Nacional Republicana,50.0,50.0,Segunda-Feira,,,0,0,1,Estrada sem separador,Molhado,Aveiro,Aveiro,Oliveirinha,VALADO,R DIREITA,Arruamento,0,Em bom estado,,Chuva,Dois sentidos,Em cruzamento,Dentro das localidades,Em pleno dia,Sem marcas rodoviárias ou pouco visíveis,Colisão lateral com outro veículo em movimento,NÃO DEFINIDO,Inexistentes,NÃO DEFINIDO,NÃO DEFINIDO,Inexistentes,Calçada,Recta,Em patamar,Sem berma ou impraticável,Em plena via,Direita
20181366067,2018:01:10 11:25:00,01/10/00,01/01/00,01/01/00,Guarda Nacional Republicana,50.0,50.0,Quarta-Feira ,"39,483654","-8,633476",0,0,2,Estrada sem separador,Húmido,Santarém,Torres Novas,Zibreira,Alcanena,,EN - Estrada Nacional,EN243,Em bom estado,32,Chuva,Dois sentidos,Em rotunda,Dentro das localidades,Em pleno dia,Com marcas - separadoras de sentido de trânsito,Despiste simples,NÃO DEFINIDO,Inexistentes,NÃO DEFINIDO,Cedência de passagem,Inexistentes,Betuminoso,Recta,Com inclinação,Sem berma ou impraticável,Em plena via,Direita
2013660541,2013:01:22 14:05:00,01/22/00,01/01/00,01/01/00,Polícia de Segurança Pública,40.0,50.0,Terça-Feira  ,"0,00","0,00",1,0,0,Estrada sem separador,Seco e limpo,Lisboa,Lisboa,Benfica,,Estrada de Benfica,Arruamento,0,Em bom estado,,Chuva,Dois sentidos,Fora da intersecção,Dentro das localidades,Em pleno dia,Com marcas - separadoras de sentido de trânsito,Atropelamento de peões,NÃO DEFINIDO,Inexistentes,NÃO DEFINIDO,Outros,Inexistentes,Betuminoso,Recta,Em patamar,Sem berma ou impraticável,Em plena via,Direita
20191657774,2019:01:19 08:35:00,01/19/00,01/01/00,01/01/00,Polícia de Segurança Pública,30.0,50.0,Sábado       ,"0,0","0,0",0,0,1,Outra via,Molhado,Lisboa,Lisboa,Avenidas Novas,,Rua Latino Coelho                                                                                   ,Arruamento,0,Em estado regular,,Chuva,Sentido único,Em cruzamento,Dentro das localidades,Em pleno dia,Com marcas - separadoras de sentido e de vias de trânsito,Colisão lateral com outro veículo em movimento,NÃO DEFINIDO,Inexistentes,No sentido crescente da quilometragem,Outros,Inexistentes,Betuminoso,Recta,Com inclinação,Sem berma ou impraticável,Em plena via,Direita
2012585781,2012:01:30 22:10:00,01/30/00,01/01/00,01/01/00,Polícia de Segurança Pública,50.0,50.0,Segunda-Feira,"0,00","0,00",1,0,0,Outra via,Seco e limpo,Lisboa,Lisboa,Penha de França,,Avenida Mouzinho de Albuquerque,Arruamento,0,Em bom estado,,Bom tempo,Dois sentidos,Fora da intersecção,Dentro das localidades,"Noite, com iluminação",Com marcas - separadoras de sentido e de vias de trânsito,Atropelamento de peões,NÃO DEFINIDO,Inexistentes,NÃO DEFINIDO,Outros,Inexistentes,Betuminoso,Recta,Com inclinação,Sem berma ou impraticável,Em plena via,Direita
20181367444,2018:01:16 18:40:00,01/16/00,01/01/00,01/01/00,Guarda Nacional Republicana,90.0,90.0,Terça-Feira  ,"40,836309","-7,731712",0,0,1,Estrada sem separador,Molhado,Viseu,Vila Nova de Paiva,"União das freguesias de Vila Nova de Paiva, Alhais e Fráguas",Vila Nova de Paiva,,VAR - Variante,0,Em bom estado,,Chuva,Sentido único,Fora da intersecção,Fora das localidades,"Noite, sem iluminação",Com marcas - separadoras de sentido de trânsito,Despiste simples,NÃO DEFINIDO,Inexistentes,NÃO DEFINIDO,NÃO DEFINIDO,Inexistentes,Betuminoso,Recta,Com inclinação,Berma pavimentada,Na berma,Direita
2011520210,2011:01:07 14:10:00,01/07/00,01/01/00,01/01/00,Guarda Nacional Republicana,120.0,120.0,Sexta-Feira  ,"38,910614","-7,168572",0,0,1,Auto-estrada,Com água acumulada na faixa de rodagem,Portalegre,Elvas,Caia e São Pedro,ELVAS,,A  - Auto-Estrada,A6,Em estado regular,146.058,Chuva,Sentido único,Fora da intersecção,Fora das localidades,Em pleno dia,Com marcas - separadoras de sentido e de vias de trânsito,Despiste com dispositivo de retenção,NÃO DEFINIDO,Inexistentes,No sentido crescente da quilometragem,Outros,Inexistentes,Betuminoso,Recta,Com inclinação,Berma pavimentada,Na berma,Direita
2015891560,2015:01:29 18:50:00,01/29/00,01/01/00,01/01/00,Polícia de Segurança Pública,50.0,50.0,Quinta-Feira ,"41,514502","-8,434115",0,0,1,Estrada sem separador,Molhado,Braga,Braga,União das freguesias de Lomar e Arcos,,Rua da Veiga,Arruamento,0,Em estado regular,,Chuva,Dois sentidos,Em rotunda,Dentro das localidades,"Noite, com iluminação",Com marcas - separadoras de sentido e de vias de trânsito,Colisão frontal,NÃO DEFINIDO,Inexistentes,NÃO DEFINIDO,Cedência de passagem,Inexistentes,Betuminoso,Curva,Em patamar,Berma pavimentada,Em plena via,Direita
2012585910,2012:01:28 02:00:00,01/28/00,01/01/00,01/01/00,Polícia de Segurança Pública,90.0,90.0,Sábado       ,"41,165563","-8,644921",0,0,1,Auto-estrada,Seco e limpo,Porto,Porto,Ramalde,Porto,,A  - Auto-Estrada,A28,Em bom estado,2.1,Bom tempo,Dois sentidos,Fora da intersecção,Fora das localidades,"Noite, com iluminação",Com marcas - separadoras de sentido de trânsito,Colisão com outras situações,NÃO DEFINIDO,Inexistentes,No sentido crescente da quilometragem,Outros,Inexistentes,Betuminoso,Recta,Com inclinação,Berma pavimentada,Em plena via,Esquerda
20171237836,2017:01:22 12:20:00,01/22/00,01/01/00,01/01/00,Guarda Nacional Republicana,80.0,80.0,Domingo      ,"38,768621","-9,474050",0,1,1,Estrada sem separador,Seco e limpo,Lisboa,Sintra,Colares,Colares,,EN - Estrada Nacional,EN247,Em bom estado,"88,74",Bom tempo,Dois sentidos,Fora da intersecção,Fora das localidades,Em pleno dia,Com marcas - separadoras de sentido de trânsito,Colisão lateral com outro veículo em movimento,NÃO DEFINIDO,Inexistentes,NÃO DEFINIDO,NÃO DEFINIDO,Inexistentes,Betuminoso,Recta,Em patamar,Berma pavimentada,Na berma,Direita
20171187601,2017:01:31 19:00:00,01/31/00,01/01/00,01/01/00,Polícia de Segurança Pública,50.0,50.0,Terça-Feira  ,"40,936733","-8,542771",0,0,1,Estrada sem separador,Molhado,Aveiro,Santa Maria da Feira,"União das freguesias de Santa Maria da Feira, Travanca, Sanfins e Espargo",,Avenida 5 de Outubro                                                                                ,Arruamento,0,Em bom estado,,Chuva,Dois sentidos,Em entroncamento,Dentro das localidades,"Noite, com iluminação",Sem marcas rodoviárias ou pouco visíveis,Colisão com outras situações,NÃO DEFINIDO,Inexistentes,NÃO DEFINIDO,Stop,A funcionar normalmente,Betuminoso,Recta,Com inclinação,Berma pavimentada,Em plena via,Direita
2015891785,2015:01:27 18:20:00,01/27/00,01/01/00,01/01/00,Polícia de Segurança Pública,50.0,50.0,Terça-Feira  ,"38,733824","-9,163808",0,0,1,Outra via,Seco e limpo,Lisboa,Lisboa,Campolide,,Rua Campolide                                                                                       ,Arruamento,0,Em estado regular,,Bom tempo,Dois sentidos,Fora da intersecção,Dentro das localidades,"Noite, com iluminação",Com marcas - separadoras de sentido e de vias de trânsito,Colisão choque em cadeia,Viaduto/Ponte,Inexistentes,NÃO DEFINIDO,Outros,Inexistentes,Betuminoso,Recta,Em patamar,Berma pavimentada,Em plena via,Esquerda
20181347899,2018:01:12 18:25:00,01/12/00,01/01/00,01/01/00,Polícia de Segurança Pública,50.0,50.0,Sexta-Feira  ,"38,874824","-7,162908",0,0,1,Estrada sem separador,Seco e limpo,Portalegre,Elvas,"Assunção, Ajuda, Salvador e Santo Ildefonso",Elvas,Rua Mariana Martins                                                                                 ,Arruamento,0,Em bom estado,,Bom tempo,Dois sentidos,Fora da intersecção,Dentro das localidades,"Noite, sem iluminação",Sem marcas rodoviárias ou pouco visíveis,Atropelamento de peões,NÃO DEFINIDO,Inexistentes,NÃO DEFINIDO,Passagem de peões,Desligada,Betuminoso,Recta,Com inclinação,Berma pavimentada,Em plena via,Direita
2012584544,2012:01:04 17:10:00,01/04/00,01/01/00,01/01/00,Polícia de Segurança Pública,50.0,50.0,Quarta-Feira ,"0,00","0,00",0,0,1,Outra via,Seco e limpo,Santarém,Abrantes,Abrantes (São Vicente),Abrantes,Avenida Aljubarrota,Arruamento,0,Em bom estado,,Bom tempo,Dois sentidos,Fora da intersecção,Dentro das localidades,Em pleno dia,Com marcas - separadoras de sentido de trânsito,Despiste simples,NÃO DEFINIDO,Inexistentes,No sentido decrescente da quilometragem,NÃO DEFINIDO,Inexistentes,Betuminoso,Curva,Com inclinação,Berma não pavimentada,Em plena via,Direita
2012595233,2012:01:10 14:45:00,01/10/00,01/01/00,01/01/00,Guarda Nacional Republicana,50.0,50.0,Terça-Feira  ,"41,130270","-8,216236",0,1,0,Estrada sem separador,Seco e limpo,Porto,Marco de Canaveses,Vila Boa do Bispo,EIDINHO,,EN - Estrada Nacional,EN320,Em estado regular,29.3,Bom tempo,Dois sentidos,Fora da intersecção,Dentro das localidades,Em pleno dia,Com marcas - separadoras de sentido de trânsito,Colisão lateral com outro veículo em movimento,NÃO DEFINIDO,Inexistentes,NÃO DEFINIDO,Outros,Inexistentes,Betuminoso,Recta,Com inclinação,Sem berma ou impraticável,Em plena via,Direita
2015930248,2015:01:31 18:20:00,01/31/00,01/01/00,01/01/00,Guarda Nacional Republicana,50.0,50.0,Sábado       ,"39,491150","-8,369780",0,1,0,Estrada sem separador,Molhado,Leiria,Pombal,São Simão de Litém,Vila Gateira,Rua Principal,Arruamento,0,Em bom estado,,Chuva,Dois sentidos,Fora da intersecção,Dentro das localidades,"Noite, com iluminação",Com marcas - separadoras de sentido de trânsito,Atropelamento de peões,NÃO DEFINIDO,Inexistentes,NÃO DEFINIDO,Proibição de ultrapassagem,Inexistentes,Betuminoso,Recta,Com inclinação,Berma pavimentada,Em plena via,Direita
2010441034,2010:01:26 05:50:00,01/26/00,01/01/00,01/01/00,Guarda Nacional Republicana,50.0,50.0,Terça-Feira  ,,,0,0,1,Estrada sem separador,Seco e limpo,Braga,Guimaraes,Sande (São Lourenço),SANDE,R CASTRO SABROSO,Arruamento,0,Em estado regular,,Bom tempo,Dois sentidos,Fora da intersecção,Dentro das localidades,"Noite, com iluminação",Sem marcas rodoviárias ou pouco visíveis,Despiste simples,NÃO DEFINIDO,Inexistentes,NÃO DEFINIDO,Outros,Inexistentes,Betuminoso,Recta,Em patamar,Sem berma ou impraticável,Em plena via,Direita
20181366850,2018:01:13 20:20:00,01/13/00,01/01/00,01/01/00,Guarda Nacional Republicana,100.0,120.0,Sábado       ,"38,869691","-9,070613",0,0,2,Auto-estrada,Seco e limpo,Lisboa,Vila Franca de Xira,Vialonga,Vialonga,,A  - Auto-Estrada,A1,Em bom estado,10,Bom tempo,Sentido único,Fora da intersecção,Fora das localidades,"Noite, sem iluminação",Com marcas - separadoras de sentido e de vias de trânsito,Colisão traseira com outro veículo em movimento,NÃO DEFINIDO,Inexistentes,No sentido crescente da quilometragem,NÃO DEFINIDO,Inexistentes,Betuminoso,Recta,Com inclinação,Sem berma ou impraticável,Em plena via,Direita
2013679052,2013:01:28 18:00:00,01/28/00,01/01/00,01/01/00,Guarda Nacional Republicana,90.0,90.0,Segunda-Feira,,,0,0,1,Estrada sem separador,Seco e limpo,Santarém,Benavente,Samora Correia,Porto Alto,,EN - Estrada Nacional,EN118,Em bom estado,21.8,NÃO DEFINIDO,Dois sentidos,Fora da intersecção,Fora das localidades,Aurora ou crepúsculo,Com marcas - separadoras de sentido de trânsito,Despiste com capotamento,NÃO DEFINIDO,Inexistentes,NÃO DEFINIDO,Outros,Inexistentes,Betuminoso,Recta,Em patamar,Berma pavimentada,Na berma,Direita
2011508911,2011:01:30 19:49:00,01/30/00,01/01/00,01/01/00,Polícia de Segurança Pública,80.0,80.0,Domingo      ,"0,00","0,00",0,0,1,Outra via,Seco e limpo,Lisboa,Lisboa,São Domingos de Benfica,,Avenida General Norton de Matos                                                                     ,Arruamento,0,Em bom estado,,Bom tempo,Dois sentidos,Em ramo de ligação - entrada,Dentro das localidades,Aurora ou crepúsculo,Com marcas - separadoras de sentido de trânsito,Colisão traseira com outro veículo em movimento,NÃO DEFINIDO,Inexistentes,NÃO DEFINIDO,Outros,Inexistentes,Betuminoso,Recta,Em patamar,Sem berma ou impraticável,Em plena via,Direita
20191656329,2019:01:11 15:45:00,01/11/00,01/01/00,01/01/00,Polícia de Segurança Pública,50.0,50.0,Sexta-Feira  ,"0,0","0,0",0,0,1,Estrada sem separador,Seco e limpo,Lisboa,Cascais,União das freguesias de Cascais e Estoril,Cascais,Rua José Florindo                                                                                   ,Arruamento,0,Em bom estado,,Bom tempo,Dois sentidos,Em entroncamento,Dentro das localidades,Em pleno dia,Com marcas - separadoras de sentido e de vias de trânsito,Colisão com outras situações,NÃO DEFINIDO,Inexistentes,NÃO DEFINIDO,Cedência de passagem,Inexistentes,Betuminoso,Recta,Com inclinação,Berma pavimentada,Em plena via,Direita
20191658440,2019:01:18 21:20:00,01/18/00,01/01/00,01/01/00,Polícia de Segurança Pública,50.0,50.0,Sexta-Feira  ,"0,0","0,0",0,0,1,Estrada sem separador,Molhado,Lisboa,Oeiras,"União das freguesias de Algés, Linda-a-Velha e Cruz Quebrada-Dafundo",Cruz Quebrada,Avenida Pierre de Coubertin,Arruamento,0,Em estado regular,,Chuva,Dois sentidos,Fora da intersecção,Dentro das localidades,"Noite, com iluminação",Com marcas - separadoras de sentido e de vias de trânsito,Despiste sem dispositivo de retenção,NÃO DEFINIDO,Inexistentes,NÃO DEFINIDO,Outros,Inexistentes,Betuminoso,Curva,Com inclinação,Sem berma ou impraticável,Em plena via,Direita
2014790957,2014:01:12 12:15:00,01/12/00,01/01/00,01/01/00,Guarda Nacional Republicana,50.0,50.0,Domingo      ,"41,312028","-7,476333",0,0,1,Estrada sem separador,Molhado,Vila Real,Ribeira de Pena,União das freguesias de Cerva e Limões,Mourão,,EM - Estrada Municipal,EM312,Em bom estado,44.5,Chuva,Dois sentidos,Fora da intersecção,Fora das localidades,Em pleno dia,Com marcas - separadoras de sentido de trânsito,Despiste com capotamento,NÃO DEFINIDO,Inexistentes,NÃO DEFINIDO,Outros,Inexistentes,Betuminoso,Curva,Com inclinação,Berma pavimentada,Em plena via,Direita
2012595984,2012:01:26 13:30:00,01/26/00,01/01/00,01/01/00,Guarda Nacional Republicana,50.0,50.0,Quinta-Feira ,,,0,0,1,Estrada sem separador,Húmido,Viseu,Tondela,Tondela,TONDELA,R 25 DE ABRIL,Arruamento,0,Em bom estado,,Chuva,Dois sentidos,Fora da intersecção,Dentro das localidades,Em pleno dia,Com marcas - separadoras de sentido de trânsito,Colisão lateral com outro veículo em movimento,NÃO DEFINIDO,Inexistentes,NÃO DEFINIDO,Outros,Inexistentes,Betuminoso,Curva,Em patamar,Berma pavimentada,Em plena via,Direita
20161019106,2016:01:06 22:40:00,01/06/00,01/01/00,01/01/00,Polícia de Segurança Pública,60.0,80.0,Quarta-Feira ,"38,744729","-9,164913",0,0,1,Outra via,Molhado,Lisboa,Lisboa,Benfica,,,IP- Itinerário Principal,IP7,Em bom estado,"9,3",Chuva,Sentido único,Fora da intersecção,Fora das localidades,"Noite, com iluminação",Sem marcas rodoviárias ou pouco visíveis,Despiste com dispositivo de retenção,NÃO DEFINIDO,Inexistentes,No sentido crescente da quilometragem,Outros,Inexistentes,Betuminoso,Recta,Em patamar,Sem berma ou impraticável,Em plena via,Central
2012583335,2012:01:18 14:30:00,01/18/00,01/01/00,01/01/00,Polícia de Segurança Pública,50.0,50.0,Quarta-Feira ,"0,00","0,00",0,0,1,Estrada sem separador,Seco e limpo,Viseu,Viseu,Viseu (São José),(frente à loja Zou - Chinesa),,EN - Estrada Nacional,EN229,Em bom estado,,Bom tempo,Dois sentidos,Fora da intersecção,Dentro das localidades,Em pleno dia,Com marcas - separadoras de sentido e de vias de trânsito,Colisão traseira com outro veículo em movimento,NÃO DEFINIDO,Inexistentes,NÃO DEFINIDO,NÃO DEFINIDO,Inexistentes,Betuminoso,Recta,Em patamar,Berma pavimentada,Em plena via,Direita
2012595952,2012:01:06 20:20:00,01/06/00,01/01/00,01/01/00,Guarda Nacional Republicana,50.0,50.0,Sexta-Feira  ,"39,649183","-8,517777",0,0,1,Estrada sem separador,Seco e limpo,Santarém,Ourem,Alburitel,,,EN - Estrada Nacional,EN113,Em estado regular,33.8,Bom tempo,Dois sentidos,Fora da intersecção,Dentro das localidades,"Noite, com iluminação",Com marcas - separadoras de sentido de trânsito,Despiste com colisão com veículo imobil. ou obstáculo,NÃO DEFINIDO,Inexistentes,NÃO DEFINIDO,NÃO DEFINIDO,Inexistentes,Betuminoso,Curva,Em patamar,Sem berma ou impraticável,Na berma,Direita