Id. Acidente,Datahora,Dia,Mês,Hora,Entidades Fiscalizadoras,Velocidade local,Velocidade geral,Dia da Semana,Latitude GPS,Longitude GPS,Num. Mortos a 30 dias,Num. Feridos graves a 30 dias,Num. Feridos ligeiros a 30 dias,Características Tecnicas1,Cond Aderência,Distrito,Concelho,Freguesia,Pov. Proxima,Nome arruamento,Tipos Vias,Cod Via,Estado Conservação,Km,Factores Atmosféricos,Reg Circulação1,Intersecção Vias,Localizações,Luminosidade,Marca Via,Natureza,Obras Arte,Obstáculos,Sentidos,Sinais,Sinais Luminosos,Tipo Piso,Traçado 1,Traçado 2,Traçado 3,Traçado 4,Via Trânsito
2014792473,2014:01:03 14:30:00,01/03/00,01/01/00,01/01/00,Guarda Nacional Republicana,50.0,50.0,Sexta-Feira  ,"37,066356","-8,266173",0,0,1,Estrada sem separador,Seco e limpo,Faro,Lagoa (Algarve),União das freguesias de Lagoa e Carvoeiro,Salicas,Urbanização das Salicas,Arruamento,0,Em estado regular,,Bom tempo,Sentido único,Fora da intersecção,Dentro das localidades,Em pleno dia,Sem marcas rodoviárias ou pouco visíveis,Colisão com outras situações,NÃO DEFINIDO,Inexistentes,NÃO DEFINIDO,Outros,Inexistentes,Betuminoso,Recta,Em patamar,Berma pavimentada,Em plena via,Direita
2012598017,2012:01:09 12:00:00,01/09/00,01/01/00,01/01/00,Guarda Nacional Republicana,50.0,50.0,Segunda-Feira,,,0,0,1,Estrada sem separador,Seco e limpo,Aveiro,Vale de Cambra,São Pedro de Castelões,SAO PEDRO DE CASTELOES,R DA GRANJA,Arruamento,0,Em estado regular,,Bom tempo,Dois sentidos,Fora da intersecção,Dentro das localidades,Em pleno dia,Sem marcas rodoviárias ou pouco visíveis,Atropelamento de peões,NÃO DEFINIDO,Inexistentes,NÃO DEFINIDO,Passagem de peões,Inexistentes,Betuminoso,Recta,Em patamar,Berma pavimentada,Em plena via,Direita
2012582632,2012:01:19 16:10:00,01/19/00,01/01/00,01/01/00,Polícia de Segurança Pública,50.0,50.0,Quinta-Feira ,"0,00","0,00",0,0,1,Estrada sem separador,Húmido,Faro,Olhao,Olhão,Olhão,Antero Nobre,Arruamento,0,Em estado regular,,Bom tempo,Dois sentidos,Fora da intersecção,Dentro das localidades,Em pleno dia,Sem marcas rodoviárias ou pouco visíveis,Despiste sem dispositivo de retenção,NÃO DEFINIDO,Inexistentes,NÃO DEFINIDO,NÃO DEFINIDO,Inexistentes,Betuminoso,Recta,Em patamar,Sem berma ou impraticável,Em plena via,Direita
20171177790,2017:01:21 11:40:00,01/21/00,01/01/00,01/01/00,Polícia de Segurança Pública,50.0,50.0,Sábado       ,"41,682675","-8,788435",0,0,2,Estrada sem separador,Seco e limpo,Viana do Castelo,Viana do Castelo,Darque,Viana do Castelo,Avenida Doutor Carteado Mena                                                                        ,Arruamento,0,Em estado regular,,Bom tempo,Dois sentidos,Fora da intersecção,Dentro das localidades,Em pleno dia,Com marcas - separadoras de sentido de trânsito,Colisão traseira com outro veículo em movimento,NÃO DEFINIDO,Inexistentes,NÃO DEFINIDO,Outros,A funcionar normalmente,Betuminoso,Recta,Em patamar,Berma pavimentada,Em plena via,Direita
2012595850,2012:01:09 12:35:00,01/09/00,01/01/00,01/01/00,Guarda Nacional Republicana,90.0,90.0,Segunda-Feira,"38,342888","-7,999297",0,0,1,Estrada sem separador,Seco e limpo,Évora,Viana do Alentejo,Viana do Alentejo,VIANA DO ALENTEJO,,EN - Estrada Nacional,EN254,Em bom estado,78.7,Bom tempo,Dois sentidos,Fora da intersecção,Fora das localidades,Em pleno dia,Com marcas - separadoras de sentido de trânsito,Colisão lateral com outro veículo em movimento,NÃO DEFINIDO,Inexistentes,NÃO DEFINIDO,NÃO DEFINIDO,Inexistentes,Betuminoso,Recta,Em patamar,Berma não pavimentada,Em plena via,Direita
2014759057,2014:01:11 08:50:00,01/11/00,01/01/00,01/01/00,Polícia de Segurança Pública,50.0,50.0,Sábado       ,"41,205280","-8,714138",0,0,1,Outra via,Seco e limpo,Porto,Matosinhos,Leça da Palmeira,Matosinhos,Avenida Liberdade                                                                                   ,Arruamento,0,Em estado regular,,Bom tempo,Dois sentidos,Fora da intersecção,Dentro das localidades,Em pleno dia,Com marcas - separadoras de sentido de trânsito,Despiste simples,NÃO DEFINIDO,Inexistentes,No sentido crescente da quilometragem,Outros,Inexistentes,Betuminoso,Recta,Em patamar,Berma pavimentada,Em plena via,Direita
2014789728,2014:01:24 19:00:00,01/24/00,01/01/00,01/01/00,Guarda Nacional Republicana,50.0,50.0,Sexta-Feira  ,"41,465264","-8,324245",1,0,0,Estrada sem separador,Molhado,Viana do Castelo,Ponte de Lima,Ribeira,Ribeira,,EN - Estrada Nacional,EN203,Em bom estado,25.8,Chuva,Dois sentidos,Fora da intersecção,Dentro das localidades,"Noite, sem iluminação",Com marcas - separadoras de sentido de trânsito,Atropelamento de peões,NÃO DEFINIDO,Inexistentes,NÃO DEFINIDO,NÃO DEFINIDO,Inexistentes,Betuminoso,Recta,Em patamar,Berma pavimentada,Em plena via,Direita
20161112781,2016:01:15 07:05:00,01/15/00,01/01/00,01/01/00,Guarda Nacional Republicana,90.0,90.0,Sexta-Feira  ,"39,047724","-8,515033",0,0,2,Estrada sem separador,Seco e limpo,Lisboa,Azambuja,Azambuja,AZAMBUJA,,EN - Estrada Nacional,EN3,Em bom estado,"12,7",Bom tempo,Dois sentidos,Fora da intersecção,Dentro das localidades,Em pleno dia,Com marcas - separadoras de sentido de trânsito,Colisão lateral com outro veículo em movimento,NÃO DEFINIDO,Inexistentes,NÃO DEFINIDO,NÃO DEFINIDO,Inexistentes,Betuminoso,Recta,Em patamar,Berma pavimentada,Em plena via,Direita
20161114253,2016:01:22 21:00:00,01/22/00,01/01/00,01/01/00,Guarda Nacional Republicana,120.0,120.0,Sexta-Feira  ,"41,233275","-8,443717",0,0,1,Auto-estrada,Seco e limpo,Porto,Povoa de Varzim,"União das freguesias de Aver-o-Mar, Amorim e Terroso",AMORIM,,A  - Auto-Estrada,A28,Em bom estado,"31,9",Bom tempo,Sentido único,Fora da intersecção,Fora das localidades,"Noite, sem iluminação",Com marcas - separadoras de sentido e de vias de trânsito,Colisão traseira com outro veículo em movimento,NÃO DEFINIDO,Inexistentes,No sentido crescente da quilometragem,NÃO DEFINIDO,Inexistentes,Betuminoso,Recta,Em patamar,Berma pavimentada,Em plena via,Esquerda
2014761594,2014:01:28 19:15:00,01/28/00,01/01/00,01/01/00,Polícia de Segurança Pública,30.0,50.0,Terça-Feira  ,"41,538696","-8,624823",0,1,0,Estrada sem separador,Molhado,Braga,Barcelos,Barcelos,,Rotunda Cibernética,Arruamento,0,Em estado regular,,Chuva,Sentido único,Em rotunda,Dentro das localidades,"Noite, com iluminação",Sem marcas rodoviárias ou pouco visíveis,Colisão traseira com outro veículo em movimento,NÃO DEFINIDO,Inexistentes,NÃO DEFINIDO,Outros,Inexistentes,Betuminoso,Curva,Em patamar,Berma não pavimentada,Em plena via,Direita
20161115296,2016:01:28 15:20:00,01/28/00,01/01/00,01/01/00,Guarda Nacional Republicana,50.0,50.0,Quinta-Feira ,"37,049469","-8,162811",0,0,1,Estrada sem separador,Seco e limpo,Faro,Albufeira,Albufeira e Olhos de Água,ALBUFEIRA,Rua do Farol - Albufeira,Arruamento,0,Em bom estado,,Bom tempo,Dois sentidos,Fora da intersecção,Dentro das localidades,Em pleno dia,Sem marcas rodoviárias ou pouco visíveis,Colisão traseira com outro veículo em movimento,NÃO DEFINIDO,Inexistentes,NÃO DEFINIDO,NÃO DEFINIDO,Inexistentes,Betuminoso,Recta,Em patamar,Sem berma ou impraticável,Em plena via,Direita
2011504449,2011:01:07 14:30:00,01/07/00,01/01/00,01/01/00,Polícia de Segurança Pública,30.0,30.0,Sexta-Feira  ,"0,00","0,00",0,0,1,Estrada sem separador,Seco e limpo,Lisboa,Vila Franca de Xira,Vila Franca de Xira,Vila Franca de Xira,Rua Alves Redol,Arruamento,0,Em bom estado,,Bom tempo,Dois sentidos,Fora da intersecção,Dentro das localidades,Em pleno dia,Com marcas - separadoras de sentido e de vias de trânsito,Atropelamento de peões,NÃO DEFINIDO,Inexistentes,NÃO DEFINIDO,NÃO DEFINIDO,Inexistentes,Betuminoso,Recta,Em patamar,Berma pavimentada,Em plena via,Direita
2015883212,2015:01:07 17:20:00,01/07/00,01/01/00,01/01/00,Polícia de Segurança Pública,50.0,50.0,Quarta-Feira ,"38,719546","-9,143461",0,0,1,Estrada sem separador,Seco e limpo,Lisboa,Lisboa,Santo António,Lisboa,Rua São José                                                                                        ,Arruamento,0,Em estado regular,,Bom tempo,Sentido único,Em entroncamento,Dentro das localidades,Aurora ou crepúsculo,Sem marcas rodoviárias ou pouco visíveis,Atropelamento de peões,NÃO DEFINIDO,Inexistentes,NÃO DEFINIDO,Outros,Inexistentes,Calçada,Curva,Em patamar,Sem berma ou impraticável,No passeio,Direita
20171238270,2017:01:24 18:30:00,01/24/00,01/01/00,01/01/00,Guarda Nacional Republicana,120.0,120.0,Terça-Feira  ,"37,808795","-8,228978",0,0,1,Auto-estrada,Seco e limpo,Beja,Aljustrel,Messejana,Messeja,,A  - Auto-Estrada,A2,Em bom estado,"160,85",Bom tempo,Sentido único,Fora da intersecção,Fora das localidades,"Noite, sem iluminação",Com marcas - separadoras de sentido e de vias de trânsito,Colisão traseira com outro veículo em movimento,NÃO DEFINIDO,Inexistentes,No sentido decrescente da quilometragem,NÃO DEFINIDO,Inexistentes,Betuminoso,Recta,Em patamar,Berma pavimentada,Em plena via,Direita
2010443174,2010:01:29 19:50:00,01/29/00,01/01/00,01/01/00,Guarda Nacional Republicana,50.0,50.0,Sexta-Feira  ,,,0,0,1,Estrada sem separador,Húmido,Aveiro,Murtosa,Bunheiro,MURTOSA,R ZONA INDUSTRIAL,Arruamento,0,Em bom estado,,Chuva,Dois sentidos,Fora da intersecção,Dentro das localidades,"Noite, sem iluminação",Sem marcas rodoviárias ou pouco visíveis,Colisão com fuga,NÃO DEFINIDO,Inexistentes,NÃO DEFINIDO,Outros,Inexistentes,Betuminoso,Recta,Em patamar,Berma não pavimentada,Na berma,Direita
2013679046,2013:01:04 19:05:00,01/04/00,01/01/00,01/01/00,Guarda Nacional Republicana,,90.0,Sexta-Feira  ,,,0,0,1,Estrada sem separador,Seco e limpo,Santarém,Coruche,Coruche,Agolada de Cima,,EN - Estrada Nacional,EN114,Em bom estado,107.65,Bom tempo,Dois sentidos,Fora da intersecção,Fora das localidades,Aurora ou crepúsculo,Com marcas - separadoras de sentido de trânsito,Colisão com veiculo ou obstáculo na faixa de rodagem,NÃO DEFINIDO,Inexistentes,NÃO DEFINIDO,NÃO DEFINIDO,Inexistentes,Betuminoso,Recta,Em patamar,Berma pavimentada,Em plena via,Direita
20181365677,2018:01:08 12:53:00,01/08/00,01/01/00,01/01/00,Guarda Nacional Republicana,50.0,50.0,Segunda-Feira,"41,269566","-7,474844",1,0,0,Estrada sem separador,Seco e limpo,Vila Real,Alijo,Alijó,Alijó,Travessa a rua Engº Delfim Magalhães,Arruamento,0,Em estado regular,,Bom tempo,Sentido único,Fora da intersecção,Dentro das localidades,Em pleno dia,Sem marcas rodoviárias ou pouco visíveis,Atropelamento de peões,NÃO DEFINIDO,Inexistentes,NÃO DEFINIDO,Outros,Inexistentes,Betuminoso,Recta,Em patamar,Berma pavimentada,Em plena via,Direita
20181367089,2018:01:15 08:12:00,01/15/00,01/01/00,01/01/00,Guarda Nacional Republicana,50.0,50.0,Segunda-Feira,"38,610560","-8,869960",0,1,0,Estrada sem separador,Seco e limpo,Setúbal,Palmela,Pinhal Novo,Palmela,,EM - Estrada Municipal,0,Em bom estado,,Bom tempo,Dois sentidos,Fora da intersecção,Fora das localidades,Sol escandeante,Sem marcas rodoviárias ou pouco visíveis,Colisão traseira com outro veículo em movimento,NÃO DEFINIDO,Inexistentes,NÃO DEFINIDO,NÃO DEFINIDO,Inexistentes,Betuminoso,Recta,Em patamar,Sem berma ou impraticável,Em plena via,Direita
20161022764,2016:01:27 11:45:00,01/27/00,01/01/00,01/01/00,Polícia de Segurança Pública,50.0,50.0,Quarta-Feira ,"41,142598","-8,526658",0,0,1,Estrada sem separador,Seco e limpo,Porto,Gondomar,"União das freguesias de Gondomar (São Cosme), Valbom e Jovim",Gondomar,Rua Doutor Francisco Sá Carneiro                                                                    ,Arruamento,0,Em bom estado,,Bom tempo,Dois sentidos,Fora da intersecção,Dentro das localidades,Em pleno dia,Com marcas - separadoras de sentido de trânsito,Colisão com outras situações,NÃO DEFINIDO,Inexistentes,NÃO DEFINIDO,NÃO DEFINIDO,Inexistentes,Betuminoso,Recta,Com inclinação,Berma pavimentada,Em plena via,Direita
2015931293,2015:01:18 19:10:00,01/18/00,01/01/00,01/01/00,Guarda Nacional Republicana,40.0,40.0,Domingo      ,"41,305412","-8,363230",0,0,1,Auto-estrada,Húmido,Braga,Barcelos,Barcelinhos,Barcelinhos,,A  - Auto-Estrada,A11,Em estado regular,12.61,Bom tempo,Sentido único,Fora da intersecção,Fora das localidades,"Noite, com iluminação",Com marcas - separadoras de sentido e de vias de trânsito,Despiste com dispositivo de retenção,NÃO DEFINIDO,Inexistentes,No sentido crescente da quilometragem,NÃO DEFINIDO,Inexistentes,Betuminoso,Curva,Com inclinação,Berma pavimentada,Em plena via,Direita
2011517900,2011:01:12 13:05:00,01/12/00,01/01/00,01/01/00,Guarda Nacional Republicana,50.0,50.0,Quarta-Feira ,"41,221294","-8,241999",0,0,1,Estrada sem separador,Seco e limpo,Porto,Penafiel,Croca,CROCA,,EN - Estrada Nacional,EN15,Em bom estado,35.7,Bom tempo,Dois sentidos,NÃO DEFINIDO,Dentro das localidades,Em pleno dia,Com marcas - separadoras de sentido de trânsito,Colisão traseira com outro veículo em movimento,NÃO DEFINIDO,Inexistentes,NÃO DEFINIDO,NÃO DEFINIDO,Inexistentes,Betuminoso,Recta,Em patamar,Berma pavimentada,Em plena via,Direita
20191657515,2019:01:21 18:35:00,01/21/00,01/01/00,01/01/00,Polícia de Segurança Pública,50.0,50.0,Segunda-Feira,"0,0","0,0",0,0,1,Outra via,Seco e limpo,Santarém,Santarem,"União das freguesias de Santarém (Marvila), Santa Iria da Ribeira de Santarém, Santarém (São Salvador) e Santarém (São Nicolau)",Santarém,,EN - Estrada Nacional,EN3,Em bom estado,"35,7",Bom tempo,Dois sentidos,Em cruzamento,Dentro das localidades,"Noite, com iluminação",Com marcas - separadoras de sentido e de vias de trânsito,Colisão lateral com outro veículo em movimento,NÃO DEFINIDO,Inexistentes,NÃO DEFINIDO,Stop,Inexistentes,Betuminoso,Recta,Em patamar,Berma pavimentada,Em plena via,Direita
2015894128,2015:01:31 10:40:00,01/31/00,01/01/00,01/01/00,Polícia de Segurança Pública,50.0,50.0,Sábado       ,"41,50233","-8,351090",0,0,1,Estrada sem separador,Molhado,Braga,Braga,União das freguesias de Lomar e Arcos,,,EN - Estrada Nacional,EN309,Em estado regular,33.0,Chuva,Dois sentidos,Fora da intersecção,Dentro das localidades,Em pleno dia,Com marcas - separadoras de sentido de trânsito,Despiste com transposição do dispositivo de retenção lateral,NÃO DEFINIDO,Inexistentes,NÃO DEFINIDO,NÃO DEFINIDO,Inexistentes,Betuminoso,Curva,Em patamar,Sem berma ou impraticável,Em plena via,Direita
20181347339,2018:01:13 18:00:00,01/13/00,01/01/00,01/01/00,Polícia de Segurança Pública,50.0,50.0,Sábado       ,"41,201865","-8,686196",0,0,1,Estrada sem separador,Molhado,Porto,Matosinhos,União das freguesias de Matosinhos e Leça da Palmeira,Matosinhos,Rua Gonçalves Zarco                                                                                 ,Arruamento,0,Em estado regular,,Chuva,Dois sentidos,Em entroncamento,Dentro das localidades,Aurora ou crepúsculo,Sem marcas rodoviárias ou pouco visíveis,Despiste com colisão com veículo imobil. ou obstáculo,NÃO DEFINIDO,Inexistentes,NÃO DEFINIDO,Outros,Inexistentes,Calçada,Curva,Em patamar,Sem berma ou impraticável,Em plena via,Direita
2011522093,2011:01:27 13:50:00,01/27/00,01/01/00,01/01/00,Guarda Nacional Republicana,50.0,50.0,Quinta-Feira ,"39,07228","9,15734",0,0,1,Estrada sem separador,Molhado,Lisboa,Torres Vedras,Torres V (Sta Maria do Castelo S Mi,VAL DA AZENHA,,EN - Estrada Nacional,EN8-2,Em bom estado,2.0,Chuva,Dois sentidos,NÃO DEFINIDO,Dentro das localidades,Em pleno dia,Com marcas - separadoras de sentido de trânsito,Colisão frontal,NÃO DEFINIDO,Inexistentes,NÃO DEFINIDO,NÃO DEFINIDO,Inexistentes,Betuminoso,Curva,Em patamar,Sem berma ou impraticável,Em plena via,Direita
20161015196,2016:01:07 19:15:00,01/07/00,01/01/00,01/01/00,Polícia de Segurança Pública,50.0,50.0,Quinta-Feira ,"38,739637","-9,151729",0,0,3,Estrada sem separador,Molhado,Lisboa,Lisboa,Avenidas Novas,,Avenida Berna                                                                                       ,Arruamento,0,Em estado regular,,Chuva,Dois sentidos,Fora da intersecção,Dentro das localidades,"Noite, com iluminação",Com marcas - separadoras de sentido e de vias de trânsito,Atropelamento de peões,NÃO DEFINIDO,Inexistentes,NÃO DEFINIDO,NÃO DEFINIDO,A funcionar normalmente,Betuminoso,Recta,Em Lomba,Sem berma ou impraticável,Em plena via,Esquerda
20181369937,2018:01:28 14:40:00,01/28/00,01/01/00,01/01/00,Guarda Nacional Republicana,50.0,50.0,Domingo      ,"41,352013","-8,212337",0,0,1,Estrada sem separador,Seco e limpo,Porto,Felgueiras,"União das freguesias de Margaride (Santa Eulália), Várzea, Lagares, Varziela e Moure",Várzea,Rua Tenente Coronel antónio emídio Moreira Peixoto - Varziela,Arruamento,0,Em estado regular,,Bom tempo,Dois sentidos,Fora da intersecção,Dentro das localidades,Em pleno dia,Com marcas - separadoras de sentido de trânsito,Colisão lateral com outro veículo em movimento,NÃO DEFINIDO,Inexistentes,NÃO DEFINIDO,Stop,Inexistentes,Betão de cimento,Curva,Em patamar,Berma pavimentada,Em plena via,Direita
20161115420,2016:01:29 11:15:00,01/29/00,01/01/00,01/01/00,Guarda Nacional Republicana,50.0,50.0,Sexta-Feira  ,"41,253516","-8,321427",0,0,1,Estrada sem separador,Seco e limpo,Braga,Vila Nova de Famalicao,Louro,LOURO,,EN - Estrada Nacional,EN204,Em bom estado,"32,242",Bom tempo,Dois sentidos,Fora da intersecção,Fora das localidades,Em pleno dia,Com marcas - separadoras de sentido de trânsito,Colisão traseira com outro veículo em movimento,NÃO DEFINIDO,Inexistentes,NÃO DEFINIDO,Outros,Inexistentes,Betuminoso,Recta,Com inclinação,Berma não pavimentada,Em plena via,Direita
20191683080,2019:01:10 19:00:00,01/10/00,01/01/00,01/01/00,Guarda Nacional Republicana,50.0,50.0,Quinta-Feira ,"40,963500","-8,537707",0,0,1,Estrada sem separador,Seco e limpo,Aveiro,Santa Maria da Feira,São João de Ver,São joão de Ver,Rua do Areal,Arruamento,0,Em bom estado,,Bom tempo,Dois sentidos,Fora da intersecção,Dentro das localidades,"Noite, com iluminação",Com marcas - separadoras de sentido e de vias de trânsito,Despiste simples,NÃO DEFINIDO,Inexistentes,NÃO DEFINIDO,NÃO DEFINIDO,Inexistentes,Betuminoso,Curva,Em patamar,Berma pavimentada,No passeio,Direita
20161115707,2016:01:30 20:30:00,01/30/00,01/01/00,01/01/00,Guarda Nacional Republicana,50.0,50.0,Sábado       ,"41,015991","-8,333082",0,1,0,Estrada sem separador,Molhado,Porto,Vila Nova de Gaia,União das freguesias de Grijó e Sermonde,VENDAS DE GRIJO,,EN - Estrada Nacional,EN1,Em estado regular,"290,377",Chuva,Dois sentidos,Fora da intersecção,Dentro das localidades,"Noite, com iluminação",Com marcas - separadoras de sentido de trânsito,Atropelamento de peões,NÃO DEFINIDO,Inexistentes,NÃO DEFINIDO,Outros,Inexistentes,Betuminoso,Recta,Em patamar,Berma pavimentada,Em plena via,Direita
2015933172,2015:01:13 13:00:00,01/13/00,01/01/00,01/01/00,Guarda Nacional Republicana,50.0,50.0,Terça-Feira  ,"37,008344","-8,002708",0,0,1,Estrada sem separador,Com gravilha ou areia,Faro,Faro,Montenegro,Praia de Faro,Avª Poente,Arruamento,0,Em mau estado,,Bom tempo,Reversível,Fora da intersecção,Dentro das localidades,Em pleno dia,Sem marcas rodoviárias ou pouco visíveis,Atropelamento de peões,NÃO DEFINIDO,Inexistentes,NÃO DEFINIDO,Outros,Inexistentes,Betão de cimento,Recta,Em patamar,Berma não pavimentada,Em plena via,Direita
20191657505,2019:01:11 06:00:00,01/11/00,01/01/00,01/01/00,Polícia de Segurança Pública,50.0,50.0,Sexta-Feira  ,"38,523670","-8,839568",0,0,1,Estrada sem separador,Seco e limpo,Setúbal,Setubal,Setúbal (São Sebastião),Setúbal,Estrada Santas                                                                                      ,Arruamento,0,Em estado regular,,Bom tempo,Dois sentidos,Em cruzamento,Dentro das localidades,Aurora ou crepúsculo,Sem marcas rodoviárias ou pouco visíveis,Despiste com colisão com veículo imobil. ou obstáculo,NÃO DEFINIDO,Inexistentes,NÃO DEFINIDO,Outros,A funcionar normalmente,Betuminoso,Recta,Em patamar,Berma não pavimentada,Em plena via,Direita
2011516174,2011:01:13 10:25:00,01/13/00,01/01/00,01/01/00,Guarda Nacional Republicana,90.0,90.0,Quinta-Feira ,"39,779966","-8,104422",0,1,1,Estrada sem separador,Seco e limpo,Castelo Branco,Serta,Sertã,JUNCEIRA,,EN - Estrada Nacional,EN2,Em bom estado,349.46,Bom tempo,Dois sentidos,Em cruzamento,Fora das localidades,Em pleno dia,Com marcas - separadoras de sentido de trânsito,Colisão lateral com outro veículo em movimento,NÃO DEFINIDO,Inexistentes,NÃO DEFINIDO,Stop,Inexistentes,Betuminoso,Recta,Em patamar,Berma pavimentada,Em plena via,Direita
20171239623,2017:01:30 12:10:00,01/30/00,01/01/00,01/01/00,Guarda Nacional Republicana,50.0,50.0,Segunda-Feira,"39,615173","-8,824992",0,0,1,Estrada sem separador,Molhado,Leiria,Porto de Mos,Porto de Mós - São João Baptista e São Pedro,VALBOM,,EN - Estrada Nacional,EN362,Em estado regular,"4,9",Chuva,Dois sentidos,Fora da intersecção,Dentro das localidades,Em pleno dia,Com marcas - separadoras de sentido de trânsito,Despiste simples,NÃO DEFINIDO,Inexistentes,NÃO DEFINIDO,NÃO DEFINIDO,Inexistentes,Betuminoso,Recta,Em patamar,Berma pavimentada,Em plena via,Direita
20161114798,2016:01:25 23:22:00,01/25/00,01/01/00,01/01/00,Guarda Nacional Republicana,90.0,90.0,Segunda-Feira,"38,545018","-9,142840",0,0,1,Estrada sem separador,Molhado,Lisboa,Mafra,União das freguesias de Venda do Pinheiro e Santo Estêvão das Galés,ROGEL,,EM - Estrada Municipal,0,Em bom estado,"0,1",Bom tempo,Dois sentidos,Fora da intersecção,Fora das localidades,"Noite, sem iluminação",Sem marcas rodoviárias ou pouco visíveis,Despiste simples,NÃO DEFINIDO,Inexistentes,NÃO DEFINIDO,NÃO DEFINIDO,Inexistentes,Betuminoso,Curva,Em patamar,Berma não pavimentada,Em plena via,Direita
2010427151,2010:01:15 14:15:00,01/15/00,01/01/00,01/01/00,Polícia de Segurança Pública,50.0,50.0,Sexta-Feira  ,"0,00","0,00",0,0,1,Outra via,Seco e limpo,Porto,Porto,Ramalde,,Estrada da Circunvalação,Arruamento,0,Em bom estado,,Chuva,Sentido único,Fora da intersecção,Dentro das localidades,Em pleno dia,Com marcas - separadoras de sentido e de vias de trânsito,Colisão traseira com outro veículo em movimento,NÃO DEFINIDO,Inexistentes,No sentido crescente da quilometragem,Outros,A funcionar normalmente,Betuminoso,Recta,Em patamar,Berma pavimentada,Em plena via,Direita
2010441935,2010:01:20 12:45:00,01/20/00,01/01/00,01/01/00,Guarda Nacional Republicana,50.0,50.0,Quarta-Feira ,,,0,0,1,Estrada sem separador,Seco e limpo,Braga,Vila Nova de Famalicao,Fradelos,,R DE VALDESSOS,Arruamento,0,Em bom estado,,Bom tempo,Dois sentidos,Em entroncamento,Dentro das localidades,Em pleno dia,Sem marcas rodoviárias ou pouco visíveis,Colisão frontal,NÃO DEFINIDO,Inexistentes,NÃO DEFINIDO,Stop,Inexistentes,Betuminoso,Curva,Com inclinação,Sem berma ou impraticável,Em plena via,Direita
2013658302,2013:01:05 04:30:00,01/05/00,01/01/00,01/01/00,Polícia de Segurança Pública,50.0,50.0,Sábado       ,"0,00","0,00",0,0,1,Estrada sem separador,Húmido,Lisboa,Vila Franca de Xira,Vila Franca de Xira,,Rua 16 de Março,Arruamento,0,Em estado regular,,Bom tempo,Sentido único,NÃO DEFINIDO,Dentro das localidades,"Noite, com iluminação",Sem marcas rodoviárias ou pouco visíveis,Despiste com colisão com veículo imobil. ou obstáculo,NÃO DEFINIDO,Inexistentes,NÃO DEFINIDO,NÃO DEFINIDO,Inexistentes,Betuminoso,Recta,Com inclinação,Berma pavimentada,Em plena via,Direita
20191682852,2019:01:10 18:30:00,01/10/00,01/01/00,01/01/00,Guarda Nacional Republicana,50.0,50.0,Quinta-Feira ,"37,127180","-8,156555",0,0,1,Outra via,Seco e limpo,Faro,Loule,Boliqueime,Boliqueime,,EN - Estrada Nacional,EN125,Em estado regular,79,Vento Forte,Dois sentidos,Fora da intersecção,Fora das localidades,"Noite, com iluminação",Com marcas - separadoras de sentido de trânsito,Colisão frontal,NÃO DEFINIDO,Inexistentes,No sentido crescente da quilometragem,NÃO DEFINIDO,Inexistentes,Betuminoso,Recta,Com inclinação,Berma não pavimentada,Em plena via,Direita
20181346284,2018:01:02 18:15:00,01/02/00,01/01/00,01/01/00,Polícia de Segurança Pública,50.0,50.0,Terça-Feira  ,"38,730696","-9,221008",0,0,1,Outra via,Seco e limpo,Lisboa,Amadora,Alfragide,Amadora,,EN - Estrada Nacional,EN117,Em estado regular,,Bom tempo,Dois sentidos,Fora da intersecção,Dentro das localidades,"Noite, com iluminação",Com marcas - separadoras de sentido e de vias de trânsito,Colisão traseira com outro veículo em movimento,NÃO DEFINIDO,Inexistentes,No sentido decrescente da quilometragem,Outros,Inexistentes,Betuminoso,Recta,Com inclinação,Berma pavimentada,Em plena via,Direita
2015889629,2015:01:26 16:00:00,01/26/00,01/01/00,01/01/00,Polícia de Segurança Pública,50.0,50.0,Segunda-Feira,"38,748262","-9,171471",0,0,1,Outra via,Seco e limpo,Lisboa,Lisboa,São Domingos de Benfica,,Estrada da Luz,Arruamento,0,Em bom estado,,Bom tempo,Dois sentidos,NÃO DEFINIDO,Dentro das localidades,Em pleno dia,Com marcas - separadoras de sentido e de vias de trânsito,Colisão com outras situações,NÃO DEFINIDO,Inexistentes,No sentido crescente da quilometragem,Outros,Inexistentes,Betuminoso,Recta,Em patamar,Sem berma ou impraticável,Em plena via,Direita
20161024545,2016:01:29 10:56:00,01/29/00,01/01/00,01/01/00,Polícia de Segurança Pública,50.0,50.0,Sexta-Feira  ,"41,542257","-8,425180",0,1,0,Estrada sem separador,Seco e limpo,Braga,Braga,União das freguesias de Braga (São José de São Lázaro e São João do Souto),,Rua Conselheiro Lobato                                                                              ,Arruamento,0,Em bom estado,,Bom tempo,Sentido único,Em entroncamento,Dentro das localidades,Em pleno dia,Com marcas - separadoras de sentido e de vias de trânsito,Atropelamento de peões,NÃO DEFINIDO,Inexistentes,NÃO DEFINIDO,NÃO DEFINIDO,Inexistentes,Betuminoso,Curva,Em patamar,Sem berma ou impraticável,Em plena via,Esquerda
2011516322,2011:01:18 17:30:00,01/18/00,01/01/00,01/01/00,Guarda Nacional Republicana,50.0,50.0,Terça-Feira  ,,,0,0,2,Estrada sem separador,Molhado,Porto,Povoa de Varzim,Laundos,LAUNDOS,R 10 DE DEZEMBRO,Arruamento,0,Em bom estado,,Chuva,Dois sentidos,Em entroncamento,Dentro das localidades,"Noite, sem iluminação",Com marcas - separadoras de sentido e de vias de trânsito,Colisão frontal,NÃO DEFINIDO,Inexistentes,NÃO DEFINIDO,NÃO DEFINIDO,Inexistentes,Betuminoso,Recta,Em patamar,Sem berma ou impraticável,Em plena via,Direita