Id. Acidente,Datahora,Dia,Mês,Hora,Entidades Fiscalizadoras,Velocidade local,Velocidade geral,Dia da Semana,Latitude GPS,Longitude GPS,Num. Mortos a 30 dias,Num. Feridos graves a 30 dias,Num. Feridos ligeiros a 30 dias,Características Tecnicas1,Cond Aderência,Distrito,Concelho,Freguesia,Pov. Proxima,Nome arruamento,Tipos Vias,Cod Via,Estado Conservação,Km,Factores Atmosféricos,Reg Circulação1,Intersecção Vias,Localizações,Luminosidade,Marca Via,Natureza,Obras Arte,Obstáculos,Sentidos,Sinais,Sinais Luminosos,Tipo Piso,Traçado 1,Traçado 2,Traçado 3,Traçado 4,Via Trânsito
2011503804,2011:01:04 05:15:00,01/04/00,01/01/00,01/01/00,Polícia de Segurança Pública,50.0,50.0,Terça-Feira  ,"0,00","0,00",0,0,1,Estrada sem separador,Seco e limpo,Vila Real,Vila Real,Lordelo,,Avª da Noruega,Arruamento,0,Em bom estado,,Chuva,Dois sentidos,Fora da intersecção,Dentro das localidades,"Noite, com iluminação",Com marcas - separadoras de sentido e de vias de trânsito,Despiste com capotamento,Viaduto/Ponte,Inexistentes,NÃO DEFINIDO,NÃO DEFINIDO,Inexistentes,Betuminoso,Recta,Com inclinação,Berma pavimentada,Em plena via,Direita
20171238965,2017:01:27 16:00:00,01/27/00,01/01/00,01/01/00,Guarda Nacional Republicana,50.0,50.0,Sexta-Feira  ,"38,176913","-8,571160",0,0,2,Estrada sem separador,Húmido,Setúbal,Grandola,União das freguesias de Grândola e Santa Margarida da Serra,GRANDOLA,Rua Dr. Jose Barradas,Arruamento,0,Em estado regular,,Bom tempo,Dois sentidos,Fora da intersecção,Dentro das localidades,Em pleno dia,Sem marcas rodoviárias ou pouco visíveis,Despiste simples,NÃO DEFINIDO,Inexistentes,NÃO DEFINIDO,Outros,Inexistentes,Betuminoso,Recta,Em patamar,Berma pavimentada,No passeio,Direita
20171187376,2017:01:26 07:55:00,01/26/00,01/01/00,01/01/00,Polícia de Segurança Pública,50.0,50.0,Quinta-Feira ,"38,717968","-9,180731",0,0,1,Estrada sem separador,Molhado,Lisboa,Lisboa,Alcântara,,Estrada Clube de Tenis,Arruamento,0,Em estado regular,,Chuva,Dois sentidos,Fora da intersecção,Dentro das localidades,Aurora ou crepúsculo,Sem marcas rodoviárias ou pouco visíveis,Atropelamento de peões,NÃO DEFINIDO,Inexistentes,NÃO DEFINIDO,NÃO DEFINIDO,Inexistentes,Betuminoso,Recta,Em patamar,Berma pavimentada,Em plena via,Direita
20161020687,2016:01:21 15:29:00,01/21/00,01/01/00,01/01/00,Polícia de Segurança Pública,50.0,50.0,Quinta-Feira ,"38,738238","-9,154649",0,0,1,Outra via,Molhado,Lisboa,Lisboa,Avenidas Novas,,Avenida Berna                                                                                       ,Arruamento,0,Em estado regular,,Chuva,Sentido único,Em entroncamento,Dentro das localidades,Em pleno dia,Com marcas - separadoras de sentido e de vias de trânsito,Atropelamento de peões,NÃO DEFINIDO,Inexistentes,NÃO DEFINIDO,NÃO DEFINIDO,A funcionar normalmente,Betuminoso,Recta,Em patamar,Sem berma ou impraticável,Em plena via,Direita
20171234474,2017:01:04 18:15:00,01/04/00,01/01/00,01/01/00,Guarda Nacional Republicana,50.0,50.0,Quarta-Feira ,"41,173415","-8,305730",0,0,2,Estrada sem separador,Seco e limpo,Porto,Penafiel,Rãs,Ribeira,,EN - Estrada Nacional,EN106,Em bom estado,"30,1",Bom tempo,Sentido único,Fora da intersecção,Dentro das localidades,Em pleno dia,Sem marcas rodoviárias ou pouco visíveis,Colisão frontal,NÃO DEFINIDO,Inexistentes,NÃO DEFINIDO,NÃO DEFINIDO,Inexistentes,Betuminoso,Recta,Em patamar,Sem berma ou impraticável,Em plena via,Direita
2015930358,2015:01:08 14:45:00,01/08/00,01/01/00,01/01/00,Guarda Nacional Republicana,50.0,50.0,Quinta-Feira ,"41,119579","-8,102241",0,0,1,Estrada sem separador,Seco e limpo,Porto,Marco de Canaveses,Sobretâmega,,Rua de São Pedro,Arruamento,0,Em estado regular,,Bom tempo,Dois sentidos,Fora da intersecção,Dentro das localidades,Em pleno dia,Com marcas - separadoras de sentido de trânsito,Colisão lateral com outro veículo em movimento,NÃO DEFINIDO,Inexistentes,NÃO DEFINIDO,Outros,Inexistentes,Betuminoso,Recta,Com inclinação,Sem berma ou impraticável,Em plena via,Direita
2011517266,2011:01:28 09:10:00,01/28/00,01/01/00,01/01/00,Polícia de Segurança Pública,70.0,70.0,Sexta-Feira  ,"0,00","0,00",0,0,1,Outra via,Seco e limpo,Lisboa,Loures,Camarate,Camarate,,IC - Itinerário Complementar,IC17,Em bom estado,,Bom tempo,Dois sentidos,Fora da intersecção,Fora das localidades,Em pleno dia,Com marcas - separadoras de sentido e de vias de trânsito,Despiste com dispositivo de retenção,NÃO DEFINIDO,Inexistentes,No sentido decrescente da quilometragem,Outros,Inexistentes,Betuminoso,Curva,Com inclinação,Berma pavimentada,Na berma,Esquerda
2011519282,2011:01:25 08:30:00,01/25/00,01/01/00,01/01/00,Guarda Nacional Republicana,90.0,90.0,Terça-Feira  ,,,0,0,3,Estrada sem separador,Seco e limpo,Bragança,Mirandela,Múrias,MURIAS,,EM - Estrada Municipal,EM206-1,Em bom estado,9.5,Bom tempo,Dois sentidos,Fora da intersecção,Fora das localidades,Em pleno dia,Com marcas - separadoras de sentido de trânsito,Colisão frontal,NÃO DEFINIDO,Inexistentes,NÃO DEFINIDO,Outros,Inexistentes,Betuminoso,Recta,Com inclinação,Sem berma ou impraticável,Em plena via,Direita
20181367192,2018:01:15 15:00:00,01/15/00,01/01/00,01/01/00,Guarda Nacional Republicana,50.0,50.0,Segunda-Feira,"37,100948","-8,237661",0,0,1,Estrada sem separador,Seco e limpo,Faro,Albufeira,Albufeira e Olhos de Água,Albufeira,Av. da corrieira,Arruamento,0,Em bom estado,,Bom tempo,Dois sentidos,Fora da intersecção,Dentro das localidades,Em pleno dia,Sem marcas rodoviárias ou pouco visíveis,Despiste simples,NÃO DEFINIDO,Inexistentes,NÃO DEFINIDO,NÃO DEFINIDO,Inexistentes,Betuminoso,Recta,Com inclinação,Berma pavimentada,Em plena via,Direita
2014756198,2014:01:03 20:40:00,01/03/00,01/01/00,01/01/00,Polícia de Segurança Pública,50.0,50.0,Sexta-Feira  ,"41,181409","-8,574713",0,0,1,Estrada sem separador,Seco e limpo,Porto,Gondomar,Rio Tinto,Rio Tinto,Rua Alvarinhas                                                                                      ,Arruamento,0,Em estado regular,,Bom tempo,Dois sentidos,Fora da intersecção,Dentro das localidades,"Noite, com iluminação",Sem marcas rodoviárias ou pouco visíveis,Colisão com outras situações,NÃO DEFINIDO,Inexistentes,NÃO DEFINIDO,NÃO DEFINIDO,Inexistentes,Betuminoso,Recta,Com inclinação,Berma pavimentada,Em plena via,Direita
2011516474,2011:01:28 10:00:00,01/28/00,01/01/00,01/01/00,Guarda Nacional Republicana,50.0,50.0,Sexta-Feira  ,,,0,0,1,NÃO DEFINIDO,Molhado,Lisboa,Vila Franca de Xira,Vialonga,VIALONGA,ESTRADA DA ALFARROBEIRA,Arruamento,0,Em estado regular,,Bom tempo,Dois sentidos,NÃO DEFINIDO,Dentro das localidades,Em pleno dia,Sem marcas rodoviárias ou pouco visíveis,Colisão lateral com outro veículo em movimento,NÃO DEFINIDO,Inexistentes,NÃO DEFINIDO,NÃO DEFINIDO,Inexistentes,Betuminoso,Recta,NÃO DEFINIDO,NÃO DEFINIDO,Em plena via,NÃO DEFINIDO
2010437386,2010:01:04 16:45:00,01/04/00,01/01/00,01/01/00,Guarda Nacional Republicana,120.0,120.0,Segunda-Feira,"39,252196","-8,738300",0,0,2,Auto-estrada,Molhado,Santarém,Santarem,Santarém (São Nicolau),S NICOLAU,,A  - Auto-Estrada,A1,Em bom estado,65.0,Chuva,Sentido único,Fora da intersecção,Fora das localidades,Em pleno dia,Com marcas - separadoras de sentido e de vias de trânsito,Despiste com capotamento,NÃO DEFINIDO,Inexistentes,No sentido decrescente da quilometragem,Outros,Inexistentes,Betuminoso,Recta,Com inclinação,Berma pavimentada,Na berma,Esquerda
20171187555,2017:01:31 15:00:00,01/31/00,01/01/00,01/01/00,Polícia de Segurança Pública,50.0,50.0,Terça-Feira  ,"38,782760","-9,122123",0,0,1,Outra via,Molhado,Lisboa,Lisboa,Santa Maria dos Olivais,,Avenida Doutor Alfredo Bensaúde                                                                     ,Arruamento,0,Em estado regular,,Chuva,Sentido único,Fora da intersecção,Dentro das localidades,Em pleno dia,Com marcas - separadoras de sentido e de vias de trânsito,Colisão lateral com outro veículo em movimento,Viaduto/Ponte,Inexistentes,No sentido crescente da quilometragem,NÃO DEFINIDO,Inexistentes,Betuminoso,Recta,Em patamar,Berma pavimentada,Em plena via,Central
2010442383,2010:01:20 12:00:00,01/20/00,01/01/00,01/01/00,Guarda Nacional Republicana,90.0,90.0,Quarta-Feira ,,,0,0,2,Estrada sem separador,Seco e limpo,Castelo Branco,Covilha,Ferro,FERRO,,EM - Estrada Municipal,EM507,Em mau estado,,Bom tempo,Dois sentidos,Fora da intersecção,Fora das localidades,Em pleno dia,Sem marcas rodoviárias ou pouco visíveis,Colisão frontal,NÃO DEFINIDO,Insuficentemente sinalizados,NÃO DEFINIDO,NÃO DEFINIDO,Inexistentes,Betuminoso,Curva,Em patamar,Sem berma ou impraticável,Em plena via,Direita
2010442770,2010:01:08 06:00:00,01/08/00,01/01/00,01/01/00,Guarda Nacional Republicana,90.0,90.0,Sexta-Feira  ,"38,205490","-8,580479",0,0,2,Estrada sem separador,Seco e limpo,Setúbal,Grandola,Grândola,GRANDOLA,,IC - Itinerário Complementar,IC33,Em bom estado,47.245,Bom tempo,Dois sentidos,Fora da intersecção,Fora das localidades,"Noite, sem iluminação",Com marcas - separadoras de sentido de trânsito,Colisão lateral com outro veículo em movimento,NÃO DEFINIDO,Inexistentes,NÃO DEFINIDO,NÃO DEFINIDO,Inexistentes,Betuminoso,Curva,Em patamar,Berma pavimentada,Em plena via,Direita
20161014734,2016:01:08 17:00:00,01/08/00,01/01/00,01/01/00,Polícia de Segurança Pública,50.0,50.0,Sexta-Feira  ,"38,743671","-9,145751",0,0,1,Estrada sem separador,Molhado,Lisboa,Lisboa,Avenidas Novas,Lisboa,Campo Pequeno                                                                                       ,Arruamento,0,Em bom estado,,Chuva,Dois sentidos,Em entroncamento,Dentro das localidades,Em pleno dia,Com marcas - separadoras de sentido e de vias de trânsito,Atropelamento com fuga,NÃO DEFINIDO,Inexistentes,NÃO DEFINIDO,Passagem de peões,Inexistentes,Betuminoso,Recta,Em patamar,Berma pavimentada,Em plena via,Direita
20171239928,2017:01:31 16:50:00,01/31/00,01/01/00,01/01/00,Guarda Nacional Republicana,50.0,50.0,Terça-Feira  ,"40,618453","-8,750898",0,0,2,Estrada sem separador,Seco e limpo,Aveiro,Ilhavo,Gafanha da Encarnação,COSTA NOVA DO PRADO,avenida nossa senhora da saude,Arruamento,0,Em estado regular,,Bom tempo,Dois sentidos,Em cruzamento,Dentro das localidades,Em pleno dia,Sem marcas rodoviárias ou pouco visíveis,Colisão com outras situações,NÃO DEFINIDO,Inexistentes,NÃO DEFINIDO,Stop,Inexistentes,Betuminoso,Recta,Em patamar,Berma pavimentada,Em plena via,Direita
20161109831,2016:01:02 18:00:00,01/02/00,01/01/00,01/01/00,Guarda Nacional Republicana,90.0,90.0,Sábado       ,"39,328390","-8,211490",0,0,2,Estrada sem separador,Seco e limpo,Santarém,Tomar,São Pedro de Tomar,ERVIDEIRAS,,EN - Estrada Nacional,EN358,Em estado regular,19,Bom tempo,Dois sentidos,Fora da intersecção,Fora das localidades,"Noite, sem iluminação",Com marcas - separadoras de sentido de trânsito,Colisão traseira com outro veículo em movimento,NÃO DEFINIDO,Inexistentes,NÃO DEFINIDO,Outros,Inexistentes,Betuminoso,Recta,Em patamar,Sem berma ou impraticável,Em plena via,Direita
2011519494,2011:01:04 18:16:00,01/04/00,01/01/00,01/01/00,Guarda Nacional Republicana,50.0,50.0,Terça-Feira  ,,,0,0,1,Estrada sem separador,Molhado,Santarém,Tomar,São Pedro de Tomar,BAIRRADA - S PEDRO,R S PEDRO - BAIRRADA,Arruamento,0,Em bom estado,,Chuva,Dois sentidos,NÃO DEFINIDO,Dentro das localidades,"Noite, com iluminação",Com marcas - separadoras de sentido de trânsito,Atropelamento com fuga,NÃO DEFINIDO,Inexistentes,NÃO DEFINIDO,Passagem de peões,Inexistentes,Betuminoso,Recta,Em patamar,Berma pavimentada,Na berma,Direita
2014791392,2014:01:28 12:00:00,01/28/00,01/01/00,01/01/00,Guarda Nacional Republicana,50.0,50.0,Terça-Feira  ,"41,204592","-8,422031",0,0,1,NÃO DEFINIDO,Húmido,Porto,Vila do Conde,Árvore,Arvore,,EN - Estrada Nacional,EN104,Em bom estado,2.83,Chuva,Dois sentidos,Em entroncamento,Dentro das localidades,Em pleno dia,Com marcas - separadoras de sentido de trânsito,Colisão traseira com outro veículo em movimento,NÃO DEFINIDO,Inexistentes,NÃO DEFINIDO,Passagem de peões,Inexistentes,Betuminoso,Recta,Em patamar,Sem berma ou impraticável,Em plena via,Direita
20181364456,2018:01:02 15:45:00,01/02/00,01/01/00,01/01/00,Guarda Nacional Republicana,50.0,50.0,Terça-Feira  ,"39,529065","-9,099452",0,0,1,Outra via,Seco e limpo,Leiria,Alcobaca,São Martinho do Porto,São Martinho do Porto,,EN - Estrada Nacional,EN242,Em bom estado,"9,4",Bom tempo,Dois sentidos,Fora da intersecção,Fora das localidades,Em pleno dia,Com marcas - separadoras de sentido de trânsito,Colisão com veiculo ou obstáculo na faixa de rodagem,NÃO DEFINIDO,Inexistentes,No sentido crescente da quilometragem,NÃO DEFINIDO,Inexistentes,Betuminoso,Recta,Em patamar,Berma pavimentada,Na berma,Direita
20161115197,2016:01:28 09:00:00,01/28/00,01/01/00,01/01/00,Guarda Nacional Republicana,50.0,50.0,Quinta-Feira ,"41,147083","-8,391023",0,0,1,Estrada sem separador,Húmido,Porto,Paredes,Paredes,AV. s. PEDRO - SOBREIRA - PAREDES,AV. S. PEDRO - SOBREIRA - PAREDES,Arruamento,0,Em bom estado,,Bom tempo,Dois sentidos,Fora da intersecção,Dentro das localidades,Em pleno dia,Com marcas - separadoras de sentido de trânsito,Despiste simples,NÃO DEFINIDO,Inexistentes,NÃO DEFINIDO,NÃO DEFINIDO,Inexistentes,Betuminoso,Recta,Em patamar,Berma pavimentada,Na berma,Direita
20181348109,2018:01:16 13:45:00,01/16/00,01/01/00,01/01/00,Polícia de Segurança Pública,50.0,50.0,Terça-Feira  ,"41,154206","-8,648420",0,0,2,Estrada sem separador,Molhado,Porto,Porto,União das freguesias de Lordelo do Ouro e Massarelos,Porto,Rua Diogo Botelho                                                                                   ,Arruamento,0,Em bom estado,,Chuva,Dois sentidos,Em cruzamento,Dentro das localidades,Em pleno dia,Com marcas - separadoras de sentido e de vias de trânsito,Colisão frontal,NÃO DEFINIDO,Inexistentes,NÃO DEFINIDO,Outros,A funcionar normalmente,Betuminoso,Recta,Em patamar,Berma pavimentada,Em plena via,Esquerda
2014793027,2014:01:18 06:45:00,01/18/00,01/01/00,01/01/00,Guarda Nacional Republicana,50.0,50.0,Sábado       ,"39,508800","-8,499150",0,0,1,Estrada sem separador,Molhado,Leiria,Leiria,União das freguesias de Souto da Carpalhosa e Ortigosa,Souto de Carpalhosa,Rua Emídio Oliveira Faria,Arruamento,0,Em estado regular,,Chuva,Dois sentidos,Fora da intersecção,Dentro das localidades,"Noite, com iluminação",Com marcas - separadoras de sentido e de vias de trânsito,Despiste simples,NÃO DEFINIDO,Inexistentes,NÃO DEFINIDO,NÃO DEFINIDO,Inexistentes,Betuminoso,Recta,Em patamar,Sem berma ou impraticável,Na berma,Direita
20191682484,2019:01:12 04:40:00,01/12/00,01/01/00,01/01/00,Guarda Nacional Republicana,50.0,50.0,Sábado       ,"41,298080","-8,309847",0,1,0,Estrada sem separador,Seco e limpo,Porto,Lousada,Sousela,Sousela,Estrada Santa Maria de Sousela 2007,Arruamento,0,Em estado regular,,Bom tempo,Dois sentidos,Em entroncamento,Dentro das localidades,"Noite, com iluminação",Com marcas - separadoras de sentido de trânsito,Despiste simples,NÃO DEFINIDO,Inexistentes,NÃO DEFINIDO,NÃO DEFINIDO,Inexistentes,Betuminoso,Curva,Em patamar,Berma pavimentada,Em plena via,Direita
20171235988,2017:01:12 17:05:00,01/12/00,01/01/00,01/01/00,Guarda Nacional Republicana,50.0,50.0,Quinta-Feira ,"40,572803","-8,649483",0,1,2,Estrada sem separador,Seco e limpo,Aveiro,Ilhavo,Ílhavo (São Salvador),VALE DE ILHAVO,Rua da Fonte,Arruamento,0,Em estado regular,,Bom tempo,Dois sentidos,Fora da intersecção,Dentro das localidades,Em pleno dia,Sem marcas rodoviárias ou pouco visíveis,Colisão frontal,NÃO DEFINIDO,Inexistentes,NÃO DEFINIDO,NÃO DEFINIDO,Inexistentes,Betuminoso,Recta,Em patamar,Sem berma ou impraticável,Em plena via,Direita
20161022898,2016:01:28 11:20:00,01/28/00,01/01/00,01/01/00,Polícia de Segurança Pública,50.0,50.0,Quinta-Feira ,"41,179219","-8,550504",0,0,1,Estrada sem separador,Húmido,Porto,Gondomar,Rio Tinto,Rio Tinto,Rua Perlinhas                                                                                       ,Arruamento,0,Em estado regular,,Bom tempo,Dois sentidos,Em cruzamento,Dentro das localidades,Em pleno dia,Sem marcas rodoviárias ou pouco visíveis,Colisão com outras situações,NÃO DEFINIDO,Inexistentes,NÃO DEFINIDO,Stop,Inexistentes,Betuminoso,Recta,Com inclinação,Berma pavimentada,Em plena via,Direita
20181366140,2018:01:10 14:10:00,01/10/00,01/01/00,01/01/00,Guarda Nacional Republicana,50.0,50.0,Quarta-Feira ,"41,272579","-8,429478",0,0,1,Estrada sem separador,Molhado,Porto,Pacos de Ferreira,Seroa,Seroa,Rua São Mamede,Arruamento,0,Em bom estado,,Bom tempo,Dois sentidos,Fora da intersecção,Dentro das localidades,Em pleno dia,Sem marcas rodoviárias ou pouco visíveis,Atropelamento de peões,NÃO DEFINIDO,Inexistentes,NÃO DEFINIDO,NÃO DEFINIDO,Inexistentes,Terra batida,Curva,Em patamar,Berma pavimentada,Em plena via,Direita
2012597964,2012:01:24 08:25:00,01/24/00,01/01/00,01/01/00,Guarda Nacional Republicana,50.0,90.0,Terça-Feira  ,"40,797836","-8,481217",0,0,1,Estrada sem separador,Seco e limpo,Aveiro,Oliveira de Azemeis,Pinheiro da Bemposta,PINHEIRO DA BEMPOSTA,,IC - Itinerário Complementar,IC2,Em bom estado,259.299,Bom tempo,Dois sentidos,Em cruzamento,Fora das localidades,Em pleno dia,Com marcas - separadoras de sentido e de vias de trânsito,Colisão lateral com outro veículo em movimento,NÃO DEFINIDO,Inexistentes,NÃO DEFINIDO,NÃO DEFINIDO,A funcionar normalmente,Betuminoso,Recta,Com inclinação,Berma pavimentada,Na berma,Direita
2014789732,2014:01:25 17:10:00,01/25/00,01/01/00,01/01/00,Guarda Nacional Republicana,50.0,50.0,Sábado       ,"38,365693","-9,117154",1,0,0,Estrada sem separador,Seco e limpo,Setúbal,Almada,Charneca de Caparica,Vale Cavala,Rua das Sardinheiras,Arruamento,0,Em mau estado,,Bom tempo,Dois sentidos,Fora da intersecção,Dentro das localidades,Em pleno dia,Sem marcas rodoviárias ou pouco visíveis,Despiste com colisão com veículo imobil. ou obstáculo,NÃO DEFINIDO,Inexistentes,NÃO DEFINIDO,Outros,Inexistentes,Betuminoso,Recta,Com inclinação,Sem berma ou impraticável,Em plena via,Direita
20191684570,2019:01:03 18:15:00,01/03/00,01/01/00,01/01/00,Guarda Nacional Republicana,120.0,120.0,Quinta-Feira ,"41,254700","-8,412211",0,0,1,Auto-estrada,Seco e limpo,Porto,Pacos de Ferreira,Frazão Arreigada,FRAZÃO.,,A  - Auto-Estrada,A42,Em estado regular,"7,175",Bom tempo,Sentido único,Fora da intersecção,Fora das localidades,"Noite, sem iluminação",Com marcas - separadoras de sentido e de vias de trânsito,Colisão traseira com outro veículo em movimento,NÃO DEFINIDO,Inexistentes,No sentido decrescente da quilometragem,NÃO DEFINIDO,Inexistentes,Betuminoso,Curva,Com inclinação,Berma pavimentada,Em plena via,Direita
2015930017,2015:01:22 09:30:00,01/22/00,01/01/00,01/01/00,Guarda Nacional Republicana,90.0,90.0,Quinta-Feira ,"38,118317","-7,140612",1,2,0,Estrada sem separador,Húmido,Beja,Moura,Amareleja,Amareleja,,EN - Estrada Nacional,EN385,Em bom estado,25.5,Vento Forte,Dois sentidos,Em entroncamento,Fora das localidades,Em pleno dia,Com marcas - separadoras de sentido de trânsito,Colisão lateral com outro veículo em movimento,NÃO DEFINIDO,Inexistentes,NÃO DEFINIDO,NÃO DEFINIDO,Inexistentes,Betuminoso,Recta,Com inclinação,Sem berma ou impraticável,Em plena via,Direita
20191681877,2019:01:15 18:52:00,01/15/00,01/01/00,01/01/00,Guarda Nacional Republicana,50.0,50.0,Terça-Feira  ,"39,309430","-9,124303",0,0,1,Estrada sem separador,Seco e limpo,Leiria,Bombarral,Carvalhal,Salgueiro,Rua Principal,Arruamento,0,Em estado regular,,Bom tempo,Dois sentidos,Fora da intersecção,Dentro das localidades,"Noite, sem iluminação",Sem marcas rodoviárias ou pouco visíveis,Colisão frontal,NÃO DEFINIDO,Inexistentes,NÃO DEFINIDO,NÃO DEFINIDO,Inexistentes,Betuminoso,Curva,Em patamar,Sem berma ou impraticável,Em plena via,Direita
2011505240,2011:01:15 19:30:00,01/15/00,01/01/00,01/01/00,Polícia de Segurança Pública,50.0,50.0,Sábado       ,"0,00","0,00",0,0,2,Estrada sem separador,Húmido,Porto,Gondomar,Gondomar (São Cosme),Gondomar,Av. General Humberto Delgado,Arruamento,0,Em estado regular,,Bom tempo,Dois sentidos,Em entroncamento,Dentro das localidades,"Noite, com iluminação",Sem marcas rodoviárias ou pouco visíveis,Colisão lateral com outro veículo em movimento,NÃO DEFINIDO,Inexistentes,NÃO DEFINIDO,NÃO DEFINIDO,Inexistentes,Betuminoso,Recta,Em patamar,Sem berma ou impraticável,Em plena via,Direita
20161113922,2016:01:21 15:56:00,01/21/00,01/01/00,01/01/00,Guarda Nacional Republicana,60.0,120.0,Quinta-Feira ,"41,298308","-7,479109",1,1,2,Auto-estrada,Molhado,Vila Real,Ribeira de Pena,União das freguesias de Ribeira de Pena (Salvador) e Santo Aleixo de Além-Tâmega,SANTA EULÁLIA,,A  - Auto-Estrada,A7,Em bom estado,"90,125",Nevoeiro,Sentido único,Fora da intersecção,Fora das localidades,Em pleno dia,Com marcas - separadoras de sentido e de vias de trânsito,Colisão lateral com outro veículo em movimento,NÃO DEFINIDO,Inexistentes,No sentido crescente da quilometragem,NÃO DEFINIDO,Inexistentes,Betuminoso,Recta,Em patamar,Berma pavimentada,Em plena via,Esquerda
20171235020,2017:01:07 13:05:00,01/07/00,01/01/00,01/01/00,Guarda Nacional Republicana,50.0,50.0,Sábado       ,"37,133023","-8,009032",0,0,2,Estrada sem separador,Seco e limpo,Faro,Loule,Loulé (São Clemente),LOULÉ,Rua Cabeço do Mestre,Arruamento,0,Em bom estado,,Bom tempo,Sentido único,Em rotunda,Dentro das localidades,Em pleno dia,Sem marcas rodoviárias ou pouco visíveis,Despiste simples,NÃO DEFINIDO,Inexistentes,NÃO DEFINIDO,Passagem de peões,Inexistentes,Betuminoso,Curva,Em patamar,Sem berma ou impraticável,No passeio,Direita
2013660058,2013:01:16 18:00:00,01/16/00,01/01/00,01/01/00,Polícia de Segurança Pública,80.0,80.0,Quarta-Feira ,"0,00","0,00",0,0,1,Estrada sem separador,Seco e limpo,Lisboa,Loures,Bobadela,,,IC - Itinerário Complementar,IC2,Em bom estado,8.0,Chuva,Sentido único,NÃO DEFINIDO,Dentro das localidades,"Noite, com iluminação",Com marcas - separadoras de sentido e de vias de trânsito,Colisão com veiculo ou obstáculo na faixa de rodagem,NÃO DEFINIDO,Inexistentes,NÃO DEFINIDO,Outros,Inexistentes,Betuminoso,Curva,Com inclinação,Berma não pavimentada,Em plena via,Direita
2013659644,2013:01:11 16:45:00,01/11/00,01/01/00,01/01/00,Polícia de Segurança Pública,50.0,50.0,Sexta-Feira  ,"0,00","0,00",0,1,1,Estrada sem separador,Molhado,Porto,Vila Nova de Gaia,Oliveira do Douro,Vila Nova de Gaia,Avenida Vasco da Gama,Arruamento,0,Em estado regular,,Chuva,Sentido único,Em rotunda,Dentro das localidades,"Noite, sem iluminação",Com marcas - separadoras de sentido de trânsito,Colisão lateral com outro veículo em movimento,NÃO DEFINIDO,Inexistentes,NÃO DEFINIDO,Cedência de passagem,Inexistentes,Betuminoso,Curva,Em patamar,Berma pavimentada,Em plena via,Direita
2010443097,2010:01:21 18:20:00,01/21/00,01/01/00,01/01/00,Guarda Nacional Republicana,80.0,80.0,Quinta-Feira ,"39,07243","9,18986",0,0,1,Estrada sem separador,Seco e limpo,Lisboa,Torres Vedras,Ponte do Rol,PALHAQUEIRAS,,EM - Estrada Municipal,EM1055,Em bom estado,,Bom tempo,Dois sentidos,Fora da intersecção,Fora das localidades,"Noite, sem iluminação",Sem marcas rodoviárias ou pouco visíveis,Despiste com colisão com veículo imobil. ou obstáculo,NÃO DEFINIDO,Inexistentes,NÃO DEFINIDO,NÃO DEFINIDO,Inexistentes,Betuminoso,Recta,Em patamar,Sem berma ou impraticável,Em plena via,Direita
2012595506,2012:01:14 07:50:00,01/14/00,01/01/00,01/01/00,Guarda Nacional Republicana,50.0,50.0,Sábado       ,"38,934101","-9,350742",0,0,1,Estrada sem separador,Seco e limpo,Lisboa,Mafra,Mafra,SOBREIRO,,EN - Estrada Nacional,EN116,Em bom estado,6.1,Bom tempo,Dois sentidos,Fora da intersecção,Dentro das localidades,Em pleno dia,Com marcas - separadoras de sentido de trânsito,Colisão com veiculo ou obstáculo na faixa de rodagem,NÃO DEFINIDO,Inexistentes,NÃO DEFINIDO,NÃO DEFINIDO,Inexistentes,Betuminoso,Recta,Em patamar,Berma não pavimentada,Em plena via,Direita
2010442579,2010:01:25 07:10:00,01/25/00,01/01/00,01/01/00,Guarda Nacional Republicana,50.0,90.0,Segunda-Feira,,,0,0,1,Estrada sem separador,Seco e limpo,Porto,Vila Nova de Gaia,Seixezelo,ARGONCILHE,,EN - Estrada Nacional,EN1,Em bom estado,290.55,Bom tempo,Dois sentidos,Fora da intersecção,Dentro das localidades,Em pleno dia,Com marcas - separadoras de sentido de trânsito,Atropelamento de peões,NÃO DEFINIDO,Inexistentes,NÃO DEFINIDO,Outros,Inexistentes,Betuminoso,Recta,Em patamar,Berma pavimentada,Na berma,Direita
20161113338,2016:01:18 18:00:00,01/18/00,01/01/00,01/01/00,Guarda Nacional Republicana,50.0,90.0,Segunda-Feira,"40,545803","-7,274238",0,0,1,Estrada sem separador,Molhado,Viseu,Sernancelhe,União das freguesias de Sernancelhe e Sarzeda,SARZEDA,,EN - Estrada Nacional,EN229,Em bom estado,"26,35",Chuva,Dois sentidos,Fora da intersecção,Dentro das localidades,"Noite, com iluminação",Com marcas - separadoras de sentido de trânsito,Colisão com outras situações,NÃO DEFINIDO,Inexistentes,NÃO DEFINIDO,NÃO DEFINIDO,Inexistentes,Betuminoso,Curva,Em patamar,Berma pavimentada,Na berma,Direita
20161112294,2016:01:12 23:30:00,01/12/00,01/01/00,01/01/00,Guarda Nacional Republicana,50.0,50.0,Terça-Feira  ,"41,194948","-8,099042",0,0,1,Estrada sem separador,Húmido,Porto,Felgueiras,União das freguesias de Vila Cova da Lixa e Borba de Godim,VILA COVA DA LIXA,RUA D. ANTÓNIO FERREIRA GOMES,Arruamento,0,Em bom estado,,Bom tempo,Dois sentidos,Fora da intersecção,Dentro das localidades,"Noite, com iluminação",Sem marcas rodoviárias ou pouco visíveis,Despiste simples,NÃO DEFINIDO,Inexistentes,NÃO DEFINIDO,NÃO DEFINIDO,Inexistentes,Betuminoso,Recta,Em patamar,Berma não pavimentada,Na berma,Direita
2012596843,2012:01:16 07:45:00,01/16/00,01/01/00,01/01/00,Guarda Nacional Republicana,50.0,50.0,Segunda-Feira,,,0,0,1,Estrada sem separador,Húmido,Coimbra,Penela,Penela (Santa Eufémia),PONTE DO ESPINHAL,,IC - Itinerário Complementar,IC3,Em estado regular,17.1,Bom tempo,Dois sentidos,Fora da intersecção,Dentro das localidades,Em pleno dia,Com marcas - separadoras de sentido de trânsito,Colisão lateral com outro veículo em movimento,NÃO DEFINIDO,Inexistentes,NÃO DEFINIDO,NÃO DEFINIDO,Inexistentes,Betuminoso,Recta,Em patamar,Berma não pavimentada,Em plena via,Direita