Id. Acidente,Datahora,Dia,Mês,Hora,Entidades Fiscalizadoras,Velocidade local,Velocidade geral,Dia da Semana,Latitude GPS,Longitude GPS,Num. Mortos a 30 dias,Num. Feridos graves a 30 dias,Num. Feridos ligeiros a 30 dias,Características Tecnicas1,Cond Aderência,Distrito,Concelho,Freguesia,Pov. Proxima,Nome arruamento,Tipos Vias,Cod Via,Estado Conservação,Km,Factores Atmosféricos,Reg Circulação1,Intersecção Vias,Localizações,Luminosidade,Marca Via,Natureza,Obras Arte,Obstáculos,Sentidos,Sinais,Sinais Luminosos,Tipo Piso,Traçado 1,Traçado 2,Traçado 3,Traçado 4,Via Trânsito
20161112357,2016:01:13 13:00:00,01/13/00,01/01/00,01/01/00,Guarda Nacional Republicana,50.0,50.0,Quarta-Feira ,"37,190750","-8,333830",0,0,1,Estrada sem separador,Seco e limpo,Faro,Monchique,Monchique,MONCHIQUE,Largo 5 de Outubro,Arruamento,0,Em bom estado,,Bom tempo,Dois sentidos,Em entroncamento,Dentro das localidades,Em pleno dia,Com marcas - separadoras de sentido de trânsito,Colisão frontal,NÃO DEFINIDO,Inexistentes,NÃO DEFINIDO,Cedência de passagem,Inexistentes,Calçada,Curva,Em patamar,Berma pavimentada,Em plena via,Direita
20181346230,2018:01:04 17:50:00,01/04/00,01/01/00,01/01/00,Polícia de Segurança Pública,50.0,50.0,Quinta-Feira ,"38,770127","-9,194895",0,0,1,Estrada sem separador,Seco e limpo,Lisboa,Odivelas,União das freguesias de Pontinha e Famões,Pontinha,Estrada Militar                                                                                     ,Arruamento,0,Em bom estado,,Bom tempo,Dois sentidos,Em entroncamento,Dentro das localidades,"Noite, com iluminação",Com marcas - separadoras de sentido de trânsito,Colisão lateral com outro veículo em movimento,NÃO DEFINIDO,Inexistentes,NÃO DEFINIDO,Outros,Inexistentes,Betuminoso,Recta,Em patamar,Sem berma ou impraticável,Em plena via,Esquerda
2012585349,2012:01:26 02:15:00,01/26/00,01/01/00,01/01/00,Polícia de Segurança Pública,50.0,50.0,Quinta-Feira ,"0,00","0,00",0,0,1,Estrada sem separador,Húmido,Porto,Porto,Santo Ildefonso,Porto,Rua Sá da Bandeira                                                                                  ,Arruamento,0,Em estado regular,,Bom tempo,Sentido único,Fora da intersecção,Dentro das localidades,"Noite, com iluminação",Com marcas - separadoras de sentido e de vias de trânsito,Atropelamento de peões,NÃO DEFINIDO,Inexistentes,NÃO DEFINIDO,Outros,Inexistentes,Calçada,Recta,Com inclinação,Sem berma ou impraticável,Em plena via,Direita
20191685319,2019:01:16 10:45:00,01/16/00,01/01/00,01/01/00,Guarda Nacional Republicana,50.0,50.0,Quarta-Feira ,"41,409030","-8,740576",0,0,1,Estrada sem separador,Seco e limpo,Porto,Povoa de Varzim,"União das freguesias de Aver-o-Mar, Amorim e Terroso",Amorim,Rua da Estrada Nova,Arruamento,0,Em bom estado,,Bom tempo,Dois sentidos,Fora da intersecção,Dentro das localidades,Em pleno dia,Com marcas - separadoras de sentido de trânsito,Colisão lateral com outro veículo em movimento,NÃO DEFINIDO,Inexistentes,NÃO DEFINIDO,NÃO DEFINIDO,Inexistentes,Betuminoso,Recta,Em patamar,Berma pavimentada,Em plena via,Direita
2012583779,2012:01:23 15:00:00,01/23/00,01/01/00,01/01/00,Polícia de Segurança Pública,50.0,50.0,Segunda-Feira,"0,00","0,00",0,0,1,Outra via,Seco e limpo,Porto,Matosinhos,<Sem Freguesia>,,Avenida Engenheiro Duarte Pacheco                                                                   ,Arruamento,0,Em estado regular,,Bom tempo,Dois sentidos,Fora da intersecção,Dentro das localidades,Em pleno dia,Sem marcas rodoviárias ou pouco visíveis,Colisão traseira com outro veículo em movimento,NÃO DEFINIDO,Inexistentes,NÃO DEFINIDO,Outros,Inexistentes,Betuminoso,Curva,Em patamar,Berma pavimentada,Em plena via,Esquerda
20161109595,2016:01:01 07:30:00,01/01/00,01/01/00,01/01/00,Guarda Nacional Republicana,50.0,50.0,Sexta-Feira  ,"41,706291","-8,748496",0,0,2,Estrada sem separador,Molhado,Viana do Castelo,Viana do Castelo,União das freguesias de Cardielos e Serreleis,CARDIELOS,Estrada Barco do Porto,Arruamento,0,Em estado regular,,Chuva,Dois sentidos,Fora da intersecção,Dentro das localidades,"Noite, com iluminação",Sem marcas rodoviárias ou pouco visíveis,Despiste simples,NÃO DEFINIDO,Inexistentes,NÃO DEFINIDO,NÃO DEFINIDO,Inexistentes,Betuminoso,Recta,Em patamar,Sem berma ou impraticável,Na berma,Direita
20161020632,2016:01:21 12:45:00,01/21/00,01/01/00,01/01/00,Polícia de Segurança Pública,50.0,50.0,Quinta-Feira ,"38,737386","-9,158045",0,0,3,Outra via,Molhado,Lisboa,Lisboa,Avenidas Novas,,Praça Espanha                                                                                       ,Arruamento,0,Em estado regular,,Chuva,Sentido único,Em cruzamento,Dentro das localidades,Em pleno dia,Com marcas - separadoras de sentido de trânsito,Colisão lateral com outro veículo em movimento,NÃO DEFINIDO,Inexistentes,No sentido decrescente da quilometragem,Outros,A funcionar normalmente,Betuminoso,Recta,Em patamar,Berma não pavimentada,Em plena via,Esquerda
20191658917,2019:01:13 08:15:00,01/13/00,01/01/00,01/01/00,Polícia de Segurança Pública,40.0,50.0,Domingo      ,"0,0","0,0",0,0,1,Outra via,Seco e limpo,Aveiro,Sao Joao da Madeira,São João da Madeira,São João da Madeira,Avenida Doutor Renato Araújo                                                                        ,Arruamento,0,Em estado regular,,Bom tempo,Sentido único,Em rotunda,Dentro das localidades,Em pleno dia,Sem marcas rodoviárias ou pouco visíveis,Despiste sem dispositivo de retenção,NÃO DEFINIDO,Inexistentes,NÃO DEFINIDO,Outros,Inexistentes,Betuminoso,Recta,Em patamar,Berma pavimentada,Em plena via,Direita
20181366439,2018:01:11 17:15:00,01/11/00,01/01/00,01/01/00,Guarda Nacional Republicana,50.0,50.0,Quinta-Feira ,"41,323118","-8,161064",0,0,1,Estrada sem separador,Seco e limpo,Porto,Felgueiras,União das freguesias de Vila Cova da Lixa e Borba de Godim,Vila Cova de Lixa,Rua Dom António Ferreira Gomes - Lixa,Arruamento,0,Em bom estado,,Bom tempo,Sentido único,Fora da intersecção,Dentro das localidades,Em pleno dia,Sem marcas rodoviárias ou pouco visíveis,Despiste simples,NÃO DEFINIDO,Inexistentes,NÃO DEFINIDO,NÃO DEFINIDO,Inexistentes,Terra batida,Curva,Em patamar,Sem berma ou impraticável,Em plena via,Direita
20161023029,2016:01:30 11:20:00,01/30/00,01/01/00,01/01/00,Polícia de Segurança Pública,40.0,40.0,Sábado       ,"40,897721","-8,493005",0,0,1,Outra via,Seco e limpo,Aveiro,Sao Joao da Madeira,São João da Madeira,São João da Madeira,Avenida Doutor Renato Araújo                                                                        ,Arruamento,0,Em bom estado,,Bom tempo,Dois sentidos,Fora da intersecção,Dentro das localidades,Em pleno dia,Sem marcas rodoviárias ou pouco visíveis,Despiste sem dispositivo de retenção,NÃO DEFINIDO,Inexistentes,NÃO DEFINIDO,Outros,Inexistentes,Betuminoso,Recta,Em patamar,Sem berma ou impraticável,Em plena via,Direita
20181349439,2018:01:24 15:00:00,01/24/00,01/01/00,01/01/00,Polícia de Segurança Pública,50.0,50.0,Quarta-Feira ,"38,764132","-9,153503",0,0,1,Estrada sem separador,Seco e limpo,Lisboa,Lisboa,Lumiar,,Rua Agostinho Neto                                                                                  ,Arruamento,0,Em bom estado,,Bom tempo,Sentido único,Fora da intersecção,Dentro das localidades,Em pleno dia,Sem marcas rodoviárias ou pouco visíveis,Colisão com outras situações,NÃO DEFINIDO,Inexistentes,NÃO DEFINIDO,NÃO DEFINIDO,Inexistentes,Betuminoso,Recta,Com inclinação,Berma pavimentada,Em plena via,Direita
20181347771,2018:01:09 19:30:00,01/09/00,01/01/00,01/01/00,Polícia de Segurança Pública,50.0,50.0,Terça-Feira  ,"38,791195","-9,167171",0,0,1,Estrada sem separador,Molhado,Lisboa,Odivelas,União das freguesias de Póvoa de Santo Adrião e Olival Basto,Olival Basto,Rua Angola                                                                                          ,Arruamento,0,Em estado regular,,Chuva,Dois sentidos,Fora da intersecção,Dentro das localidades,"Noite, com iluminação",Com marcas - separadoras de sentido de trânsito,Atropelamento de peões,NÃO DEFINIDO,Inexistentes,NÃO DEFINIDO,Passagem de peões,Inexistentes,Betuminoso,Curva,Com inclinação,Berma pavimentada,Em plena via,Direita
2012596841,2012:01:26 12:45:00,01/26/00,01/01/00,01/01/00,Guarda Nacional Republicana,50.0,50.0,Quinta-Feira ,,,0,0,1,Estrada sem separador,Húmido,Coimbra,Coimbra,Assafarge,CARVALHAIS DE CIMA,R DA MESURA,Arruamento,0,Em bom estado,,Chuva,Dois sentidos,Fora da intersecção,Dentro das localidades,Em pleno dia,Com marcas - separadoras de sentido de trânsito,Colisão frontal,NÃO DEFINIDO,Inexistentes,NÃO DEFINIDO,NÃO DEFINIDO,Inexistentes,Betuminoso,Curva,Em patamar,Berma não pavimentada,Em plena via,Direita
2014792595,2014:01:14 13:30:00,01/14/00,01/01/00,01/01/00,Guarda Nacional Republicana,50.0,50.0,Terça-Feira  ,"41,236808","-8,226692",0,0,2,Estrada sem separador,Húmido,Braga,Guimaraes,Guardizela,,,EN - Estrada Nacional,EN310,Em bom estado,27.95,Chuva,Dois sentidos,Fora da intersecção,Dentro das localidades,Em pleno dia,Com marcas - separadoras de sentido de trânsito,Colisão traseira com outro veículo em movimento,NÃO DEFINIDO,Inexistentes,NÃO DEFINIDO,NÃO DEFINIDO,Inexistentes,Betuminoso,Recta,Em patamar,Berma pavimentada,Em plena via,Direita
2011504613,2011:01:10 14:00:00,01/10/00,01/01/00,01/01/00,Polícia de Segurança Pública,70.0,90.0,Segunda-Feira,"38,710010","-9,264130",0,0,1,Estrada sem separador,Seco e limpo,Lisboa,Oeiras,Queijas,Queijas,,EN - Estrada Nacional,EN6-3,Em bom estado,1.2,Chuva,Sentido único,Fora da intersecção,Dentro das localidades,Em pleno dia,Com marcas - separadoras de sentido de trânsito,Despiste com dispositivo de retenção,NÃO DEFINIDO,Inexistentes,NÃO DEFINIDO,Outros,Inexistentes,Betuminoso,Curva,Com inclinação,Berma pavimentada,Em plena via,Direita
20191651241,2019:01:02 09:20:00,01/02/00,01/01/00,01/01/00,Polícia de Segurança Pública,50.0,50.0,Quarta-Feira ,"0,0","0,0",0,0,1,Estrada sem separador,Seco e limpo,Évora,Evora,União das freguesias de Malagueira e Horta das Figueiras,,Estrada das Alcaçovas,Arruamento,0,Em estado regular,,Bom tempo,Dois sentidos,Em via de aceleração,Dentro das localidades,Em pleno dia,Com marcas - separadoras de sentido de trânsito,Colisão traseira com outro veículo em movimento,NÃO DEFINIDO,Inexistentes,NÃO DEFINIDO,Outros,Inexistentes,Betuminoso,Recta,Em patamar,Berma pavimentada,Em plena via,Direita
2010438522,2010:01:08 08:50:00,01/08/00,01/01/00,01/01/00,Guarda Nacional Republicana,90.0,90.0,Sexta-Feira  ,"39,659929","-8,542811",0,0,2,Estrada sem separador,Seco e limpo,Santarém,Ourem,Seiça,PERAS RUIVAS,,EN - Estrada Nacional,EN113,Em bom estado,30.5,Bom tempo,Dois sentidos,Em entroncamento,Fora das localidades,Em pleno dia,Com marcas - separadoras de sentido de trânsito,Colisão frontal,NÃO DEFINIDO,Inexistentes,NÃO DEFINIDO,Proibição de ultrapassagem,Inexistentes,Betuminoso,Recta,Com inclinação,Berma não pavimentada,Em plena via,Direita
2011516884,2011:01:16 12:45:00,01/16/00,01/01/00,01/01/00,Guarda Nacional Republicana,50.0,50.0,Domingo      ,"39,54169","8,16278",0,0,1,Estrada sem separador,Seco e limpo,Leiria,Figueiro dos Vinhos,Figueiró dos Vinhos,FIGUEIRO DOS VINHOS,BAIRRO TEÓFILO BRAGA,Arruamento,0,Em bom estado,,Bom tempo,Dois sentidos,Fora da intersecção,Dentro das localidades,Em pleno dia,Com marcas - separadoras de sentido de trânsito,Despiste com dispositivo de retenção,NÃO DEFINIDO,Inexistentes,NÃO DEFINIDO,NÃO DEFINIDO,Inexistentes,Betuminoso,Recta,Com inclinação,Sem berma ou impraticável,Em plena via,Direita
2015888304,2015:01:18 09:50:00,01/18/00,01/01/00,01/01/00,Polícia de Segurança Pública,80.0,80.0,Domingo      ,"38,791475","-9,170293",0,0,2,Outra via,NÃO DEFINIDO,Lisboa,Odivelas,Odivelas,,,IC - Itinerário Complementar,IC22,Em bom estado,0.5,Chuva,Sentido único,Fora da intersecção,Fora das localidades,Em pleno dia,Com marcas - separadoras de sentido de trânsito,Despiste com dispositivo de retenção,NÃO DEFINIDO,Inexistentes,No sentido decrescente da quilometragem,Outros,Inexistentes,Betuminoso,Recta,Com inclinação,Berma pavimentada,Em plena via,Esquerda
2014760417,2014:01:16 12:25:00,01/16/00,01/01/00,01/01/00,Polícia de Segurança Pública,50.0,50.0,Quinta-Feira ,"41,726582","-8,860322",0,0,1,Estrada sem separador,Molhado,Viana do Castelo,Viana do Castelo,Areosa,,Av. Além do Rio,Arruamento,0,Em bom estado,,Chuva,Dois sentidos,Fora da intersecção,Dentro das localidades,Em pleno dia,Com marcas - separadoras de sentido e de vias de trânsito,Colisão com outras situações,NÃO DEFINIDO,Inexistentes,NÃO DEFINIDO,Outros,Inexistentes,Betuminoso,Recta,Em patamar,Berma pavimentada,Em plena via,Direita
20181349172,2018:01:20 07:25:00,01/20/00,01/01/00,01/01/00,Polícia de Segurança Pública,50.0,50.0,Sábado       ,"37,033165","-7,842423",0,0,1,Estrada sem separador,Seco e limpo,Faro,Olhao,Olhão,Olhão,Avenida D. João VI,Arruamento,0,Em estado regular,,Bom tempo,Dois sentidos,Fora da intersecção,Dentro das localidades,Aurora ou crepúsculo,Com marcas - separadoras de sentido e de vias de trânsito,Colisão traseira com outro veículo em movimento,NÃO DEFINIDO,Inexistentes,NÃO DEFINIDO,Passagem de peões,Inexistentes,Betuminoso,Recta,Em patamar,Sem berma ou impraticável,Em plena via,Direita
2012596836,2012:01:08 07:00:00,01/08/00,01/01/00,01/01/00,Guarda Nacional Republicana,50.0,50.0,Domingo      ,,,0,0,1,Estrada sem separador,Seco e limpo,Coimbra,Cantanhede,Tocha,PRAIA DA TOCHA,,EN - Estrada Nacional,EN335-1,Em bom estado,,Bom tempo,Sentido único,Fora da intersecção,Dentro das localidades,Em pleno dia,Sem marcas rodoviárias ou pouco visíveis,Despiste simples,NÃO DEFINIDO,Inexistentes,NÃO DEFINIDO,Outros,Inexistentes,Calçada,Recta,Em patamar,Sem berma ou impraticável,Em via ou pista reservada,Direita
20191654112,2019:01:07 20:00:00,01/07/00,01/01/00,01/01/00,Polícia de Segurança Pública,50.0,50.0,Segunda-Feira,"38,837128","-9,082096",0,1,0,Estrada sem separador,Seco e limpo,Lisboa,Loures,"União das freguesias de Santa Iria de Azoia, São João da Talha e Bobadela",Santa Iria de Azóia,,EN - Estrada Nacional,EN10,Em estado regular,"136,6",Bom tempo,Dois sentidos,Em cruzamento,Dentro das localidades,"Noite, com iluminação",Com marcas - separadoras de sentido de trânsito,Colisão lateral com outro veículo em movimento,NÃO DEFINIDO,Inexistentes,NÃO DEFINIDO,Stop,A funcionar normalmente,Betuminoso,Curva,Em patamar,Berma pavimentada,Em plena via,Direita
20171159201,2017:01:09 08:35:00,01/09/00,01/01/00,01/01/00,Polícia de Segurança Pública,50.0,50.0,Segunda-Feira,"41,224419","-8,620091",0,0,1,Estrada sem separador,Seco e limpo,Porto,Maia,Cidade da Maia,Maia,Rua Joaquim Ferreira da Costa                                                                       ,Arruamento,0,Em estado regular,,Bom tempo,Dois sentidos,Em entroncamento,Dentro das localidades,Em pleno dia,Com marcas - separadoras de sentido de trânsito,Colisão traseira com outro veículo em movimento,NÃO DEFINIDO,Inexistentes,NÃO DEFINIDO,Passagem de peões,Inexistentes,Betuminoso,Recta,Em patamar,Sem berma ou impraticável,Em plena via,Direita
2014790498,2014:01:26 17:15:00,01/26/00,01/01/00,01/01/00,Guarda Nacional Republicana,80.0,80.0,Domingo      ,"39,032940","-9,161771",0,0,1,NÃO DEFINIDO,Molhado,Lisboa,Torres Vedras,"União das freguesias de Torres Vedras (São Pedro, Santiago, Santa Maria do Castelo e São Miguel) e Matacães",Senhora da Vila (Quinta da Viscondessa),,EM - Estrada Municipal,EM553,Em estado regular,,Chuva,Dois sentidos,Fora da intersecção,Fora das localidades,Aurora ou crepúsculo,Com marcas - separadoras de sentido de trânsito,Despiste com capotamento,NÃO DEFINIDO,Inexistentes,NÃO DEFINIDO,NÃO DEFINIDO,Inexistentes,Betuminoso,Recta,Com inclinação,Sem berma ou impraticável,Em plena via,Esquerda
2015932907,2015:01:28 14:15:00,01/28/00,01/01/00,01/01/00,Guarda Nacional Republicana,50.0,50.0,Quarta-Feira ,"40,392260","-7,501359",0,0,1,Estrada sem separador,Com gravilha ou areia,Viseu,Viseu,Santos Evos,Pinheiro,Rua Nossa Senhora da Paz,Arruamento,0,Em mau estado,,Bom tempo,Dois sentidos,Fora da intersecção,Dentro das localidades,Em pleno dia,Com marcas - separadoras de sentido de trânsito,Despiste simples,NÃO DEFINIDO,Inexistentes,NÃO DEFINIDO,Outros,Inexistentes,Betuminoso,Curva,Com inclinação,Sem berma ou impraticável,Em plena via,Direita
20191686417,2019:01:13 12:03:00,01/13/00,01/01/00,01/01/00,Guarda Nacional Republicana,50.0,50.0,Domingo      ,"41,414510","-8,052593",0,1,0,Estrada sem separador,Seco e limpo,Braga,Celorico de Basto,União das freguesias de Caçarilhe e Infesta,Caçarilhe,Rua da Fonte do Viso - Alfarela,Arruamento,0,Em estado regular,,Bom tempo,Dois sentidos,Fora da intersecção,Dentro das localidades,Em pleno dia,Sem marcas rodoviárias ou pouco visíveis,Atropelamento com fuga,NÃO DEFINIDO,Inexistentes,NÃO DEFINIDO,NÃO DEFINIDO,Inexistentes,Betuminoso,Recta,Em patamar,Berma não pavimentada,Em plena via,Direita
20161110535,2016:01:05 18:30:00,01/05/00,01/01/00,01/01/00,Guarda Nacional Republicana,50.0,50.0,Terça-Feira  ,"41,099318","-8,269277",0,0,1,Estrada sem separador,Molhado,Porto,Paredes,Recarei,RECAREI,,EN - Estrada Nacional,EN15-3,Em bom estado,"2,9",Chuva,Dois sentidos,Fora da intersecção,Dentro das localidades,"Noite, sem iluminação",Com marcas - separadoras de sentido de trânsito,Colisão traseira com outro veículo em movimento,NÃO DEFINIDO,Inexistentes,NÃO DEFINIDO,NÃO DEFINIDO,Inexistentes,Betuminoso,Recta,Em patamar,Sem berma ou impraticável,Em plena via,Direita
2014762598,2014:01:31 18:00:00,01/31/00,01/01/00,01/01/00,Polícia de Segurança Pública,50.0,50.0,Sexta-Feira  ,"41,183407","-8,684476",0,0,1,Estrada sem separador,Húmido,Porto,Matosinhos,Matosinhos,Matosinhos,Rua Ló Ferreira,Arruamento,0,Em bom estado,,Chuva,Sentido único,Fora da intersecção,Dentro das localidades,"Noite, com iluminação",Com marcas - separadoras de sentido e de vias de trânsito,Atropelamento com fuga,NÃO DEFINIDO,Inexistentes,NÃO DEFINIDO,Passagem de peões,Inexistentes,Betuminoso,Recta,Em patamar,Berma pavimentada,Em plena via,Esquerda
20191684992,2019:01:01 11:21:00,01/01/00,01/01/00,01/01/00,Guarda Nacional Republicana,50.0,50.0,Terça-Feira  ,"41,231480","-8,363379",0,0,1,Estrada sem separador,Seco e limpo,Porto,Paredes,Cristelo,Cristelo,Rua Doutor Jerónimo Pereira Leite,Arruamento,0,Em bom estado,,Bom tempo,Dois sentidos,Fora da intersecção,Dentro das localidades,Em pleno dia,Sem marcas rodoviárias ou pouco visíveis,Despiste sem dispositivo de retenção,NÃO DEFINIDO,Inexistentes,NÃO DEFINIDO,Outros,Desligada,Calçada,Curva,Em patamar,Berma pavimentada,Na berma,Direita
2014760800,2014:01:18 10:50:00,01/18/00,01/01/00,01/01/00,Polícia de Segurança Pública,50.0,50.0,Sábado       ,"41,415027","-8,522144",0,0,1,Estrada sem separador,Húmido,Braga,Vila Nova de Famalicao,Vila Nova de Famalicão,,,EN - Estrada Nacional,EN204,Em estado regular,37.1,Bom tempo,Dois sentidos,Fora da intersecção,Dentro das localidades,Em pleno dia,Com marcas - separadoras de sentido e de vias de trânsito,Colisão com veiculo ou obstáculo na faixa de rodagem,NÃO DEFINIDO,Inexistentes,NÃO DEFINIDO,NÃO DEFINIDO,Inexistentes,Betuminoso,Recta,Com inclinação,Berma pavimentada,Em plena via,Direita
2011519945,2011:01:14 17:25:00,01/14/00,01/01/00,01/01/00,Guarda Nacional Republicana,50.0,50.0,Sexta-Feira  ,,,0,0,1,Estrada sem separador,Seco e limpo,Leiria,Peniche,Atouguia da Baleia,CASAL DA VALA,,IP- Itinerário Principal,IP6,Em bom estado,0.01,Bom tempo,Sentido único,Em rotunda,Fora das localidades,Em pleno dia,Com marcas - separadoras de sentido de trânsito,Colisão lateral com outro veículo em movimento,NÃO DEFINIDO,Inexistentes,NÃO DEFINIDO,Cedência de passagem,Inexistentes,Betuminoso,Curva,Em patamar,Berma pavimentada,Em plena via,Direita
2013660135,2013:01:18 15:30:00,01/18/00,01/01/00,01/01/00,Polícia de Segurança Pública,80.0,80.0,Sexta-Feira  ,"0,00","0,00",0,0,1,Outra via,Molhado,Lisboa,Lisboa,São Domingos de Benfica,,Avenida General Norton de Matos                                                                     ,Arruamento,0,Em estado regular,,Chuva,Sentido único,Fora da intersecção,Dentro das localidades,Em pleno dia,Com marcas - separadoras de sentido de trânsito,Colisão lateral com outro veículo em movimento,NÃO DEFINIDO,Inexistentes,NÃO DEFINIDO,Outros,Inexistentes,Betuminoso,Recta,Com inclinação,Berma pavimentada,Em plena via,Direita
2010426379,2010:01:11 08:20:00,01/11/00,01/01/00,01/01/00,Polícia de Segurança Pública,70.0,70.0,Segunda-Feira,"0,00","0,00",0,0,1,Outra via,Seco e limpo,Lisboa,Torres Vedras,Torres Vedras (São Pedro e Santiago,,Av Variante Poente,Arruamento,0,Em bom estado,,Chuva,Sentido único,Em via de aceleração,Dentro das localidades,Em pleno dia,Com marcas - separadoras de sentido e de vias de trânsito,Atropelamento de peões,NÃO DEFINIDO,Inexistentes,NÃO DEFINIDO,Outros,Inexistentes,Betuminoso,Recta,Em patamar,Berma pavimentada,Em plena via,Direita
20181366199,2018:01:10 18:10:00,01/10/00,01/01/00,01/01/00,Guarda Nacional Republicana,50.0,50.0,Quarta-Feira ,"40,121750","-7,544042",1,0,0,Estrada sem separador,Molhado,Castelo Branco,Fundao,Souto da Casa,Souto da Casa,,EN - Estrada Nacional,EN238,Em estado regular,"134,8",Chuva,Dois sentidos,Fora da intersecção,Dentro das localidades,"Noite, com iluminação",Com marcas - separadoras de sentido de trânsito,Atropelamento de peões,NÃO DEFINIDO,Inexistentes,NÃO DEFINIDO,NÃO DEFINIDO,Inexistentes,Betuminoso,Recta,Com inclinação,Sem berma ou impraticável,Em plena via,Direita
20181346819,2018:01:10 14:15:00,01/10/00,01/01/00,01/01/00,Polícia de Segurança Pública,50.0,50.0,Quarta-Feira ,"41,169302","-8,661678",0,0,1,Estrada sem separador,Seco e limpo,Porto,Porto,"União das freguesias de Aldoar, Foz do Douro e Nevogilde",Porto,Rua Moçambique                                                                                      ,Arruamento,0,Em bom estado,,Bom tempo,Dois sentidos,Fora da intersecção,Dentro das localidades,Em pleno dia,Com marcas - separadoras de sentido de trânsito,Atropelamento de peões,NÃO DEFINIDO,Inexistentes,NÃO DEFINIDO,Outros,Inexistentes,Betuminoso,Recta,Em patamar,Berma pavimentada,Em plena via,Direita
2012597204,2012:01:04 12:40:00,01/04/00,01/01/00,01/01/00,Guarda Nacional Republicana,90.0,90.0,Quarta-Feira ,,,0,0,1,Estrada sem separador,Seco e limpo,Faro,Silves,Silves,SILVES,,EN - Estrada Nacional,EN269,Em estado regular,3.7,Bom tempo,Dois sentidos,Fora da intersecção,Fora das localidades,Em pleno dia,Com marcas - separadoras de sentido de trânsito,Despiste com colisão com veículo imobil. ou obstáculo,NÃO DEFINIDO,Inexistentes,NÃO DEFINIDO,Proibição de ultrapassagem,Inexistentes,Betuminoso,Recta,Com inclinação,Sem berma ou impraticável,Em plena via,Direita
2014792688,2014:01:25 18:10:00,01/25/00,01/01/00,01/01/00,Guarda Nacional Republicana,50.0,50.0,Sábado       ,"41,312907","-8,229344",0,0,1,Estrada sem separador,Com lama,Braga,Guimaraes,Longos,Longos (caminho terra batida do Monte da Falperra),,Outra Via,0,Em mau estado,,Bom tempo,Reversível,Fora da intersecção,Dentro das localidades,Em pleno dia,Sem marcas rodoviárias ou pouco visíveis,Despiste com capotamento,NÃO DEFINIDO,Inexistentes,NÃO DEFINIDO,NÃO DEFINIDO,Inexistentes,Terra batida,Recta,Com inclinação,Sem berma ou impraticável,Em plena via,Direita
20191682521,2019:01:11 07:50:00,01/11/00,01/01/00,01/01/00,Guarda Nacional Republicana,50.0,50.0,Sexta-Feira  ,"39,461060","-8,957657",0,0,1,Estrada sem separador,Seco e limpo,Leiria,Alcobaca,Turquel,Turquel,Rua dos Gaiteiros,Arruamento,0,Em bom estado,,Bom tempo,Dois sentidos,Fora da intersecção,Dentro das localidades,Em pleno dia,Sem marcas rodoviárias ou pouco visíveis,Despiste simples,NÃO DEFINIDO,Inexistentes,NÃO DEFINIDO,NÃO DEFINIDO,Inexistentes,Betuminoso,Recta,Em patamar,Berma pavimentada,Em plena via,Direita
2013681779,2013:01:18 16:30:00,01/18/00,01/01/00,01/01/00,Guarda Nacional Republicana,50.0,50.0,Sexta-Feira  ,,,0,0,2,Estrada sem separador,Molhado,Viseu,Viseu,Rio de Loba,Barbeita,Rua da Videlha,Arruamento,0,Em estado regular,,Chuva,Dois sentidos,Fora da intersecção,Dentro das localidades,Em pleno dia,Sem marcas rodoviárias ou pouco visíveis,Colisão lateral com outro veículo em movimento,NÃO DEFINIDO,Inexistentes,NÃO DEFINIDO,Outros,Inexistentes,Betuminoso,Recta,Em patamar,Berma pavimentada,Em plena via,Direita
2015929941,2015:01:14 10:00:00,01/14/00,01/01/00,01/01/00,Guarda Nacional Republicana,80.0,80.0,Quarta-Feira ,"38,311596","-9,062111",0,1,0,Estrada sem separador,Húmido,Setúbal,Sesimbra,Sesimbra (Castelo),Apostiça,,EN - Estrada Nacional,EN378,Em bom estado,14.5,Bom tempo,Dois sentidos,Fora da intersecção,Dentro das localidades,Em pleno dia,Com marcas - separadoras de sentido de trânsito,Despiste com capotamento,NÃO DEFINIDO,Inexistentes,NÃO DEFINIDO,NÃO DEFINIDO,Inexistentes,Betuminoso,Curva,Em patamar,Berma não pavimentada,Na berma,Direita
20161113126,2016:01:17 14:30:00,01/17/00,01/01/00,01/01/00,Guarda Nacional Republicana,50.0,50.0,Domingo      ,"41,278649","-8,175252",0,0,1,Estrada sem separador,Molhado,Braga,Guimaraes,Pencelo,PENCELO,rua da casas novas,Arruamento,0,Em estado regular,,Chuva,Dois sentidos,Fora da intersecção,Dentro das localidades,Em pleno dia,Sem marcas rodoviárias ou pouco visíveis,Despiste simples,NÃO DEFINIDO,Inexistentes,NÃO DEFINIDO,NÃO DEFINIDO,Inexistentes,Betuminoso,Recta,Com inclinação,Sem berma ou impraticável,Em plena via,Direita
20171203431,2017:01:13 17:25:00,01/13/00,01/01/00,01/01/00,Polícia de Segurança Pública,50.0,50.0,Sexta-Feira  ,"38,856232","-9,083075",0,0,1,Estrada sem separador,Seco e limpo,Lisboa,Loures,"União das freguesias de Santa Iria de Azoia, São João da Talha e Bobadela",Santa Iria de Azóia,Rua Gladíolos                                                                                       ,Arruamento,0,Em estado regular,,Bom tempo,Dois sentidos,Em cruzamento,Dentro das localidades,"Noite, com iluminação",Sem marcas rodoviárias ou pouco visíveis,Atropelamento de peões,NÃO DEFINIDO,Inexistentes,NÃO DEFINIDO,NÃO DEFINIDO,Inexistentes,Betuminoso,Recta,Com inclinação,Berma pavimentada,Em plena via,Direita