Id. Acidente,Datahora,Dia,Mês,Hora,Entidades Fiscalizadoras,Velocidade local,Velocidade geral,Dia da Semana,Latitude GPS,Longitude GPS,Num. Mortos a 30 dias,Num. Feridos graves a 30 dias,Num. Feridos ligeiros a 30 dias,Características Tecnicas1,Cond Aderência,Distrito,Concelho,Freguesia,Pov. Proxima,Nome arruamento,Tipos Vias,Cod Via,Estado Conservação,Km,Factores Atmosféricos,Reg Circulação1,Intersecção Vias,Localizações,Luminosidade,Marca Via,Natureza,Obras Arte,Obstáculos,Sentidos,Sinais,Sinais Luminosos,Tipo Piso,Traçado 1,Traçado 2,Traçado 3,Traçado 4,Via Trânsito
2015932299,2015:01:26 17:20:00,01/26/00,01/01/00,01/01/00,Guarda Nacional Republicana,40.0,50.0,Segunda-Feira,"40,430643","-8,284551",0,0,1,Estrada sem separador,Seco e limpo,Aveiro,Albergaria-a-Velha,Albergaria-a-Velha e Valmaior,,Rua Estrada da Senhora do Socorro,Arruamento,0,Em bom estado,,Bom tempo,Dois sentidos,Em cruzamento,Dentro das localidades,Em pleno dia,Sem marcas rodoviárias ou pouco visíveis,Colisão lateral com outro veículo em movimento,NÃO DEFINIDO,Inexistentes,NÃO DEFINIDO,Stop,Inexistentes,Betuminoso,Recta,Em patamar,Sem berma ou impraticável,Em plena via,Direita
20171239296,2017:01:28 21:45:00,01/28/00,01/01/00,01/01/00,Guarda Nacional Republicana,50.0,50.0,Sábado       ,"40,917636","-8,440165",0,1,2,Estrada sem separador,Seco e limpo,Aveiro,Oliveira de Azemeis,Cesar,Cesar,Rua 5 de outubro,Arruamento,0,Em estado regular,,Bom tempo,Dois sentidos,Fora da intersecção,Dentro das localidades,"Noite, com iluminação",Com marcas - separadoras de sentido de trânsito,Colisão frontal,NÃO DEFINIDO,Inexistentes,NÃO DEFINIDO,NÃO DEFINIDO,Inexistentes,Betuminoso,Recta,Em patamar,Sem berma ou impraticável,Em plena via,Direita
20181359538,2018:01:30 22:00:00,01/30/00,01/01/00,01/01/00,Polícia de Segurança Pública,50.0,50.0,Terça-Feira  ,"38,707809","-9,270092",0,0,1,Estrada sem separador,Seco e limpo,Lisboa,Oeiras,"União das freguesias de Oeiras e São Julião da Barra, Paço de Arcos e Caxias",Murganhal,Estrada Murganhal                                                                                   ,Arruamento,0,Em estado regular,,Bom tempo,Dois sentidos,Em cruzamento,Dentro das localidades,"Noite, com iluminação",Sem marcas rodoviárias ou pouco visíveis,Colisão frontal,NÃO DEFINIDO,Inexistentes,NÃO DEFINIDO,Outros,Inexistentes,Betuminoso,Curva,Com inclinação,Sem berma ou impraticável,Em plena via,Direita
20191656420,2019:01:17 12:30:00,01/17/00,01/01/00,01/01/00,Polícia de Segurança Pública,50.0,50.0,Quinta-Feira ,"0,0","0,0",0,0,1,Estrada sem separador,Seco e limpo,Braga,Braga,"União das freguesias de Nogueira, Fraião e Lamaçães",Braga,Rua Mário Valença                                                                                   ,Arruamento,0,Em bom estado,,Bom tempo,Dois sentidos,Fora da intersecção,Dentro das localidades,Em pleno dia,Sem marcas rodoviárias ou pouco visíveis,Colisão frontal,NÃO DEFINIDO,Inexistentes,NÃO DEFINIDO,NÃO DEFINIDO,Inexistentes,Betuminoso,Recta,Em patamar,Berma pavimentada,Em plena via,Direita
2011519506,2011:01:15 16:00:00,01/15/00,01/01/00,01/01/00,Guarda Nacional Republicana,50.0,50.0,Sábado       ,"39,28475","8,20416",0,0,1,Estrada sem separador,Seco e limpo,Santarém,Constancia,Constância,CONSTANCIA,AV DAS FORÇAS ARMADAS,Arruamento,0,Em bom estado,,Bom tempo,Dois sentidos,Fora da intersecção,Dentro das localidades,Em pleno dia,Sem marcas rodoviárias ou pouco visíveis,Atropelamento de peões,NÃO DEFINIDO,Inexistentes,NÃO DEFINIDO,Outros,Inexistentes,Calçada,Recta,Em patamar,Berma pavimentada,Em plena via,Direita
2012596743,2012:01:07 15:30:00,01/07/00,01/01/00,01/01/00,Guarda Nacional Republicana,50.0,50.0,Sábado       ,,,0,0,1,Estrada sem separador,Seco e limpo,Porto,Paredes,Gandra,GANDRA,,EN - Estrada Nacional,EN15-3,Em bom estado,0.7,Bom tempo,Dois sentidos,Fora da intersecção,Dentro das localidades,Em pleno dia,Com marcas - separadoras de sentido de trânsito,Colisão frontal,NÃO DEFINIDO,Inexistentes,NÃO DEFINIDO,NÃO DEFINIDO,Inexistentes,Betuminoso,Recta,Em patamar,Berma pavimentada,Em plena via,Direita
20171234492,2017:01:05 06:46:00,01/05/00,01/01/00,01/01/00,Guarda Nacional Republicana,50.0,50.0,Quinta-Feira ,"38,626055","-9,177048",0,0,1,Estrada sem separador,Molhado,Setúbal,Almada,União das freguesias de Charneca de Caparica e Sobreda,CHARNECA DE CAPARICA,Estrada Quinta da Madalena,Arruamento,0,Em estado regular,,Nevoeiro,Dois sentidos,Fora da intersecção,Dentro das localidades,"Noite, sem iluminação",Sem marcas rodoviárias ou pouco visíveis,Despiste simples,NÃO DEFINIDO,Inexistentes,NÃO DEFINIDO,NÃO DEFINIDO,Inexistentes,Betuminoso,Curva,Em patamar,Sem berma ou impraticável,Em plena via,Direita
20161109898,2016:01:03 11:30:00,01/03/00,01/01/00,01/01/00,Guarda Nacional Republicana,120.0,120.0,Domingo      ,"39,237300","-8,383637",0,1,2,Auto-estrada,Molhado,Santarém,Santarem,Pernes,PERNES,,A  - Auto-Estrada,A1,Em bom estado,"84,4",Chuva,Sentido único,Fora da intersecção,Fora das localidades,Em pleno dia,Com marcas - separadoras de sentido de trânsito,Colisão lateral com outro veículo em movimento,NÃO DEFINIDO,Inexistentes,No sentido crescente da quilometragem,NÃO DEFINIDO,Inexistentes,Betuminoso,Recta,Em patamar,Berma pavimentada,Em plena via,Central
20181370249,2018:01:30 14:25:00,01/30/00,01/01/00,01/01/00,Guarda Nacional Republicana,50.0,50.0,Terça-Feira  ,"40,781038","-8,558806",0,0,1,Estrada sem separador,Seco e limpo,Aveiro,Estarreja,União das freguesias de Beduído e Veiros,Estarreja,Rua do Outeiro,Arruamento,0,Em estado regular,,Bom tempo,Dois sentidos,Em entroncamento,Dentro das localidades,Em pleno dia,Sem marcas rodoviárias ou pouco visíveis,Colisão traseira com outro veículo em movimento,NÃO DEFINIDO,Inexistentes,NÃO DEFINIDO,NÃO DEFINIDO,Inexistentes,Betuminoso,Curva,Em patamar,Sem berma ou impraticável,Em plena via,Direita
2014791866,2014:01:22 12:25:00,01/22/00,01/01/00,01/01/00,Guarda Nacional Republicana,90.0,90.0,Quarta-Feira ,"41,165844","-7,558413",0,0,1,Estrada sem separador,Molhado,Porto,Amarante,Ansiães,Ansiães,,IP- Itinerário Principal,IP4,Em estado regular,76.0,Bom tempo,Dois sentidos,Fora da intersecção,Fora das localidades,Em pleno dia,Com marcas - separadoras de sentido de trânsito,Colisão com veiculo ou obstáculo na faixa de rodagem,NÃO DEFINIDO,Inexistentes,NÃO DEFINIDO,NÃO DEFINIDO,Inexistentes,Betuminoso,Recta,Com inclinação,Berma pavimentada,Em plena via,Direita
2014762091,2014:01:29 17:45:00,01/29/00,01/01/00,01/01/00,Polícia de Segurança Pública,50.0,50.0,Quarta-Feira ,"41,156070","-8,676969",0,0,1,Estrada sem separador,Seco e limpo,Porto,Porto,Foz do Douro,Porto,Rua da Agra,Arruamento,0,Em estado regular,,Bom tempo,Sentido único,Fora da intersecção,Dentro das localidades,Em pleno dia,Sem marcas rodoviárias ou pouco visíveis,Despiste com colisão com veículo imobil. ou obstáculo,NÃO DEFINIDO,Inexistentes,NÃO DEFINIDO,Outros,Inexistentes,Betuminoso,Recta,Em patamar,Sem berma ou impraticável,Em plena via,Direita
2011508093,2011:01:25 08:20:00,01/25/00,01/01/00,01/01/00,Polícia de Segurança Pública,30.0,50.0,Terça-Feira  ,"0,00","0,00",0,1,0,Estrada sem separador,Seco e limpo,Lisboa,Cascais,Parede,Parede,Avenida dos Bombeiros Voluntários,Arruamento,0,Em bom estado,,Chuva,Dois sentidos,Em entroncamento,Dentro das localidades,Em pleno dia,Com marcas - separadoras de sentido de trânsito,Despiste sem dispositivo de retenção,NÃO DEFINIDO,Inexistentes,NÃO DEFINIDO,Outros,Inexistentes,Betuminoso,Curva,Com inclinação,Berma pavimentada,Em plena via,Direita
2011508102,2011:01:25 17:30:00,01/25/00,01/01/00,01/01/00,Polícia de Segurança Pública,100.0,100.0,Terça-Feira  ,"38,776191","-9,343031",0,0,1,Outra via,Húmido,Lisboa,Sintra,Algueirão-Mem Martins,Algueirão,,IC - Itinerário Complementar,IC19,Em estado regular,14.3,Bom tempo,Dois sentidos,NÃO DEFINIDO,Dentro das localidades,Em pleno dia,Com marcas - separadoras de sentido e de vias de trânsito,Colisão lateral com outro veículo em movimento,NÃO DEFINIDO,Inexistentes,NÃO DEFINIDO,Outros,Inexistentes,Betuminoso,Recta,Em patamar,Berma pavimentada,Em plena via,Esquerda
2011501256,2010:01:30 14:42:00,01/30/00,01/01/00,01/01/00,Polícia de Segurança Pública,50.0,50.0,Sábado       ,"0,00","0,00",0,0,1,Estrada sem separador,Húmido,Leiria,Marinha Grande,Marinha Grande,Casal Galego,Rua dos Sobreiros,Arruamento,0,Em estado regular,,Bom tempo,Dois sentidos,Em via de desaceleração,Dentro das localidades,Em pleno dia,Sem marcas rodoviárias ou pouco visíveis,Colisão com outras situações,NÃO DEFINIDO,Inexistentes,NÃO DEFINIDO,NÃO DEFINIDO,Inexistentes,Betuminoso,Recta,Em patamar,Sem berma ou impraticável,Em plena via,Direita
2014759471,2014:01:11 22:30:00,01/11/00,01/01/00,01/01/00,Polícia de Segurança Pública,50.0,50.0,Sábado       ,"38,770325","-9,310370",0,0,1,Estrada sem separador,Seco e limpo,Lisboa,Sintra,Cacém,Agualva-Cacém,Rua Coração de Maria                                                                                ,Arruamento,0,Em estado regular,,Bom tempo,Dois sentidos,Em cruzamento,Dentro das localidades,"Noite, com iluminação",Com marcas - separadoras de sentido de trânsito,Colisão lateral com outro veículo em movimento,NÃO DEFINIDO,Inexistentes,NÃO DEFINIDO,Stop,Inexistentes,Betuminoso,Recta,Com inclinação,Berma pavimentada,Em plena via,Direita
20181366836,2018:01:13 16:30:00,01/13/00,01/01/00,01/01/00,Guarda Nacional Republicana,50.0,50.0,Sábado       ,"37,232381","-8,490398",0,0,1,Estrada sem separador,Molhado,Faro,Silves,Silves,Silves,,Outra Via,0,Em bom estado,,Bom tempo,Dois sentidos,Fora da intersecção,Fora das localidades,Em pleno dia,Sem marcas rodoviárias ou pouco visíveis,Despiste simples,NÃO DEFINIDO,Inexistentes,NÃO DEFINIDO,NÃO DEFINIDO,Inexistentes,Terra batida,Recta,Em patamar,Sem berma ou impraticável,Na berma,Direita
20171165267,2017:01:10 17:45:00,01/10/00,01/01/00,01/01/00,Polícia de Segurança Pública,50.0,50.0,Terça-Feira  ,"38,739541","-9,349366",0,1,0,Estrada sem separador,Seco e limpo,Lisboa,Cascais,São Domingos de Rana,Trajouce,Estrada Cabeço do Cação                                                                             ,Arruamento,0,Em bom estado,,Bom tempo,Dois sentidos,Fora da intersecção,Dentro das localidades,Aurora ou crepúsculo,Com marcas - separadoras de sentido de trânsito,Colisão com outras situações,NÃO DEFINIDO,Inexistentes,NÃO DEFINIDO,NÃO DEFINIDO,Inexistentes,Betuminoso,Recta,Em patamar,Berma pavimentada,Em plena via,Direita
20161109655,2016:01:27 13:20:00,01/27/00,01/01/00,01/01/00,Guarda Nacional Republicana,50.0,50.0,Quarta-Feira ,"41,251285","-8,470255",0,0,1,Estrada sem separador,Seco e limpo,Porto,Povoa de Varzim,União das freguesias de Aguçadoura e Navais,AGUÇADOURA,Rua de Santo André de Baixo,Arruamento,0,Em estado regular,,Bom tempo,Dois sentidos,Fora da intersecção,Dentro das localidades,Em pleno dia,Sem marcas rodoviárias ou pouco visíveis,Despiste simples,NÃO DEFINIDO,Inexistentes,NÃO DEFINIDO,NÃO DEFINIDO,Inexistentes,Calçada,Recta,Em patamar,Sem berma ou impraticável,Em plena via,Direita
2010438728,2010:01:12 11:30:00,01/12/00,01/01/00,01/01/00,Guarda Nacional Republicana,50.0,50.0,Terça-Feira  ,"41,019858","-8,430975",0,0,1,Estrada sem separador,Molhado,Aveiro,Santa Maria da Feira,Canedo,INHA,,EN - Estrada Nacional,EN222,Em bom estado,25.3,Chuva,Dois sentidos,Fora da intersecção,Dentro das localidades,Em pleno dia,Com marcas - separadoras de sentido e de vias de trânsito,Despiste simples,NÃO DEFINIDO,Inexistentes,NÃO DEFINIDO,NÃO DEFINIDO,Inexistentes,Betuminoso,Curva,Em patamar,Sem berma ou impraticável,Em plena via,Direita
2013679181,2013:01:02 11:45:00,01/02/00,01/01/00,01/01/00,Guarda Nacional Republicana,50.0,50.0,Quarta-Feira ,,,0,0,1,Estrada sem separador,Seco e limpo,Viana do Castelo,Ponte de Lima,Vilar das Almas,(EM 539-1),,EM - Estrada Municipal,0,Em estado regular,,Bom tempo,Dois sentidos,Em entroncamento,Dentro das localidades,Em pleno dia,Com marcas - separadoras de sentido de trânsito,Colisão lateral com outro veículo em movimento,NÃO DEFINIDO,Inexistentes,NÃO DEFINIDO,Stop,Inexistentes,Betuminoso,Recta,Em patamar,Sem berma ou impraticável,Em plena via,Direita
2012596285,2012:01:29 15:15:00,01/29/00,01/01/00,01/01/00,Guarda Nacional Republicana,50.0,50.0,Domingo      ,,,0,0,3,Estrada sem separador,Seco e limpo,Porto,Penafiel,Abragão,POMBAL,R CENTRAL DE POMBAL,Arruamento,0,Em estado regular,,Bom tempo,Dois sentidos,Fora da intersecção,Dentro das localidades,Em pleno dia,Sem marcas rodoviárias ou pouco visíveis,Colisão lateral com outro veículo em movimento,NÃO DEFINIDO,Inexistentes,NÃO DEFINIDO,NÃO DEFINIDO,Inexistentes,Calçada,Recta,Em patamar,Berma não pavimentada,Em plena via,Direita
2010443276,2010:01:20 08:30:00,01/20/00,01/01/00,01/01/00,Guarda Nacional Republicana,120.0,120.0,Quarta-Feira ,"41,361151","-8,718581",0,0,2,Auto-estrada,Molhado,Porto,Vila do Conde,Mindelo,MINDELO,,A  - Auto-Estrada,A28,Em bom estado,27.3,Bom tempo,Sentido único,Fora da intersecção,Fora das localidades,Em pleno dia,Com marcas - separadoras de sentido e de vias de trânsito,Colisão lateral com outro veículo em movimento,NÃO DEFINIDO,Inexistentes,No sentido crescente da quilometragem,NÃO DEFINIDO,Inexistentes,Betuminoso,Recta,Em patamar,Sem berma ou impraticável,Em plena via,Esquerda
2012580141,2012:01:12 07:15:00,01/12/00,01/01/00,01/01/00,Polícia de Segurança Pública,50.0,50.0,Quinta-Feira ,"0,00","0,00",0,0,1,Outra via,Seco e limpo,Lisboa,Odivelas,Odivelas,Odivelas,Rua José Gomes Monteiro                                                                             ,Arruamento,0,Em bom estado,,Bom tempo,Sentido único,Em entroncamento,Dentro das localidades,Aurora ou crepúsculo,Com marcas - separadoras de sentido e de vias de trânsito,Atropelamento de peões,NÃO DEFINIDO,Inexistentes,NÃO DEFINIDO,Passagem de peões,Inexistentes,Betuminoso,Recta,Com inclinação,Berma pavimentada,Em plena via,Esquerda
2013686631,2013:01:08 19:15:00,01/08/00,01/01/00,01/01/00,Guarda Nacional Republicana,50.0,50.0,Terça-Feira  ,,,0,0,1,Estrada sem separador,Seco e limpo,Lisboa,Torres Vedras,Ventosa,Borrinheira,,EM - Estrada Municipal,EM555-1,Em estado regular,,Bom tempo,Dois sentidos,Fora da intersecção,Fora das localidades,"Noite, com iluminação",Sem marcas rodoviárias ou pouco visíveis,Despiste simples,NÃO DEFINIDO,Inexistentes,NÃO DEFINIDO,NÃO DEFINIDO,Inexistentes,Betuminoso,Recta,Em patamar,Sem berma ou impraticável,Na berma,Direita
20161014728,2016:01:08 22:16:00,01/08/00,01/01/00,01/01/00,Polícia de Segurança Pública,60.0,60.0,Sexta-Feira  ,"38,725355","-9,173517",0,0,1,Outra via,Molhado,Lisboa,Lisboa,Campolide,,,IP- Itinerário Principal,IP7,Em estado regular,"10,5",Chuva,Sentido único,Fora da intersecção,Fora das localidades,"Noite, com iluminação",Com marcas - separadoras de sentido de trânsito,Despiste com dispositivo de retenção,NÃO DEFINIDO,Inexistentes,No sentido crescente da quilometragem,Outros,Inexistentes,Betuminoso,Curva,Com inclinação,Berma pavimentada,Em plena via,Direita
2012597126,2012:01:14 17:20:00,01/14/00,01/01/00,01/01/00,Guarda Nacional Republicana,90.0,90.0,Sábado       ,"39,866628","-8,899780",0,0,3,Estrada sem separador,Húmido,Leiria,Leiria,Carvide,CARVIDE,,EN - Estrada Nacional,EN349,Em bom estado,5.7,Chuva,Dois sentidos,Fora da intersecção,Fora das localidades,Em pleno dia,Com marcas - separadoras de sentido de trânsito,Colisão lateral com outro veículo em movimento,NÃO DEFINIDO,Inexistentes,NÃO DEFINIDO,Proibição de ultrapassagem,Inexistentes,Betuminoso,Recta,Com inclinação,Sem berma ou impraticável,Em plena via,Direita
2011517825,2011:01:24 08:30:00,01/24/00,01/01/00,01/01/00,Guarda Nacional Republicana,120.0,120.0,Segunda-Feira,"37,174415","-8,626797",0,0,1,Auto-estrada,Molhado,Faro,Portimao,Mexilhoeira Grande,MEXILHOEIRA GRANDE,,A  - Auto-Estrada,A22,Em bom estado,12.1,Chuva,Sentido único,Fora da intersecção,Fora das localidades,Em pleno dia,Com marcas - separadoras de sentido e de vias de trânsito,Colisão traseira com outro veículo em movimento,NÃO DEFINIDO,Inexistentes,No sentido decrescente da quilometragem,Outros,Inexistentes,Betuminoso,Recta,Com inclinação,Berma pavimentada,Em plena via,Direita
2012596740,2012:01:13 12:50:00,01/13/00,01/01/00,01/01/00,Guarda Nacional Republicana,50.0,50.0,Sexta-Feira  ,"41,228730","-8,362052",0,0,1,Estrada sem separador,Seco e limpo,Porto,Paredes,Cristelo,CRISTELO,,EN - Estrada Nacional,EN319,Em bom estado,21.5,Bom tempo,Dois sentidos,Fora da intersecção,Dentro das localidades,Em pleno dia,Com marcas - separadoras de sentido de trânsito,Colisão traseira com outro veículo em movimento,NÃO DEFINIDO,Inexistentes,NÃO DEFINIDO,NÃO DEFINIDO,Intermitente,Betuminoso,Recta,Em patamar,Berma pavimentada,Em plena via,Direita
20191658349,2019:01:26 12:00:00,01/26/00,01/01/00,01/01/00,Polícia de Segurança Pública,30.0,30.0,Sábado       ,0,0,0,0,1,Estrada sem separador,Seco e limpo,Faro,Tavira,União das freguesias de Tavira (Santa Maria e Santiago),Tavira,Quinta do Morgado,Arruamento,0,Em mau estado,,Bom tempo,Dois sentidos,Fora da intersecção,Dentro das localidades,Em pleno dia,Sem marcas rodoviárias ou pouco visíveis,Despiste sem dispositivo de retenção,NÃO DEFINIDO,Inexistentes,NÃO DEFINIDO,Outros,Inexistentes,Terra batida,Recta,Em patamar,Berma não pavimentada,Em plena via,Direita
2014790961,2014:01:11 15:45:00,01/11/00,01/01/00,01/01/00,Guarda Nacional Republicana,50.0,50.0,Sábado       ,"41,793185","-7,941350",0,0,1,Estrada sem separador,Seco e limpo,Vila Real,Montalegre,Outeiro,Parada,Rua da Fecha,Arruamento,0,Em bom estado,,Bom tempo,Dois sentidos,Fora da intersecção,Dentro das localidades,Em pleno dia,Com marcas - separadoras de sentido de trânsito,Despiste sem dispositivo de retenção,NÃO DEFINIDO,Inexistentes,NÃO DEFINIDO,NÃO DEFINIDO,Inexistentes,Betuminoso,Curva,Com inclinação,Sem berma ou impraticável,Na berma,Direita
2015894487,2015:01:28 12:05:00,01/28/00,01/01/00,01/01/00,Polícia de Segurança Pública,50.0,50.0,Quarta-Feira ,"38,711040","-8,950963",0,0,1,Estrada sem separador,Seco e limpo,Setúbal,Montijo,União das freguesias de Montijo e Afonsoeiro,Montijo,Avenida Barbosa Du Bocage                                                                           ,Arruamento,0,Em bom estado,,Bom tempo,Dois sentidos,Em cruzamento,Dentro das localidades,Em pleno dia,Sem marcas rodoviárias ou pouco visíveis,Colisão com outras situações,NÃO DEFINIDO,Inexistentes,NÃO DEFINIDO,Stop,Inexistentes,Betuminoso,Recta,Em patamar,Berma pavimentada,Em plena via,Direita
20161023947,2016:01:28 14:00:00,01/28/00,01/01/00,01/01/00,Polícia de Segurança Pública,50.0,50.0,Quinta-Feira ,"38,756424","-9,249128",0,0,1,Estrada sem separador,Seco e limpo,Lisboa,Sintra,União das freguesias de Queluz e Belas,Queluz,Rua Dom Pedro IV                                                                                    ,Arruamento,0,Em bom estado,,Bom tempo,Dois sentidos,Em rotunda,Dentro das localidades,Em pleno dia,Com marcas - separadoras de sentido de trânsito,Colisão traseira com outro veículo em movimento,NÃO DEFINIDO,Inexistentes,NÃO DEFINIDO,Passagem de peões,Inexistentes,Betão de cimento,Curva,Em patamar,Berma pavimentada,Em plena via,Direita
2015887068,2015:01:20 16:30:00,01/20/00,01/01/00,01/01/00,Polícia de Segurança Pública,50.0,50.0,Terça-Feira  ,"40,228295","-8,375468",0,0,1,Estrada sem separador,Seco e limpo,Coimbra,Coimbra,Santo António dos Olivais,Coimbra,Rua 25 de Abril,Arruamento,0,Em estado regular,,Bom tempo,Dois sentidos,Em entroncamento,Dentro das localidades,Em pleno dia,Com marcas - separadoras de sentido e de vias de trânsito,Colisão lateral com outro veículo em movimento,NÃO DEFINIDO,Inexistentes,NÃO DEFINIDO,Outros,Inexistentes,Betuminoso,Curva,Com inclinação,Berma pavimentada,Em plena via,Direita
2014792671,2014:01:22 18:30:00,01/22/00,01/01/00,01/01/00,Guarda Nacional Republicana,50.0,50.0,Quarta-Feira ,"41,339790","-8,231640",0,0,1,Estrada sem separador,Seco e limpo,Braga,Braga,Gualtar,Gualtar,Rua da Estrada Nova,Arruamento,0,Em estado regular,,Bom tempo,Dois sentidos,Fora da intersecção,Dentro das localidades,"Noite, com iluminação",Sem marcas rodoviárias ou pouco visíveis,Atropelamento de peões,NÃO DEFINIDO,Inexistentes,NÃO DEFINIDO,Outros,A funcionar normalmente,Betuminoso,Recta,Em patamar,Berma pavimentada,Em plena via,Direita
2013662799,2013:01:24 09:45:00,01/24/00,01/01/00,01/01/00,Polícia de Segurança Pública,50.0,50.0,Quinta-Feira ,"0,00","0,00",0,0,1,Estrada sem separador,Molhado,Lisboa,Loures,Camarate,Camarate,Bairro das Loureiras ( Camarate ),Arruamento,0,Em bom estado,,Chuva,Dois sentidos,Fora da intersecção,Dentro das localidades,Em pleno dia,Sem marcas rodoviárias ou pouco visíveis,Colisão com outras situações,NÃO DEFINIDO,Inexistentes,NÃO DEFINIDO,Outros,Inexistentes,Betuminoso,Recta,Em patamar,Berma pavimentada,Em plena via,Direita
20191659378,2019:01:29 19:55:00,01/29/00,01/01/00,01/01/00,Polícia de Segurança Pública,50.0,50.0,Terça-Feira  ,"41,178303","-8,644246",0,0,1,Outra via,Seco e limpo,Porto,Porto,Ramalde,Porto,Rua Nagasaki                                                                                        ,Arruamento,0,Em estado regular,,Bom tempo,Sentido único,Fora da intersecção,Dentro das localidades,"Noite, com iluminação",Sem marcas rodoviárias ou pouco visíveis,Colisão com fuga,NÃO DEFINIDO,Inexistentes,No sentido decrescente da quilometragem,Outros,Inexistentes,Betuminoso,Recta,Em patamar,Sem berma ou impraticável,Em plena via,Direita
20161114500,2016:01:24 16:55:00,01/24/00,01/01/00,01/01/00,Guarda Nacional Republicana,90.0,90.0,Domingo      ,"38,433801","-7,463971",0,0,1,Estrada sem separador,Seco e limpo,Évora,Evora,São Bento do Mato,AZARUJA,,EN - Estrada Nacional,EN18,Em bom estado,"247,146",Bom tempo,Dois sentidos,Fora da intersecção,Fora das localidades,Em pleno dia,Com marcas - separadoras de sentido de trânsito,Despiste simples,NÃO DEFINIDO,Inexistentes,NÃO DEFINIDO,NÃO DEFINIDO,Inexistentes,Betuminoso,Recta,Em patamar,Berma pavimentada,Em plena via,Direita
2011501192,2010:01:16 12:20:00,01/16/00,01/01/00,01/01/00,Polícia de Segurança Pública,50.0,50.0,Sábado       ,"0,00","0,00",0,0,1,Outra via,NÃO DEFINIDO,Braga,Braga,Lamaçães,,Avª Frei Bartolomeu dos martires,Arruamento,0,NÃO DEFINIDO,,Chuva,Dois sentidos,NÃO DEFINIDO,Dentro das localidades,NÃO DEFINIDO,NÃO DEFINIDO,Colisão com outras situações,NÃO DEFINIDO,NÃO DEFINIDO,NÃO DEFINIDO,NÃO DEFINIDO,NÃO DEFINIDO,NÃO DEFINIDO,NÃO DEFINIDO,NÃO DEFINIDO,NÃO DEFINIDO,NÃO DEFINIDO,Esquerda
20171238441,2017:01:25 17:15:00,01/25/00,01/01/00,01/01/00,Guarda Nacional Republicana,50.0,50.0,Quarta-Feira ,"39,358832","-8,758937",0,0,1,Estrada sem separador,Seco e limpo,Santarém,Santarem,União das freguesias de Azoia de Cima e Tremês,,Rua 10 de Julho,Arruamento,0,Em bom estado,,Bom tempo,Dois sentidos,Em entroncamento,Dentro das localidades,Em pleno dia,Sem marcas rodoviárias ou pouco visíveis,Colisão frontal,NÃO DEFINIDO,Inexistentes,NÃO DEFINIDO,NÃO DEFINIDO,Inexistentes,Betuminoso,Recta,Em patamar,Sem berma ou impraticável,Em plena via,Direita
20191684843,2019:01:02 21:00:00,01/02/00,01/01/00,01/01/00,Guarda Nacional Republicana,50.0,50.0,Quarta-Feira ,"40,751220","-8,575622",0,0,1,Estrada sem separador,Húmido,Aveiro,Estarreja,União das freguesias de Beduído e Veiros,Beduído,Avenida Cidade de Estarreja,Arruamento,0,Em bom estado,,Bom tempo,Dois sentidos,Fora da intersecção,Dentro das localidades,"Noite, com iluminação",Sem marcas rodoviárias ou pouco visíveis,Colisão frontal,NÃO DEFINIDO,Inexistentes,NÃO DEFINIDO,NÃO DEFINIDO,Inexistentes,Betuminoso,Recta,Em patamar,Berma pavimentada,Em plena via,Direita
2014792250,2014:01:25 07:49:00,01/25/00,01/01/00,01/01/00,Guarda Nacional Republicana,50.0,50.0,Sábado       ,"38,381734","-9,009780",0,0,1,Estrada sem separador,Seco e limpo,Setúbal,Moita,Alhos Vedros,Arroteias,,EN - Estrada Nacional,EN11-2,Em bom estado,2.3,Bom tempo,Dois sentidos,Fora da intersecção,Dentro das localidades,Aurora ou crepúsculo,Sem marcas rodoviárias ou pouco visíveis,Despiste com capotamento,NÃO DEFINIDO,Inexistentes,NÃO DEFINIDO,Outros,Inexistentes,Betuminoso,Recta,Em patamar,Sem berma ou impraticável,Em plena via,Direita
2010443206,2010:01:19 14:00:00,01/19/00,01/01/00,01/01/00,Guarda Nacional Republicana,70.0,70.0,Terça-Feira  ,"38,651973","-9,052658",0,0,3,Outra via,Seco e limpo,Setúbal,Barreiro,Lavradio,LAVRADIO,,IC - Itinerário Complementar,IC21,Em bom estado,8.3,Bom tempo,Sentido único,Em cruzamento,Fora das localidades,Em pleno dia,Com marcas - separadoras de sentido e de vias de trânsito,Colisão lateral com outro veículo em movimento,NÃO DEFINIDO,Inexistentes,No sentido crescente da quilometragem,Stop,A funcionar normalmente,Betuminoso,Recta,Com inclinação,Berma pavimentada,Em plena via,Esquerda
2010430900,2010:01:31 20:45:00,01/31/00,01/01/00,01/01/00,Polícia de Segurança Pública,50.0,50.0,Domingo      ,"0,00","0,00",0,0,1,Estrada sem separador,Seco e limpo,Aveiro,Aveiro,Esgueira,,Rotunda do Estadio da Aveiro,Arruamento,0,Em bom estado,,Bom tempo,Sentido único,Em rotunda,Dentro das localidades,"Noite, com iluminação",Com marcas - separadoras de sentido e de vias de trânsito,Despiste simples,NÃO DEFINIDO,Inexistentes,NÃO DEFINIDO,NÃO DEFINIDO,Inexistentes,Betuminoso,Curva,Em patamar,Sem berma ou impraticável,Em plena via,Esquerda
20181366396,2018:01:11 15:10:00,01/11/00,01/01/00,01/01/00,Guarda Nacional Republicana,50.0,50.0,Quinta-Feira ,"41,510908","-7,995348",0,0,1,Estrada sem separador,Seco e limpo,Braga,Cabeceiras de Basto,"União das freguesias de Refojos de Basto, Outeiro e Painzela",Cabeceiras de Basto,Rua do Pinheiro,Arruamento,0,Em bom estado,,Bom tempo,Sentido único,Em rotunda,Dentro das localidades,Em pleno dia,Com marcas - separadoras de sentido de trânsito,Colisão lateral com outro veículo em movimento,NÃO DEFINIDO,Inexistentes,NÃO DEFINIDO,Cedência de passagem,Inexistentes,Betuminoso,Curva,Com inclinação,Berma pavimentada,Em plena via,Direita