Id. Acidente,Datahora,Dia,Mês,Hora,Entidades Fiscalizadoras,Velocidade local,Velocidade geral,Dia da Semana,Latitude GPS,Longitude GPS,Num. Mortos a 30 dias,Num. Feridos graves a 30 dias,Num. Feridos ligeiros a 30 dias,Características Tecnicas1,Cond Aderência,Distrito,Concelho,Freguesia,Pov. Proxima,Nome arruamento,Tipos Vias,Cod Via,Estado Conservação,Km,Factores Atmosféricos,Reg Circulação1,Intersecção Vias,Localizações,Luminosidade,Marca Via,Natureza,Obras Arte,Obstáculos,Sentidos,Sinais,Sinais Luminosos,Tipo Piso,Traçado 1,Traçado 2,Traçado 3,Traçado 4,Via Trânsito
2014875165,2014:01:02 20:30:00,01/02/00,01/01/00,01/01/00,Polícia de Segurança Pública,50.0,50.0,Quinta-Feira ,"38,748480","-9,233340",0,0,1,Estrada sem separador,Molhado,Lisboa,Amadora,Reboleira,,Rua Dona Inês de Castro,Arruamento,0,Em estado regular,,Chuva,Sentido único,Fora da intersecção,Dentro das localidades,"Noite, com iluminação",Sem marcas rodoviárias ou pouco visíveis,Atropelamento de peões,NÃO DEFINIDO,Inexistentes,NÃO DEFINIDO,Outros,Inexistentes,Betuminoso,Recta,Em patamar,Sem berma ou impraticável,Em plena via,Direita
20171236900,2017:01:17 09:00:00,01/17/00,01/01/00,01/01/00,Guarda Nacional Republicana,50.0,50.0,Terça-Feira  ,"41,536277","-8,516718",0,0,2,Estrada sem separador,Seco e limpo,Braga,Barcelos,Martim,MARTIM,Avenida Santo António,Arruamento,0,Em estado regular,,Bom tempo,Dois sentidos,Em entroncamento,Dentro das localidades,Em pleno dia,Com marcas - separadoras de sentido de trânsito,Colisão com veiculo ou obstáculo na faixa de rodagem,NÃO DEFINIDO,Inexistentes,NÃO DEFINIDO,Stop,Inexistentes,Betuminoso,Recta,Em patamar,Sem berma ou impraticável,Em plena via,Direita
2012578354,2012:01:05 03:50:00,01/05/00,01/01/00,01/01/00,Polícia de Segurança Pública,50.0,50.0,Quinta-Feira ,"0,00","0,00",0,0,1,Estrada sem separador,Húmido,Lisboa,Loures,Camarate,Camarate,Rua Pêro Escobar                                                                                    ,Arruamento,0,Em estado regular,,Bom tempo,Dois sentidos,Em entroncamento,Dentro das localidades,"Noite, com iluminação",Sem marcas rodoviárias ou pouco visíveis,Despiste sem dispositivo de retenção,NÃO DEFINIDO,Inexistentes,NÃO DEFINIDO,NÃO DEFINIDO,Inexistentes,Betuminoso,Curva,Com inclinação,Berma não pavimentada,Em plena via,Direita
20191652010,2019:01:06 13:10:00,01/06/00,01/01/00,01/01/00,Polícia de Segurança Pública,50.0,50.0,Domingo      ,"41,161558","-8,632113",0,0,1,Estrada sem separador,Seco e limpo,Porto,Porto,"União das freguesias de Cedofeita, Santo Ildefonso, Sé, Miragaia, São Nicolau e Vitória",Porto,Rua 5 de Outubro                                                                                    ,Arruamento,0,Em estado regular,,Bom tempo,Sentido único,Fora da intersecção,Dentro das localidades,Em pleno dia,Com marcas - separadoras de sentido e de vias de trânsito,Colisão lateral com outro veículo em movimento,NÃO DEFINIDO,Inexistentes,NÃO DEFINIDO,Outros,Inexistentes,Betuminoso,Recta,Com inclinação,Berma pavimentada,Em plena via,Direita
2015930389,2015:01:15 09:20:00,01/15/00,01/01/00,01/01/00,Guarda Nacional Republicana,50.0,50.0,Quinta-Feira ,"41,146970","-8,193017",0,0,1,Estrada sem separador,Molhado,Porto,Paredes,Beire,,Avª Padre Américo,Arruamento,0,Em bom estado,,Chuva,Dois sentidos,Fora da intersecção,Dentro das localidades,Em pleno dia,Com marcas - separadoras de sentido de trânsito,Colisão traseira com outro veículo em movimento,NÃO DEFINIDO,Inexistentes,NÃO DEFINIDO,NÃO DEFINIDO,Inexistentes,Betuminoso,Recta,Em patamar,Sem berma ou impraticável,Em plena via,Direita
20171239752,2017:01:31 08:00:00,01/31/00,01/01/00,01/01/00,Guarda Nacional Republicana,50.0,50.0,Terça-Feira  ,"40,988522","-8,489165",0,0,1,Estrada sem separador,Húmido,Aveiro,Santa Maria da Feira,"União das freguesias de Lobão, Gião, Louredo e Guisande",RUA SÃO JOÃO,Rua São João,Arruamento,0,Em estado regular,,Chuva,Dois sentidos,Em entroncamento,Dentro das localidades,Em pleno dia,Sem marcas rodoviárias ou pouco visíveis,Colisão lateral com outro veículo em movimento,NÃO DEFINIDO,Inexistentes,NÃO DEFINIDO,NÃO DEFINIDO,Inexistentes,Betuminoso,Curva,Em patamar,Sem berma ou impraticável,Em plena via,Direita
2015932310,2015:01:28 08:20:00,01/28/00,01/01/00,01/01/00,Guarda Nacional Republicana,50.0,50.0,Quarta-Feira ,"40,379347","-8,414041",0,0,1,Estrada sem separador,Seco e limpo,Aveiro,Ilhavo,Gafanha da Nazaré,,Avª dos Bacalhoeiros,Arruamento,0,Em bom estado,,Bom tempo,Sentido único,Fora da intersecção,Dentro das localidades,Em pleno dia,Sem marcas rodoviárias ou pouco visíveis,Despiste simples,NÃO DEFINIDO,Inexistentes,NÃO DEFINIDO,NÃO DEFINIDO,Inexistentes,Betuminoso,Curva,Em patamar,Sem berma ou impraticável,Em plena via,Direita
2011516332,2011:01:23 14:00:00,01/23/00,01/01/00,01/01/00,Guarda Nacional Republicana,50.0,50.0,Domingo      ,,,0,0,2,Estrada sem separador,Seco e limpo,Aveiro,Aveiro,Eixo,AZURVA,R DR JOSE MARQUES DA GRAÇA,Arruamento,0,Em bom estado,,Bom tempo,Dois sentidos,Fora da intersecção,Dentro das localidades,Em pleno dia,Com marcas - separadoras de sentido de trânsito,Colisão com veiculo ou obstáculo na faixa de rodagem,NÃO DEFINIDO,Inexistentes,NÃO DEFINIDO,NÃO DEFINIDO,Inexistentes,Betuminoso,Recta,Em patamar,Berma pavimentada,Em plena via,Direita
2011516379,2011:01:25 14:30:00,01/25/00,01/01/00,01/01/00,Guarda Nacional Republicana,50.0,50.0,Terça-Feira  ,,,0,0,1,Estrada sem separador,Seco e limpo,Aveiro,Oliveira de Azemeis,Fajões,CESAR,AV SRA DA RIBEIRA,Arruamento,0,Em bom estado,,Bom tempo,Dois sentidos,Fora da intersecção,Dentro das localidades,Em pleno dia,Sem marcas rodoviárias ou pouco visíveis,Colisão lateral com outro veículo em movimento,NÃO DEFINIDO,Inexistentes,NÃO DEFINIDO,NÃO DEFINIDO,Inexistentes,Betuminoso,Recta,Em patamar,Sem berma ou impraticável,Em plena via,Direita
2010438762,2010:01:01 04:30:00,01/01/00,01/01/00,01/01/00,Guarda Nacional Republicana,90.0,90.0,Sexta-Feira  ,"40,321348","-7,429487",0,0,5,Estrada sem separador,Com água acumulada na faixa de rodagem,Castelo Branco,Covilha,Covilhã (Conceição),COVILHA,,EN - Estrada Nacional,EN18,Em bom estado,42.4,Chuva,Dois sentidos,Fora da intersecção,Fora das localidades,"Noite, sem iluminação",Com marcas - separadoras de sentido de trânsito,Colisão com veiculo ou obstáculo na faixa de rodagem,NÃO DEFINIDO,Inexistentes,NÃO DEFINIDO,Outros,Inexistentes,Betuminoso,Recta,Em patamar,Berma não pavimentada,Em plena via,Direita
20161115439,2016:01:29 15:35:00,01/29/00,01/01/00,01/01/00,Guarda Nacional Republicana,50.0,50.0,Sexta-Feira  ,"41,306690","-8,289565",0,0,1,Estrada sem separador,Seco e limpo,Braga,Braga,Tadim,RUA GENERAL HUMBERTO DELGADO,rua general humberto delgado,Arruamento,0,Em bom estado,,Bom tempo,Sentido único,Fora da intersecção,Dentro das localidades,Em pleno dia,Com marcas - separadoras de sentido de trânsito,Colisão com veiculo ou obstáculo na faixa de rodagem,NÃO DEFINIDO,Inexistentes,NÃO DEFINIDO,NÃO DEFINIDO,Inexistentes,Betuminoso,Recta,Em patamar,Sem berma ou impraticável,Em plena via,Direita
2010443084,2010:01:24 18:30:00,01/24/00,01/01/00,01/01/00,Guarda Nacional Republicana,50.0,50.0,Domingo      ,"38,931072","-9,252518",0,0,1,Estrada sem separador,Seco e limpo,Lisboa,Mafra,Malveira,MALVEIRA,,EN - Estrada Nacional,EN8,Em bom estado,21.85,Bom tempo,Dois sentidos,Fora da intersecção,Dentro das localidades,"Noite, com iluminação",Com marcas - separadoras de sentido de trânsito,Atropelamento de peões,NÃO DEFINIDO,Inexistentes,NÃO DEFINIDO,Passagem de peões,Inexistentes,Betuminoso,Recta,Em patamar,Berma pavimentada,Em plena via,Direita
2012582707,2012:01:20 07:52:00,01/20/00,01/01/00,01/01/00,Polícia de Segurança Pública,50.0,50.0,Sexta-Feira  ,"0,00","0,00",0,0,1,Estrada sem separador,Húmido,Lisboa,Amadora,Brandoa,,Rua Luís Vaz de Camões                                                                              ,Arruamento,0,Em estado regular,,Bom tempo,Dois sentidos,Em cruzamento,Dentro das localidades,Aurora ou crepúsculo,Com marcas - separadoras de sentido e de vias de trânsito,Colisão com outras situações,NÃO DEFINIDO,Inexistentes,NÃO DEFINIDO,Outros,Inexistentes,Betuminoso,Recta,Em patamar,Berma pavimentada,Em plena via,Direita
2013682083,2013:01:10 04:27:00,01/10/00,01/01/00,01/01/00,Guarda Nacional Republicana,50.0,50.0,Quinta-Feira ,,,0,0,2,Estrada sem separador,Molhado,Aveiro,Ilhavo,Gafanha da Nazaré,Praia da Barra (rotunda da Barra),,Outra Via,0,Em bom estado,,Chuva,Sentido único,Em rotunda,Dentro das localidades,"Noite, sem iluminação",Com marcas - separadoras de sentido de trânsito,Despiste com capotamento,NÃO DEFINIDO,Inexistentes,NÃO DEFINIDO,NÃO DEFINIDO,Inexistentes,Betuminoso,NÃO DEFINIDO,NÃO DEFINIDO,Berma pavimentada,Na berma,Direita
20191655339,2019:01:10 20:00:00,01/10/00,01/01/00,01/01/00,Polícia de Segurança Pública,50.0,50.0,Quinta-Feira ,"0,0","0,0",0,0,1,Estrada sem separador,Seco e limpo,Lisboa,Amadora,Alfragide,Amadora,Rua Cidade de Córdova                                                                               ,Arruamento,0,Em estado regular,,Bom tempo,Sentido único,Fora da intersecção,Dentro das localidades,"Noite, com iluminação",Sem marcas rodoviárias ou pouco visíveis,Despiste sem dispositivo de retenção,NÃO DEFINIDO,Inexistentes,NÃO DEFINIDO,Outros,Inexistentes,Calçada,Curva,Em patamar,Sem berma ou impraticável,Em plena via,Direita
2010422561,2010:01:09 08:35:00,01/09/00,01/01/00,01/01/00,Polícia de Segurança Pública,50.0,50.0,Sábado       ,"0,00","0,00",0,0,1,Outra via,Húmido,Coimbra,Coimbra,Santo António dos Olivais,,Avenida Professor Gouveia Monteiro,Arruamento,0,Em estado regular,,Neve,Dois sentidos,NÃO DEFINIDO,Dentro das localidades,Em pleno dia,Com marcas - separadoras de sentido e de vias de trânsito,Despiste com capotamento,NÃO DEFINIDO,NÃO DEFINIDO,No sentido decrescente da quilometragem,Outros,Inexistentes,Betuminoso,Curva,Com inclinação,Berma pavimentada,Em plena via,Direita
2011517541,2011:01:06 13:10:00,01/06/00,01/01/00,01/01/00,Guarda Nacional Republicana,50.0,50.0,Quinta-Feira ,,,0,0,1,Estrada sem separador,Molhado,Porto,Amarante,Amarante (São Gonçalo),AMARANTE,R AGOSTINHO GONÇALVES ABREU,Arruamento,0,Em estado regular,,Chuva,Dois sentidos,Fora da intersecção,Dentro das localidades,Em pleno dia,Com marcas - separadoras de sentido de trânsito,Atropelamento de peões,NÃO DEFINIDO,Inexistentes,NÃO DEFINIDO,Outros,Inexistentes,Betuminoso,Recta,Com inclinação,Sem berma ou impraticável,Em plena via,Direita
2012597640,2012:01:19 08:20:00,01/19/00,01/01/00,01/01/00,Guarda Nacional Republicana,50.0,50.0,Quinta-Feira ,,,0,0,1,Estrada sem separador,Húmido,Braga,Barcelos,Vila Cova,BARCELOS,R DE MORECES,Arruamento,0,Em bom estado,,Bom tempo,Dois sentidos,Fora da intersecção,Dentro das localidades,Em pleno dia,Sem marcas rodoviárias ou pouco visíveis,Colisão lateral com outro veículo em movimento,NÃO DEFINIDO,Inexistentes,NÃO DEFINIDO,Outros,Inexistentes,Betuminoso,Curva,Em patamar,Sem berma ou impraticável,Em plena via,NÃO DEFINIDO
2013679043,2013:01:29 17:39:00,01/29/00,01/01/00,01/01/00,Guarda Nacional Republicana,50.0,50.0,Terça-Feira  ,,,0,0,1,Estrada sem separador,Seco e limpo,Santarém,Abrantes,Aldeia do Mato,Carreira do Mato,Rua do Zezaro,Arruamento,0,Em bom estado,,Bom tempo,Dois sentidos,Fora da intersecção,Dentro das localidades,Em pleno dia,Sem marcas rodoviárias ou pouco visíveis,Despiste simples,NÃO DEFINIDO,Inexistentes,NÃO DEFINIDO,NÃO DEFINIDO,Inexistentes,Betuminoso,Recta,Com inclinação,Sem berma ou impraticável,Em plena via,Direita
20171238909,2017:01:27 14:00:00,01/27/00,01/01/00,01/01/00,Guarda Nacional Republicana,50.0,50.0,Sexta-Feira  ,"41,799358","-8,407895",0,0,1,Estrada sem separador,Molhado,Viana do Castelo,Ponte da Barca,"União das freguesias de Ponte da Barca, Vila Nova de Muía e Paço Vedro de Magalhães",,,EN - Estrada Nacional,EN101,Em estado regular,"58,2",Chuva,Dois sentidos,Fora da intersecção,Dentro das localidades,Em pleno dia,Com marcas - separadoras de sentido de trânsito,Colisão traseira com outro veículo em movimento,NÃO DEFINIDO,Inexistentes,NÃO DEFINIDO,Outros,A funcionar normalmente,Betuminoso,Recta,Em patamar,Sem berma ou impraticável,Em plena via,Direita
20161111640,2016:01:09 21:00:00,01/09/00,01/01/00,01/01/00,Guarda Nacional Republicana,50.0,50.0,Sábado       ,"41,037542","-8,342095",0,0,2,Estrada sem separador,Seco e limpo,Porto,Vila Nova de Gaia,União das freguesias de Pedroso e Seixezelo,SRº DO MONTE,,EN - Estrada Nacional,EN1,Em estado regular,"294,7",Chuva,Dois sentidos,Fora da intersecção,Dentro das localidades,"Noite, sem iluminação",Sem marcas rodoviárias ou pouco visíveis,Atropelamento de peões,NÃO DEFINIDO,Inexistentes,NÃO DEFINIDO,NÃO DEFINIDO,Inexistentes,Betuminoso,Recta,Em patamar,Sem berma ou impraticável,Em plena via,Direita
20181366631,2018:01:12 15:00:00,01/12/00,01/01/00,01/01/00,Guarda Nacional Republicana,50.0,90.0,Sexta-Feira  ,"41,510667","-8,433916",0,0,1,Estrada sem separador,Seco e limpo,Braga,Braga,Figueiredo,Esporões,,EN - Estrada Nacional,EN309,Em bom estado,"31,7",Bom tempo,Dois sentidos,Fora da intersecção,Dentro das localidades,Em pleno dia,Com marcas - separadoras de sentido de trânsito,Despiste com capotamento,NÃO DEFINIDO,Inexistentes,NÃO DEFINIDO,Passagem de peões,Inexistentes,Betuminoso,Recta,Em patamar,Sem berma ou impraticável,Na berma,Direita
2014791343,2014:01:08 19:30:00,01/08/00,01/01/00,01/01/00,Guarda Nacional Republicana,80.0,120.0,Quarta-Feira ,"41,055181","-8,347005",0,0,1,Auto-estrada,Seco e limpo,Porto,Vila Nova de Gaia,Vilar de Andorinho,,,A  - Auto-Estrada,A29,Em bom estado,52.65,Bom tempo,Sentido único,Fora da intersecção,Fora das localidades,"Noite, sem iluminação",Com marcas - separadoras de sentido e de vias de trânsito,Despiste com dispositivo de retenção,NÃO DEFINIDO,Inexistentes,No sentido decrescente da quilometragem,NÃO DEFINIDO,Inexistentes,Betuminoso,Curva,Com inclinação,Berma pavimentada,Em plena via,Central
2010442630,2010:01:07 17:30:00,01/07/00,01/01/00,01/01/00,Guarda Nacional Republicana,70.0,70.0,Quinta-Feira ,"38,569545","-9,099923",0,0,1,Estrada sem separador,Seco e limpo,Setúbal,Seixal,Fernão Ferro,FERNAO FERRO,,EN - Estrada Nacional,EN378,Em estado regular,8.7,Bom tempo,Dois sentidos,Fora da intersecção,Dentro das localidades,Aurora ou crepúsculo,Com marcas - separadoras de sentido e de vias de trânsito,Colisão traseira com outro veículo em movimento,NÃO DEFINIDO,Inexistentes,NÃO DEFINIDO,Proibição de ultrapassagem,Inexistentes,Betuminoso,Recta,Em patamar,Sem berma ou impraticável,Em plena via,Direita
20171151015,2017:01:02 15:30:00,01/02/00,01/01/00,01/01/00,Polícia de Segurança Pública,50.0,50.0,Segunda-Feira,"40,214750","-8,435118",0,0,1,Outra via,Molhado,Coimbra,Coimbra,"União das freguesias de Coimbra (Sé Nova, Santa Cruz, Almedina e São Bartolomeu)",Coimbra,Avenida Fernão Magalhães,Arruamento,0,Em estado regular,,Chuva,Sentido único,Fora da intersecção,Dentro das localidades,Em pleno dia,Com marcas - separadoras de sentido e de vias de trânsito,Colisão lateral com outro veículo em movimento,NÃO DEFINIDO,Inexistentes,No sentido crescente da quilometragem,Outros,Inexistentes,Betuminoso,Recta,Em patamar,Berma pavimentada,Em plena via,Direita
2014790418,2014:01:03 18:50:00,01/03/00,01/01/00,01/01/00,Guarda Nacional Republicana,50.0,50.0,Sexta-Feira  ,"39,143016","-9,187551",0,0,1,Estrada sem separador,Molhado,Lisboa,Lourinha,Lourinhã,Lourinhã,Avª de Angola,Arruamento,0,Em estado regular,,Chuva,Dois sentidos,Fora da intersecção,Dentro das localidades,"Noite, sem iluminação",Com marcas - separadoras de sentido de trânsito,Atropelamento de peões,NÃO DEFINIDO,Inexistentes,NÃO DEFINIDO,Passagem de peões,Inexistentes,Betuminoso,Recta,Com inclinação,Sem berma ou impraticável,Em plena via,Direita
2011519274,2011:01:26 10:40:00,01/26/00,01/01/00,01/01/00,Guarda Nacional Republicana,90.0,90.0,Quarta-Feira ,,,0,0,1,Estrada sem separador,Seco e limpo,Portalegre,Ponte de Sor,Ponte de Sor,VALE DA BICA,,EN - Estrada Nacional,EN2,Em bom estado,430.5,Bom tempo,Dois sentidos,Fora da intersecção,Fora das localidades,Em pleno dia,Sem marcas rodoviárias ou pouco visíveis,Despiste simples,NÃO DEFINIDO,Inexistentes,NÃO DEFINIDO,Proibição de ultrapassagem,Inexistentes,Betuminoso,Curva,Em patamar,Berma não pavimentada,Em plena via,Direita
20191679076,2019:01:28 08:40:00,01/28/00,01/01/00,01/01/00,Guarda Nacional Republicana,50.0,50.0,Segunda-Feira,"40,656590","-7,912471",0,0,1,Estrada sem separador,Molhado,Viseu,Viseu,União das freguesias de Barreiros e Cepões,Cepões,Estrada do Marcão 12,Arruamento,0,Em estado regular,,Chuva,Dois sentidos,Fora da intersecção,Dentro das localidades,Em pleno dia,Com marcas - separadoras de sentido de trânsito,Colisão com outras situações,NÃO DEFINIDO,Inexistentes,NÃO DEFINIDO,NÃO DEFINIDO,Inexistentes,Betuminoso,Recta,Em patamar,Berma pavimentada,Em plena via,Direita
20181348390,2018:01:16 18:44:00,01/16/00,01/01/00,01/01/00,Polícia de Segurança Pública,50.0,50.0,Terça-Feira  ,"40,554812","-7,247104",0,0,1,Estrada sem separador,Seco e limpo,Guarda,Guarda,Guarda,Guarda,Rua do Facheiro,Arruamento,0,Em bom estado,,Bom tempo,Dois sentidos,Fora da intersecção,Dentro das localidades,"Noite, com iluminação",Com marcas - separadoras de sentido e de vias de trânsito,Colisão traseira com outro veículo em movimento,NÃO DEFINIDO,Inexistentes,NÃO DEFINIDO,Passagem de peões,Inexistentes,Betuminoso,Recta,Em patamar,Berma pavimentada,Em plena via,Direita
2010460921,2010:01:13 21:00:00,01/13/00,01/01/00,01/01/00,Polícia de Segurança Pública,80.0,80.0,Quarta-Feira ,"0,00","0,00",0,0,2,Outra via,Seco e limpo,Lisboa,Lisboa,Benfica,,Avenida General Norton de Matos,Arruamento,0,Em bom estado,,Chuva,Dois sentidos,Em entroncamento,Dentro das localidades,"Noite, com iluminação",Com marcas - separadoras de sentido de trânsito,Despiste com dispositivo de retenção,Viaduto/Ponte,Inexistentes,NÃO DEFINIDO,NÃO DEFINIDO,Inexistentes,Betuminoso,Curva,Com inclinação,Berma pavimentada,Na berma,Direita
2012595235,2012:01:11 09:40:00,01/11/00,01/01/00,01/01/00,Guarda Nacional Republicana,90.0,90.0,Quarta-Feira ,,,1,0,0,Estrada sem separador,Húmido,Évora,Vila Vicosa,Ciladas,SAO ROMAO,,EM - Estrada Municipal,EM509,Em estado regular,,Bom tempo,Dois sentidos,Fora da intersecção,Fora das localidades,Em pleno dia,Com marcas - separadoras de sentido de trânsito,Despiste com colisão com veículo imobil. ou obstáculo,NÃO DEFINIDO,Inexistentes,NÃO DEFINIDO,Outros,Inexistentes,Betuminoso,Curva,Em patamar,Berma pavimentada,Em plena via,Direita
2011506090,2011:01:19 10:10:00,01/19/00,01/01/00,01/01/00,Polícia de Segurança Pública,50.0,50.0,Quarta-Feira ,"0,00","0,00",0,1,0,Estrada sem separador,Húmido,Lisboa,Oeiras,Porto Salvo,Porto Salvo,Avenida Professor Doutor Cavaco Silva,Arruamento,0,Em estado regular,,Bom tempo,Dois sentidos,Fora da intersecção,Dentro das localidades,Em pleno dia,Com marcas - separadoras de sentido e de vias de trânsito,Atropelamento de peões,NÃO DEFINIDO,Inexistentes,NÃO DEFINIDO,Passagem de peões,Inexistentes,Betuminoso,Recta,Em patamar,Berma pavimentada,Em plena via,Direita
2010438805,2010:01:05 08:40:00,01/05/00,01/01/00,01/01/00,Guarda Nacional Republicana,40.0,40.0,Terça-Feira  ,,,0,0,1,Estrada sem separador,Molhado,Bragança,Torre de Moncorvo,Larinho,LARINHO,R DR JOAO LEANDRO,Arruamento,0,Em bom estado,,Chuva,Dois sentidos,Fora da intersecção,Dentro das localidades,Em pleno dia,Sem marcas rodoviárias ou pouco visíveis,Colisão lateral com outro veículo em movimento,NÃO DEFINIDO,Inexistentes,NÃO DEFINIDO,NÃO DEFINIDO,Inexistentes,Betuminoso,Recta,Com inclinação,Berma pavimentada,Em plena via,Direita
2015930860,2015:01:16 14:50:00,01/16/00,01/01/00,01/01/00,Guarda Nacional Republicana,90.0,120.0,Sexta-Feira  ,"41,075929","-8,381561",0,0,2,Auto-estrada,Húmido,Porto,Vila Nova de Gaia,Canidelo,Devesas,,A  - Auto-Estrada,A1,Em estado regular,300.2,Bom tempo,Sentido único,Fora da intersecção,Fora das localidades,Em pleno dia,Com marcas - separadoras de sentido e de vias de trânsito,Colisão traseira com outro veículo em movimento,NÃO DEFINIDO,Inexistentes,No sentido decrescente da quilometragem,Outros,Inexistentes,Betuminoso,Recta,Em patamar,Berma pavimentada,Em plena via,Direita
2010442679,2010:01:14 12:30:00,01/14/00,01/01/00,01/01/00,Guarda Nacional Republicana,50.0,50.0,Quinta-Feira ,"41,223452","-8,238156",0,0,2,Estrada sem separador,Seco e limpo,Porto,Penafiel,Croca,CROCA,,EN - Estrada Nacional,EN15,Em bom estado,36.1,Bom tempo,Dois sentidos,Fora da intersecção,Dentro das localidades,Em pleno dia,Com marcas - separadoras de sentido de trânsito,Colisão traseira com outro veículo em movimento,NÃO DEFINIDO,Inexistentes,NÃO DEFINIDO,NÃO DEFINIDO,Inexistentes,Betuminoso,Recta,Em patamar,Berma pavimentada,Em plena via,Direita
20181367797,2018:01:18 13:10:00,01/18/00,01/01/00,01/01/00,Guarda Nacional Republicana,50.0,50.0,Quinta-Feira ,"41,103954","-8,551733",0,0,1,Estrada sem separador,Seco e limpo,Porto,Vila Nova de Gaia,Avintes,Avintes,Rua 5 de Outubro,Arruamento,0,Em bom estado,,Bom tempo,Dois sentidos,Fora da intersecção,Dentro das localidades,Em pleno dia,Com marcas - separadoras de sentido de trânsito,Colisão frontal,NÃO DEFINIDO,Inexistentes,NÃO DEFINIDO,NÃO DEFINIDO,Inexistentes,Betuminoso,Recta,Em patamar,Berma pavimentada,Em plena via,Direita
2014762876,2014:01:22 09:05:00,01/22/00,01/01/00,01/01/00,Polícia de Segurança Pública,50.0,50.0,Quarta-Feira ,"38,820169","-9,147501",0,0,4,Estrada sem separador,Seco e limpo,Lisboa,Loures,Frielas,Frielas,Rua 28 de Setembro                                                                                  ,Arruamento,0,Em estado regular,,Bom tempo,Dois sentidos,Fora da intersecção,Dentro das localidades,Em pleno dia,Com marcas - separadoras de sentido de trânsito,Colisão traseira com outro veículo em movimento,NÃO DEFINIDO,Inexistentes,NÃO DEFINIDO,Passagem de peões,Inexistentes,Betuminoso,Recta,Em patamar,Sem berma ou impraticável,Em plena via,Direita
20171237020,2017:01:17 18:00:00,01/17/00,01/01/00,01/01/00,Guarda Nacional Republicana,90.0,90.0,Terça-Feira  ,"40,621328","-8,461598",0,0,1,Estrada sem separador,Seco e limpo,Aveiro,Agueda,"União das freguesias de Trofa, Segadães e Lamas do Vouga",MOURISCA DO VOUGA,,EN - Estrada Nacional,EN1,Em estado regular,"238,113",Bom tempo,Dois sentidos,Em cruzamento,Fora das localidades,"Noite, sem iluminação",Com marcas - separadoras de sentido e de vias de trânsito,Colisão lateral com outro veículo em movimento,NÃO DEFINIDO,Inexistentes,NÃO DEFINIDO,Stop,A funcionar normalmente,Betuminoso,Recta,Em patamar,Berma pavimentada,Em plena via,Esquerda
2015931361,2015:01:24 21:35:00,01/24/00,01/01/00,01/01/00,Guarda Nacional Republicana,70.0,100.0,Sábado       ,"40,172968","-8,267582",0,0,3,Estrada sem separador,Seco e limpo,Coimbra,Coimbra,União das freguesias de Souselas e Botão,Sargento Mor,,IC - Itinerário Complementar,IC2,Em mau estado,198.8,Bom tempo,Dois sentidos,Fora da intersecção,Fora das localidades,"Noite, sem iluminação",Com marcas - separadoras de sentido e de vias de trânsito,Colisão traseira com outro veículo em movimento,NÃO DEFINIDO,Inexistentes,NÃO DEFINIDO,Outros,A funcionar normalmente,Betuminoso,Recta,Em patamar,Sem berma ou impraticável,Em plena via,Direita
20171187315,2017:01:30 10:00:00,01/30/00,01/01/00,01/01/00,Polícia de Segurança Pública,50.0,50.0,Segunda-Feira,"41,214370","-8,623901",0,0,1,Estrada sem separador,Molhado,Porto,Matosinhos,"União das freguesias de Custóias, Leça do Balio e Guifões",Leça do Balio,Rua Lionesa                                                                                         ,Arruamento,0,Em estado regular,,Chuva,Dois sentidos,Fora da intersecção,Dentro das localidades,Em pleno dia,Sem marcas rodoviárias ou pouco visíveis,Colisão com outras situações,NÃO DEFINIDO,Inexistentes,NÃO DEFINIDO,NÃO DEFINIDO,Inexistentes,Calçada,Recta,Em patamar,Berma pavimentada,Em plena via,Direita
20171238004,2017:01:23 10:25:00,01/23/00,01/01/00,01/01/00,Guarda Nacional Republicana,50.0,50.0,Segunda-Feira,"40,363250","-8,453410",0,0,2,Estrada sem separador,Seco e limpo,Aveiro,Mealhada,"União das freguesias da Mealhada, Ventosa do Bairro e Antes",MEALHADA,,IC - Itinerário Complementar,IC2,Em bom estado,"207,5",Bom tempo,Dois sentidos,Fora da intersecção,Dentro das localidades,Em pleno dia,Com marcas - separadoras de sentido de trânsito,Colisão traseira com outro veículo em movimento,NÃO DEFINIDO,Inexistentes,NÃO DEFINIDO,NÃO DEFINIDO,Inexistentes,Betuminoso,Recta,Em patamar,Berma pavimentada,Em plena via,Direita
2014791288,2014:01:10 20:45:00,01/10/00,01/01/00,01/01/00,Guarda Nacional Republicana,50.0,50.0,Sexta-Feira  ,"41,202964","-8,409180",0,0,1,NÃO DEFINIDO,Seco e limpo,Porto,Vila do Conde,Macieira da Maia,Fajozes,Largo de Vilarinho,Arruamento,0,Em bom estado,,Bom tempo,Dois sentidos,Fora da intersecção,Dentro das localidades,"Noite, com iluminação",Com marcas - separadoras de sentido de trânsito,Colisão choque em cadeia,NÃO DEFINIDO,Inexistentes,NÃO DEFINIDO,Outros,A funcionar normalmente,Betão de cimento,Recta,Em patamar,Berma pavimentada,Em plena via,Direita
20191684772,2019:01:03 07:15:00,01/03/00,01/01/00,01/01/00,Guarda Nacional Republicana,50.0,50.0,Quinta-Feira ,"38,929470","-9,248305",1,0,0,Estrada sem separador,Húmido,Lisboa,Mafra,União das freguesias de Malveira e São Miguel de Alcainça,Malveira,,EN - Estrada Nacional,EN8,Em bom estado,"21,5",Bom tempo,Dois sentidos,Fora da intersecção,Dentro das localidades,Aurora ou crepúsculo,Com marcas - separadoras de sentido de trânsito,Colisão lateral com outro veículo em movimento,NÃO DEFINIDO,Inexistentes,NÃO DEFINIDO,NÃO DEFINIDO,Inexistentes,Betuminoso,Recta,Em patamar,Sem berma ou impraticável,Em plena via,Direita