Id. Acidente,Datahora,Dia,Mês,Hora,Entidades Fiscalizadoras,Velocidade local,Velocidade geral,Dia da Semana,Latitude GPS,Longitude GPS,Num. Mortos a 30 dias,Num. Feridos graves a 30 dias,Num. Feridos ligeiros a 30 dias,Características Tecnicas1,Cond Aderência,Distrito,Concelho,Freguesia,Pov. Proxima,Nome arruamento,Tipos Vias,Cod Via,Estado Conservação,Km,Factores Atmosféricos,Reg Circulação1,Intersecção Vias,Localizações,Luminosidade,Marca Via,Natureza,Obras Arte,Obstáculos,Sentidos,Sinais,Sinais Luminosos,Tipo Piso,Traçado 1,Traçado 2,Traçado 3,Traçado 4,Via Trânsito
20171237002,2017:01:17 17:00:00,01/17/00,01/01/00,01/01/00,Guarda Nacional Republicana,50.0,50.0,Terça-Feira  ,"40,366728","-9,247073",0,0,1,Estrada sem separador,Seco e limpo,Coimbra,Figueira da Foz,Ferreira-a-Nova,,Rua das Cavadas,Arruamento,0,Em bom estado,,Bom tempo,Reversível,Em entroncamento,Dentro das localidades,Em pleno dia,Sem marcas rodoviárias ou pouco visíveis,Despiste simples,NÃO DEFINIDO,Inexistentes,NÃO DEFINIDO,Outros,Inexistentes,Betuminoso,Recta,Em patamar,Berma não pavimentada,Em plena via,Direita
20171194699,2017:01:27 15:45:00,01/27/00,01/01/00,01/01/00,Polícia de Segurança Pública,50.0,50.0,Sexta-Feira  ,"38,736906","-9,167429",0,0,1,Estrada sem separador,Molhado,Lisboa,Lisboa,Campolide,Lisboa,Rua de Campolide,Arruamento,0,Em bom estado,,Chuva,Dois sentidos,Fora da intersecção,Dentro das localidades,Em pleno dia,Sem marcas rodoviárias ou pouco visíveis,Colisão lateral com outro veículo em movimento,NÃO DEFINIDO,Inexistentes,NÃO DEFINIDO,Outros,Inexistentes,Betuminoso,Recta,Em patamar,Berma pavimentada,Em plena via,Direita
2013679020,2013:01:25 13:40:00,01/25/00,01/01/00,01/01/00,Guarda Nacional Republicana,90.0,90.0,Sexta-Feira  ,,,0,0,1,Estrada sem separador,Molhado,Bragança,Miranda do Douro,Sendim,,,IC - Itinerário Complementar,IC5,Em bom estado,154.4,Chuva,Dois sentidos,Fora da intersecção,Dentro das localidades,Em pleno dia,Com marcas - separadoras de sentido e de vias de trânsito,Despiste com capotamento,NÃO DEFINIDO,Inexistentes,NÃO DEFINIDO,Outros,Inexistentes,Betuminoso,Recta,Em patamar,Berma pavimentada,Em plena via,Direita
2010442641,2010:01:08 18:20:00,01/08/00,01/01/00,01/01/00,Guarda Nacional Republicana,90.0,90.0,Sexta-Feira  ,"38,200586","-8,619485",0,0,1,Estrada sem separador,Seco e limpo,Setúbal,Grandola,Grândola,GRANDOLA,,EN - Estrada Nacional,EN261-1,Em bom estado,14.3,Bom tempo,Dois sentidos,Em cruzamento,Fora das localidades,"Noite, sem iluminação",Com marcas - separadoras de sentido de trânsito,Colisão traseira com outro veículo em movimento,NÃO DEFINIDO,Inexistentes,NÃO DEFINIDO,Outros,Inexistentes,Betuminoso,Recta,Em patamar,Berma não pavimentada,Em plena via,Direita
20181367422,2018:01:16 18:20:00,01/16/00,01/01/00,01/01/00,Guarda Nacional Republicana,50.0,50.0,Terça-Feira  ,"41,646578","-8,805546",0,0,1,Estrada sem separador,Molhado,Viana do Castelo,Viana do Castelo,Chafé,Chafé,,EN - Estrada Nacional,EN13-3,Em bom estado,"4,9",Chuva,Dois sentidos,Fora da intersecção,Dentro das localidades,"Noite, com iluminação",Com marcas - separadoras de sentido de trânsito,Colisão frontal,NÃO DEFINIDO,Inexistentes,NÃO DEFINIDO,NÃO DEFINIDO,Inexistentes,Betuminoso,Recta,Em patamar,Sem berma ou impraticável,Em plena via,Direita
20171167096,2017:01:15 17:10:00,01/15/00,01/01/00,01/01/00,Polícia de Segurança Pública,50.0,50.0,Domingo      ,"41,346161","-8,480947",0,0,1,Estrada sem separador,Seco e limpo,Porto,Santo Tirso,"União das freguesias de Santo Tirso, Couto (Santa Cristina e São Miguel) e Burgães",,Rua Vilalva                                                                                         ,Arruamento,0,Em estado regular,,Bom tempo,Dois sentidos,Em entroncamento,Dentro das localidades,Em pleno dia,Sem marcas rodoviárias ou pouco visíveis,Atropelamento de peões,NÃO DEFINIDO,Inexistentes,NÃO DEFINIDO,Passagem de peões,Inexistentes,Calçada,Curva,Com inclinação,Berma pavimentada,Em plena via,Direita
20161113466,2016:01:19 14:45:00,01/19/00,01/01/00,01/01/00,Guarda Nacional Republicana,50.0,50.0,Terça-Feira  ,"40,440417","-8,221483",1,0,0,Estrada sem separador,Seco e limpo,Aveiro,Sever do Vouga,Sever do Vouga,SEVER DO VOUGA,Avenida comendador augusto martins pereira,Arruamento,0,Em estado regular,,Bom tempo,Dois sentidos,Fora da intersecção,Dentro das localidades,Em pleno dia,Sem marcas rodoviárias ou pouco visíveis,Atropelamento de peões,NÃO DEFINIDO,Inexistentes,NÃO DEFINIDO,NÃO DEFINIDO,Inexistentes,Betuminoso,Curva,Com inclinação,Berma pavimentada,No passeio,Direita
2011501204,2010:01:19 09:15:00,01/19/00,01/01/00,01/01/00,Polícia de Segurança Pública,50.0,50.0,Terça-Feira  ,"0,00","0,00",0,0,4,Estrada sem separador,Húmido,Porto,Matosinhos,Leça do Bailio,Leça do Balio,Rua Dom Frei Jerónimo de Brito e Melo                                                               ,Arruamento,0,Em estado regular,,Chuva,Dois sentidos,NÃO DEFINIDO,Dentro das localidades,Em pleno dia,Sem marcas rodoviárias ou pouco visíveis,Colisão frontal,NÃO DEFINIDO,Inexistentes,NÃO DEFINIDO,NÃO DEFINIDO,A funcionar normalmente,Calçada,Recta,Com inclinação,Sem berma ou impraticável,Em plena via,Direita
2010426484,2010:01:13 20:15:00,01/13/00,01/01/00,01/01/00,Polícia de Segurança Pública,90.0,90.0,Quarta-Feira ,"0,00","0,00",1,0,0,Estrada sem separador,Molhado,Lisboa,Vila Franca de Xira,Vila Franca de Xira,Vila Franca de Xira,Estrada do Camarão,Arruamento,0,Em mau estado,,Chuva,Dois sentidos,Fora da intersecção,Dentro das localidades,"Noite, sem iluminação",Sem marcas rodoviárias ou pouco visíveis,Despiste sem dispositivo de retenção,NÃO DEFINIDO,Inexistentes,NÃO DEFINIDO,NÃO DEFINIDO,Inexistentes,Betuminoso,Curva,Com inclinação,Berma não pavimentada,Na berma,Direita
2013682177,2013:01:04 16:30:00,01/04/00,01/01/00,01/01/00,Guarda Nacional Republicana,60.0,60.0,Sexta-Feira  ,,,0,0,1,Outra via,Seco e limpo,Lisboa,Oeiras,Porto Salvo,Porto Salvo (portagens),,Outra Via,0,Em bom estado,,Bom tempo,Sentido único,Fora da intersecção,Fora das localidades,Em pleno dia,Com marcas - separadoras de sentido e de vias de trânsito,Colisão choque em cadeia,NÃO DEFINIDO,Inexistentes,No sentido crescente da quilometragem,NÃO DEFINIDO,Inexistentes,Betuminoso,Curva,Em patamar,Berma pavimentada,Em plena via,Esquerda
2015931479,2015:01:20 08:00:00,01/20/00,01/01/00,01/01/00,Guarda Nacional Republicana,,90.0,Terça-Feira  ,"42,040908","-8,251191",0,0,1,Estrada sem separador,Molhado,Viana do Castelo,Moncao,Barbeita,Barbeita,,EN - Estrada Nacional,EN202,Em bom estado,6.2,Chuva,Dois sentidos,Fora da intersecção,Fora das localidades,Em pleno dia,Com marcas - separadoras de sentido de trânsito,Despiste com capotamento,NÃO DEFINIDO,Inexistentes,NÃO DEFINIDO,Outros,Inexistentes,Betuminoso,Recta,Em patamar,Berma não pavimentada,Na berma,Direita
20171238536,2017:01:26 12:05:00,01/26/00,01/01/00,01/01/00,Guarda Nacional Republicana,50.0,50.0,Quinta-Feira ,"41,463328","-8,330302",0,0,1,Estrada sem separador,Molhado,Braga,Guimaraes,Ponte,PONTE,Rua das Cortes,Arruamento,0,Em bom estado,,Chuva,Dois sentidos,Em entroncamento,Dentro das localidades,Em pleno dia,Sem marcas rodoviárias ou pouco visíveis,Colisão lateral com outro veículo em movimento,NÃO DEFINIDO,Inexistentes,NÃO DEFINIDO,Outros,Inexistentes,Betuminoso,Recta,Em patamar,Sem berma ou impraticável,Em plena via,Direita
2012595860,2012:01:17 21:15:00,01/17/00,01/01/00,01/01/00,Guarda Nacional Republicana,50.0,50.0,Terça-Feira  ,,,0,0,1,Estrada sem separador,Seco e limpo,Viseu,Resende,Resende,RESENDE,,EM - Estrada Municipal,0,Em bom estado,,Bom tempo,Dois sentidos,Fora da intersecção,Dentro das localidades,"Noite, com iluminação",Sem marcas rodoviárias ou pouco visíveis,Atropelamento de peões,NÃO DEFINIDO,Inexistentes,NÃO DEFINIDO,Outros,Inexistentes,Betuminoso,Recta,Em patamar,Sem berma ou impraticável,Em parque de estacionamento,Direita
2012595165,2012:01:02 07:20:00,01/02/00,01/01/00,01/01/00,Guarda Nacional Republicana,90.0,90.0,Segunda-Feira,"39,840527","-7,655803",0,1,0,Estrada sem separador,Húmido,Castelo Branco,Castelo Branco,Sarzedas,CABEÇO DE INFANTE,,EN - Estrada Nacional,EN233,Em bom estado,125.7,Bom tempo,Dois sentidos,Fora da intersecção,Fora das localidades,Aurora ou crepúsculo,Com marcas - separadoras de sentido de trânsito,Atropelamento de peões,NÃO DEFINIDO,Inexistentes,NÃO DEFINIDO,NÃO DEFINIDO,Inexistentes,Betuminoso,Recta,Em patamar,Berma não pavimentada,Em plena via,Direita
2010422008,2010:01:03 18:10:00,01/03/00,01/01/00,01/01/00,Polícia de Segurança Pública,50.0,50.0,Domingo      ,"0,00","0,00",0,0,1,Estrada sem separador,Seco e limpo,Porto,Matosinhos,Matosinhos,,Rua do Regadio,Arruamento,0,Em bom estado,,Bom tempo,Dois sentidos,Fora da intersecção,Dentro das localidades,"Noite, com iluminação",Com marcas - separadoras de sentido de trânsito,Atropelamento de peões,NÃO DEFINIDO,Inexistentes,NÃO DEFINIDO,NÃO DEFINIDO,Inexistentes,Betuminoso,Recta,Com inclinação,Berma pavimentada,Em plena via,Direita
2015930918,2015:01:18 08:30:00,01/18/00,01/01/00,01/01/00,Guarda Nacional Republicana,50.0,50.0,Domingo      ,"38,389944","-8,590809",0,0,1,Estrada sem separador,Molhado,Setúbal,Moita,Moita,,Rua dos Descobrimentos,Arruamento,0,Em estado regular,,Chuva,Dois sentidos,Fora da intersecção,Dentro das localidades,Em pleno dia,Com marcas - separadoras de sentido de trânsito,Despiste com colisão com veículo imobil. ou obstáculo,NÃO DEFINIDO,Inexistentes,NÃO DEFINIDO,Outros,Inexistentes,Betuminoso,Curva,Em patamar,Berma não pavimentada,Em plena via,Direita
2011503462,2011:01:03 13:50:00,01/03/00,01/01/00,01/01/00,Polícia de Segurança Pública,50.0,50.0,Segunda-Feira,"0,00","0,00",0,0,1,Estrada sem separador,Húmido,Porto,Vila Nova de Gaia,Valadares,,Rua Professor Amadeu Santos                                                                         ,Arruamento,0,Em estado regular,,Bom tempo,Sentido único,Em entroncamento,Dentro das localidades,Em pleno dia,Sem marcas rodoviárias ou pouco visíveis,Colisão frontal,NÃO DEFINIDO,Inexistentes,NÃO DEFINIDO,Stop,Inexistentes,Betuminoso,Curva,Com inclinação,Sem berma ou impraticável,Em plena via,Direita
2015903392,2015:01:27 14:30:00,01/27/00,01/01/00,01/01/00,Polícia de Segurança Pública,50.0,50.0,Terça-Feira  ,"38,753083","-9,230720",0,0,1,Estrada sem separador,Seco e limpo,Lisboa,Amadora,Venteira,Amadora,Rua D. Diniz,Arruamento,0,Em bom estado,,Bom tempo,Dois sentidos,Em via de desaceleração,Dentro das localidades,Em pleno dia,Com marcas - separadoras de sentido de trânsito,Colisão com veiculo ou obstáculo na faixa de rodagem,NÃO DEFINIDO,Inexistentes,NÃO DEFINIDO,Passagem de peões,Inexistentes,Betuminoso,Recta,Em patamar,Sem berma ou impraticável,Em plena via,Direita
2013683026,2013:01:27 10:30:00,01/27/00,01/01/00,01/01/00,Guarda Nacional Republicana,50.0,50.0,Domingo      ,,,0,0,2,Estrada sem separador,Molhado,Porto,Felgueiras,Sendim,Sendim,Rua Nicolau Coelho,Arruamento,0,Em bom estado,,Chuva,Dois sentidos,Fora da intersecção,Dentro das localidades,Em pleno dia,Com marcas - separadoras de sentido de trânsito,Colisão lateral com outro veículo em movimento,NÃO DEFINIDO,Inexistentes,NÃO DEFINIDO,Passagem de peões,Inexistentes,Betuminoso,Recta,Com inclinação,Berma pavimentada,Em plena via,Direita
2013683538,2013:01:30 21:30:00,01/30/00,01/01/00,01/01/00,Guarda Nacional Republicana,120.0,120.0,Quarta-Feira ,"41,128784","-08,345697",0,0,3,Auto-estrada,Seco e limpo,Porto,Maia,Águas Santas,,,A  - Auto-Estrada,A3,Em bom estado,5.23,Bom tempo,Sentido único,Fora da intersecção,Fora das localidades,"Noite, sem iluminação",Com marcas - separadoras de sentido e de vias de trânsito,Colisão lateral com outro veículo em movimento,NÃO DEFINIDO,Inexistentes,No sentido crescente da quilometragem,NÃO DEFINIDO,Inexistentes,Betuminoso,Curva,Em patamar,Berma pavimentada,Em plena via,Central
2015885062,2015:01:17 16:35:00,01/17/00,01/01/00,01/01/00,Polícia de Segurança Pública,50.0,50.0,Sábado       ,"41,247548","-8,597037",0,0,1,Estrada sem separador,Molhado,Porto,Maia,Cidade da Maia,Maia,Rua Nossa Senhora Caridade                                                                          ,Arruamento,0,Em estado regular,,Chuva,Dois sentidos,Fora da intersecção,Dentro das localidades,Aurora ou crepúsculo,Sem marcas rodoviárias ou pouco visíveis,Colisão choque em cadeia,NÃO DEFINIDO,Inexistentes,NÃO DEFINIDO,NÃO DEFINIDO,Inexistentes,Calçada,Recta,Com inclinação,Sem berma ou impraticável,Em plena via,Direita
20161112174,2016:01:12 12:15:00,01/12/00,01/01/00,01/01/00,Guarda Nacional Republicana,50.0,50.0,Terça-Feira  ,"41,298621","-8,202875",0,0,1,Estrada sem separador,Molhado,Braga,Guimaraes,Caldelas,CALDELAS,Avenida Combatentes do Ultramar,Arruamento,0,Em bom estado,,Chuva,Dois sentidos,Fora da intersecção,Dentro das localidades,Em pleno dia,Com marcas - separadoras de sentido de trânsito,Colisão com outras situações,NÃO DEFINIDO,Inexistentes,NÃO DEFINIDO,NÃO DEFINIDO,Inexistentes,Betuminoso,Recta,Em patamar,Sem berma ou impraticável,Em plena via,Direita
2015931271,2015:01:03 10:20:00,01/03/00,01/01/00,01/01/00,Guarda Nacional Republicana,50.0,50.0,Sábado       ,"41,228460","-8,279776",0,0,1,Estrada sem separador,Seco e limpo,Braga,Vila Nova de Famalicao,Landim,,Rua Estrada Nacional 204-5,Arruamento,0,Em bom estado,,Bom tempo,Dois sentidos,Em entroncamento,Dentro das localidades,Em pleno dia,Sem marcas rodoviárias ou pouco visíveis,Colisão lateral com outro veículo em movimento,NÃO DEFINIDO,Inexistentes,NÃO DEFINIDO,NÃO DEFINIDO,Inexistentes,Betuminoso,Recta,Em patamar,Sem berma ou impraticável,Em plena via,Direita
2012596744,2012:01:12 15:20:00,01/12/00,01/01/00,01/01/00,Guarda Nacional Republicana,50.0,50.0,Quinta-Feira ,"41,10989","9,26930",0,0,1,Estrada sem separador,Seco e limpo,Porto,Paredes,Gandra,GANDRA,R NOVA FONTES,Arruamento,0,Em bom estado,,Bom tempo,Dois sentidos,Fora da intersecção,Dentro das localidades,Em pleno dia,Sem marcas rodoviárias ou pouco visíveis,Colisão frontal,NÃO DEFINIDO,Inexistentes,NÃO DEFINIDO,Cedência de passagem,Inexistentes,Betuminoso,Recta,Com inclinação,Sem berma ou impraticável,Em plena via,Direita
20191657552,2019:01:19 22:15:00,01/19/00,01/01/00,01/01/00,Polícia de Segurança Pública,50.0,50.0,Sábado       ,"0,0","0,0",0,0,1,Estrada sem separador,Molhado,Lisboa,Lisboa,Estrela,,Avenida Dom Carlos I                                                                                ,Arruamento,0,Em bom estado,,Chuva,Dois sentidos,Em cruzamento,Dentro das localidades,"Noite, com iluminação",Sem marcas rodoviárias ou pouco visíveis,Despiste sem dispositivo de retenção,NÃO DEFINIDO,Inexistentes,NÃO DEFINIDO,Outros,A funcionar normalmente,Calçada,Recta,Em patamar,Berma pavimentada,Em plena via,Direita
2011509713,2011:01:26 15:45:00,01/26/00,01/01/00,01/01/00,Polícia de Segurança Pública,50.0,50.0,Quarta-Feira ,"0,00","0,00",0,0,1,Estrada sem separador,Húmido,Aveiro,Santa Maria da Feira,Espargo,,Rua da Estrada Nacional,Arruamento,0,Em estado regular,,Bom tempo,Dois sentidos,NÃO DEFINIDO,Dentro das localidades,Em pleno dia,Sem marcas rodoviárias ou pouco visíveis,Despiste com capotamento,NÃO DEFINIDO,Inexistentes,NÃO DEFINIDO,Outros,Inexistentes,Betuminoso,Recta,Em patamar,Berma pavimentada,Em plena via,Direita
20181370567,2018:01:31 19:10:00,01/31/00,01/01/00,01/01/00,Guarda Nacional Republicana,50.0,50.0,Quarta-Feira ,"41,304329","-8,355212",0,0,1,Estrada sem separador,Seco e limpo,Porto,Pacos de Ferreira,Carvalhosa,Carvalhosa,,EN - Estrada Nacional,EN209,Em estado regular,36,Bom tempo,Dois sentidos,Fora da intersecção,Dentro das localidades,"Noite, com iluminação",Com marcas - separadoras de sentido de trânsito,Colisão frontal,NÃO DEFINIDO,Inexistentes,NÃO DEFINIDO,NÃO DEFINIDO,Inexistentes,Betuminoso,Recta,Em patamar,Sem berma ou impraticável,Em plena via,Direita
20171186515,2017:01:26 11:00:00,01/26/00,01/01/00,01/01/00,Polícia de Segurança Pública,50.0,50.0,Quinta-Feira ,"40,628829","-8,647088",0,0,1,Estrada sem separador,Molhado,Aveiro,Aveiro,União das freguesias de Glória e Vera Cruz,,Rua Doutor Pompeu de Melo                                                                           ,Arruamento,0,Em bom estado,,Chuva,Sentido único,Fora da intersecção,Dentro das localidades,Em pleno dia,Sem marcas rodoviárias ou pouco visíveis,Despiste sem dispositivo de retenção,NÃO DEFINIDO,Inexistentes,NÃO DEFINIDO,NÃO DEFINIDO,Inexistentes,Betuminoso,Recta,Em patamar,Berma pavimentada,Em plena via,Direita
20191685799,2019:01:31 11:44:00,01/31/00,01/01/00,01/01/00,Guarda Nacional Republicana,60.0,60.0,Quinta-Feira ,"39,544920","-7,859859",0,0,2,Outra via,Húmido,Santarém,Macao,Envendos,são José das Matas - Envendos,,Outra Via,0,Em estado regular,,Bom tempo,Dois sentidos,Em cruzamento,Fora das localidades,Em pleno dia,Com marcas - separadoras de sentido de trânsito,Colisão frontal,NÃO DEFINIDO,Inexistentes,No sentido crescente da quilometragem,Stop,Inexistentes,Betuminoso,Recta,Em patamar,Berma pavimentada,Em plena via,Direita
20191684072,2019:01:04 07:45:00,01/04/00,01/01/00,01/01/00,Guarda Nacional Republicana,50.0,50.0,Sexta-Feira  ,"39,150920","-9,298033",0,0,1,Estrada sem separador,Seco e limpo,Lisboa,Torres Vedras,União das freguesias de A dos Cunhados e Maceira,A dos Cunhados,Largo do Mercado 6,Arruamento,0,Em estado regular,,Bom tempo,Sentido único,Fora da intersecção,Dentro das localidades,Em pleno dia,Sem marcas rodoviárias ou pouco visíveis,Atropelamento de peões,NÃO DEFINIDO,Inexistentes,NÃO DEFINIDO,NÃO DEFINIDO,Inexistentes,Betuminoso,Recta,Em patamar,Sem berma ou impraticável,Em plena via,Direita
2015930250,2015:01:31 19:30:00,01/31/00,01/01/00,01/01/00,Guarda Nacional Republicana,50.0,50.0,Sábado       ,"37,137865","-7,571630",0,1,1,Estrada sem separador,Molhado,Faro,Loule,Salir,Eira da Cevada,,EN - Estrada Nacional,EN396,Em bom estado,1.0,Chuva,Dois sentidos,Fora da intersecção,Fora das localidades,"Noite, sem iluminação",Com marcas - separadoras de sentido e de vias de trânsito,Despiste com capotamento,NÃO DEFINIDO,Inexistentes,NÃO DEFINIDO,Outros,Inexistentes,Betuminoso,Recta,Com inclinação,Sem berma ou impraticável,Na berma,Direita
2014791014,2014:01:14 17:15:00,01/14/00,01/01/00,01/01/00,Guarda Nacional Republicana,50.0,50.0,Terça-Feira  ,"40,324079","-7,509738",0,0,1,Estrada sem separador,Seco e limpo,Viseu,Nelas,Nelas,,Rua dos Abades,Arruamento,0,Em bom estado,,Bom tempo,Dois sentidos,Fora da intersecção,Dentro das localidades,Em pleno dia,Sem marcas rodoviárias ou pouco visíveis,Atropelamento de peões,NÃO DEFINIDO,Inexistentes,NÃO DEFINIDO,Outros,Inexistentes,Betuminoso,Recta,Em patamar,Berma pavimentada,Em plena via,Direita
20181364363,2018:01:02 10:50:00,01/02/00,01/01/00,01/01/00,Guarda Nacional Republicana,50.0,50.0,Terça-Feira  ,"40,684436","-7,700820",0,0,1,Estrada sem separador,Molhado,Viseu,Penalva do Castelo,Ínsua,Penalva do Castelo,Rua 1º de Dezembro,Arruamento,0,Em estado regular,,Chuva,Dois sentidos,Em entroncamento,Dentro das localidades,Em pleno dia,Com marcas - separadoras de sentido de trânsito,Despiste simples,NÃO DEFINIDO,Inexistentes,NÃO DEFINIDO,Outros,Inexistentes,Betuminoso,Curva,Com inclinação,Sem berma ou impraticável,Na berma,Direita
2010438578,2010:01:18 17:30:00,01/18/00,01/01/00,01/01/00,Guarda Nacional Republicana,120.0,120.0,Segunda-Feira,"40,322326","-8,491957",0,0,1,Auto-estrada,Húmido,Coimbra,Cantanhede,Murtede,MURTEDE,,A  - Auto-Estrada,A1,Em bom estado,203.2,Bom tempo,Sentido único,Fora da intersecção,Fora das localidades,Aurora ou crepúsculo,Com marcas - separadoras de sentido e de vias de trânsito,Colisão lateral com outro veículo em movimento,NÃO DEFINIDO,Inexistentes,NÃO DEFINIDO,Outros,Inexistentes,Betuminoso,Recta,Com inclinação,Berma pavimentada,Em plena via,Esquerda
2015889157,2015:01:20 12:50:00,01/20/00,01/01/00,01/01/00,Polícia de Segurança Pública,50.0,50.0,Terça-Feira  ,"41,435809","-8,298218",0,0,1,Estrada sem separador,Seco e limpo,Braga,Guimaraes,Urgezes,,Rua António da Costa Guimarães                                                                      ,Arruamento,0,Em bom estado,,Bom tempo,Dois sentidos,Fora da intersecção,Dentro das localidades,Em pleno dia,Com marcas - separadoras de sentido de trânsito,Colisão frontal,NÃO DEFINIDO,Inexistentes,NÃO DEFINIDO,Outros,Inexistentes,Betuminoso,Curva,Com inclinação,Sem berma ou impraticável,Em plena via,Direita
20171238959,2017:01:27 13:00:00,01/27/00,01/01/00,01/01/00,Guarda Nacional Republicana,90.0,90.0,Sexta-Feira  ,"39,411765","-7,657990",0,0,1,Estrada sem separador,Molhado,Portalegre,Crato,Gáfete,GAFETE,,IP- Itinerário Principal,IP2,Em bom estado,"173,8",Chuva,Dois sentidos,Fora da intersecção,Fora das localidades,Em pleno dia,Com marcas - separadoras de sentido e de vias de trânsito,Despiste simples,NÃO DEFINIDO,Inexistentes,NÃO DEFINIDO,NÃO DEFINIDO,Inexistentes,Betuminoso,Recta,Em patamar,Berma pavimentada,Em plena via,Direita
2015930471,2015:01:11 19:40:00,01/11/00,01/01/00,01/01/00,Guarda Nacional Republicana,120.0,120.0,Domingo      ,"38,372131","-9,077632",0,0,4,Auto-estrada,Seco e limpo,Setúbal,Seixal,"União das freguesias do Seixal, Arrentela e Aldeia de Paio Pires",Seixal,,A  - Auto-Estrada,A2,Em bom estado,12.7,Bom tempo,Sentido único,Fora da intersecção,Fora das localidades,"Noite, com iluminação",Com marcas - separadoras de sentido e de vias de trânsito,Colisão traseira com outro veículo em movimento,NÃO DEFINIDO,Inexistentes,No sentido crescente da quilometragem,Outros,Inexistentes,Betuminoso,Recta,Em patamar,Berma pavimentada,Em plena via,Esquerda
2013660386,2013:01:17 17:30:00,01/17/00,01/01/00,01/01/00,Polícia de Segurança Pública,50.0,50.0,Quinta-Feira ,"0,00","0,00",0,0,1,Estrada sem separador,Molhado,Lisboa,Oeiras,Porto Salvo,Porto Salvo,Avenida Professor Doutor Cavaco Silva                                                               ,Arruamento,0,Em estado regular,,Chuva,Dois sentidos,Fora da intersecção,Dentro das localidades,Em pleno dia,Com marcas - separadoras de sentido de trânsito,Colisão com outras situações,NÃO DEFINIDO,Inexistentes,NÃO DEFINIDO,NÃO DEFINIDO,Inexistentes,Betuminoso,Recta,Em patamar,Berma pavimentada,Em plena via,Central
2015931240,2015:01:13 07:50:00,01/13/00,01/01/00,01/01/00,Guarda Nacional Republicana,50.0,50.0,Terça-Feira  ,"41,296733","-8,264792",0,0,4,Estrada sem separador,Seco e limpo,Braga,Guimaraes,Caldelas,,Avª Combatentes do Ultramar,Arruamento,0,Em estado regular,,Bom tempo,Dois sentidos,Fora da intersecção,Dentro das localidades,Em pleno dia,Com marcas - separadoras de sentido de trânsito,Colisão frontal,NÃO DEFINIDO,Inexistentes,NÃO DEFINIDO,NÃO DEFINIDO,Inexistentes,Betuminoso,Curva,Em patamar,Berma pavimentada,Em plena via,Direita
2010442585,2010:01:13 22:00:00,01/13/00,01/01/00,01/01/00,Guarda Nacional Republicana,40.0,40.0,Quarta-Feira ,"38,56468","9,07527",0,0,1,Estrada sem separador,Molhado,Lisboa,Alenquer,Abrigada,ARRANHO,R 8 SETEMBRO,Arruamento,0,Em bom estado,,Chuva,Dois sentidos,Fora da intersecção,Dentro das localidades,"Noite, sem iluminação",Sem marcas rodoviárias ou pouco visíveis,Despiste com capotamento,NÃO DEFINIDO,Inexistentes,NÃO DEFINIDO,NÃO DEFINIDO,Inexistentes,Betuminoso,Curva,Com inclinação,Berma não pavimentada,Em plena via,Direita
20191681514,2019:01:17 09:55:00,01/17/00,01/01/00,01/01/00,Guarda Nacional Republicana,90.0,90.0,Quinta-Feira ,"39,499670","-8,437157",0,0,3,Estrada sem separador,Seco e limpo,Santarém,Vila Nova da Barquinha,Atalaia,Atalaia - Vila Nova da Barquinha,,Outra Via,0,Em estado regular,,Bom tempo,Dois sentidos,Em entroncamento,Fora das localidades,Em pleno dia,Com marcas - separadoras de sentido de trânsito,Colisão choque em cadeia,NÃO DEFINIDO,Inexistentes,NÃO DEFINIDO,NÃO DEFINIDO,Inexistentes,Betuminoso,Recta,Em patamar,Sem berma ou impraticável,Em plena via,Direita
20191679729,2019:01:25 20:10:00,01/25/00,01/01/00,01/01/00,Guarda Nacional Republicana,50.0,50.0,Sexta-Feira  ,"41,565650","-8,142893",0,0,1,Estrada sem separador,Húmido,Braga,Vieira do Minho,Guilhofrei,Guilhofrei -Vieira do Minho,,EN - Estrada Nacional,EN205,Em estado regular,"80,3",Bom tempo,Dois sentidos,Fora da intersecção,Dentro das localidades,"Noite, sem iluminação",Sem marcas rodoviárias ou pouco visíveis,Despiste com transposição do dispositivo de retenção lateral,NÃO DEFINIDO,Inexistentes,NÃO DEFINIDO,NÃO DEFINIDO,Inexistentes,Betuminoso,Curva,Em patamar,Sem berma ou impraticável,Em plena via,Direita
2011517814,2011:01:07 17:50:00,01/07/00,01/01/00,01/01/00,Guarda Nacional Republicana,50.0,50.0,Sexta-Feira  ,,,0,0,2,Estrada sem separador,Húmido,Porto,Pacos de Ferreira,Frazão,S BRAS,R ANTONIO MATOS,Arruamento,0,Em bom estado,,Chuva,Dois sentidos,Em cruzamento,Dentro das localidades,"Noite, com iluminação",Com marcas - separadoras de sentido de trânsito,Colisão lateral com outro veículo em movimento,NÃO DEFINIDO,Inexistentes,NÃO DEFINIDO,Stop,Inexistentes,Betuminoso,Recta,Em patamar,Berma pavimentada,Em plena via,Direita
2013681995,2013:01:22 15:20:00,01/22/00,01/01/00,01/01/00,Guarda Nacional Republicana,50.0,50.0,Terça-Feira  ,,,0,0,1,Estrada sem separador,Molhado,Aveiro,Vagos,Santo André de Vagos,Santo André,,EN - Estrada Nacional,EN109,Em estado regular,73.9,Chuva,Sentido único,Em rotunda,Dentro das localidades,Em pleno dia,Com marcas - separadoras de sentido e de vias de trânsito,Colisão lateral com outro veículo em movimento,NÃO DEFINIDO,Inexistentes,NÃO DEFINIDO,Cedência de passagem,Inexistentes,Betuminoso,Curva,Em patamar,Berma pavimentada,Em plena via,Direita
2015884866,2015:01:06 09:40:00,01/06/00,01/01/00,01/01/00,Polícia de Segurança Pública,50.0,50.0,Terça-Feira  ,"38,652338","-9,058817",0,0,2,Estrada sem separador,Seco e limpo,Setúbal,Barreiro,"União das freguesias de Alto do Seixalinho, Santo André e Verderena",Barreiro,Rua Calouste Gulbenkian                                                                             ,Arruamento,0,Em estado regular,,Bom tempo,Dois sentidos,Fora da intersecção,Dentro das localidades,Em pleno dia,Com marcas - separadoras de sentido e de vias de trânsito,Colisão traseira com outro veículo em movimento,NÃO DEFINIDO,Inexistentes,NÃO DEFINIDO,Cedência de passagem,Inexistentes,Betuminoso,Recta,Em patamar,Berma pavimentada,Em plena via,Direita