Id. Acidente,Datahora,Dia,Mês,Hora,Entidades Fiscalizadoras,Velocidade local,Velocidade geral,Dia da Semana,Latitude GPS,Longitude GPS,Num. Mortos a 30 dias,Num. Feridos graves a 30 dias,Num. Feridos ligeiros a 30 dias,Características Tecnicas1,Cond Aderência,Distrito,Concelho,Freguesia,Pov. Proxima,Nome arruamento,Tipos Vias,Cod Via,Estado Conservação,Km,Factores Atmosféricos,Reg Circulação1,Intersecção Vias,Localizações,Luminosidade,Marca Via,Natureza,Obras Arte,Obstáculos,Sentidos,Sinais,Sinais Luminosos,Tipo Piso,Traçado 1,Traçado 2,Traçado 3,Traçado 4,Via Trânsito
2010439196,2010:01:11 19:15:00,01/11/00,01/01/00,01/01/00,Guarda Nacional Republicana,50.0,90.0,Segunda-Feira,,,0,0,1,Estrada sem separador,Molhado,Faro,Monchique,Alferce,MINA S DOMINGOS,,ER - Estrada Regional,ER265,Em bom estado,52.9,Chuva,Dois sentidos,Fora da intersecção,Dentro das localidades,"Noite, sem iluminação",Sem marcas rodoviárias ou pouco visíveis,Despiste simples,NÃO DEFINIDO,Inexistentes,NÃO DEFINIDO,NÃO DEFINIDO,Inexistentes,Betuminoso,Curva,Em patamar,Berma não pavimentada,Na berma,Direita
2010436702,2010:01:28 09:50:00,01/28/00,01/01/00,01/01/00,Guarda Nacional Republicana,50.0,50.0,Quinta-Feira ,,,1,0,0,Estrada sem separador,Seco e limpo,Aveiro,Vagos,Calvão,CHOCA DO MAR,R AMIZADE,Arruamento,0,Em bom estado,,Bom tempo,Dois sentidos,Fora da intersecção,Dentro das localidades,Em pleno dia,Com marcas - separadoras de sentido de trânsito,Colisão traseira com outro veículo em movimento,NÃO DEFINIDO,Inexistentes,NÃO DEFINIDO,Outros,Inexistentes,Betuminoso,Curva,Em patamar,Sem berma ou impraticável,Em plena via,Direita
2010461702,2010:01:27 13:00:00,01/27/00,01/01/00,01/01/00,Polícia de Segurança Pública,50.0,50.0,Quarta-Feira ,"0,00","0,00",0,0,1,Estrada sem separador,Húmido,Lisboa,Sintra,Algueirão-Mem Martins,Mercês,Rua Doutor João de Barros,Arruamento,0,Em estado regular,,Bom tempo,Dois sentidos,NÃO DEFINIDO,Dentro das localidades,Em pleno dia,Sem marcas rodoviárias ou pouco visíveis,Colisão lateral com outro veículo em movimento,NÃO DEFINIDO,NÃO DEFINIDO,NÃO DEFINIDO,NÃO DEFINIDO,NÃO DEFINIDO,Betuminoso,Recta,Em patamar,Berma pavimentada,Em plena via,Direita
2011518096,2011:01:16 14:15:00,01/16/00,01/01/00,01/01/00,Guarda Nacional Republicana,50.0,50.0,Domingo      ,,,0,0,1,Estrada sem separador,Seco e limpo,Viseu,Nelas,Santar,CASAL SANCHO,,EN - Estrada Nacional,EN231,Em bom estado,14.45,Bom tempo,Sentido único,Em rotunda,Dentro das localidades,Em pleno dia,Com marcas - separadoras de sentido e de vias de trânsito,Colisão lateral com outro veículo em movimento,NÃO DEFINIDO,Não sinalizados,NÃO DEFINIDO,Cedência de passagem,Inexistentes,Betuminoso,Curva,Em patamar,Sem berma ou impraticável,Em plena via,Direita
20171234778,2017:01:06 10:10:00,01/06/00,01/01/00,01/01/00,Guarda Nacional Republicana,90.0,90.0,Sexta-Feira  ,"40,663353","-7,675798",0,0,1,Estrada sem separador,Húmido,Viseu,Penalva do Castelo,Castelo de Penalva,SÃO ROMÃO,,EN - Estrada Nacional,EN329,Em bom estado,"52,7",Bom tempo,Dois sentidos,Fora da intersecção,Fora das localidades,Em pleno dia,Com marcas - separadoras de sentido e de vias de trânsito,Despiste simples,NÃO DEFINIDO,Inexistentes,NÃO DEFINIDO,NÃO DEFINIDO,Inexistentes,Betuminoso,Recta,Com inclinação,Sem berma ou impraticável,Na berma,Direita
20191684657,2019:01:03 11:20:00,01/03/00,01/01/00,01/01/00,Guarda Nacional Republicana,50.0,50.0,Quinta-Feira ,"40,239260","-8,510979",0,0,1,Estrada sem separador,Seco e limpo,Coimbra,Coimbra,São João do Campo,São João do Campo,Rua Jaime Cortesão 25,Arruamento,0,Em estado regular,,Bom tempo,Dois sentidos,Fora da intersecção,Dentro das localidades,Em pleno dia,Com marcas - separadoras de sentido de trânsito,Atropelamento de peões,NÃO DEFINIDO,Inexistentes,NÃO DEFINIDO,NÃO DEFINIDO,Inexistentes,Betuminoso,Recta,Em patamar,Berma pavimentada,Na berma,Direita
2010442701,2010:01:14 19:00:00,01/14/00,01/01/00,01/01/00,Guarda Nacional Republicana,50.0,50.0,Quinta-Feira ,,,0,0,1,Estrada sem separador,Seco e limpo,Porto,Paredes,Castelões de Cepeda,CASTELOES CEPEDA,AV DR FRANCISCO SA CARNEIRO,Arruamento,0,Em bom estado,,NÃO DEFINIDO,Dois sentidos,Fora da intersecção,Dentro das localidades,Aurora ou crepúsculo,Sem marcas rodoviárias ou pouco visíveis,Atropelamento de peões,NÃO DEFINIDO,Inexistentes,NÃO DEFINIDO,Passagem de peões,Inexistentes,Betuminoso,Recta,Em patamar,Berma pavimentada,Em plena via,Direita
2010438644,2010:01:12 17:25:00,01/12/00,01/01/00,01/01/00,Guarda Nacional Republicana,30.0,50.0,Terça-Feira  ,"39,37211","8,51249",0,0,1,Estrada sem separador,Húmido,Leiria,Porto de Mos,Calvaria de Cima,CALVARIA CIMA,,Outra Via,0,Em bom estado,,Chuva,Dois sentidos,Fora da intersecção,Dentro das localidades,"Noite, com iluminação",Com marcas - separadoras de sentido de trânsito,Colisão com outras situações,NÃO DEFINIDO,Correctamente sinalizados,NÃO DEFINIDO,Passagem de peões,A funcionar normalmente,Betuminoso,Recta,Em patamar,Berma pavimentada,Em parque de estacionamento,Direita
20191680799,2019:01:18 14:25:00,01/18/00,01/01/00,01/01/00,Guarda Nacional Republicana,50.0,50.0,Sexta-Feira  ,"41,377260","-8,452265",0,0,1,Estrada sem separador,Húmido,Braga,Vila Nova de Famalicao,Oliveira (São Mateus),Oliveira São Mateus,Avenida Padre Manuel Joaquim Salazar Pereira Silva - Igreja,Arruamento,0,Em estado regular,,Chuva,Dois sentidos,Fora da intersecção,Dentro das localidades,Em pleno dia,Com marcas - separadoras de sentido de trânsito,Despiste simples,NÃO DEFINIDO,Inexistentes,NÃO DEFINIDO,NÃO DEFINIDO,Inexistentes,Betuminoso,Recta,Em patamar,Berma não pavimentada,Na berma,Direita
2015932849,2015:01:16 23:00:00,01/16/00,01/01/00,01/01/00,Guarda Nacional Republicana,90.0,90.0,Sexta-Feira  ,"39,114012","-8,369132",0,0,2,Estrada sem separador,Seco e limpo,Santarém,Almeirim,Almeirim,Almeirim,,Outra Via,0,Em estado regular,,Bom tempo,Dois sentidos,Fora da intersecção,Fora das localidades,"Noite, sem iluminação",Sem marcas rodoviárias ou pouco visíveis,Despiste com capotamento,NÃO DEFINIDO,Inexistentes,NÃO DEFINIDO,NÃO DEFINIDO,Inexistentes,Betuminoso,Recta,Em patamar,Sem berma ou impraticável,Na berma,Direita
2011522103,2011:01:03 23:10:00,01/03/00,01/01/00,01/01/00,Guarda Nacional Republicana,90.0,120.0,Segunda-Feira,"41,115194","-8,626463",0,0,2,Auto-estrada,Seco e limpo,Porto,Vila Nova de Gaia,Vila Nova de Gaia (Santa Marinha),COIMBRÕES,,A  - Auto-Estrada,A1,Em bom estado,298.686,Bom tempo,Sentido único,Fora da intersecção,Fora das localidades,"Noite, sem iluminação",Com marcas - separadoras de sentido e de vias de trânsito,Colisão lateral com outro veículo em movimento,NÃO DEFINIDO,Inexistentes,No sentido decrescente da quilometragem,Outros,Inexistentes,Betuminoso,Recta,Em patamar,Berma pavimentada,Em plena via,Central
2011516037,2011:01:01 14:30:00,01/01/00,01/01/00,01/01/00,Guarda Nacional Republicana,120.0,120.0,Sábado       ,"38,965135","-8,984453",1,0,0,Auto-estrada,Molhado,Lisboa,Vila Franca de Xira,Vila Franca de Xira,,,A  - Auto-Estrada,A1,Em bom estado,24.1,Bom tempo,Sentido único,NÃO DEFINIDO,Fora das localidades,Em pleno dia,Com marcas - separadoras de sentido e de vias de trânsito,Despiste com capotamento,NÃO DEFINIDO,Inexistentes,No sentido decrescente da quilometragem,NÃO DEFINIDO,Inexistentes,Betuminoso,Curva,Em patamar,Berma pavimentada,Em plena via,Esquerda
2011508635,2011:01:10 18:45:00,01/10/00,01/01/00,01/01/00,Polícia de Segurança Pública,50.0,50.0,Segunda-Feira,"0,00","0,00",0,0,1,Outra via,Húmido,Lisboa,Amadora,Venteira,,Rua Elias Garcia                                                                                    ,Arruamento,0,Em estado regular,,Chuva,Dois sentidos,Fora da intersecção,Dentro das localidades,"Noite, com iluminação",Com marcas - separadoras de sentido e de vias de trânsito,Atropelamento de peões,NÃO DEFINIDO,Inexistentes,NÃO DEFINIDO,Passagem de peões,Inexistentes,Betuminoso,Recta,Em patamar,Berma pavimentada,Em plena via,Direita
2013661260,2013:01:18 10:20:00,01/18/00,01/01/00,01/01/00,Polícia de Segurança Pública,30.0,30.0,Sexta-Feira  ,"0,00","0,00",0,0,1,Estrada sem separador,Húmido,Lisboa,Cascais,Cascais,Cascais,Avenida Costa Pinto                                                                                 ,Arruamento,0,Em estado regular,,Chuva,Sentido único,Fora da intersecção,Dentro das localidades,Em pleno dia,Sem marcas rodoviárias ou pouco visíveis,Atropelamento de peões,NÃO DEFINIDO,Inexistentes,NÃO DEFINIDO,Outros,Inexistentes,Betuminoso,Curva,Em Lomba,Sem berma ou impraticável,Em via ou pista reservada,Direita
2010442789,2010:01:14 13:35:00,01/14/00,01/01/00,01/01/00,Guarda Nacional Republicana,120.0,120.0,Quinta-Feira ,"38,713485","-9,300873",0,0,4,Auto-estrada,Molhado,Lisboa,Oeiras,Porto Salvo,PORTO SALVO,,A  - Auto-Estrada,A5,Em bom estado,11.5,Bom tempo,Sentido único,Fora da intersecção,Fora das localidades,Em pleno dia,Com marcas - separadoras de sentido e de vias de trânsito,Colisão lateral com outro veículo em movimento,NÃO DEFINIDO,Inexistentes,No sentido crescente da quilometragem,Outros,Inexistentes,Betuminoso,Curva,Em patamar,Berma pavimentada,Em plena via,Direita
20181370160,2018:01:29 16:45:00,01/29/00,01/01/00,01/01/00,Guarda Nacional Republicana,50.0,50.0,Segunda-Feira,"41,502286","-8,457894",0,0,1,Estrada sem separador,Seco e limpo,Braga,Braga,"União das freguesias de Celeirós, Aveleda e Vimieiro",Celeirós,Avenida de Trezeste - Celeirós - Braga,Arruamento,0,Em bom estado,,Bom tempo,Dois sentidos,Fora da intersecção,Dentro das localidades,Em pleno dia,Com marcas - separadoras de sentido de trânsito,Colisão com veiculo ou obstáculo na faixa de rodagem,NÃO DEFINIDO,Inexistentes,NÃO DEFINIDO,Passagem de peões,Inexistentes,Betuminoso,Recta,Em patamar,Sem berma ou impraticável,Em plena via,Direita
2010422784,2010:01:09 19:10:00,01/09/00,01/01/00,01/01/00,Polícia de Segurança Pública,50.0,50.0,Sábado       ,"0,00","0,00",0,0,1,Estrada sem separador,Seco e limpo,Setúbal,Setubal,Setúbal (São Sebastião),,Avenida Jaime Cortesão,Arruamento,0,Em bom estado,,Bom tempo,Dois sentidos,Fora da intersecção,Dentro das localidades,"Noite, com iluminação",Com marcas - separadoras de sentido de trânsito,Atropelamento de peões,NÃO DEFINIDO,Inexistentes,NÃO DEFINIDO,NÃO DEFINIDO,Inexistentes,Betuminoso,Recta,Com inclinação,Berma pavimentada,Em plena via,Direita
2011520136,2011:01:11 08:30:00,01/11/00,01/01/00,01/01/00,Guarda Nacional Republicana,90.0,90.0,Terça-Feira  ,"41,657403","-8,780263",0,0,1,Estrada sem separador,Húmido,Viana do Castelo,Viana do Castelo,Anha,,,EN - Estrada Nacional,EN13,Em bom estado,59.5,Bom tempo,Dois sentidos,Fora da intersecção,Fora das localidades,Em pleno dia,Sem marcas rodoviárias ou pouco visíveis,Colisão frontal,NÃO DEFINIDO,Inexistentes,NÃO DEFINIDO,NÃO DEFINIDO,Inexistentes,Betuminoso,Recta,Com inclinação,Berma pavimentada,Em plena via,Direita
20181357920,2018:01:23 09:02:00,01/23/00,01/01/00,01/01/00,Polícia de Segurança Pública,50.0,50.0,Terça-Feira  ,"38,638812","-9,154351",0,0,1,Estrada sem separador,Seco e limpo,Setúbal,Seixal,Corroios,Corroios,Rua Cidade de Almada                                                                                ,Arruamento,0,Em estado regular,,Nevoeiro,Dois sentidos,Fora da intersecção,Dentro das localidades,Em pleno dia,Com marcas - separadoras de sentido e de vias de trânsito,Atropelamento de peões,NÃO DEFINIDO,Inexistentes,NÃO DEFINIDO,Passagem de peões,Inexistentes,Betuminoso,Recta,Com inclinação,Sem berma ou impraticável,Em plena via,Esquerda
2014759848,2014:01:11 18:30:00,01/11/00,01/01/00,01/01/00,Polícia de Segurança Pública,50.0,50.0,Sábado       ,"38,651205","-9,056237",0,0,1,Estrada sem separador,Com água acumulada na faixa de rodagem,Setúbal,Barreiro,Alto do Seixalinho,Barreiro,Avenida Parque da Cidade,Arruamento,0,Em estado regular,,Chuva,Dois sentidos,Fora da intersecção,Dentro das localidades,"Noite, sem iluminação",Com marcas - separadoras de sentido e de vias de trânsito,Atropelamento de peões,NÃO DEFINIDO,Inexistentes,NÃO DEFINIDO,Passagem de peões,Inexistentes,Betuminoso,Recta,Em patamar,Berma pavimentada,Em plena via,Direita
20161110566,2016:01:05 18:00:00,01/05/00,01/01/00,01/01/00,Guarda Nacional Republicana,50.0,50.0,Terça-Feira  ,"40,373752","-7,551101",0,0,2,Estrada sem separador,Húmido,Viseu,Viseu,São João de Lourosa,TEIVAS,,EN - Estrada Nacional,EN231,Em bom estado,3,Bom tempo,Dois sentidos,Fora da intersecção,Dentro das localidades,"Noite, com iluminação",Com marcas - separadoras de sentido e de vias de trânsito,Colisão traseira com outro veículo em movimento,NÃO DEFINIDO,Inexistentes,NÃO DEFINIDO,Outros,Inexistentes,Betuminoso,Recta,Em patamar,Berma pavimentada,Em plena via,Central
2011517560,2011:01:24 09:30:00,01/24/00,01/01/00,01/01/00,Guarda Nacional Republicana,90.0,90.0,Segunda-Feira,,,0,0,1,Estrada sem separador,Seco e limpo,Santarém,Coruche,Coruche,CORUCHE,,EN - Estrada Nacional,EN114,Em bom estado,121.4,Bom tempo,Dois sentidos,Fora da intersecção,Fora das localidades,Em pleno dia,Com marcas - separadoras de sentido de trânsito,Despiste com capotamento,NÃO DEFINIDO,Inexistentes,NÃO DEFINIDO,NÃO DEFINIDO,Inexistentes,Betuminoso,Recta,Em patamar,Sem berma ou impraticável,Na berma,Direita
2014790932,2014:01:31 14:25:00,01/31/00,01/01/00,01/01/00,Guarda Nacional Republicana,90.0,90.0,Sexta-Feira  ,"40,131629","-7,318570",0,0,1,Estrada sem separador,Seco e limpo,Castelo Branco,Covilha,Dominguizo,Dominguizo,,EM - Estrada Municipal,EM513,Em estado regular,,Bom tempo,Dois sentidos,Fora da intersecção,Fora das localidades,Em pleno dia,Com marcas - separadoras de sentido de trânsito,Despiste com capotamento,NÃO DEFINIDO,Inexistentes,NÃO DEFINIDO,NÃO DEFINIDO,Inexistentes,Betuminoso,Curva,Com inclinação,Berma não pavimentada,Na berma,Direita
20181357781,2018:01:25 18:15:00,01/25/00,01/01/00,01/01/00,Polícia de Segurança Pública,50.0,50.0,Quinta-Feira ,"39,414983","-9,141018",0,0,2,Outra via,Seco e limpo,Leiria,Caldas da Rainha,"União das freguesias de Caldas da Rainha - Nossa Senhora do Pópulo, Coto e São Gregório",Caldas da Rainha,Estrada Campo                                                                                       ,Arruamento,0,Em estado regular,,Bom tempo,Sentido único,Em cruzamento,Dentro das localidades,"Noite, com iluminação",Sem marcas rodoviárias ou pouco visíveis,Colisão com veiculo ou obstáculo na faixa de rodagem,NÃO DEFINIDO,Inexistentes,NÃO DEFINIDO,Stop,Inexistentes,Betuminoso,Recta,Em patamar,Berma pavimentada,Em plena via,Direita
2011508419,2011:01:28 11:50:00,01/28/00,01/01/00,01/01/00,Polícia de Segurança Pública,80.0,80.0,Sexta-Feira  ,"0,00","0,00",0,0,1,Outra via,Seco e limpo,Lisboa,Lisboa,Campolide,,,IP- Itinerário Principal,IP7,Em bom estado,,Chuva,Dois sentidos,Fora da intersecção,Fora das localidades,Em pleno dia,Sem marcas rodoviárias ou pouco visíveis,Despiste com dispositivo de retenção,NÃO DEFINIDO,Inexistentes,No sentido decrescente da quilometragem,Outros,Inexistentes,Betuminoso,Curva,Em patamar,Berma pavimentada,Na berma,Esquerda
2010437389,2010:01:30 04:10:00,01/30/00,01/01/00,01/01/00,Guarda Nacional Republicana,120.0,120.0,Sábado       ,"41,009193","-7,883934",0,0,2,Auto-estrada,"Com gelo, geada ou neve",Viseu,Lamego,Bigorne,BIGORNE,,A  - Auto-Estrada,A24,Em bom estado,114.15,Bom tempo,Sentido único,Fora da intersecção,Fora das localidades,"Noite, sem iluminação",Com marcas - separadoras de sentido e de vias de trânsito,Despiste simples,NÃO DEFINIDO,Inexistentes,No sentido decrescente da quilometragem,Outros,Inexistentes,Betuminoso,Curva,Em patamar,Berma pavimentada,Em plena via,Direita
20191679160,2019:01:20 15:45:00,01/20/00,01/01/00,01/01/00,Guarda Nacional Republicana,50.0,50.0,Domingo      ,"39,563120","-8,467223",0,1,0,Estrada sem separador,Seco e limpo,Santarém,Tomar,Paialvo,Delongo,Rua Casal de Santa Catarina - Delongo,Arruamento,0,Em estado regular,,Bom tempo,Dois sentidos,Em entroncamento,Dentro das localidades,Em pleno dia,Sem marcas rodoviárias ou pouco visíveis,Despiste simples,NÃO DEFINIDO,Inexistentes,NÃO DEFINIDO,NÃO DEFINIDO,Inexistentes,Betuminoso,Curva,Em patamar,Sem berma ou impraticável,Na berma,Direita
2015887574,2015:01:12 15:30:00,01/12/00,01/01/00,01/01/00,Polícia de Segurança Pública,50.0,50.0,Segunda-Feira,"38,835565","-9,155731",0,1,0,Outra via,Seco e limpo,Lisboa,Loures,Loures,Loures,Avenida Descobertas                                                                                 ,Arruamento,0,Em estado regular,,Bom tempo,Sentido único,Fora da intersecção,Dentro das localidades,Em pleno dia,Com marcas - separadoras de sentido e de vias de trânsito,Atropelamento de peões,NÃO DEFINIDO,Inexistentes,No sentido crescente da quilometragem,Outros,Inexistentes,Betuminoso,Recta,Em patamar,Berma pavimentada,Em plena via,Direita
2010426424,2010:01:11 10:30:00,01/11/00,01/01/00,01/01/00,Polícia de Segurança Pública,50.0,50.0,Segunda-Feira,"0,00","0,00",0,0,1,Outra via,Seco e limpo,Porto,Matosinhos,Custóias,,Avenida Engenheiro Luís Azevedo Coutinho,Arruamento,0,Em bom estado,,Bom tempo,Sentido único,Em cruzamento,Dentro das localidades,Em pleno dia,Sem marcas rodoviárias ou pouco visíveis,Colisão lateral com outro veículo em movimento,NÃO DEFINIDO,Inexistentes,NÃO DEFINIDO,Stop,NÃO DEFINIDO,Betuminoso,Recta,Em patamar,Berma pavimentada,Em plena via,Direita
2011501267,2010:01:26 22:20:00,01/26/00,01/01/00,01/01/00,Polícia de Segurança Pública,50.0,50.0,Terça-Feira  ,"0,00","0,00",0,0,1,Estrada sem separador,Húmido,Aveiro,Espinho,Espinho,,Rua 62                                                                                              ,Arruamento,0,Em estado regular,,Bom tempo,Dois sentidos,Em entroncamento,Dentro das localidades,"Noite, com iluminação",Com marcas - separadoras de sentido e de vias de trânsito,Colisão com veiculo ou obstáculo na faixa de rodagem,NÃO DEFINIDO,Inexistentes,NÃO DEFINIDO,NÃO DEFINIDO,A funcionar normalmente,Betuminoso,Recta,Em patamar,Berma pavimentada,Em plena via,Direita
20161111506,2016:01:09 11:15:00,01/09/00,01/01/00,01/01/00,Guarda Nacional Republicana,90.0,90.0,Sábado       ,"38,561170","-9,237863",0,0,1,Estrada sem separador,Molhado,Lisboa,Mafra,Carvoeira,ERICEIRA,,EN - Estrada Nacional,EN247,Em estado regular,"56,65",Chuva,Dois sentidos,Fora da intersecção,Fora das localidades,Em pleno dia,Com marcas - separadoras de sentido de trânsito,Colisão frontal,NÃO DEFINIDO,Inexistentes,NÃO DEFINIDO,NÃO DEFINIDO,Inexistentes,Betuminoso,Recta,Em patamar,Berma não pavimentada,Em plena via,Direita
2012579064,2012:01:09 10:00:00,01/09/00,01/01/00,01/01/00,Polícia de Segurança Pública,50.0,50.0,Segunda-Feira,"0,00","0,00",0,0,1,Estrada sem separador,Húmido,Faro,Faro,Faro (Sé),,Rua Dona Teresa Ramalho Ortigão                                                                     ,Arruamento,0,Em estado regular,,Bom tempo,Sentido único,Em cruzamento,Dentro das localidades,Em pleno dia,Com marcas - separadoras de sentido de trânsito,Colisão lateral com outro veículo em movimento,NÃO DEFINIDO,Inexistentes,NÃO DEFINIDO,Cedência de passagem,Inexistentes,Betuminoso,Recta,Em patamar,Berma pavimentada,Em plena via,Direita
20181368058,2018:01:19 18:35:00,01/19/00,01/01/00,01/01/00,Guarda Nacional Republicana,50.0,50.0,Sexta-Feira  ,"41,243589","-8,539035",0,0,1,Estrada sem separador,Seco e limpo,Porto,Maia,Folgosa,Folgosa,Rua da Serra,Arruamento,0,Em bom estado,,Bom tempo,Dois sentidos,Fora da intersecção,Dentro das localidades,"Noite, com iluminação",Com marcas - separadoras de sentido de trânsito,Atropelamento de peões,NÃO DEFINIDO,Inexistentes,NÃO DEFINIDO,NÃO DEFINIDO,Inexistentes,Betão de cimento,Recta,Em patamar,Berma pavimentada,Em plena via,Direita
2011506953,2011:01:21 21:10:00,01/21/00,01/01/00,01/01/00,Polícia de Segurança Pública,50.0,50.0,Sexta-Feira  ,"0,00","0,00",0,0,1,Estrada sem separador,Húmido,Lisboa,Lisboa,São Mamede,,Rua da Escola Politécnica                                                                           ,Arruamento,0,Em estado regular,,Bom tempo,Dois sentidos,Fora da intersecção,Dentro das localidades,"Noite, com iluminação",Com marcas - separadoras de sentido de trânsito,Atropelamento de peões,NÃO DEFINIDO,Inexistentes,NÃO DEFINIDO,Passagem de peões,Inexistentes,Betuminoso,Recta,Em patamar,Sem berma ou impraticável,Em plena via,Direita
2012595460,2012:01:29 12:45:00,01/29/00,01/01/00,01/01/00,Guarda Nacional Republicana,50.0,50.0,Domingo      ,"40,765749","-8,215295",0,1,0,Estrada sem separador,Seco e limpo,Viseu,Sao Pedro do Sul,Valadares,COVELO,,EN - Estrada Nacional,EN333-3,Em bom estado,13.78,Bom tempo,Dois sentidos,Fora da intersecção,Dentro das localidades,Em pleno dia,Com marcas - separadoras de sentido de trânsito,Colisão frontal,NÃO DEFINIDO,Inexistentes,NÃO DEFINIDO,Outros,Inexistentes,Betuminoso,Recta,Em patamar,Berma não pavimentada,Em plena via,Direita
20171234407,2017:01:04 18:30:00,01/04/00,01/01/00,01/01/00,Guarda Nacional Republicana,50.0,50.0,Quarta-Feira ,"38,975895","-8,805248",0,0,1,Estrada sem separador,Húmido,Santarém,Benavente,Benavente,BENAVENTE,Urb. Ribasor - travessa E - Benavente,Arruamento,0,Em bom estado,,Bom tempo,Dois sentidos,Em cruzamento,Dentro das localidades,"Noite, com iluminação",Sem marcas rodoviárias ou pouco visíveis,Atropelamento de peões,NÃO DEFINIDO,Inexistentes,NÃO DEFINIDO,NÃO DEFINIDO,Inexistentes,Betuminoso,Recta,Em patamar,Berma pavimentada,Em plena via,Direita
20191682317,2019:01:14 13:20:00,01/14/00,01/01/00,01/01/00,Guarda Nacional Republicana,90.0,90.0,Segunda-Feira,"39,967070","-8,474656",0,0,1,Estrada sem separador,Seco e limpo,Leiria,Ansiao,Alvorge,Outeiro,Estrada de acesso Outeiro - Alvorge,Arruamento,0,Em estado regular,,Bom tempo,Dois sentidos,Fora da intersecção,Dentro das localidades,Em pleno dia,Sem marcas rodoviárias ou pouco visíveis,Despiste com capotamento,NÃO DEFINIDO,Inexistentes,NÃO DEFINIDO,NÃO DEFINIDO,Inexistentes,Betuminoso,Recta,Com inclinação,Berma não pavimentada,Na berma,Direita
20171175663,2017:01:09 10:15:00,01/09/00,01/01/00,01/01/00,Polícia de Segurança Pública,50.0,50.0,Segunda-Feira,"39,552059","-8,978276",0,0,1,Estrada sem separador,Seco e limpo,Leiria,Alcobaca,União das freguesias de Alcobaça e Vestiaria,Alcobaça,Rua Afonso Lopes Vieira                                                                             ,Arruamento,0,Em bom estado,,Bom tempo,Dois sentidos,Em entroncamento,Dentro das localidades,Em pleno dia,Sem marcas rodoviárias ou pouco visíveis,Atropelamento de peões,NÃO DEFINIDO,Inexistentes,NÃO DEFINIDO,Passagem de peões,Inexistentes,Betuminoso,Recta,Com inclinação,Berma pavimentada,Em plena via,Direita
20181369534,2018:01:26 14:05:00,01/26/00,01/01/00,01/01/00,Guarda Nacional Republicana,50.0,50.0,Sexta-Feira  ,"41,436892","-8,390813",0,0,2,Estrada sem separador,Seco e limpo,Braga,Guimaraes,Ronfe,Ronfe,rua da cadeia,Arruamento,0,Em bom estado,,Bom tempo,Dois sentidos,Fora da intersecção,Dentro das localidades,Em pleno dia,Com marcas - separadoras de sentido de trânsito,Colisão traseira com outro veículo em movimento,NÃO DEFINIDO,Inexistentes,NÃO DEFINIDO,NÃO DEFINIDO,Inexistentes,Betuminoso,Recta,Com inclinação,Sem berma ou impraticável,Em plena via,Direita
2013681681,2013:01:12 18:15:00,01/12/00,01/01/00,01/01/00,Guarda Nacional Republicana,50.0,50.0,Sábado       ,,,1,0,0,Estrada sem separador,Molhado,Aveiro,Santa Maria da Feira,Canedo,Mosteiro,Rua das Custouras,Arruamento,0,Em estado regular,,Chuva,Dois sentidos,Fora da intersecção,Dentro das localidades,"Noite, com iluminação",Sem marcas rodoviárias ou pouco visíveis,Despiste com colisão com veículo imobil. ou obstáculo,NÃO DEFINIDO,Inexistentes,NÃO DEFINIDO,Stop,Inexistentes,Betuminoso,Curva,Em patamar,Sem berma ou impraticável,Em plena via,Direita
2015933081,2015:01:21 18:05:00,01/21/00,01/01/00,01/01/00,Guarda Nacional Republicana,50.0,50.0,Quarta-Feira ,"40,544165","-6,577846",0,0,1,Estrada sem separador,Molhado,Guarda,Figueira de Castelo Rodrigo,Figueira de Castelo Rodrigo,Figueira de Castelo Rodrigo,Avª 25 de Abril,Arruamento,0,Em bom estado,,Bom tempo,Dois sentidos,Em cruzamento,Dentro das localidades,"Noite, com iluminação",Sem marcas rodoviárias ou pouco visíveis,Colisão lateral com outro veículo em movimento,NÃO DEFINIDO,Inexistentes,NÃO DEFINIDO,NÃO DEFINIDO,Inexistentes,Betuminoso,Recta,Em patamar,Sem berma ou impraticável,Em plena via,Direita
20161110389,2016:01:05 10:30:00,01/05/00,01/01/00,01/01/00,Guarda Nacional Republicana,50.0,50.0,Terça-Feira  ,"41,120443","-8,246825",0,0,1,Estrada sem separador,Molhado,Porto,Paredes,Astromil,astromil,rua de santa marinha,Arruamento,0,Em bom estado,,Chuva,Dois sentidos,Fora da intersecção,Dentro das localidades,Em pleno dia,Sem marcas rodoviárias ou pouco visíveis,Despiste simples,NÃO DEFINIDO,Inexistentes,NÃO DEFINIDO,NÃO DEFINIDO,Inexistentes,Betuminoso,Curva,Com inclinação,Sem berma ou impraticável,Em plena via,Direita
2010438731,2010:01:08 08:15:00,01/08/00,01/01/00,01/01/00,Guarda Nacional Republicana,50.0,50.0,Sexta-Feira  ,,,0,0,1,Estrada sem separador,"Com gelo, geada ou neve",Aveiro,Santa Maria da Feira,Escapães,ARRIFANA,,EM - Estrada Municipal,0,Em bom estado,,Bom tempo,Sentido único,Em ramo de ligação - saída,Fora das localidades,Em pleno dia,Sem marcas rodoviárias ou pouco visíveis,Despiste com capotamento,NÃO DEFINIDO,Inexistentes,NÃO DEFINIDO,NÃO DEFINIDO,Desligada,Betuminoso,Curva,Com inclinação,Sem berma ou impraticável,Na berma,Direita