Id. Acidente,Datahora,Dia,Mês,Hora,Entidades Fiscalizadoras,Velocidade local,Velocidade geral,Dia da Semana,Latitude GPS,Longitude GPS,Num. Mortos a 30 dias,Num. Feridos graves a 30 dias,Num. Feridos ligeiros a 30 dias,Características Tecnicas1,Cond Aderência,Distrito,Concelho,Freguesia,Pov. Proxima,Nome arruamento,Tipos Vias,Cod Via,Estado Conservação,Km,Factores Atmosféricos,Reg Circulação1,Intersecção Vias,Localizações,Luminosidade,Marca Via,Natureza,Obras Arte,Obstáculos,Sentidos,Sinais,Sinais Luminosos,Tipo Piso,Traçado 1,Traçado 2,Traçado 3,Traçado 4,Via Trânsito
2015882201,2015:01:02 09:40:00,01/02/00,01/01/00,01/01/00,Polícia de Segurança Pública,90.0,90.0,Sexta-Feira  ,"40,181799","-8,441796",0,0,1,Estrada sem separador,Seco e limpo,Coimbra,Coimbra,União das freguesias de Assafarge e Antanhol,Carvalhais,,EN - Estrada Nacional,EN1,Em estado regular,,Bom tempo,Sentido único,Fora da intersecção,Dentro das localidades,Em pleno dia,Sem marcas rodoviárias ou pouco visíveis,Colisão traseira com outro veículo em movimento,NÃO DEFINIDO,Inexistentes,NÃO DEFINIDO,Cedência de passagem,Inexistentes,Betuminoso,Recta,Em patamar,Berma pavimentada,Em plena via,Direita
20181348154,2018:01:17 07:00:00,01/17/00,01/01/00,01/01/00,Polícia de Segurança Pública,50.0,50.0,Quarta-Feira ,"41,535382","-8,410457",0,0,1,Estrada sem separador,Molhado,Braga,Braga,"União das freguesias de Nogueira, Fraião e Lamaçães",Braga,Avenida Miguel Torga,Arruamento,0,Em bom estado,,Bom tempo,Dois sentidos,Fora da intersecção,Dentro das localidades,Aurora ou crepúsculo,Com marcas - separadoras de sentido e de vias de trânsito,Despiste com colisão com veículo imobil. ou obstáculo,NÃO DEFINIDO,Inexistentes,NÃO DEFINIDO,NÃO DEFINIDO,Inexistentes,Betuminoso,Curva,Com inclinação,Sem berma ou impraticável,Em plena via,Direita
2011520576,2011:01:06 19:15:00,01/06/00,01/01/00,01/01/00,Guarda Nacional Republicana,50.0,50.0,Quinta-Feira ,,,0,0,1,Estrada sem separador,Molhado,Vila Real,Murca,Murça,,R FERNAO MAGALHAES - MURÇA,Arruamento,0,Em bom estado,,Chuva,Sentido único,Em entroncamento,Dentro das localidades,"Noite, com iluminação",Sem marcas rodoviárias ou pouco visíveis,Atropelamento de peões,NÃO DEFINIDO,Inexistentes,NÃO DEFINIDO,Passagem de peões,Inexistentes,Betuminoso,Recta,Com inclinação,Berma pavimentada,Em plena via,Direita
20191679246,2019:01:27 20:30:00,01/27/00,01/01/00,01/01/00,Guarda Nacional Republicana,120.0,120.0,Domingo      ,"38,691720","-8,938923",0,0,1,Outra via,Seco e limpo,Setúbal,Montijo,União das freguesias de Montijo e Afonsoeiro,Montijo,,Outra Via,0,Em estado regular,,Bom tempo,Sentido único,Fora da intersecção,Fora das localidades,"Noite, sem iluminação",Com marcas - separadoras de sentido e de vias de trânsito,Colisão traseira com outro veículo em movimento,NÃO DEFINIDO,Inexistentes,No sentido decrescente da quilometragem,NÃO DEFINIDO,Inexistentes,Betuminoso,Recta,Em patamar,Berma não pavimentada,Em plena via,Esquerda
2010426523,2010:01:10 07:10:00,01/10/00,01/01/00,01/01/00,Polícia de Segurança Pública,50.0,50.0,Domingo      ,"0,00","0,00",0,0,1,Estrada sem separador,Molhado,Coimbra,Coimbra,Coimbra (Sé Nova),,Rua Almeida Garret,Arruamento,0,Em mau estado,,Bom tempo,Dois sentidos,Fora da intersecção,Dentro das localidades,Aurora ou crepúsculo,Sem marcas rodoviárias ou pouco visíveis,Atropelamento com fuga,NÃO DEFINIDO,Inexistentes,NÃO DEFINIDO,NÃO DEFINIDO,Inexistentes,Calçada,Recta,Com inclinação,Berma pavimentada,Em plena via,Direita
2011526622,2011:02:16 19:45:00,01/16/00,02/01/00,01/01/00,Guarda Nacional Republicana,90.0,90.0,Quarta-Feira ,"41,613576","-7,934988",0,0,1,Estrada sem separador,"Com gelo, geada ou neve",Vila Real,Montalegre,Salto,POVOA,,EN - Estrada Nacional,EN311,Em bom estado,41.415,Neve,Dois sentidos,Fora da intersecção,Fora das localidades,"Noite, sem iluminação",Com marcas - separadoras de sentido de trânsito,Despiste com colisão com veículo imobil. ou obstáculo,NÃO DEFINIDO,Inexistentes,NÃO DEFINIDO,NÃO DEFINIDO,Inexistentes,Betuminoso,Recta,Em patamar,Sem berma ou impraticável,Na berma,Direita
2011523773,2011:02:07 12:45:00,01/07/00,02/01/00,01/01/00,Guarda Nacional Republicana,50.0,50.0,Segunda-Feira,,,0,0,1,Estrada sem separador,Seco e limpo,Braga,Guimaraes,Aldão,AZUREM,R S MAMEDE,Arruamento,0,Em estado regular,,Bom tempo,Dois sentidos,Fora da intersecção,Dentro das localidades,Em pleno dia,Sem marcas rodoviárias ou pouco visíveis,Despiste com capotamento,NÃO DEFINIDO,Inexistentes,NÃO DEFINIDO,NÃO DEFINIDO,Inexistentes,Calçada,Curva,Em patamar,Berma não pavimentada,Em plena via,Direita
2013685900,2013:02:14 13:45:00,01/14/00,02/01/00,01/01/00,Guarda Nacional Republicana,50.0,50.0,Quinta-Feira ,,,0,0,2,Estrada sem separador,Seco e limpo,Porto,Matosinhos,Lavra,Perafita,Rua Padre Manuel Teixeira de Melo,Arruamento,0,Em estado regular,,Bom tempo,Dois sentidos,Em entroncamento,Dentro das localidades,Em pleno dia,Sem marcas rodoviárias ou pouco visíveis,Colisão lateral com outro veículo em movimento,NÃO DEFINIDO,Inexistentes,NÃO DEFINIDO,NÃO DEFINIDO,Inexistentes,Betuminoso,Curva,Em patamar,Sem berma ou impraticável,Em plena via,Direita
20171216231,2017:02:13 19:37:00,01/13/00,02/01/00,01/01/00,Polícia de Segurança Pública,50.0,50.0,Segunda-Feira,"38,651943","-9,166069",0,0,1,Estrada sem separador,Seco e limpo,Setúbal,Almada,União das freguesias de Laranjeiro e Feijó,Almada,Estrada Algazarra                                                                                   ,Arruamento,0,Em bom estado,,Bom tempo,Dois sentidos,Fora da intersecção,Dentro das localidades,"Noite, com iluminação",Com marcas - separadoras de sentido de trânsito,Atropelamento de peões,NÃO DEFINIDO,Inexistentes,NÃO DEFINIDO,Passagem de peões,Inexistentes,Betuminoso,Recta,Em patamar,Berma pavimentada,Em plena via,Direita
2013667747,2013:02:18 08:12:00,01/18/00,02/01/00,01/01/00,Polícia de Segurança Pública,50.0,50.0,Segunda-Feira,"0,00","0,00",0,0,1,Estrada sem separador,Molhado,Leiria,Nazare,Nazaré,Sítio da Nazaré,Rua Brito Alão,Arruamento,0,Em estado regular,,Chuva,Dois sentidos,NÃO DEFINIDO,Dentro das localidades,Em pleno dia,Sem marcas rodoviárias ou pouco visíveis,Despiste sem dispositivo de retenção,NÃO DEFINIDO,Inexistentes,NÃO DEFINIDO,Outros,Inexistentes,Calçada,Recta,Com inclinação,Berma pavimentada,Em plena via,Direita
2011526900,2011:02:06 07:40:00,01/06/00,02/01/00,01/01/00,Guarda Nacional Republicana,,50.0,Domingo      ,"38,52934","9,04139",0,0,1,Estrada sem separador,Seco e limpo,Lisboa,Vila Franca de Xira,Vialonga,VIALONGA,ESTAÇÃO DE CANIÇOS,Arruamento,0,Em estado regular,,Bom tempo,Dois sentidos,NÃO DEFINIDO,Dentro das localidades,Em pleno dia,Sem marcas rodoviárias ou pouco visíveis,Despiste simples,NÃO DEFINIDO,NÃO DEFINIDO,NÃO DEFINIDO,Outros,Inexistentes,Terra batida,Curva,Com inclinação,Berma não pavimentada,Em plena via,Direita
2013684975,2013:02:26 06:50:00,01/26/00,02/01/00,01/01/00,Guarda Nacional Republicana,50.0,50.0,Terça-Feira  ,,,0,0,1,Estrada sem separador,Seco e limpo,Aveiro,Santa Maria da Feira,Vale,Póvoa,Rua Pinho Leal,Arruamento,0,Em estado regular,,Bom tempo,Dois sentidos,Em cruzamento,Dentro das localidades,Em pleno dia,Com marcas - separadoras de sentido e de vias de trânsito,Colisão lateral com outro veículo em movimento,NÃO DEFINIDO,Inexistentes,NÃO DEFINIDO,NÃO DEFINIDO,Inexistentes,Betuminoso,Curva,Em patamar,Sem berma ou impraticável,Em plena via,Direita
2013685719,2013:02:02 21:15:00,01/02/00,02/01/00,01/01/00,Guarda Nacional Republicana,50.0,50.0,Sábado       ,,,0,0,2,Estrada sem separador,Seco e limpo,Porto,Vila Nova de Gaia,Sandim,Sandim,,EN - Estrada Nacional,EN109-2,Em bom estado,0.4,Bom tempo,Dois sentidos,Fora da intersecção,Dentro das localidades,"Noite, sem iluminação",Com marcas - separadoras de sentido de trânsito,Colisão lateral com outro veículo em movimento,NÃO DEFINIDO,Inexistentes,NÃO DEFINIDO,Outros,Inexistentes,Betuminoso,Curva,Em patamar,Berma pavimentada,Em plena via,Direita
20181377324,2018:02:23 08:30:00,01/23/00,02/01/00,01/01/00,Guarda Nacional Republicana,50.0,50.0,Sexta-Feira  ,"41,556080","-8,412486",0,0,1,Estrada sem separador,Seco e limpo,Braga,Guimaraes,"União das freguesias de Airão Santa Maria, Airão São João e Vermil",Braga,"Rua santa Luzia, Airão Santa Maria",Arruamento,0,Em bom estado,,Bom tempo,Dois sentidos,Em entroncamento,Dentro das localidades,Em pleno dia,Sem marcas rodoviárias ou pouco visíveis,Colisão lateral com outro veículo em movimento,NÃO DEFINIDO,Inexistentes,NÃO DEFINIDO,Stop,Inexistentes,Terra batida,Curva,Em patamar,Sem berma ou impraticável,Em plena via,Direita
2013686924,2013:02:06 20:00:00,01/06/00,02/01/00,01/01/00,Guarda Nacional Republicana,90.0,90.0,Quarta-Feira ,,,0,0,1,Estrada sem separador,Seco e limpo,Beja,Castro Verde,Castro Verde,Castro Verde,,EN - Estrada Nacional,EN2,Em estado regular,647.0,Bom tempo,Dois sentidos,Fora da intersecção,Fora das localidades,"Noite, sem iluminação",Com marcas - separadoras de sentido de trânsito,Despiste simples,NÃO DEFINIDO,Inexistentes,NÃO DEFINIDO,NÃO DEFINIDO,Inexistentes,Betuminoso,Recta,Em patamar,Berma não pavimentada,Em plena via,Direita
20171202826,2017:02:14 13:10:00,01/14/00,02/01/00,01/01/00,Polícia de Segurança Pública,60.0,60.0,Terça-Feira  ,"38,768572","-9,268934",0,0,1,Outra via,Húmido,Lisboa,Sintra,União das freguesias de Queluz e Belas,,,Outra Via,0,NÃO DEFINIDO,,Chuva,Sentido único,NÃO DEFINIDO,Fora das localidades,Em pleno dia,Com marcas - separadoras de sentido e de vias de trânsito,Despiste com dispositivo de retenção,NÃO DEFINIDO,Inexistentes,No sentido crescente da quilometragem,Outros,Desligada,Betuminoso,Curva,Em patamar,Berma pavimentada,Em plena via,Direita
2011510283,2011:02:10 11:50:00,01/10/00,02/01/00,01/01/00,Polícia de Segurança Pública,50.0,50.0,Quinta-Feira ,"0,00","0,00",0,0,1,Estrada sem separador,Seco e limpo,Lisboa,Lisboa,Penha de França,,Praça Paiva Couceiro                                                                                ,Arruamento,0,Em bom estado,,Bom tempo,Sentido único,Em entroncamento,Dentro das localidades,Em pleno dia,Com marcas - separadoras de sentido de trânsito,Atropelamento de peões,NÃO DEFINIDO,Inexistentes,NÃO DEFINIDO,Passagem de peões,Inexistentes,Betuminoso,Curva,Em patamar,Sem berma ou impraticável,Em plena via,Direita
2013666974,2013:02:17 06:50:00,01/17/00,02/01/00,01/01/00,Polícia de Segurança Pública,50.0,50.0,Domingo      ,"0,00","0,00",0,0,1,Estrada sem separador,Seco e limpo,Porto,Porto,Cedofeita,Porto,Rua Almada                                                                                          ,Arruamento,0,Em bom estado,,Bom tempo,Sentido único,Fora da intersecção,Dentro das localidades,"Noite, com iluminação",Sem marcas rodoviárias ou pouco visíveis,Atropelamento de peões,NÃO DEFINIDO,Inexistentes,NÃO DEFINIDO,Cedência de passagem,Inexistentes,Calçada,Recta,Em patamar,Berma pavimentada,Em plena via,Direita
20171243771,2017:02:07 13:43:00,01/07/00,02/01/00,01/01/00,Guarda Nacional Republicana,50.0,50.0,Terça-Feira  ,"40,973857","-8,585285",0,0,1,Estrada sem separador,Seco e limpo,Aveiro,Santa Maria da Feira,Paços de Brandão,PAÇOS DE BRANDÃO,Rua do Passo Novo,Arruamento,0,Em estado regular,,Bom tempo,Sentido único,Em passagem de nível,Dentro das localidades,Em pleno dia,Sem marcas rodoviárias ou pouco visíveis,Colisão com outras situações,NÃO DEFINIDO,Inexistentes,NÃO DEFINIDO,NÃO DEFINIDO,A funcionar normalmente,Calçada,Recta,Em patamar,Berma pavimentada,Em plena via,Direita
2012590841,2012:02:23 00:08:00,01/23/00,02/01/00,01/01/00,Polícia de Segurança Pública,70.0,70.0,Quinta-Feira ,"41,220078","-8,626933",0,0,2,Outra via,Seco e limpo,Porto,Matosinhos,Leça do Bailio,Leça do Balio,,EN - Estrada Nacional,EN14,Em bom estado,5.2,Bom tempo,Sentido único,NÃO DEFINIDO,Dentro das localidades,"Noite, sem iluminação",Sem marcas rodoviárias ou pouco visíveis,Despiste com capotamento,NÃO DEFINIDO,NÃO DEFINIDO,NÃO DEFINIDO,NÃO DEFINIDO,NÃO DEFINIDO,Betuminoso,Recta,Em patamar,Berma pavimentada,Em plena via,Direita
20161025624,2016:02:03 17:00:00,01/03/00,02/01/00,01/01/00,Polícia de Segurança Pública,50.0,50.0,Quarta-Feira ,"39,402190","-9,136393",0,0,1,Estrada sem separador,Seco e limpo,Leiria,Caldas da Rainha,"União das freguesias de Caldas da Rainha - Nossa Senhora do Pópulo, Coto e São Gregório",,Rua Vitorino Fróis                                                                                  ,Arruamento,0,Em bom estado,,Bom tempo,Dois sentidos,Em rotunda,Dentro das localidades,Em pleno dia,Com marcas - separadoras de sentido de trânsito,Atropelamento com fuga,NÃO DEFINIDO,Inexistentes,NÃO DEFINIDO,Passagem de peões,Inexistentes,Betuminoso,Recta,Com inclinação,Sem berma ou impraticável,Em plena via,Direita
2010446310,2010:02:21 22:50:00,01/21/00,02/01/00,01/01/00,Guarda Nacional Republicana,50.0,50.0,Domingo      ,"41,680061","-8,578716",0,0,1,Estrada sem separador,Húmido,Viana do Castelo,Ponte de Lima,Refóios do Lima,REFOIOS LIMA,,EN - Estrada Nacional,EN306,Em estado regular,28.08,Chuva,Dois sentidos,Fora da intersecção,Dentro das localidades,"Noite, com iluminação",Com marcas - separadoras de sentido de trânsito,Despiste simples,NÃO DEFINIDO,Inexistentes,NÃO DEFINIDO,Outros,Inexistentes,Betuminoso,Curva,Com inclinação,Berma não pavimentada,Na berma,Esquerda
20161120572,2016:02:17 10:30:00,01/17/00,02/01/00,01/01/00,Guarda Nacional Republicana,50.0,50.0,Quarta-Feira ,"39,523834","-8,522125",0,0,1,Estrada sem separador,Seco e limpo,Leiria,Leiria,União das freguesias de Monte Redondo e Carreira,SISMARIA,RUA CAMPOS DO LIS - SISMARIA,Arruamento,0,Em estado regular,,Bom tempo,Dois sentidos,Em entroncamento,Dentro das localidades,Em pleno dia,Sem marcas rodoviárias ou pouco visíveis,Despiste simples,NÃO DEFINIDO,Inexistentes,NÃO DEFINIDO,NÃO DEFINIDO,Inexistentes,Betuminoso,Recta,Em patamar,Sem berma ou impraticável,Em plena via,Direita
2010446735,2010:02:27 23:20:00,01/27/00,02/01/00,01/01/00,Guarda Nacional Republicana,50.0,50.0,Sábado       ,,,0,0,2,Estrada sem separador,Molhado,Santarém,Alcanena,Malhou,MALHOU,R 1 DEZEMBRO,Arruamento,0,Em estado regular,,Chuva,Dois sentidos,Fora da intersecção,Dentro das localidades,"Noite, com iluminação",Sem marcas rodoviárias ou pouco visíveis,Despiste simples,NÃO DEFINIDO,Inexistentes,NÃO DEFINIDO,NÃO DEFINIDO,Inexistentes,Betuminoso,Recta,Em patamar,Berma pavimentada,Em plena via,Direita
20161120375,2016:02:16 08:30:00,01/16/00,02/01/00,01/01/00,Guarda Nacional Republicana,50.0,50.0,Terça-Feira  ,"39,473478","-8,420161",0,0,2,Estrada sem separador,Seco e limpo,Leiria,Leiria,União das freguesias de Colmeias e Memória,VALONGO,"Rua Principal, Valongo - Colmeias",Arruamento,0,Em estado regular,,Bom tempo,Dois sentidos,Fora da intersecção,Dentro das localidades,Em pleno dia,Sem marcas rodoviárias ou pouco visíveis,Colisão lateral com outro veículo em movimento,NÃO DEFINIDO,Inexistentes,NÃO DEFINIDO,NÃO DEFINIDO,Inexistentes,Betuminoso,Recta,Com inclinação,Sem berma ou impraticável,Em plena via,Direita
2012601185,2012:02:14 15:00:00,01/14/00,02/01/00,01/01/00,Guarda Nacional Republicana,50.0,50.0,Terça-Feira  ,,,0,0,1,Estrada sem separador,Seco e limpo,Coimbra,Coimbra,São Silvestre,SAO SILVESTRE,R DO PORTAO DA CIOGA,Arruamento,0,Em bom estado,,Bom tempo,Dois sentidos,Fora da intersecção,Dentro das localidades,Em pleno dia,Sem marcas rodoviárias ou pouco visíveis,Colisão lateral com outro veículo em movimento,NÃO DEFINIDO,Inexistentes,NÃO DEFINIDO,NÃO DEFINIDO,Inexistentes,Betuminoso,Curva,Em patamar,Sem berma ou impraticável,Em plena via,Direita
2012600186,2012:02:28 13:50:00,01/28/00,02/01/00,01/01/00,Guarda Nacional Republicana,50.0,90.0,Terça-Feira  ,,,0,0,1,Estrada sem separador,Seco e limpo,Vila Real,Chaves,Loivos,SEIXO,,EM - Estrada Municipal,EM311,Em estado regular,4.9,Bom tempo,Dois sentidos,Fora da intersecção,Dentro das localidades,Em pleno dia,Sem marcas rodoviárias ou pouco visíveis,Colisão lateral com outro veículo em movimento,NÃO DEFINIDO,Inexistentes,NÃO DEFINIDO,Stop,Inexistentes,Betuminoso,Recta,Em patamar,Berma não pavimentada,Em plena via,Direita
20181378220,2018:02:27 10:00:00,01/27/00,02/01/00,01/01/00,Guarda Nacional Republicana,50.0,50.0,Terça-Feira  ,"41,080773","-7,392248",0,0,2,Estrada sem separador,Seco e limpo,Viseu,Sao Joao da Pesqueira,Valongo dos Azeites,Viseu,,EN - Estrada Nacional,EN229,Em bom estado,"3,2",Neve,Dois sentidos,Fora da intersecção,Fora das localidades,Em pleno dia,Sem marcas rodoviárias ou pouco visíveis,Despiste simples,NÃO DEFINIDO,Inexistentes,NÃO DEFINIDO,NÃO DEFINIDO,Inexistentes,Betuminoso,Curva,Em patamar,Sem berma ou impraticável,Em plena via,Direita
2012600176,2012:02:01 13:45:00,01/01/00,02/01/00,01/01/00,Guarda Nacional Republicana,50.0,50.0,Quarta-Feira ,,,0,0,3,Estrada sem separador,Húmido,Vila Real,Vila Pouca de Aguiar,Alfarela de Jales,ALFARELA DE JALES,,EN - Estrada Nacional,EN212,Em bom estado,13.55,Chuva,Dois sentidos,Fora da intersecção,Dentro das localidades,Em pleno dia,Com marcas - separadoras de sentido de trânsito,Despiste com capotamento,NÃO DEFINIDO,Inexistentes,NÃO DEFINIDO,NÃO DEFINIDO,Inexistentes,Betuminoso,Curva,Com inclinação,Sem berma ou impraticável,Na berma,Direita
20161122056,2016:02:24 15:50:00,01/24/00,02/01/00,01/01/00,Guarda Nacional Republicana,30.0,120.0,Quarta-Feira ,"41,064419","-8,642242",0,0,1,Auto-estrada,Molhado,Porto,Vila Nova de Gaia,União das freguesias de Gulpilhares e Valadares,GULPILHARES,,A  - Auto-Estrada,A44,Em bom estado,1,Chuva,Sentido único,Fora da intersecção,Fora das localidades,Em pleno dia,Com marcas - separadoras de sentido e de vias de trânsito,Despiste simples,NÃO DEFINIDO,Inexistentes,No sentido crescente da quilometragem,NÃO DEFINIDO,Inexistentes,Betuminoso,Curva,Com inclinação,Berma pavimentada,Em plena via,Direita
2015945352,2015:02:11 12:00:00,01/11/00,02/01/00,01/01/00,Guarda Nacional Republicana,50.0,50.0,Quarta-Feira ,"38,558370","-9,151111",0,0,2,Estrada sem separador,Seco e limpo,Lisboa,Mafra,União das freguesias de Malveira e São Miguel de Alcainça,,,EN - Estrada Nacional,EN8,Em estado regular,21.615,Bom tempo,Dois sentidos,Em cruzamento,Dentro das localidades,Em pleno dia,Com marcas - separadoras de sentido de trânsito,Colisão lateral com outro veículo em movimento,NÃO DEFINIDO,Inexistentes,NÃO DEFINIDO,NÃO DEFINIDO,Inexistentes,Betuminoso,Recta,Em patamar,Sem berma ou impraticável,Em plena via,Direita
20171243723,2017:02:06 08:30:00,01/06/00,02/01/00,01/01/00,Guarda Nacional Republicana,50.0,50.0,Segunda-Feira,"39,561573","-9,007420",0,0,1,Estrada sem separador,Seco e limpo,Leiria,Alcobaca,União das freguesias de Alcobaça e Vestiaria,VEVSTIARIA,RUA JOAQUIM LUIS DUARTE FROIS,Arruamento,0,Em bom estado,,Bom tempo,Dois sentidos,Fora da intersecção,Dentro das localidades,Em pleno dia,Sem marcas rodoviárias ou pouco visíveis,Despiste simples,NÃO DEFINIDO,Inexistentes,NÃO DEFINIDO,NÃO DEFINIDO,Inexistentes,Betuminoso,Curva,Em patamar,Sem berma ou impraticável,Em plena via,Direita
20181375423,2018:02:14 15:00:00,01/14/00,02/01/00,01/01/00,Guarda Nacional Republicana,50.0,50.0,Quarta-Feira ,"39,270213","-9,155768",0,0,1,Estrada sem separador,Seco e limpo,Leiria,Bombarral,União das freguesias do Bombarral e Vale Covo,Bombarral,Largo Comendador João Ferreira dos Santos,Arruamento,0,Em bom estado,,Bom tempo,Sentido único,Em rotunda,Dentro das localidades,Em pleno dia,Sem marcas rodoviárias ou pouco visíveis,Colisão lateral com outro veículo em movimento,NÃO DEFINIDO,Inexistentes,NÃO DEFINIDO,Cedência de passagem,Inexistentes,Betuminoso,Recta,Em patamar,Berma pavimentada,Em plena via,Direita
2011524997,2011:02:14 17:15:00,01/14/00,02/01/00,01/01/00,Guarda Nacional Republicana,100.0,120.0,Segunda-Feira,"41,139563","-8,637389",0,0,1,Auto-estrada,Molhado,Porto,Vila Nova de Gaia,São Pedro da Afurada,,,A  - Auto-Estrada,A1,Em bom estado,301.8,Chuva,Sentido único,Fora da intersecção,Fora das localidades,Em pleno dia,Com marcas - separadoras de sentido e de vias de trânsito,Despiste com capotamento,NÃO DEFINIDO,Inexistentes,No sentido crescente da quilometragem,NÃO DEFINIDO,NÃO DEFINIDO,Betuminoso,Curva,Com inclinação,Berma pavimentada,Em plena via,Direita
2014801581,2014:02:11 15:15:00,01/11/00,02/01/00,01/01/00,Guarda Nacional Republicana,50.0,50.0,Terça-Feira  ,"39,535660","-8,500240",0,0,1,Estrada sem separador,Molhado,Leiria,Leiria,União das freguesias de Monte Redondo e Carreira,Monte Redondo,,EN - Estrada Nacional,EN109,Em bom estado,151.43,Chuva,Dois sentidos,Fora da intersecção,Dentro das localidades,Em pleno dia,Com marcas - separadoras de sentido de trânsito,Colisão traseira com outro veículo em movimento,NÃO DEFINIDO,Inexistentes,NÃO DEFINIDO,NÃO DEFINIDO,Inexistentes,Betuminoso,Recta,Em patamar,Berma não pavimentada,Em plena via,Direita
2013664728,2013:02:06 21:00:00,01/06/00,02/01/00,01/01/00,Polícia de Segurança Pública,50.0,50.0,Quarta-Feira ,"0,00","0,00",0,0,1,Estrada sem separador,Seco e limpo,Lisboa,Sintra,Queluz,,Avenida Doutor Miguel Bombarda                                                                      ,Arruamento,0,Em estado regular,,Bom tempo,Dois sentidos,Fora da intersecção,Dentro das localidades,"Noite, com iluminação",Com marcas - separadoras de sentido e de vias de trânsito,Atropelamento de peões,NÃO DEFINIDO,Inexistentes,NÃO DEFINIDO,Passagem de peões,Inexistentes,Betuminoso,Recta,Em patamar,Sem berma ou impraticável,Em plena via,Direita
2011523361,2011:02:02 19:00:00,01/02/00,02/01/00,01/01/00,Guarda Nacional Republicana,50.0,50.0,Quarta-Feira ,,,0,0,1,Estrada sem separador,Seco e limpo,Aveiro,Mealhada,Vacariça,VCARIÇA,R DAS MATAS,Arruamento,0,Em bom estado,,Bom tempo,Dois sentidos,Em entroncamento,Dentro das localidades,"Noite, sem iluminação",Com marcas - separadoras de sentido de trânsito,Colisão lateral com outro veículo em movimento,NÃO DEFINIDO,Inexistentes,NÃO DEFINIDO,Stop,Inexistentes,Betuminoso,Curva,Com inclinação,Sem berma ou impraticável,Em plena via,Direita
2011515210,2011:02:22 15:00:00,01/22/00,02/01/00,01/01/00,Polícia de Segurança Pública,50.0,50.0,Terça-Feira  ,"0,00","0,00",0,0,1,Outra via,Seco e limpo,Lisboa,Lisboa,Campo Grande,,"Campo Grande -(Rotunda de Entrecampos,  (Lisboa)",Arruamento,0,Em bom estado,,Bom tempo,Dois sentidos,Em entroncamento,Dentro das localidades,Em pleno dia,Com marcas - separadoras de sentido de trânsito,Colisão traseira com outro veículo em movimento,NÃO DEFINIDO,Inexistentes,NÃO DEFINIDO,Passagem de peões,A funcionar normalmente,Betuminoso,Curva,Em patamar,Berma pavimentada,Em plena via,Central
2010435994,2010:02:20 22:30:00,01/20/00,02/01/00,01/01/00,Polícia de Segurança Pública,50.0,50.0,Sábado       ,"0,00","0,00",0,0,1,Outra via,NÃO DEFINIDO,Lisboa,Lisboa,Santa Maria dos Olivais,,Av Marechal Gomes da Costa,Arruamento,0,NÃO DEFINIDO,,NÃO DEFINIDO,Dois sentidos,NÃO DEFINIDO,Dentro das localidades,NÃO DEFINIDO,NÃO DEFINIDO,Despiste com dispositivo de retenção,NÃO DEFINIDO,NÃO DEFINIDO,NÃO DEFINIDO,NÃO DEFINIDO,NÃO DEFINIDO,NÃO DEFINIDO,NÃO DEFINIDO,NÃO DEFINIDO,NÃO DEFINIDO,NÃO DEFINIDO,Esquerda
2012603328,2012:02:01 12:40:00,01/01/00,02/01/00,01/01/00,Guarda Nacional Republicana,120.0,120.0,Quarta-Feira ,"41,201874","-8,310163",0,0,1,Auto-estrada,Molhado,Porto,Penafiel,Guilhufe,,,A  - Auto-Estrada,A4,Em bom estado,35.0,Chuva,Sentido único,Fora da intersecção,Fora das localidades,Em pleno dia,Com marcas - separadoras de sentido e de vias de trânsito,Despiste com dispositivo de retenção,NÃO DEFINIDO,Inexistentes,No sentido crescente da quilometragem,Outros,Inexistentes,Betuminoso,Recta,Com inclinação,Berma pavimentada,Em plena via,Direita
20161117744,2016:02:04 17:10:00,01/04/00,02/01/00,01/01/00,Guarda Nacional Republicana,50.0,50.0,Quinta-Feira ,"39,430506","-8,422576",0,0,1,Estrada sem separador,Seco e limpo,Leiria,Leiria,Caranguejeira,CARANGUEJEIRA,"Rua da Fonte, Pereiras",Arruamento,0,Em estado regular,,Bom tempo,Dois sentidos,Fora da intersecção,Dentro das localidades,Em pleno dia,Com marcas - separadoras de sentido de trânsito,Colisão traseira com outro veículo em movimento,NÃO DEFINIDO,Inexistentes,NÃO DEFINIDO,NÃO DEFINIDO,Inexistentes,Betuminoso,Curva,Em patamar,Sem berma ou impraticável,Em plena via,Direita
2014802625,2014:02:18 09:00:00,01/18/00,02/01/00,01/01/00,Guarda Nacional Republicana,90.0,120.0,Terça-Feira  ,"38,398157","-9,102678",0,0,1,Auto-estrada,Seco e limpo,Setúbal,Almada,"União das freguesias de Almada, Cova da Piedade, Pragal e Cacilhas",Pragal,,A  - Auto-Estrada,A2,Em bom estado,6.5,Bom tempo,Sentido único,Fora da intersecção,Fora das localidades,Em pleno dia,Com marcas - separadoras de sentido de trânsito,Colisão traseira com outro veículo em movimento,NÃO DEFINIDO,Inexistentes,No sentido decrescente da quilometragem,NÃO DEFINIDO,Inexistentes,Betuminoso,Recta,Com inclinação,Berma pavimentada,Em plena via,Direita
2015903277,2015:02:22 05:10:00,01/22/00,02/01/00,01/01/00,Polícia de Segurança Pública,50.0,50.0,Domingo      ,"41,167024","-8,626163",0,0,2,Estrada sem separador,Seco e limpo,Porto,Porto,Ramalde,Porto,Rua Prelada                                                                                         ,Arruamento,0,Em bom estado,,Bom tempo,Dois sentidos,Em cruzamento,Dentro das localidades,"Noite, com iluminação",Com marcas - separadoras de sentido de trânsito,Colisão lateral com outro veículo em movimento,NÃO DEFINIDO,Inexistentes,NÃO DEFINIDO,NÃO DEFINIDO,A funcionar normalmente,Betuminoso,Recta,Em patamar,Berma pavimentada,Em plena via,Esquerda
2014800539,2014:02:18 09:00:00,01/18/00,02/01/00,01/01/00,Guarda Nacional Republicana,120.0,120.0,Terça-Feira  ,"38,424710","-9,196348",0,0,1,Auto-estrada,Seco e limpo,Lisboa,Oeiras,Porto Salvo,Porto Salvo,,A  - Auto-Estrada,A5,Em bom estado,13.9,Bom tempo,Sentido único,Fora da intersecção,Fora das localidades,Em pleno dia,Com marcas - separadoras de sentido de trânsito,Colisão traseira com outro veículo em movimento,NÃO DEFINIDO,Inexistentes,No sentido decrescente da quilometragem,Outros,Inexistentes,Betuminoso,Recta,Em patamar,Berma pavimentada,Em plena via,Esquerda