Id. Acidente,Datahora,Dia,Mês,Hora,Entidades Fiscalizadoras,Velocidade local,Velocidade geral,Dia da Semana,Latitude GPS,Longitude GPS,Num. Mortos a 30 dias,Num. Feridos graves a 30 dias,Num. Feridos ligeiros a 30 dias,Características Tecnicas1,Cond Aderência,Distrito,Concelho,Freguesia,Pov. Proxima,Nome arruamento,Tipos Vias,Cod Via,Estado Conservação,Km,Factores Atmosféricos,Reg Circulação1,Intersecção Vias,Localizações,Luminosidade,Marca Via,Natureza,Obras Arte,Obstáculos,Sentidos,Sinais,Sinais Luminosos,Tipo Piso,Traçado 1,Traçado 2,Traçado 3,Traçado 4,Via Trânsito
2010445747,2010:02:07 14:20:00,01/07/00,02/01/00,01/01/00,Guarda Nacional Republicana,50.0,50.0,Domingo      ,,,0,0,1,Estrada sem separador,Com gravilha ou areia,Porto,Povoa de Varzim,Estela,,R RIO ALTO,Arruamento,0,Em bom estado,,Bom tempo,Dois sentidos,Em cruzamento,Dentro das localidades,Em pleno dia,Sem marcas rodoviárias ou pouco visíveis,Colisão lateral com outro veículo em movimento,NÃO DEFINIDO,Inexistentes,NÃO DEFINIDO,Stop,Inexistentes,Calçada,Recta,Em patamar,Sem berma ou impraticável,Em plena via,Direita
2014768108,2014:02:22 15:30:00,01/22/00,02/01/00,01/01/00,Polícia de Segurança Pública,50.0,50.0,Sábado       ,"38,745668","-9,216045",0,0,1,Estrada sem separador,Seco e limpo,Lisboa,Amadora,Damaia,,Rua da Ladeira,Arruamento,0,Em estado regular,,Bom tempo,Dois sentidos,Fora da intersecção,Dentro das localidades,Em pleno dia,Sem marcas rodoviárias ou pouco visíveis,Atropelamento com fuga,NÃO DEFINIDO,Inexistentes,NÃO DEFINIDO,Outros,Inexistentes,Betuminoso,Recta,Em patamar,Sem berma ou impraticável,Em plena via,Direita
2013730762,2013:02:01 12:05:00,01/01/00,02/01/00,01/01/00,Guarda Nacional Republicana,90.0,90.0,Sexta-Feira  ,"39,856232","-08,455289",0,0,2,Estrada sem separador,Seco e limpo,Santarém,Cartaxo,Vila Chã de Ourique,Santana:passagem nível,,Outra Via,0,Em estado regular,,Bom tempo,Dois sentidos,Em passagem de nível,Fora das localidades,Em pleno dia,Sem marcas rodoviárias ou pouco visíveis,Colisão lateral com outro veículo em movimento,NÃO DEFINIDO,Correctamente sinalizados,NÃO DEFINIDO,NÃO DEFINIDO,A funcionar normalmente,Betuminoso,Curva,Em patamar,Berma não pavimentada,Em plena via,Direita
2013686029,2013:02:08 20:00:00,01/08/00,02/01/00,01/01/00,Guarda Nacional Republicana,50.0,50.0,Sexta-Feira  ,,,0,0,1,Estrada sem separador,Seco e limpo,Leiria,Alcobaca,Benedita,Casal Carvalho,Rua Principal,Arruamento,0,Em bom estado,,Bom tempo,Dois sentidos,Em entroncamento,Dentro das localidades,"Noite, sem iluminação",Sem marcas rodoviárias ou pouco visíveis,Atropelamento de peões,NÃO DEFINIDO,Inexistentes,NÃO DEFINIDO,Outros,Inexistentes,Betuminoso,Recta,Com inclinação,Berma não pavimentada,Em plena via,Direita
20191662522,2019:02:15 08:15:00,01/15/00,02/01/00,01/01/00,Polícia de Segurança Pública,50.0,50.0,Sexta-Feira  ,"0,0","0,0",0,0,1,Outra via,Seco e limpo,Lisboa,Odivelas,União das freguesias de Ramada e Caneças,Ramada,Avenida Nossa Senhora Rainha dos Apóstolos                                                          ,Arruamento,0,Em estado regular,,Bom tempo,Sentido único,Fora da intersecção,Dentro das localidades,Em pleno dia,Com marcas - separadoras de sentido e de vias de trânsito,Atropelamento de peões,NÃO DEFINIDO,Inexistentes,No sentido decrescente da quilometragem,Passagem de peões,Inexistentes,Betuminoso,Recta,Com inclinação,Berma pavimentada,Em plena via,Direita
20191707293,2019:02:04 08:30:00,01/04/00,02/01/00,01/01/00,Guarda Nacional Republicana,120.0,120.0,Segunda-Feira,"40,141490","-7,478315",1,0,1,Auto-estrada,Seco e limpo,Castelo Branco,Fundao,"União das freguesias de Fundão, Valverde, Donas, Aldeia de Joanes e Aldeia Nova do Cabo",FUNDÃO.,,A  - Auto-Estrada,A23,Em bom estado,"156,4",Bom tempo,Sentido único,Fora da intersecção,Fora das localidades,Em pleno dia,Com marcas - separadoras de sentido e de vias de trânsito,Despiste com transposição do dispositivo de retenção lateral,NÃO DEFINIDO,Inexistentes,No sentido crescente da quilometragem,NÃO DEFINIDO,Inexistentes,Betuminoso,Curva,Com inclinação,Berma pavimentada,Em plena via,Direita
2012603728,2012:02:09 13:15:00,01/09/00,02/01/00,01/01/00,Guarda Nacional Republicana,120.0,120.0,Quinta-Feira ,"38,856687","-9,083433",0,0,1,Auto-estrada,Seco e limpo,Lisboa,Loures,Santa Iria de Azoia,SANTA IRIA,,A  - Auto-Estrada,A1,Em estado regular,8.95,Bom tempo,Sentido único,Fora da intersecção,Fora das localidades,Em pleno dia,Com marcas - separadoras de sentido e de vias de trânsito,Colisão traseira com outro veículo em movimento,NÃO DEFINIDO,Inexistentes,No sentido decrescente da quilometragem,NÃO DEFINIDO,Inexistentes,Betuminoso,Recta,Em patamar,Berma pavimentada,Em plena via,Direita
20191702734,2019:02:24 19:40:00,01/24/00,02/01/00,01/01/00,Guarda Nacional Republicana,50.0,50.0,Domingo      ,"41,092230","-8,496737",0,0,1,Estrada sem separador,Seco e limpo,Porto,Gondomar,União das freguesias de Foz do Sousa e Covelo,Jancido,Rua de Santo Ovídio - Jancido,Arruamento,0,Em estado regular,,Bom tempo,Dois sentidos,Fora da intersecção,Dentro das localidades,"Noite, com iluminação",Com marcas - separadoras de sentido de trânsito,Despiste simples,NÃO DEFINIDO,Inexistentes,NÃO DEFINIDO,NÃO DEFINIDO,Inexistentes,Betuminoso,Recta,Com inclinação,Sem berma ou impraticável,Na berma,Direita
20171217690,2017:02:25 15:15:00,01/25/00,02/01/00,01/01/00,Polícia de Segurança Pública,50.0,50.0,Sábado       ,"41,191410","-8,519285",0,0,1,Estrada sem separador,Seco e limpo,Porto,Gondomar,Baguim do Monte (Rio Tinto),Baguim do Monte,Rua Vasco da Gama                                                                                   ,Arruamento,0,Em estado regular,,Bom tempo,Dois sentidos,Fora da intersecção,Dentro das localidades,Em pleno dia,Sem marcas rodoviárias ou pouco visíveis,Colisão com outras situações,NÃO DEFINIDO,Inexistentes,NÃO DEFINIDO,NÃO DEFINIDO,Inexistentes,Betuminoso,Curva,Com inclinação,Berma pavimentada,Em plena via,Direita
2011522320,2011:02:21 20:30:00,01/21/00,02/01/00,01/01/00,Guarda Nacional Republicana,50.0,50.0,Segunda-Feira,,,0,1,0,Estrada sem separador,Seco e limpo,Setúbal,Barreiro,Santo António da Charneca,CABEÇO VERDE,R ALBERTO PINTO,Arruamento,0,Em bom estado,,Bom tempo,Dois sentidos,NÃO DEFINIDO,Dentro das localidades,"Noite, sem iluminação",Com marcas - separadoras de sentido de trânsito,Atropelamento de peões,NÃO DEFINIDO,Inexistentes,NÃO DEFINIDO,NÃO DEFINIDO,Inexistentes,Betuminoso,Recta,Em patamar,Berma não pavimentada,Em plena via,Direita
20191662472,2019:02:19 08:11:00,01/19/00,02/01/00,01/01/00,Polícia de Segurança Pública,50.0,50.0,Terça-Feira  ,"0,0","0,0",0,0,1,Outra via,Seco e limpo,Lisboa,Lisboa,São Domingos de Benfica,,Avenida Columbano Bordalo Pinheiro                                                                  ,Arruamento,0,Em estado regular,,Bom tempo,Sentido único,Fora da intersecção,Dentro das localidades,Em pleno dia,Com marcas - separadoras de sentido e de vias de trânsito,Colisão com outras situações,NÃO DEFINIDO,Inexistentes,NÃO DEFINIDO,NÃO DEFINIDO,Inexistentes,Betuminoso,Recta,Com inclinação,Sem berma ou impraticável,Em plena via,Direita
20181374185,2018:02:08 17:20:00,01/08/00,02/01/00,01/01/00,Guarda Nacional Republicana,90.0,90.0,Quinta-Feira ,"38,293130","-7,994116",0,0,1,Estrada sem separador,Seco e limpo,Beja,Alvito,Alvito,alvito,,EN - Estrada Nacional,EN257,Em bom estado,"22,875",Bom tempo,Dois sentidos,Fora da intersecção,Fora das localidades,Em pleno dia,Com marcas - separadoras de sentido de trânsito,Despiste simples,NÃO DEFINIDO,Inexistentes,NÃO DEFINIDO,NÃO DEFINIDO,Inexistentes,Betuminoso,Recta,Em patamar,Berma não pavimentada,Na berma,Direita
2012603659,2012:02:29 17:25:00,01/29/00,02/01/00,01/01/00,Guarda Nacional Republicana,50.0,50.0,Quarta-Feira ,,,0,0,2,Estrada sem separador,Seco e limpo,Porto,Pacos de Ferreira,Freamunde,,R ALEXANDRINO CHUVA VELHO,Arruamento,0,Em bom estado,,Bom tempo,Dois sentidos,Fora da intersecção,Dentro das localidades,Em pleno dia,Com marcas - separadoras de sentido de trânsito,Colisão frontal,NÃO DEFINIDO,Inexistentes,NÃO DEFINIDO,Proibição de ultrapassagem,Inexistentes,Betuminoso,Recta,Em patamar,Sem berma ou impraticável,Em plena via,Direita
2014772974,2014:02:26 18:30:00,01/26/00,02/01/00,01/01/00,Polícia de Segurança Pública,50.0,50.0,Quarta-Feira ,"41,218914","-8,542848",0,0,1,Estrada sem separador,Seco e limpo,Porto,Valongo,Ermesinde,Ermesinde,Rua do Pinheiro,Arruamento,0,Em estado regular,,Bom tempo,Dois sentidos,Fora da intersecção,Dentro das localidades,"Noite, com iluminação",Sem marcas rodoviárias ou pouco visíveis,Atropelamento de peões,NÃO DEFINIDO,Inexistentes,NÃO DEFINIDO,NÃO DEFINIDO,Inexistentes,Betuminoso,Recta,Com inclinação,Berma pavimentada,Em plena via,Direita
2011522522,2011:02:24 15:55:00,01/24/00,02/01/00,01/01/00,Guarda Nacional Republicana,,40.0,Quinta-Feira ,"38,719210","-8,956133",0,0,1,Outra via,Seco e limpo,Setúbal,Montijo,Montijo,MONTIJO - P VASCO GAMA,,PNT - Ponte,PVG,Em bom estado,17.0,Bom tempo,Sentido único,Fora da intersecção,Fora das localidades,Em pleno dia,Com marcas - separadoras de sentido de trânsito,Colisão traseira com outro veículo em movimento,Viaduto/Ponte,Inexistentes,No sentido decrescente da quilometragem,Outros,Inexistentes,Betuminoso,Recta,Com inclinação,Berma pavimentada,Em plena via,Central
2013686075,2013:02:25 11:40:00,01/25/00,02/01/00,01/01/00,Guarda Nacional Republicana,50.0,90.0,Segunda-Feira,,,0,0,1,Estrada sem separador,Seco e limpo,Leiria,Nazare,Valado dos Frades,Valado dos Frades,,EM - Estrada Municipal,EM551,Em estado regular,,Bom tempo,Dois sentidos,Em entroncamento,Fora das localidades,Em pleno dia,Sem marcas rodoviárias ou pouco visíveis,Colisão frontal,NÃO DEFINIDO,Inexistentes,NÃO DEFINIDO,Cedência de passagem,Inexistentes,Betuminoso,Curva,Em patamar,Berma não pavimentada,Em plena via,Direita
2015945759,2015:02:26 13:20:00,01/26/00,02/01/00,01/01/00,Guarda Nacional Republicana,90.0,90.0,Quinta-Feira ,"39,021240","-7,550072",0,0,1,Estrada sem separador,Seco e limpo,Portalegre,Avis,União das freguesias de Alcórrego e Maranhão,Alcorrego,,EN - Estrada Nacional,EN370,Em bom estado,23.0,Bom tempo,Dois sentidos,Fora da intersecção,Fora das localidades,Em pleno dia,Com marcas - separadoras de sentido de trânsito,Colisão com outras situações,NÃO DEFINIDO,Inexistentes,NÃO DEFINIDO,NÃO DEFINIDO,Inexistentes,Betuminoso,Recta,Em patamar,Berma pavimentada,Em plena via,Direita
2011526091,2011:02:14 06:30:00,01/14/00,02/01/00,01/01/00,Guarda Nacional Republicana,100.0,120.0,Segunda-Feira,"41,039873","-7,859644",0,0,2,Auto-estrada,"Com gelo, geada ou neve",Viseu,Lamego,Bigorne,BOGORNE,,A  - Auto-Estrada,A24,Em bom estado,110.015,Bom tempo,Sentido único,Fora da intersecção,Fora das localidades,Aurora ou crepúsculo,Com marcas - separadoras de sentido e de vias de trânsito,Despiste com capotamento,NÃO DEFINIDO,Inexistentes,No sentido crescente da quilometragem,Outros,Inexistentes,Betuminoso,Recta,Em patamar,Berma pavimentada,Em plena via,Direita
2013666258,2013:02:15 13:23:00,01/15/00,02/01/00,01/01/00,Polícia de Segurança Pública,50.0,50.0,Sexta-Feira  ,"0,00","0,00",0,0,1,Estrada sem separador,Seco e limpo,Faro,Portimao,Portimão,Portimão,,EN - Estrada Nacional,EN125,Em estado regular,,Bom tempo,Dois sentidos,Fora da intersecção,Dentro das localidades,Em pleno dia,Com marcas - separadoras de sentido e de vias de trânsito,Colisão com outras situações,NÃO DEFINIDO,Inexistentes,NÃO DEFINIDO,NÃO DEFINIDO,Inexistentes,Betuminoso,Recta,Em patamar,Berma não pavimentada,Em plena via,Direita
20171217752,2017:02:18 11:40:00,01/18/00,02/01/00,01/01/00,Polícia de Segurança Pública,50.0,50.0,Sábado       ,"38,813771","-9,162127",0,0,2,Estrada sem separador,Seco e limpo,Lisboa,Loures,União das freguesias de Santo António dos Cavaleiros e Frielas,Santo António dos Cavaleiros,Rua Carlos de Andrade,Arruamento,0,Em estado regular,,Bom tempo,Dois sentidos,Em entroncamento,Dentro das localidades,Em pleno dia,Com marcas - separadoras de sentido e de vias de trânsito,Colisão lateral com outro veículo em movimento,NÃO DEFINIDO,Inexistentes,NÃO DEFINIDO,Cedência de passagem,Inexistentes,Betuminoso,Curva,Com inclinação,Berma pavimentada,Em plena via,Direita
20171243657,2017:02:06 22:15:00,01/06/00,02/01/00,01/01/00,Guarda Nacional Republicana,50.0,50.0,Segunda-Feira,"39,544093","-8,038702",1,0,0,Estrada sem separador,Seco e limpo,Santarém,Macao,"União das freguesias de Mação, Penhascoso e Aboboreira",PENHASCOSO,Largo Armando das dores Tomé - Penhascoso,Arruamento,0,Em bom estado,,Bom tempo,Dois sentidos,Em entroncamento,Dentro das localidades,"Noite, com iluminação",Sem marcas rodoviárias ou pouco visíveis,Despiste simples,NÃO DEFINIDO,Inexistentes,NÃO DEFINIDO,NÃO DEFINIDO,Inexistentes,Betuminoso,Recta,Com inclinação,Sem berma ou impraticável,Em plena via,Direita
2012604185,2012:02:12 00:30:00,01/12/00,02/01/00,01/01/00,Guarda Nacional Republicana,40.0,50.0,Domingo      ,"39,32901","9,01455",0,0,1,Estrada sem separador,Com gravilha ou areia,Leiria,Alcobaca,Bárrio,PINHAL FANHEIRO,,EM - Estrada Municipal,EM551,Em estado regular,,Bom tempo,Dois sentidos,Fora da intersecção,Dentro das localidades,"Noite, sem iluminação",Sem marcas rodoviárias ou pouco visíveis,Despiste com capotamento,NÃO DEFINIDO,Insuficentemente sinalizados,NÃO DEFINIDO,Outros,Inexistentes,Betuminoso,Curva,Em patamar,Berma pavimentada,Em plena via,Direita
20161120123,2016:02:15 08:50:00,01/15/00,02/01/00,01/01/00,Guarda Nacional Republicana,50.0,50.0,Segunda-Feira,"40,448770","-8,787853",0,0,1,Estrada sem separador,Húmido,Coimbra,Mira,Praia de Mira,VIDEIRA SUL,rua da floresta-videira sul,Arruamento,0,Em estado regular,,Bom tempo,Dois sentidos,Em cruzamento,Dentro das localidades,Em pleno dia,Sem marcas rodoviárias ou pouco visíveis,Colisão com outras situações,NÃO DEFINIDO,Inexistentes,NÃO DEFINIDO,NÃO DEFINIDO,Desligada,Betuminoso,Recta,Em patamar,Sem berma ou impraticável,Em plena via,Direita
20191701973,2019:02:27 20:30:00,01/27/00,02/01/00,01/01/00,Guarda Nacional Republicana,50.0,50.0,Quarta-Feira ,"41,028060","-8,637200",0,0,2,Estrada sem separador,Seco e limpo,Porto,Vila Nova de Gaia,São Félix da Marinha,São Felix da Marinha,Estrada de Brito,Arruamento,0,Em estado regular,,Bom tempo,Dois sentidos,Em cruzamento,Dentro das localidades,"Noite, com iluminação",Sem marcas rodoviárias ou pouco visíveis,Colisão frontal,NÃO DEFINIDO,Inexistentes,NÃO DEFINIDO,NÃO DEFINIDO,A funcionar normalmente,Betuminoso,Curva,Em patamar,Berma pavimentada,Em plena via,Direita
20181373202,2018:02:03 09:00:00,01/03/00,02/01/00,01/01/00,Guarda Nacional Republicana,50.0,50.0,Sábado       ,"41,645942","-8,435875",0,0,1,Estrada sem separador,Seco e limpo,Braga,Vila Verde,Vila Verde e Barbudo,Vila Verde,,EN - Estrada Nacional,EN101,Em bom estado,"79,1",Bom tempo,Sentido único,Fora da intersecção,Dentro das localidades,Em pleno dia,Com marcas - separadoras de sentido de trânsito,Colisão choque em cadeia,NÃO DEFINIDO,Inexistentes,NÃO DEFINIDO,NÃO DEFINIDO,Inexistentes,Betuminoso,Recta,Em patamar,Sem berma ou impraticável,Em plena via,Direita
20171243728,2017:02:07 08:45:00,01/07/00,02/01/00,01/01/00,Guarda Nacional Republicana,90.0,90.0,Terça-Feira  ,"40,608650","-7,922802",0,0,1,Estrada sem separador,Seco e limpo,Viseu,Viseu,São João de Lourosa,São João de Lourosa,,EN - Estrada Nacional,EN231,Em bom estado,"4,9",Bom tempo,Sentido único,Fora da intersecção,Fora das localidades,Em pleno dia,Sem marcas rodoviárias ou pouco visíveis,Colisão frontal,NÃO DEFINIDO,Inexistentes,NÃO DEFINIDO,NÃO DEFINIDO,Inexistentes,Betuminoso,Recta,Em patamar,Sem berma ou impraticável,Em plena via,Direita
2015945282,2015:02:08 19:00:00,01/08/00,02/01/00,01/01/00,Guarda Nacional Republicana,50.0,50.0,Domingo      ,"40,484632","-8,220004",0,0,2,Estrada sem separador,Seco e limpo,Aveiro,Vale de Cambra,São Pedro de Castelões,,,ER - Estrada Regional,0,Em estado regular,5.0,Bom tempo,Dois sentidos,Fora da intersecção,Dentro das localidades,"Noite, sem iluminação",Com marcas - separadoras de sentido de trânsito,Despiste com fuga,NÃO DEFINIDO,Inexistentes,NÃO DEFINIDO,NÃO DEFINIDO,Inexistentes,Betuminoso,Curva,Em patamar,Berma não pavimentada,Em plena via,Direita
2015897597,2015:02:10 19:30:00,01/10/00,02/01/00,01/01/00,Polícia de Segurança Pública,50.0,50.0,Terça-Feira  ,"39,158720","-8,786444",0,0,1,Estrada sem separador,Seco e limpo,Santarém,Cartaxo,União das freguesias do Cartaxo e Vale da Pinta,Cartaxo,Largo Vasco da Gama                                                                                 ,Arruamento,0,Em estado regular,,Bom tempo,Sentido único,Fora da intersecção,Dentro das localidades,"Noite, sem iluminação",Sem marcas rodoviárias ou pouco visíveis,Atropelamento de peões,NÃO DEFINIDO,Inexistentes,NÃO DEFINIDO,NÃO DEFINIDO,Inexistentes,Betuminoso,Recta,Em patamar,Sem berma ou impraticável,Em plena via,Direita
20171244810,2017:02:12 18:50:00,01/12/00,02/01/00,01/01/00,Guarda Nacional Republicana,120.0,120.0,Domingo      ,"40,192349","-7,224298",0,0,1,Auto-estrada,Molhado,Castelo Branco,Castelo Branco,Lardosa,Lardosa - Castelo Branco,,A  - Auto-Estrada,A23,Em bom estado,"135,1",Chuva,Sentido único,Fora da intersecção,Fora das localidades,"Noite, sem iluminação",Com marcas - separadoras de sentido e de vias de trânsito,Despiste com capotamento,NÃO DEFINIDO,Inexistentes,No sentido crescente da quilometragem,NÃO DEFINIDO,Inexistentes,Betuminoso,Recta,Em patamar,Berma pavimentada,Em plena via,Direita
2012590326,2012:02:19 17:15:00,01/19/00,02/01/00,01/01/00,Polícia de Segurança Pública,50.0,50.0,Domingo      ,"0,00","0,00",0,0,1,Estrada sem separador,Seco e limpo,Porto,Vila Nova de Gaia,Madalena,,Avenida Beira Mar                                                                                   ,Arruamento,0,Em bom estado,,Bom tempo,Dois sentidos,Fora da intersecção,Dentro das localidades,Em pleno dia,Com marcas - separadoras de sentido de trânsito,Colisão com veiculo ou obstáculo na faixa de rodagem,NÃO DEFINIDO,Inexistentes,NÃO DEFINIDO,NÃO DEFINIDO,Inexistentes,Betuminoso,Recta,Em patamar,Berma pavimentada,Em plena via,Direita
20171242733,2017:02:02 09:30:00,01/02/00,02/01/00,01/01/00,Guarda Nacional Republicana,120.0,120.0,Quinta-Feira ,"38,717720","-9,234410",0,0,1,Auto-estrada,Molhado,Lisboa,Oeiras,"União das freguesias de Algés, Linda-a-Velha e Cruz Quebrada-Dafundo",LINDA-A-VELHA,,A  - Auto-Estrada,A5,Em bom estado,"5,3",Chuva,Sentido único,Fora da intersecção,Fora das localidades,Em pleno dia,Com marcas - separadoras de sentido e de vias de trânsito,Colisão traseira com outro veículo em movimento,NÃO DEFINIDO,Inexistentes,No sentido crescente da quilometragem,Outros,Inexistentes,Betuminoso,Recta,Em patamar,Berma pavimentada,Em plena via,Direita
2011513007,2011:02:19 21:30:00,01/19/00,02/01/00,01/01/00,Polícia de Segurança Pública,50.0,50.0,Sábado       ,"0,00","0,00",0,0,1,Estrada sem separador,Húmido,Lisboa,Vila Franca de Xira,Sobralinho,Sobralinho,,EN - Estrada Nacional,EN10,Em estado regular,,Bom tempo,Dois sentidos,Fora da intersecção,Dentro das localidades,"Noite, com iluminação",Com marcas - separadoras de sentido e de vias de trânsito,Colisão choque em cadeia,NÃO DEFINIDO,Inexistentes,NÃO DEFINIDO,Passagem de peões,Inexistentes,Betuminoso,Recta,Em patamar,Berma pavimentada,Em plena via,Direita
20161119649,2016:02:13 00:10:00,01/13/00,02/01/00,01/01/00,Guarda Nacional Republicana,90.0,90.0,Sábado       ,"37,082531","-7,534465",0,0,1,Estrada sem separador,Molhado,Faro,Sao Bras de Alportel,São Brás de Alportel,SÃO BRÁS DE ALPORTEL,,EN - Estrada Nacional,EN2,Em bom estado,724,Chuva,Dois sentidos,Fora da intersecção,Fora das localidades,"Noite, sem iluminação",Com marcas - separadoras de sentido de trânsito,Despiste simples,NÃO DEFINIDO,Inexistentes,NÃO DEFINIDO,NÃO DEFINIDO,Inexistentes,Betuminoso,Curva,Em patamar,Sem berma ou impraticável,Em plena via,Direita
2010446296,2010:02:22 13:05:00,01/22/00,02/01/00,01/01/00,Guarda Nacional Republicana,90.0,90.0,Segunda-Feira,"40,194060","-7,143958",0,0,1,Outra via,Molhado,Castelo Branco,Penamacor,Penamacor,PENAMACOR,,EN - Estrada Nacional,EN233,Em bom estado,54.8,Chuva,Dois sentidos,Fora da intersecção,Fora das localidades,Em pleno dia,Com marcas - separadoras de sentido de trânsito,Despiste com capotamento,NÃO DEFINIDO,Inexistentes,No sentido decrescente da quilometragem,NÃO DEFINIDO,Inexistentes,Betuminoso,Recta,Em patamar,Berma não pavimentada,Em plena via,Esquerda
2015896125,2015:02:05 20:55:00,01/05/00,02/01/00,01/01/00,Polícia de Segurança Pública,50.0,50.0,Quinta-Feira ,"38,624804","-9,127904",1,0,0,Estrada sem separador,Seco e limpo,Setúbal,Seixal,Amora,Cruz de Pau,Avenida 25 de Abril (Cruz de Pau),Arruamento,0,Em bom estado,,Bom tempo,Sentido único,Fora da intersecção,Dentro das localidades,"Noite, com iluminação",Com marcas - separadoras de sentido de trânsito,Atropelamento de peões,NÃO DEFINIDO,Inexistentes,NÃO DEFINIDO,Outros,Inexistentes,Betuminoso,Recta,Com inclinação,Sem berma ou impraticável,Em plena via,Direita
2012590140,2012:02:17 07:40:00,01/17/00,02/01/00,01/01/00,Polícia de Segurança Pública,50.0,30.0,Sexta-Feira  ,"0,00","0,00",0,0,1,Estrada sem separador,Seco e limpo,Lisboa,Cascais,Cascais,Cobre,Rua Santana                                                                                         ,Arruamento,0,Em bom estado,,Bom tempo,Dois sentidos,Fora da intersecção,Dentro das localidades,Em pleno dia,Com marcas - separadoras de sentido de trânsito,Atropelamento de peões,NÃO DEFINIDO,Inexistentes,NÃO DEFINIDO,Passagem de peões,Inexistentes,Betuminoso,Curva,Em patamar,Berma pavimentada,Em plena via,Direita
20161119684,2016:02:13 11:55:00,01/13/00,02/01/00,01/01/00,Guarda Nacional Republicana,90.0,90.0,Sábado       ,"40,549916","-8,292909",0,0,1,Estrada sem separador,Molhado,Aveiro,Santa Maria da Feira,Arrifana,ARRIFANA,,EN - Estrada Nacional,EN1,Em bom estado,"274,5",Chuva,Dois sentidos,Fora da intersecção,Fora das localidades,Em pleno dia,Sem marcas rodoviárias ou pouco visíveis,Despiste simples,NÃO DEFINIDO,Inexistentes,NÃO DEFINIDO,NÃO DEFINIDO,Inexistentes,Betuminoso,Curva,Com inclinação,Berma pavimentada,Na berma,Direita
2011522327,2011:02:23 19:00:00,01/23/00,02/01/00,01/01/00,Guarda Nacional Republicana,50.0,50.0,Quarta-Feira ,,,1,0,1,NÃO DEFINIDO,Seco e limpo,Porto,Lousada,Torno,TORNO,AV DO POÇO,Arruamento,0,Em bom estado,,Bom tempo,Dois sentidos,Fora da intersecção,Dentro das localidades,"Noite, com iluminação",Com marcas - separadoras de sentido de trânsito,Colisão traseira com outro veículo em movimento,NÃO DEFINIDO,Inexistentes,NÃO DEFINIDO,Outros,Inexistentes,Betuminoso,Curva,Em patamar,Sem berma ou impraticável,Em plena via,NÃO DEFINIDO
20171243057,2017:02:03 18:30:00,01/03/00,02/01/00,01/01/00,Guarda Nacional Republicana,70.0,90.0,Sexta-Feira  ,"37,042828","-7,895880",0,0,1,Estrada sem separador,Seco e limpo,Faro,Faro,União das freguesias de Conceição e Estoi,Areal Gordo,,Outra Via,0,Em estado regular,1,Bom tempo,Dois sentidos,Em cruzamento,Fora das localidades,"Noite, com iluminação",Sem marcas rodoviárias ou pouco visíveis,Colisão lateral com outro veículo em movimento,NÃO DEFINIDO,Inexistentes,NÃO DEFINIDO,Stop,Inexistentes,Betuminoso,Recta,Com inclinação,Sem berma ou impraticável,Em plena via,Direita
20161120130,2016:02:15 11:48:00,01/15/00,02/01/00,01/01/00,Guarda Nacional Republicana,50.0,50.0,Segunda-Feira,"38,639505","-8,914709",0,0,1,Estrada sem separador,Seco e limpo,Setúbal,Palmela,Pinhal Novo,PINHAL NOVO,Avenida Alexandre Herculano,Arruamento,0,Em estado regular,,Bom tempo,Dois sentidos,Fora da intersecção,Dentro das localidades,Em pleno dia,Com marcas - separadoras de sentido de trânsito,Atropelamento de peões,NÃO DEFINIDO,Inexistentes,NÃO DEFINIDO,Passagem de peões,Inexistentes,Betuminoso,Recta,Em patamar,Berma pavimentada,Em plena via,Direita
2012589371,2012:02:12 18:00:00,01/12/00,02/01/00,01/01/00,Polícia de Segurança Pública,120.0,120.0,Domingo      ,"0,00","0,00",0,0,2,Auto-estrada,Húmido,Setúbal,Almada,Pragal,Almada,,A  - Auto-Estrada,A2,Em estado regular,,Bom tempo,Sentido único,Fora da intersecção,Fora das localidades,Aurora ou crepúsculo,Com marcas - separadoras de sentido e de vias de trânsito,Colisão com outras situações,NÃO DEFINIDO,Inexistentes,NÃO DEFINIDO,Outros,Inexistentes,Betuminoso,Recta,Com inclinação,Berma pavimentada,Em plena via,Esquerda
2013685977,2013:02:11 19:00:00,01/11/00,02/01/00,01/01/00,Guarda Nacional Republicana,50.0,50.0,Segunda-Feira,,,0,0,1,Estrada sem separador,Seco e limpo,Faro,Vila Real de Santo Antonio,Vila Real de Santo António,Hortas,Avª Fernando Salgueiro Maia,Arruamento,0,Em bom estado,,Bom tempo,Dois sentidos,Em entroncamento,Dentro das localidades,"Noite, com iluminação",Com marcas - separadoras de sentido de trânsito,Colisão lateral com outro veículo em movimento,NÃO DEFINIDO,Inexistentes,NÃO DEFINIDO,Stop,Inexistentes,Betuminoso,Recta,Em patamar,Berma pavimentada,Em plena via,Direita
2012590527,2012:02:17 08:25:00,01/17/00,02/01/00,01/01/00,Polícia de Segurança Pública,50.0,50.0,Sexta-Feira  ,"0,00","0,00",0,0,1,Estrada sem separador,Húmido,Lisboa,Oeiras,Paço de Arcos,Paço de Arcos,Avenida Salvador Allende                                                                            ,Arruamento,0,Em estado regular,,Bom tempo,Dois sentidos,Em entroncamento,Dentro das localidades,Em pleno dia,Com marcas - separadoras de sentido de trânsito,Colisão com outras situações,NÃO DEFINIDO,Inexistentes,NÃO DEFINIDO,Stop,Inexistentes,Betuminoso,Recta,Em patamar,Sem berma ou impraticável,Em plena via,Direita