Id. Acidente,Datahora,Dia,Mês,Hora,Entidades Fiscalizadoras,Velocidade local,Velocidade geral,Dia da Semana,Latitude GPS,Longitude GPS,Num. Mortos a 30 dias,Num. Feridos graves a 30 dias,Num. Feridos ligeiros a 30 dias,Características Tecnicas1,Cond Aderência,Distrito,Concelho,Freguesia,Pov. Proxima,Nome arruamento,Tipos Vias,Cod Via,Estado Conservação,Km,Factores Atmosféricos,Reg Circulação1,Intersecção Vias,Localizações,Luminosidade,Marca Via,Natureza,Obras Arte,Obstáculos,Sentidos,Sinais,Sinais Luminosos,Tipo Piso,Traçado 1,Traçado 2,Traçado 3,Traçado 4,Via Trânsito
20181362430,2018:02:22 17:05:00,01/22/00,02/01/00,01/01/00,Polícia de Segurança Pública,50.0,50.0,Quinta-Feira ,"38,807192","-9,173689",0,0,1,Estrada sem separador,Seco e limpo,Lisboa,Loures,União das freguesias de Santo António dos Cavaleiros e Frielas,Santo António dos Cavaleiros,Rua Mário de Sá Carneiro                                                                            ,Arruamento,0,Em estado regular,,Bom tempo,Dois sentidos,Em cruzamento,Dentro das localidades,Em pleno dia,Sem marcas rodoviárias ou pouco visíveis,Colisão lateral com outro veículo em movimento,NÃO DEFINIDO,Inexistentes,NÃO DEFINIDO,Cedência de passagem,Inexistentes,Betuminoso,Curva,Em patamar,Berma pavimentada,Em plena via,Direita
2013666797,2013:02:18 14:00:00,01/18/00,02/01/00,01/01/00,Polícia de Segurança Pública,40.0,40.0,Segunda-Feira,"0,00","0,00",0,0,1,Estrada sem separador,Seco e limpo,Braga,Vila Nova de Famalicao,Calendário,,Rua Padre Zeferino José Sampaio                                                                     ,Arruamento,0,Em estado regular,,Bom tempo,Dois sentidos,NÃO DEFINIDO,Dentro das localidades,"Noite, sem iluminação",Sem marcas rodoviárias ou pouco visíveis,Despiste sem dispositivo de retenção,NÃO DEFINIDO,Inexistentes,NÃO DEFINIDO,NÃO DEFINIDO,Inexistentes,Betuminoso,Curva,Em patamar,Berma pavimentada,Em plena via,Direita
20171201791,2017:02:09 09:10:00,01/09/00,02/01/00,01/01/00,Polícia de Segurança Pública,40.0,120.0,Quinta-Feira ,"38,676411","-9,173863",0,0,1,Auto-estrada,Seco e limpo,Setúbal,Almada,"União das freguesias de Almada, Cova da Piedade, Pragal e Cacilhas",Almada,,A  - Auto-Estrada,A2,Em estado regular,"5,1",Bom tempo,Sentido único,Fora da intersecção,Fora das localidades,Em pleno dia,Com marcas - separadoras de sentido e de vias de trânsito,Colisão com fuga,Viaduto/Ponte,Inexistentes,No sentido decrescente da quilometragem,Outros,Inexistentes,Betuminoso,Recta,Em patamar,Berma pavimentada,Em plena via,Direita
20171194924,2017:02:07 17:30:00,01/07/00,02/01/00,01/01/00,Polícia de Segurança Pública,50.0,50.0,Terça-Feira  ,"41,164415","-8,636964",0,0,1,Estrada sem separador,Seco e limpo,Porto,Porto,Ramalde,Porto,Avenida Sidónio Pais                                                                                ,Arruamento,0,Em estado regular,,Bom tempo,Dois sentidos,Fora da intersecção,Dentro das localidades,Em pleno dia,Com marcas - separadoras de sentido e de vias de trânsito,Atropelamento de peões,NÃO DEFINIDO,Inexistentes,NÃO DEFINIDO,Outros,A funcionar normalmente,Betuminoso,Recta,Em patamar,Sem berma ou impraticável,Em plena via,Direita
20161119003,2016:02:10 20:10:00,01/10/00,02/01/00,01/01/00,Guarda Nacional Republicana,50.0,90.0,Quarta-Feira ,"41,338711","-8,278786",0,0,1,Estrada sem separador,Molhado,Braga,Braga,"União das freguesias de Merelim (São Paio), Panoias e Parada de Tibães",PARADA DE TIBÃES,,EN - Estrada Nacional,EN205-4,Em estado regular,"13,7",Chuva,Dois sentidos,Fora da intersecção,Dentro das localidades,Em pleno dia,Com marcas - separadoras de sentido de trânsito,Atropelamento de peões,NÃO DEFINIDO,Inexistentes,NÃO DEFINIDO,Outros,Inexistentes,Betuminoso,Recta,Com inclinação,Sem berma ou impraticável,Na berma,Direita
20181362561,2018:02:20 13:40:00,01/20/00,02/01/00,01/01/00,Polícia de Segurança Pública,40.0,80.0,Terça-Feira  ,38.7588471,-9.1569928,0,0,1,Outra via,Seco e limpo,Lisboa,Lisboa,Lumiar,,Avenida General Norton de Matos                                                                     ,Arruamento,0,Em estado regular,,Bom tempo,Sentido único,Em ramo de ligação - entrada,Dentro das localidades,Em pleno dia,Sem marcas rodoviárias ou pouco visíveis,Despiste sem dispositivo de retenção,NÃO DEFINIDO,Inexistentes,No sentido crescente da quilometragem,NÃO DEFINIDO,Inexistentes,Betuminoso,Curva,Com inclinação,Berma pavimentada,Em plena via,Direita
2011511271,2011:02:15 20:00:00,01/15/00,02/01/00,01/01/00,Polícia de Segurança Pública,50.0,50.0,Terça-Feira  ,"0,00","0,00",0,0,1,Outra via,Seco e limpo,Lisboa,Lisboa,Campo Grande,,Tunél de Entrecampos(Campo Grande/Saldanha),Arruamento,0,Em bom estado,,Bom tempo,Dois sentidos,Fora da intersecção,Dentro das localidades,"Noite, com iluminação",Com marcas - separadoras de sentido e de vias de trânsito,Despiste com dispositivo de retenção,NÃO DEFINIDO,NÃO DEFINIDO,NÃO DEFINIDO,NÃO DEFINIDO,NÃO DEFINIDO,Betuminoso,Curva,Com inclinação,Berma pavimentada,Em plena via,Direita
2011511569,2011:02:16 09:20:00,01/16/00,02/01/00,01/01/00,Polícia de Segurança Pública,60.0,100.0,Quarta-Feira ,"0,00","0,00",0,0,1,Outra via,Húmido,Lisboa,Lisboa,Campo Grande,,,IP- Itinerário Principal,IP7,Em estado regular,,Chuva,Sentido único,NÃO DEFINIDO,Dentro das localidades,Em pleno dia,Com marcas - separadoras de sentido e de vias de trânsito,Despiste sem dispositivo de retenção,NÃO DEFINIDO,Inexistentes,NÃO DEFINIDO,NÃO DEFINIDO,Inexistentes,Betuminoso,Recta,Em patamar,Berma pavimentada,Em plena via,Direita
2015945808,2015:02:10 17:50:00,01/10/00,02/01/00,01/01/00,Guarda Nacional Republicana,120.0,120.0,Terça-Feira  ,"38,433155","-9,121413",0,0,1,Auto-estrada,Molhado,Lisboa,Lisboa,Ajuda,Monsanto,,A  - Auto-Estrada,A5,Em bom estado,2.3,Chuva,Sentido único,Fora da intersecção,Fora das localidades,Em pleno dia,Com marcas - separadoras de sentido e de vias de trânsito,Despiste simples,NÃO DEFINIDO,Inexistentes,No sentido crescente da quilometragem,Outros,Inexistentes,Betuminoso,Recta,Com inclinação,Berma pavimentada,Em plena via,Central
2012600500,2012:02:04 17:45:00,01/04/00,02/01/00,01/01/00,Guarda Nacional Republicana,50.0,50.0,Sábado       ,,,0,0,1,Estrada sem separador,Seco e limpo,Braga,Vila Nova de Famalicao,Ribeirão,RIBEIRAO,R NOVA REGADAS,Arruamento,0,Em estado regular,,Bom tempo,Dois sentidos,Em cruzamento,Dentro das localidades,Em pleno dia,Sem marcas rodoviárias ou pouco visíveis,Colisão lateral com outro veículo em movimento,NÃO DEFINIDO,Inexistentes,NÃO DEFINIDO,Stop,Inexistentes,Betuminoso,Recta,Em patamar,Berma pavimentada,Em plena via,Direita
20191705144,2019:02:14 19:15:00,01/14/00,02/01/00,01/01/00,Guarda Nacional Republicana,50.0,50.0,Quinta-Feira ,"39,719410","-8,478876",0,0,1,Estrada sem separador,Seco e limpo,Santarém,Ourem,União das freguesias de Rio de Couros e Casal dos Bernardos,Sandoeira,Rua Principal 36,Arruamento,0,Em estado regular,,Bom tempo,Dois sentidos,Fora da intersecção,Dentro das localidades,"Noite, com iluminação",Sem marcas rodoviárias ou pouco visíveis,Atropelamento de peões,NÃO DEFINIDO,Inexistentes,NÃO DEFINIDO,NÃO DEFINIDO,Inexistentes,Betuminoso,Recta,Em patamar,Berma não pavimentada,Em plena via,Direita
2015895777,2015:02:01 03:30:00,01/01/00,02/01/00,01/01/00,Polícia de Segurança Pública,50.0,50.0,Domingo      ,"38,630773","-9,050278",0,0,1,Estrada sem separador,Molhado,Setúbal,Barreiro,União das freguesias de Palhais e Coina,Palhais,,EN - Estrada Nacional,EN10-3,Em estado regular,,Chuva,Dois sentidos,Fora da intersecção,Dentro das localidades,"Noite, sem iluminação",Com marcas - separadoras de sentido de trânsito,Despiste com colisão com veículo imobil. ou obstáculo,NÃO DEFINIDO,Inexistentes,NÃO DEFINIDO,Outros,Inexistentes,Betuminoso,Recta,Em patamar,Berma não pavimentada,Em plena via,Direita
2012589227,2012:02:13 09:30:00,01/13/00,02/01/00,01/01/00,Polícia de Segurança Pública,50.0,50.0,Segunda-Feira,"0,00","0,00",0,0,1,Estrada sem separador,Seco e limpo,Lisboa,Lisboa,Benfica,,Rua da Vevezuela,Arruamento,0,Em bom estado,,Bom tempo,Dois sentidos,Fora da intersecção,Dentro das localidades,Em pleno dia,Sem marcas rodoviárias ou pouco visíveis,Colisão lateral com outro veículo em movimento,NÃO DEFINIDO,Inexistentes,NÃO DEFINIDO,Outros,Inexistentes,Betuminoso,Recta,Em patamar,Berma pavimentada,Em plena via,Direita
2011526101,2011:02:14 07:40:00,01/14/00,02/01/00,01/01/00,Guarda Nacional Republicana,90.0,90.0,Segunda-Feira,"40,392454","-8,280653",0,0,1,Estrada sem separador,Molhado,Viseu,Mortagua,Cortegaça,CORTEGAÇA,,EN - Estrada Nacional,EN234,Em estado regular,48.3,Chuva,Dois sentidos,Fora da intersecção,Fora das localidades,Aurora ou crepúsculo,Com marcas - separadoras de sentido de trânsito,Despiste sem dispositivo de retenção,NÃO DEFINIDO,Inexistentes,NÃO DEFINIDO,Proibição de ultrapassagem,Inexistentes,Betuminoso,Curva,Com inclinação,Berma não pavimentada,Na berma,Direita
2015946254,2015:02:01 17:30:00,01/01/00,02/01/00,01/01/00,Guarda Nacional Republicana,50.0,50.0,Domingo      ,"40,252335","-7,429201",0,0,1,Estrada sem separador,Húmido,Guarda,Seia,"União das freguesias de Seia, São Romão e Lapa dos Dinheiros",,Avª Liberdade,Arruamento,0,Em bom estado,,Bom tempo,Dois sentidos,Em entroncamento,Dentro das localidades,Em pleno dia,Com marcas - separadoras de sentido de trânsito,Colisão lateral com outro veículo em movimento,NÃO DEFINIDO,Inexistentes,NÃO DEFINIDO,Stop,Inexistentes,Betuminoso,Recta,Em patamar,Sem berma ou impraticável,Em plena via,Direita
2013667347,2013:02:21 09:20:00,01/21/00,02/01/00,01/01/00,Polícia de Segurança Pública,80.0,80.0,Quinta-Feira ,"0,00","0,00",0,0,1,Estrada sem separador,Molhado,Lisboa,Odivelas,Odivelas,,,IC - Itinerário Complementar,IC22,Em bom estado,0.5,Chuva,Sentido único,Fora da intersecção,Dentro das localidades,Em pleno dia,Com marcas - separadoras de sentido de trânsito,Despiste com dispositivo de retenção,Viaduto/Ponte,Inexistentes,NÃO DEFINIDO,NÃO DEFINIDO,Inexistentes,Betão de cimento,Curva,Com inclinação,Berma não pavimentada,Em parque de estacionamento,Direita
20171242657,2017:02:02 07:20:00,01/02/00,02/01/00,01/01/00,Guarda Nacional Republicana,50.0,50.0,Quinta-Feira ,"40,636562","-8,700010",0,0,1,Estrada sem separador,Molhado,Aveiro,Ilhavo,Gafanha da Nazaré,GAFANHA DA NAZARÉ,Avenida José Estevão,Arruamento,0,Em bom estado,,Chuva,Dois sentidos,Em cruzamento,Dentro das localidades,Em pleno dia,Com marcas - separadoras de sentido de trânsito,Colisão com outras situações,NÃO DEFINIDO,Inexistentes,NÃO DEFINIDO,Stop,Inexistentes,Betuminoso,Recta,Em patamar,Sem berma ou impraticável,Em plena via,Direita
20161119156,2016:02:11 02:00:00,01/11/00,02/01/00,01/01/00,Guarda Nacional Republicana,30.0,90.0,Quinta-Feira ,"37,067232","-8,063343",0,0,1,Estrada sem separador,Molhado,Faro,Loule,Quarteira,VALE JUDEU,,EN - Estrada Nacional,EN125,Em mau estado,"84,7",Chuva,Dois sentidos,Em rotunda,Fora das localidades,"Noite, sem iluminação",Sem marcas rodoviárias ou pouco visíveis,Despiste com capotamento,NÃO DEFINIDO,Correctamente sinalizados,NÃO DEFINIDO,Cedência de passagem,Inexistentes,Betuminoso,Curva,Em patamar,Sem berma ou impraticável,Em plena via,Direita
20171216541,2017:02:16 19:30:00,01/16/00,02/01/00,01/01/00,Polícia de Segurança Pública,50.0,50.0,Quinta-Feira ,"38,623551","-9,123531",0,0,2,Estrada sem separador,Seco e limpo,Setúbal,Seixal,Amora,Cruz de Pau,Rua 25 de Abril                                                                                     ,Arruamento,0,Em estado regular,,Bom tempo,Dois sentidos,Fora da intersecção,Dentro das localidades,"Noite, sem iluminação",Com marcas - separadoras de sentido de trânsito,Atropelamento de peões,NÃO DEFINIDO,Inexistentes,NÃO DEFINIDO,Passagem de peões,Inexistentes,Betuminoso,Curva,Em patamar,Sem berma ou impraticável,Em plena via,Direita
20191659314,2019:02:02 20:15:00,01/02/00,02/01/00,01/01/00,Polícia de Segurança Pública,50.0,50.0,Sábado       ,"0,0","0,0",0,0,1,Outra via,Seco e limpo,Porto,Maia,Cidade da Maia,,Avenida António Santos Leite                                                                        ,Arruamento,0,Em bom estado,,Bom tempo,Sentido único,Em entroncamento,Dentro das localidades,"Noite, com iluminação",Sem marcas rodoviárias ou pouco visíveis,Colisão com veiculo ou obstáculo na faixa de rodagem,NÃO DEFINIDO,Correctamente sinalizados,No sentido decrescente da quilometragem,NÃO DEFINIDO,Inexistentes,Betuminoso,Recta,Com inclinação,Berma pavimentada,Em plena via,Direita
2011522552,2011:02:19 11:30:00,01/19/00,02/01/00,01/01/00,Guarda Nacional Republicana,50.0,50.0,Sábado       ,,,0,0,2,Estrada sem separador,Molhado,Setúbal,Almada,Sobreda,VALE FIGUEIRA,,EN - Estrada Nacional,EN10-1,Em bom estado,,Chuva,Dois sentidos,Fora da intersecção,Dentro das localidades,Em pleno dia,Com marcas - separadoras de sentido de trânsito,Colisão frontal,NÃO DEFINIDO,Inexistentes,NÃO DEFINIDO,Outros,Inexistentes,Betuminoso,Curva,Em patamar,Sem berma ou impraticável,Em plena via,Direita
20171194369,2017:02:04 14:00:00,01/04/00,02/01/00,01/01/00,Polícia de Segurança Pública,90.0,90.0,Sábado       ,"38,722446","-9,210503",0,0,1,Outra via,Molhado,Lisboa,Lisboa,Benfica,,,IC - Itinerário Complementar,IC17,Em bom estado,"2,8",Chuva,Sentido único,NÃO DEFINIDO,Fora das localidades,Em pleno dia,Com marcas - separadoras de sentido e de vias de trânsito,Despiste com capotamento,NÃO DEFINIDO,Inexistentes,No sentido crescente da quilometragem,Outros,Desligada,Betuminoso,Recta,Em patamar,Sem berma ou impraticável,Em plena via,Direita
2010436826,2010:02:28 20:00:00,01/28/00,02/01/00,01/01/00,Polícia de Segurança Pública,50.0,50.0,Domingo      ,"0,00","0,00",0,0,1,Estrada sem separador,Seco e limpo,Vila Real,Vila Real,Vila Real (São Pedro),,Rua D. Pedro de castro,Arruamento,0,Em bom estado,,Chuva,Sentido único,Em entroncamento,Dentro das localidades,"Noite, com iluminação",Sem marcas rodoviárias ou pouco visíveis,Atropelamento de peões,NÃO DEFINIDO,Inexistentes,NÃO DEFINIDO,Passagem de peões,Inexistentes,Calçada,Curva,Em patamar,Berma pavimentada,Em plena via,Direita
2012602751,2012:02:18 11:15:00,01/18/00,02/01/00,01/01/00,Guarda Nacional Republicana,50.0,50.0,Sábado       ,"39,41380","8,17137",0,0,1,Estrada sem separador,Seco e limpo,Santarém,Ferreira do Zezere,Ferreira do Zêzere,,R MANUEL ANTONIO DIAS FERREIRA,Arruamento,0,Em bom estado,,Bom tempo,Dois sentidos,Em entroncamento,Dentro das localidades,Em pleno dia,Sem marcas rodoviárias ou pouco visíveis,Despiste simples,NÃO DEFINIDO,Inexistentes,NÃO DEFINIDO,Passagem de peões,Inexistentes,Betuminoso,Recta,Com inclinação,Berma pavimentada,Na berma,Direita
2014767695,2014:02:21 12:30:00,01/21/00,02/01/00,01/01/00,Polícia de Segurança Pública,50.0,50.0,Sexta-Feira  ,"38,707738","-9,195758",0,0,2,Estrada sem separador,Seco e limpo,Lisboa,Lisboa,Ajuda,Lisboa,Largo Ajuda                                                                                         ,Arruamento,0,Em estado regular,,Bom tempo,Sentido único,Fora da intersecção,Dentro das localidades,Em pleno dia,Sem marcas rodoviárias ou pouco visíveis,Colisão com outras situações,NÃO DEFINIDO,Inexistentes,NÃO DEFINIDO,Outros,Inexistentes,Betuminoso,Curva,Com inclinação,Sem berma ou impraticável,Em plena via,Direita
2015942817,2015:02:02 11:10:00,01/02/00,02/01/00,01/01/00,Guarda Nacional Republicana,90.0,90.0,Segunda-Feira,"39,439312","-7,405897",2,1,0,Estrada sem separador,Molhado,Castelo Branco,Vila Velha de Rodao,Sarnadas de Ródão,Vale do Homem,,EN - Estrada Nacional,EN3,Em bom estado,191.0,Chuva,Dois sentidos,Fora da intersecção,Fora das localidades,Em pleno dia,Com marcas - separadoras de sentido de trânsito,Colisão frontal,NÃO DEFINIDO,Inexistentes,NÃO DEFINIDO,NÃO DEFINIDO,Inexistentes,Betuminoso,Curva,Com inclinação,Berma pavimentada,Em plena via,Direita
2015945382,2015:02:20 18:45:00,01/20/00,02/01/00,01/01/00,Guarda Nacional Republicana,60.0,120.0,Sexta-Feira  ,"38,467385","-9,218398",0,0,3,Auto-estrada,Seco e limpo,Lisboa,Sintra,"União das freguesias de Sintra (Santa Maria e São Miguel, São Martinho e São Pedro de Penaferrim)",,,A  - Auto-Estrada,A16,Em bom estado,7.0,Bom tempo,Sentido único,Fora da intersecção,Fora das localidades,"Noite, com iluminação",Com marcas - separadoras de sentido de trânsito,Colisão com veiculo ou obstáculo na faixa de rodagem,NÃO DEFINIDO,Inexistentes,No sentido crescente da quilometragem,NÃO DEFINIDO,Inexistentes,Betuminoso,Recta,Em patamar,Berma pavimentada,Em plena via,Central
20161029083,2016:02:05 17:50:00,01/05/00,02/01/00,01/01/00,Polícia de Segurança Pública,50.0,50.0,Sexta-Feira  ,"38,801386","-9,281775",0,1,1,Outra via,Seco e limpo,Lisboa,Sintra,União das freguesias de Queluz e Belas,Belas,,EN - Estrada Nacional,EN117,Em estado regular,"13,1",Bom tempo,Dois sentidos,Em cruzamento,Dentro das localidades,Em pleno dia,Com marcas - separadoras de sentido e de vias de trânsito,Colisão lateral com outro veículo em movimento,NÃO DEFINIDO,Inexistentes,No sentido crescente da quilometragem,Outros,Inexistentes,Betuminoso,Recta,Com inclinação,Berma pavimentada,Em plena via,Direita
2014800213,2014:02:21 20:00:00,01/21/00,02/01/00,01/01/00,Guarda Nacional Republicana,90.0,90.0,Sexta-Feira  ,"40,415797","-7,549929",0,1,2,Estrada sem separador,Seco e limpo,Viseu,Viseu,Abraveses,Abraveses (sentido Aveiro - Guarda),,IP- Itinerário Principal,IP5,Em estado regular,89.96,Bom tempo,Dois sentidos,Fora da intersecção,Fora das localidades,"Noite, sem iluminação",Com marcas - separadoras de sentido e de vias de trânsito,Colisão frontal,NÃO DEFINIDO,Inexistentes,NÃO DEFINIDO,Outros,Inexistentes,Betuminoso,Curva,Em patamar,Berma pavimentada,Em plena via,Direita
2014773351,2014:02:26 11:05:00,01/26/00,02/01/00,01/01/00,Polícia de Segurança Pública,50.0,50.0,Quarta-Feira ,"39,548834","-8,976201",0,1,0,Estrada sem separador,Seco e limpo,Leiria,Alcobaca,Alcobaça,Alcobaça,Rotunda das Freiras,Arruamento,0,Em estado regular,,Bom tempo,Dois sentidos,Em rotunda,Dentro das localidades,Em pleno dia,Sem marcas rodoviárias ou pouco visíveis,Atropelamento de peões,NÃO DEFINIDO,Inexistentes,NÃO DEFINIDO,Outros,Inexistentes,Betuminoso,Recta,Com inclinação,Sem berma ou impraticável,Em plena via,Direita
2011511070,2011:02:15 09:30:00,01/15/00,02/01/00,01/01/00,Polícia de Segurança Pública,50.0,50.0,Terça-Feira  ,"0,00","0,00",0,0,1,Estrada sem separador,Seco e limpo,Porto,Matosinhos,Leça do Bailio,Leça do Balio,Rua da Lionesa,Arruamento,0,Em bom estado,,Chuva,Dois sentidos,NÃO DEFINIDO,Dentro das localidades,Em pleno dia,Sem marcas rodoviárias ou pouco visíveis,Colisão frontal,NÃO DEFINIDO,NÃO DEFINIDO,NÃO DEFINIDO,NÃO DEFINIDO,NÃO DEFINIDO,Calçada,Curva,Em patamar,NÃO DEFINIDO,Em plena via,Direita
20191706014,2019:02:10 16:44:00,01/10/00,02/01/00,01/01/00,Guarda Nacional Republicana,50.0,50.0,Domingo      ,"38,159802","-7,148655",0,1,0,Estrada sem separador,Seco e limpo,Setúbal,Alcochete,Alcochete,Póvoa São Miguel / Granja.,,EM - Estrada Municipal,0,Em bom estado,"0,1",Bom tempo,Dois sentidos,Fora da intersecção,Fora das localidades,Em pleno dia,Com marcas - separadoras de sentido de trânsito,Despiste simples,NÃO DEFINIDO,Inexistentes,NÃO DEFINIDO,NÃO DEFINIDO,Inexistentes,Betuminoso,Curva,Em patamar,Berma não pavimentada,Em plena via,Direita
2015945838,2015:02:22 12:50:00,01/22/00,02/01/00,01/01/00,Guarda Nacional Republicana,50.0,50.0,Domingo      ,"39,510781","-8,515519",0,0,1,Estrada sem separador,Seco e limpo,Leiria,Leiria,União das freguesias de Monte Real e Carvide,,Rua de Leiria,Arruamento,0,Em estado regular,,Bom tempo,Dois sentidos,Fora da intersecção,Dentro das localidades,Em pleno dia,Sem marcas rodoviárias ou pouco visíveis,Atropelamento de peões,NÃO DEFINIDO,Inexistentes,NÃO DEFINIDO,NÃO DEFINIDO,Inexistentes,Calçada,Recta,Com inclinação,Sem berma ou impraticável,Na berma,Direita
2014763658,2014:02:03 18:10:00,01/03/00,02/01/00,01/01/00,Polícia de Segurança Pública,50.0,50.0,Segunda-Feira,"41,113678","-8,602000",0,0,1,Estrada sem separador,Molhado,Porto,Vila Nova de Gaia,Mafamude,Vila Nova de Gaia,Rua Conceição Fernandes                                                                             ,Arruamento,0,Em bom estado,,Chuva,Dois sentidos,Fora da intersecção,Dentro das localidades,"Noite, com iluminação",Com marcas - separadoras de sentido de trânsito,Atropelamento de peões,NÃO DEFINIDO,Inexistentes,NÃO DEFINIDO,Passagem de peões,Inexistentes,Betuminoso,Recta,Em patamar,Sem berma ou impraticável,Em plena via,Direita
20181371610,2018:02:28 20:30:00,01/28/00,02/01/00,01/01/00,Polícia de Segurança Pública,50.0,50.0,Quarta-Feira ,"0,0","0,0",0,0,1,Outra via,Molhado,Lisboa,Sintra,União das freguesias de Queluz e Belas,,Estrada das Aguas Livres,Arruamento,0,Em estado regular,,Chuva,Sentido único,NÃO DEFINIDO,Dentro das localidades,"Noite, com iluminação",Sem marcas rodoviárias ou pouco visíveis,Atropelamento de peões,NÃO DEFINIDO,Inexistentes,NÃO DEFINIDO,Passagem de peões,Inexistentes,Betuminoso,Recta,Com inclinação,Berma pavimentada,Em plena via,Direita
2011523601,2011:02:11 19:00:00,01/11/00,02/01/00,01/01/00,Guarda Nacional Republicana,50.0,50.0,Sexta-Feira  ,,,0,0,1,Estrada sem separador,Molhado,Aveiro,Oliveira do Bairro,Bustos,BUSTOS,R SOBREIRO,Arruamento,0,Em bom estado,,Chuva,Dois sentidos,Fora da intersecção,Dentro das localidades,"Noite, com iluminação",Com marcas - separadoras de sentido de trânsito,Colisão frontal,NÃO DEFINIDO,Inexistentes,NÃO DEFINIDO,NÃO DEFINIDO,Inexistentes,Betuminoso,Recta,Em patamar,Berma pavimentada,Em plena via,Direita
20171270062,2017:02:03 19:55:00,01/03/00,02/01/00,01/01/00,Polícia de Segurança Pública,50.0,50.0,Sexta-Feira  ,"38,538222","-8,866853",0,0,1,Estrada sem separador,Seco e limpo,Setúbal,Setubal,Setúbal (São Sebastião),Setúbal,Estrada Algeruz                                                                                     ,Arruamento,0,Em bom estado,,Bom tempo,Sentido único,Fora da intersecção,Dentro das localidades,"Noite, com iluminação",Com marcas - separadoras de sentido e de vias de trânsito,Colisão com outras situações,NÃO DEFINIDO,Inexistentes,NÃO DEFINIDO,Proibição de ultrapassagem,Inexistentes,Betuminoso,Recta,Com inclinação,Sem berma ou impraticável,Em plena via,Esquerda
20181361329,2018:02:14 20:25:00,01/14/00,02/01/00,01/01/00,Polícia de Segurança Pública,50.0,70.0,Quarta-Feira ,41.562164,-8.4117846,0,0,2,Outra via,Molhado,Braga,Braga,Braga (São Vítor),Braga,Avenida Padre Júlio Fragata                                                                         ,Arruamento,0,Em bom estado,,Chuva,Dois sentidos,Fora da intersecção,Dentro das localidades,"Noite, com iluminação",Com marcas - separadoras de sentido e de vias de trânsito,Colisão traseira com outro veículo em movimento,NÃO DEFINIDO,Inexistentes,No sentido decrescente da quilometragem,NÃO DEFINIDO,Inexistentes,Betuminoso,Recta,Em patamar,Sem berma ou impraticável,Em plena via,Direita
2012602925,2012:02:17 08:15:00,01/17/00,02/01/00,01/01/00,Guarda Nacional Republicana,50.0,50.0,Sexta-Feira  ,,,0,0,1,Estrada sem separador,Seco e limpo,Setúbal,Montijo,Afonsoeiro,AFONSOEIRO,R DA BOA ESPERANÇA - BO CHARQUEIRAO,Arruamento,0,Em bom estado,,Bom tempo,Dois sentidos,Em entroncamento,Dentro das localidades,Em pleno dia,Com marcas - separadoras de sentido de trânsito,Colisão frontal,NÃO DEFINIDO,Inexistentes,NÃO DEFINIDO,Outros,Inexistentes,Betuminoso,Curva,Com inclinação,Berma pavimentada,Em plena via,Direita
2014801083,2014:02:03 14:30:00,01/03/00,02/01/00,01/01/00,Guarda Nacional Republicana,50.0,50.0,Segunda-Feira,"41,234230","-8,268350",0,0,1,Estrada sem separador,Molhado,Braga,Vila Nova de Famalicao,União das freguesias de Carreira e Bente,,Avª do Emigrante,Arruamento,0,Em bom estado,,Chuva,Dois sentidos,Fora da intersecção,Dentro das localidades,Em pleno dia,Com marcas - separadoras de sentido de trânsito,Despiste simples,NÃO DEFINIDO,Inexistentes,NÃO DEFINIDO,Outros,Inexistentes,Betuminoso,Recta,Com inclinação,Sem berma ou impraticável,Em plena via,Direita
2015942895,2015:02:22 14:05:00,01/22/00,02/01/00,01/01/00,Guarda Nacional Republicana,70.0,90.0,Domingo      ,"41,342776","-6,454381",0,1,0,Estrada sem separador,Seco e limpo,Bragança,Braganca,Macedo do Mato,Frieira,,EN - Estrada Nacional,EN317,Em bom estado,14.2,Bom tempo,Dois sentidos,Em entroncamento,Dentro das localidades,Em pleno dia,Com marcas - separadoras de sentido de trânsito,Colisão lateral com outro veículo em movimento,NÃO DEFINIDO,Inexistentes,NÃO DEFINIDO,Stop,Inexistentes,Betuminoso,Curva,NÃO DEFINIDO,Berma não pavimentada,Em plena via,Direita
20161027250,2016:02:07 09:30:00,01/07/00,02/01/00,01/01/00,Polícia de Segurança Pública,50.0,50.0,Domingo      ,"39,658719","-8,578386",0,0,2,Estrada sem separador,Húmido,Santarém,Ourem,Nossa Senhora da Piedade,Ourém,Rua Doutor Justiniano da Luz Preto                                                                  ,Arruamento,0,Em bom estado,,Bom tempo,Dois sentidos,NÃO DEFINIDO,Dentro das localidades,Em pleno dia,Sem marcas rodoviárias ou pouco visíveis,Despiste sem dispositivo de retenção,NÃO DEFINIDO,Inexistentes,NÃO DEFINIDO,NÃO DEFINIDO,Inexistentes,Betuminoso,Recta,Em patamar,Berma pavimentada,Em plena via,Direita
20171194588,2017:02:05 14:35:00,01/05/00,02/01/00,01/01/00,Polícia de Segurança Pública,50.0,50.0,Domingo      ,"41,164683","-8,627094",0,0,5,Estrada sem separador,Seco e limpo,Porto,Porto,"União das freguesias de Cedofeita, Santo Ildefonso, Sé, Miragaia, São Nicolau e Vitória",Porto,Avenida França                                                                                      ,Arruamento,0,Em bom estado,,Bom tempo,Dois sentidos,Em cruzamento,Dentro das localidades,Em pleno dia,Com marcas - separadoras de sentido de trânsito,Colisão com outras situações,NÃO DEFINIDO,Inexistentes,NÃO DEFINIDO,Outros,A funcionar normalmente,Betuminoso,Recta,Em patamar,Berma pavimentada,Em plena via,Central