Id. Acidente,Datahora,Dia,Mês,Hora,Entidades Fiscalizadoras,Velocidade local,Velocidade geral,Dia da Semana,Latitude GPS,Longitude GPS,Num. Mortos a 30 dias,Num. Feridos graves a 30 dias,Num. Feridos ligeiros a 30 dias,Características Tecnicas1,Cond Aderência,Distrito,Concelho,Freguesia,Pov. Proxima,Nome arruamento,Tipos Vias,Cod Via,Estado Conservação,Km,Factores Atmosféricos,Reg Circulação1,Intersecção Vias,Localizações,Luminosidade,Marca Via,Natureza,Obras Arte,Obstáculos,Sentidos,Sinais,Sinais Luminosos,Tipo Piso,Traçado 1,Traçado 2,Traçado 3,Traçado 4,Via Trânsito
2011524743,2011:02:21 13:50:00,01/21/00,02/01/00,01/01/00,Guarda Nacional Republicana,90.0,90.0,Segunda-Feira,"39,091170","-9,070306",0,0,1,Estrada sem separador,Seco e limpo,Lisboa,Alenquer,Ota,OLHALVO,,EN - Estrada Nacional,EN9,Em bom estado,87.9,Bom tempo,Dois sentidos,Em cruzamento,Fora das localidades,Em pleno dia,Com marcas - separadoras de sentido de trânsito,Colisão lateral com outro veículo em movimento,NÃO DEFINIDO,Inexistentes,NÃO DEFINIDO,NÃO DEFINIDO,Inexistentes,Betuminoso,Curva,Em patamar,Berma pavimentada,Em plena via,Direita
2010445759,2010:02:12 18:10:00,01/12/00,02/01/00,01/01/00,Guarda Nacional Republicana,120.0,120.0,Sexta-Feira  ,"41,440979","-8,738130",0,0,1,Auto-estrada,Seco e limpo,Porto,Povoa de Varzim,Laundos,,,A  - Auto-Estrada,A28,Em bom estado,37.9,Bom tempo,Sentido único,Fora da intersecção,Fora das localidades,"Noite, sem iluminação",Com marcas - separadoras de sentido de trânsito,Despiste simples,NÃO DEFINIDO,Inexistentes,No sentido crescente da quilometragem,NÃO DEFINIDO,Inexistentes,Betuminoso,Recta,Em patamar,Berma pavimentada,Na berma,Esquerda
20171202977,2017:02:15 15:00:00,01/15/00,02/01/00,01/01/00,Polícia de Segurança Pública,50.0,50.0,Quarta-Feira ,"41,163924","-8,588270",0,0,1,Estrada sem separador,Seco e limpo,Porto,Porto,Campanhã,Porto,Rua Maria Adelaide Freitas Gonçalves                                                                ,Arruamento,0,Em bom estado,,Bom tempo,Dois sentidos,Fora da intersecção,Dentro das localidades,Em pleno dia,Com marcas - separadoras de sentido e de vias de trânsito,Colisão com outras situações,NÃO DEFINIDO,Inexistentes,NÃO DEFINIDO,Passagem de peões,Inexistentes,Betuminoso,Recta,Em patamar,Sem berma ou impraticável,Em plena via,Direita
2015895304,2015:02:01 18:00:00,01/01/00,02/01/00,01/01/00,Polícia de Segurança Pública,50.0,50.0,Domingo      ,"38,816645","-9,223307",0,0,1,Estrada sem separador,Molhado,Lisboa,Odivelas,União das freguesias de Ramada e Caneças,Caneças,Estrada Lugar D'Além                                                                                ,Arruamento,0,Em estado regular,,Chuva,Dois sentidos,Fora da intersecção,Dentro das localidades,"Noite, com iluminação",Sem marcas rodoviárias ou pouco visíveis,Despiste sem dispositivo de retenção,NÃO DEFINIDO,Inexistentes,NÃO DEFINIDO,NÃO DEFINIDO,Inexistentes,Betuminoso,Recta,Com inclinação,Berma pavimentada,Em plena via,Direita
20191661265,2019:02:06 19:15:00,01/06/00,02/01/00,01/01/00,Polícia de Segurança Pública,50.0,50.0,Quarta-Feira ,"38,809908","-9,191513",0,0,1,Outra via,Seco e limpo,Lisboa,Odivelas,União das freguesias de Ramada e Caneças,Ramada,Avenida Aristides de Sousa Mendes,Arruamento,0,Em estado regular,,Bom tempo,Sentido único,Fora da intersecção,Dentro das localidades,"Noite, com iluminação",Com marcas - separadoras de sentido e de vias de trânsito,Despiste sem dispositivo de retenção,NÃO DEFINIDO,Inexistentes,No sentido crescente da quilometragem,Outros,Inexistentes,Betuminoso,Recta,Com inclinação,Berma pavimentada,Em plena via,Direita
20191663353,2019:02:21 20:10:00,01/21/00,02/01/00,01/01/00,Polícia de Segurança Pública,50.0,50.0,Quinta-Feira ,"0,0","0,0",0,0,1,Estrada sem separador,Seco e limpo,Lisboa,Lisboa,Arroios,Lisboa,Rua Febo Moniz                                                                                      ,Arruamento,0,Em estado regular,,Bom tempo,Dois sentidos,Fora da intersecção,Dentro das localidades,"Noite, com iluminação",Com marcas - separadoras de sentido e de vias de trânsito,Atropelamento de peões,NÃO DEFINIDO,Correctamente sinalizados,NÃO DEFINIDO,Passagem de peões,Inexistentes,Betuminoso,Recta,Em patamar,Sem berma ou impraticável,Em plena via,Esquerda
20161120275,2016:02:15 19:15:00,01/15/00,02/01/00,01/01/00,Guarda Nacional Republicana,50.0,50.0,Segunda-Feira,"41,158095","-8,539241",0,0,1,Estrada sem separador,Seco e limpo,Porto,Gondomar,União das freguesias de Fânzeres e São Pedro da Cova,FÂNZERES,Avenida Doutor Mário Soares,Arruamento,0,Em estado regular,,Bom tempo,Dois sentidos,Em cruzamento,Dentro das localidades,Aurora ou crepúsculo,Com marcas - separadoras de sentido e de vias de trânsito,Colisão lateral com outro veículo em movimento,NÃO DEFINIDO,Inexistentes,NÃO DEFINIDO,Passagem de peões,A funcionar normalmente,Betuminoso,Recta,Em patamar,Berma pavimentada,Em plena via,Esquerda
2015946300,2015:02:15 09:45:00,01/15/00,02/01/00,01/01/00,Guarda Nacional Republicana,40.0,50.0,Domingo      ,"41,453444","-8,358331",0,0,2,Estrada sem separador,Húmido,Viana do Castelo,Ponte de Lima,Correlhã,,,EN - Estrada Nacional,EN203,Em bom estado,19.85,Chuva,Dois sentidos,Fora da intersecção,Dentro das localidades,Em pleno dia,Com marcas - separadoras de sentido de trânsito,Despiste com capotamento,NÃO DEFINIDO,Inexistentes,NÃO DEFINIDO,Proibição de ultrapassagem,Inexistentes,Betuminoso,Curva,Com inclinação,Berma pavimentada,Em plena via,Direita
20191661498,2019:02:04 10:45:00,01/04/00,02/01/00,01/01/00,Polícia de Segurança Pública,50.0,50.0,Segunda-Feira,0,0,0,0,1,Estrada sem separador,Seco e limpo,Lisboa,Lisboa,Avenidas Novas,,Rua Tomás Ribeiro                                                                                   ,Arruamento,0,Em estado regular,,Bom tempo,Dois sentidos,Em cruzamento,Dentro das localidades,Em pleno dia,Com marcas - separadoras de sentido e de vias de trânsito,Colisão com outras situações,NÃO DEFINIDO,Inexistentes,NÃO DEFINIDO,Outros,A funcionar normalmente,Betuminoso,Recta,Com inclinação,Berma pavimentada,Em plena via,Direita
20161117901,2016:02:05 18:30:00,01/05/00,02/01/00,01/01/00,Guarda Nacional Republicana,50.0,50.0,Sexta-Feira  ,"39,117702","-9,151671",0,0,1,Estrada sem separador,Seco e limpo,Lisboa,Torres Vedras,União das freguesias de Campelos e Outeiro da Cabeça,CAMPELOS,Rua 1.º de Maio,Arruamento,0,Em bom estado,,Bom tempo,Dois sentidos,Fora da intersecção,Dentro das localidades,"Noite, sem iluminação",Sem marcas rodoviárias ou pouco visíveis,Colisão frontal,NÃO DEFINIDO,Inexistentes,NÃO DEFINIDO,NÃO DEFINIDO,Inexistentes,Betuminoso,Recta,Em patamar,Berma não pavimentada,Em plena via,Direita
2014800234,2014:02:28 17:45:00,01/28/00,02/01/00,01/01/00,Guarda Nacional Republicana,50.0,50.0,Sexta-Feira  ,"41,162277","-8,263305",0,1,0,Estrada sem separador,Seco e limpo,Porto,Pacos de Ferreira,Seroa,Seroa: Variante Oeste,,VAR - Variante,0,Em bom estado,,Bom tempo,Dois sentidos,Fora da intersecção,Dentro das localidades,Em pleno dia,Com marcas - separadoras de sentido e de vias de trânsito,Despiste simples,NÃO DEFINIDO,Inexistentes,NÃO DEFINIDO,Outros,Inexistentes,Betuminoso,Recta,Com inclinação,Berma pavimentada,Em plena via,Direita
2011510697,2011:02:01 15:15:00,01/01/00,02/01/00,01/01/00,Polícia de Segurança Pública,40.0,40.0,Terça-Feira  ,"0,00","0,00",0,0,1,Outra via,Húmido,Aveiro,Sao Joao da Madeira,São João da Madeira,São João da Madeira,Avenida do Vale                                                                                     ,Arruamento,0,Em estado regular,,Bom tempo,Dois sentidos,Em rotunda,Dentro das localidades,Em pleno dia,Sem marcas rodoviárias ou pouco visíveis,Colisão frontal,NÃO DEFINIDO,Inexistentes,NÃO DEFINIDO,Cedência de passagem,Inexistentes,Betuminoso,Recta,Em patamar,Berma pavimentada,Em plena via,Central
2015946384,2015:02:04 21:00:00,01/04/00,02/01/00,01/01/00,Guarda Nacional Republicana,90.0,90.0,Quarta-Feira ,"40,452002","-7,433694",0,0,1,Estrada sem separador,"Com gelo, geada ou neve",Viseu,Satao,Sátão,Tojal,,EN - Estrada Nacional,EN229,Em bom estado,56.8,Bom tempo,Dois sentidos,Em via de desaceleração,Fora das localidades,"Noite, com iluminação",Com marcas - separadoras de sentido e de vias de trânsito,Despiste simples,NÃO DEFINIDO,Inexistentes,NÃO DEFINIDO,Outros,A funcionar normalmente,Betuminoso,Curva,Com inclinação,Berma pavimentada,Em plena via,Direita
2012588044,2012:02:14 19:25:00,01/14/00,02/01/00,01/01/00,Polícia de Segurança Pública,50.0,50.0,Terça-Feira  ,"0,00","0,00",0,0,1,Estrada sem separador,Húmido,Porto,Porto,Aldoar,Porto,Rua Lidador                                                                                         ,Arruamento,0,Em estado regular,,Bom tempo,Dois sentidos,Em entroncamento,Dentro das localidades,"Noite, com iluminação",Com marcas - separadoras de sentido e de vias de trânsito,Atropelamento de peões,NÃO DEFINIDO,Inexistentes,NÃO DEFINIDO,Outros,Inexistentes,Betuminoso,Recta,Em patamar,Sem berma ou impraticável,Em plena via,Direita
2010431748,2010:02:01 21:25:00,01/01/00,02/01/00,01/01/00,Polícia de Segurança Pública,50.0,50.0,Segunda-Feira,"0,00","0,00",0,0,1,Estrada sem separador,Húmido,Porto,Matosinhos,Custóias,Custóias,Rua de São Gens,Arruamento,0,Em estado regular,,Bom tempo,Dois sentidos,Em cruzamento,Dentro das localidades,"Noite, com iluminação",Sem marcas rodoviárias ou pouco visíveis,Colisão lateral com outro veículo em movimento,NÃO DEFINIDO,Inexistentes,NÃO DEFINIDO,Stop,Inexistentes,Betuminoso,Recta,Em patamar,Sem berma ou impraticável,Em plena via,Direita
20161117823,2016:02:05 13:15:00,01/05/00,02/01/00,01/01/00,Guarda Nacional Republicana,50.0,50.0,Sexta-Feira  ,"39,027858","-8,595364",0,0,1,Estrada sem separador,Seco e limpo,Lisboa,Alenquer,União das freguesias de Alenquer (Santo Estêvão e Triana),ALENQUER,,IC - Itinerário Complementar,IC2,Em bom estado,"34,3",Bom tempo,Dois sentidos,Fora da intersecção,Fora das localidades,Em pleno dia,Com marcas - separadoras de sentido de trânsito,Despiste sem dispositivo de retenção,NÃO DEFINIDO,Inexistentes,NÃO DEFINIDO,NÃO DEFINIDO,Inexistentes,Betuminoso,Recta,Em patamar,Sem berma ou impraticável,Na berma,Direita
20171217544,2017:02:19 17:00:00,01/19/00,02/01/00,01/01/00,Polícia de Segurança Pública,50.0,50.0,Domingo      ,"41,217128","-8,562950",0,0,2,Estrada sem separador,Seco e limpo,Porto,Maia,Águas Santas,Maia,Rua Camélias                                                                                        ,Arruamento,0,Em bom estado,,Bom tempo,Dois sentidos,Em entroncamento,Dentro das localidades,Em pleno dia,Com marcas - separadoras de sentido e de vias de trânsito,Atropelamento de peões,NÃO DEFINIDO,Inexistentes,NÃO DEFINIDO,Outros,Inexistentes,Betuminoso,Curva,Com inclinação,Berma pavimentada,Em plena via,Direita
20191702571,2019:02:23 22:20:00,01/23/00,02/01/00,01/01/00,Guarda Nacional Republicana,50.0,50.0,Sábado       ,"40,998840","-8,527751",0,0,1,Estrada sem separador,Seco e limpo,Aveiro,Santa Maria da Feira,Sanguedo,Sanguedo,Rua dos 4 Caminhos,Arruamento,0,Em bom estado,,Bom tempo,Dois sentidos,Fora da intersecção,Dentro das localidades,"Noite, com iluminação",Com marcas - separadoras de sentido de trânsito,Colisão lateral com outro veículo em movimento,NÃO DEFINIDO,Inexistentes,NÃO DEFINIDO,NÃO DEFINIDO,Inexistentes,Betuminoso,Recta,Em patamar,Berma pavimentada,Em plena via,Direita
2011523846,2011:02:27 12:20:00,01/27/00,02/01/00,01/01/00,Guarda Nacional Republicana,50.0,50.0,Domingo      ,"41,484628","-8,716736",0,0,1,Estrada sem separador,Seco e limpo,Braga,Barcelos,Barqueiros,,,EN - Estrada Nacional,EN205,Em bom estado,12.7,Bom tempo,Dois sentidos,Fora da intersecção,Dentro das localidades,Em pleno dia,Com marcas - separadoras de sentido de trânsito,Colisão traseira com outro veículo em movimento,NÃO DEFINIDO,Inexistentes,NÃO DEFINIDO,Outros,Inexistentes,Betuminoso,Recta,Em patamar,Berma pavimentada,Em plena via,Direita
20161119709,2016:02:13 13:15:00,01/13/00,02/01/00,01/01/00,Guarda Nacional Republicana,50.0,50.0,Sábado       ,"41,217133","-8,178690",0,0,1,Estrada sem separador,Molhado,Braga,Vizela,Barrosas (Santa Eulália),RUA DE SÁ,Rua de Sá,Arruamento,0,Em estado regular,,Chuva,Dois sentidos,Fora da intersecção,Dentro das localidades,Em pleno dia,Com marcas - separadoras de sentido de trânsito,Despiste simples,NÃO DEFINIDO,Inexistentes,NÃO DEFINIDO,Outros,Inexistentes,Betuminoso,Recta,Com inclinação,Berma pavimentada,Em plena via,Direita
2013686102,2013:02:18 17:30:00,01/18/00,02/01/00,01/01/00,Guarda Nacional Republicana,50.0,50.0,Segunda-Feira,,,0,0,2,Estrada sem separador,Seco e limpo,Faro,Lagoa (Algarve),Lagoa,Lagoa,Rua Doutor Francisco Sá Carneiro,Arruamento,0,Em bom estado,,Bom tempo,Dois sentidos,Fora da intersecção,Dentro das localidades,Em pleno dia,Sem marcas rodoviárias ou pouco visíveis,Colisão com outras situações,NÃO DEFINIDO,Inexistentes,NÃO DEFINIDO,Outros,Inexistentes,Betuminoso,Recta,Em patamar,Berma pavimentada,Em plena via,Direita
2010446952,2010:02:24 22:40:00,01/24/00,02/01/00,01/01/00,Guarda Nacional Republicana,120.0,120.0,Quarta-Feira ,"41,272003","-8,559854",0,0,1,Auto-estrada,Molhado,Porto,Trofa,São Romão Coronado,,,A  - Auto-Estrada,A3,Em bom estado,12.025,Chuva,Sentido único,Fora da intersecção,Fora das localidades,"Noite, sem iluminação",Com marcas - separadoras de sentido de trânsito,Colisão com veiculo ou obstáculo na faixa de rodagem,NÃO DEFINIDO,Inexistentes,No sentido crescente da quilometragem,Outros,Inexistentes,Betuminoso,Recta,Em patamar,Berma pavimentada,Em plena via,Esquerda
2010447004,2010:02:05 18:45:00,01/05/00,02/01/00,01/01/00,Guarda Nacional Republicana,50.0,50.0,Sexta-Feira  ,"38,860756","-9,102178",0,0,2,Estrada sem separador,Seco e limpo,Lisboa,Vila Franca de Xira,Vialonga,VIALONGA,,EN - Estrada Nacional,EN115-5,Em bom estado,3.8,Bom tempo,Dois sentidos,Fora da intersecção,Fora das localidades,"Noite, com iluminação",Com marcas - separadoras de sentido de trânsito,Colisão com veiculo ou obstáculo na faixa de rodagem,NÃO DEFINIDO,Inexistentes,NÃO DEFINIDO,NÃO DEFINIDO,A funcionar normalmente,Betuminoso,Recta,Com inclinação,Sem berma ou impraticável,Em plena via,Direita
20181377583,2018:02:24 10:50:00,01/24/00,02/01/00,01/01/00,Guarda Nacional Republicana,50.0,50.0,Sábado       ,"41,105884","-8,097307",0,0,1,Estrada sem separador,Seco e limpo,Porto,Marco de Canaveses,Marco,Marco de Canaveses,Avª Avelino Ferreira Torres - MCN,Arruamento,0,Em bom estado,,Bom tempo,Dois sentidos,Fora da intersecção,Dentro das localidades,Em pleno dia,Com marcas - separadoras de sentido de trânsito,Atropelamento de peões,NÃO DEFINIDO,Inexistentes,NÃO DEFINIDO,Passagem de peões,Inexistentes,Betuminoso,Recta,Em patamar,Berma pavimentada,Em plena via,Direita
2012602458,2012:02:17 22:00:00,01/17/00,02/01/00,01/01/00,Guarda Nacional Republicana,50.0,50.0,Sexta-Feira  ,,,1,0,0,Estrada sem separador,Seco e limpo,Setúbal,Moita,Moita,MOITA,,EM - Estrada Municipal,EM533-1,Em bom estado,1.9,Bom tempo,Dois sentidos,Em entroncamento,Dentro das localidades,"Noite, com iluminação",Com marcas - separadoras de sentido de trânsito,Despiste com capotamento,NÃO DEFINIDO,Inexistentes,NÃO DEFINIDO,Outros,Inexistentes,Betuminoso,Recta,Em patamar,Berma não pavimentada,Em plena via,Direita
2011519568,2011:02:14 18:40:00,01/14/00,02/01/00,01/01/00,Polícia de Segurança Pública,50.0,50.0,Segunda-Feira,"0,00","0,00",0,0,1,Estrada sem separador,Húmido,Lisboa,Sintra,Agualva,,Avenida infante D: Henrique,Arruamento,0,Em estado regular,,Chuva,Dois sentidos,Fora da intersecção,Dentro das localidades,"Noite, com iluminação",Sem marcas rodoviárias ou pouco visíveis,Atropelamento de peões,NÃO DEFINIDO,Inexistentes,NÃO DEFINIDO,Passagem de peões,Inexistentes,Betuminoso,Recta,Em patamar,Sem berma ou impraticável,Em plena via,Direita
2012590065,2012:02:01 18:45:00,01/01/00,02/01/00,01/01/00,Polícia de Segurança Pública,50.0,50.0,Quarta-Feira ,"0,00","0,00",0,0,1,Estrada sem separador,Húmido,Lisboa,Sintra,Queluz,,Avenida Doutor Miguel Bombarda                                                                      ,Arruamento,0,Em estado regular,,Chuva,Dois sentidos,Fora da intersecção,Dentro das localidades,Aurora ou crepúsculo,Com marcas - separadoras de sentido de trânsito,Atropelamento de peões,NÃO DEFINIDO,Inexistentes,NÃO DEFINIDO,Passagem de peões,Inexistentes,Betuminoso,Recta,Em patamar,Berma pavimentada,Em plena via,Direita
20181370855,2018:02:28 20:00:00,01/28/00,02/01/00,01/01/00,Polícia de Segurança Pública,50.0,50.0,Quarta-Feira ,"0,0","0,0",0,0,1,Estrada sem separador,Com água acumulada na faixa de rodagem,Lisboa,Sintra,Algueirão-Mem Martins,Mem Martins,Rua Angola                                                                                          ,Arruamento,0,Em estado regular,,Chuva,Dois sentidos,NÃO DEFINIDO,Dentro das localidades,"Noite, com iluminação",Com marcas - separadoras de sentido de trânsito,Atropelamento de peões,NÃO DEFINIDO,Inexistentes,NÃO DEFINIDO,Passagem de peões,Inexistentes,Betuminoso,Recta,Em patamar,Berma pavimentada,Em plena via,Direita
2015946404,2015:02:24 13:05:00,01/24/00,02/01/00,01/01/00,Guarda Nacional Republicana,50.0,50.0,Terça-Feira  ,"40,396549","-7,447708",0,0,1,Estrada sem separador,Seco e limpo,Viseu,Penalva do Castelo,Pindo,,Rua Principal,Arruamento,0,Em bom estado,,Bom tempo,Dois sentidos,Fora da intersecção,Dentro das localidades,Em pleno dia,Sem marcas rodoviárias ou pouco visíveis,Colisão lateral com outro veículo em movimento,NÃO DEFINIDO,Inexistentes,NÃO DEFINIDO,Outros,Inexistentes,Betuminoso,Recta,Com inclinação,Berma pavimentada,Em plena via,Direita
20181495667,2018:02:02 17:50:00,01/02/00,02/01/00,01/01/00,Polícia de Segurança Pública,50.0,50.0,Sexta-Feira  ,"38,709607","-9,258369",0,0,1,Estrada sem separador,Seco e limpo,Lisboa,Oeiras,"União das freguesias de Algés, Linda-a-Velha e Cruz Quebrada-Dafundo",Cruz Quebrada,Avenida Pierre de Coubertin                                                                         ,Arruamento,0,Em estado regular,,Bom tempo,Dois sentidos,Fora da intersecção,Dentro das localidades,Em pleno dia,Sem marcas rodoviárias ou pouco visíveis,Despiste com colisão com veículo imobil. ou obstáculo,NÃO DEFINIDO,Inexistentes,NÃO DEFINIDO,Outros,Inexistentes,Betuminoso,Recta,Em patamar,Sem berma ou impraticável,Em plena via,Direita
2010435330,2010:02:13 16:45:00,01/13/00,02/01/00,01/01/00,Polícia de Segurança Pública,50.0,50.0,Sábado       ,"0,00","0,00",0,0,1,Estrada sem separador,Seco e limpo,Leiria,Leiria,Leiria,,Avenida Marquês de Pombal,Arruamento,0,Em bom estado,,Bom tempo,Dois sentidos,Fora da intersecção,Dentro das localidades,Em pleno dia,Com marcas - separadoras de sentido e de vias de trânsito,Atropelamento de peões,NÃO DEFINIDO,Inexistentes,NÃO DEFINIDO,Passagem de peões,Inexistentes,Betuminoso,Recta,Com inclinação,Sem berma ou impraticável,Em plena via,Direita
2015895769,2015:02:05 12:47:00,01/05/00,02/01/00,01/01/00,Polícia de Segurança Pública,50.0,50.0,Quinta-Feira ,"39,419134","-9,167732",0,0,1,Estrada sem separador,Seco e limpo,Leiria,Caldas da Rainha,União das freguesias de Caldas da Rainha - Santo Onofre e Serra do Bouro,Caldas da Rainha,Rua Inácio Perdigão                                                                                 ,Arruamento,0,Em estado regular,,Bom tempo,Dois sentidos,Em cruzamento,Dentro das localidades,Em pleno dia,Sem marcas rodoviárias ou pouco visíveis,Colisão lateral com outro veículo em movimento,NÃO DEFINIDO,Inexistentes,NÃO DEFINIDO,Stop,Inexistentes,Betuminoso,Curva,Em patamar,Berma pavimentada,Em plena via,Direita
2010436974,2010:02:24 14:55:00,01/24/00,02/01/00,01/01/00,Polícia de Segurança Pública,50.0,50.0,Quarta-Feira ,"0,00","0,00",0,0,1,Estrada sem separador,Seco e limpo,Leiria,Leiria,Leiria,,Rua de Santiago,Arruamento,0,Em bom estado,,Bom tempo,Dois sentidos,Em entroncamento,Dentro das localidades,Em pleno dia,Com marcas - separadoras de sentido e de vias de trânsito,Colisão lateral com outro veículo em movimento,NÃO DEFINIDO,Inexistentes,NÃO DEFINIDO,NÃO DEFINIDO,Inexistentes,Betuminoso,Recta,Com inclinação,Sem berma ou impraticável,Em plena via,Direita
20171242947,2017:02:03 09:00:00,01/03/00,02/01/00,01/01/00,Guarda Nacional Republicana,70.0,90.0,Sexta-Feira  ,"40,132915","-8,474376",0,0,1,Estrada sem separador,Molhado,Coimbra,Coimbra,Cernache,Cernache,,IC - Itinerário Complementar,IC2,Em bom estado,"178,8",Chuva,Dois sentidos,Fora da intersecção,Fora das localidades,Em pleno dia,Com marcas - separadoras de sentido e de vias de trânsito,Colisão frontal,NÃO DEFINIDO,Inexistentes,NÃO DEFINIDO,Outros,Inexistentes,Betuminoso,Recta,Com inclinação,Berma pavimentada,Em plena via,Direita
20161122857,2016:02:27 18:50:00,01/27/00,02/01/00,01/01/00,Guarda Nacional Republicana,90.0,90.0,Sábado       ,"39,290943","-8,388272",0,1,0,Estrada sem separador,Molhado,Santarém,Alcanena,Moitas Venda,MOITAS VENDA,,EN - Estrada Nacional,EN243,Em bom estado,"30,1",Chuva,Dois sentidos,Fora da intersecção,Fora das localidades,Aurora ou crepúsculo,Sem marcas rodoviárias ou pouco visíveis,Despiste simples,NÃO DEFINIDO,Inexistentes,NÃO DEFINIDO,NÃO DEFINIDO,Inexistentes,Betuminoso,Curva,Com inclinação,Sem berma ou impraticável,Na berma,Direita
2015944805,2015:02:01 20:50:00,01/01/00,02/01/00,01/01/00,Guarda Nacional Republicana,50.0,50.0,Domingo      ,"41,090617","-8,244109",0,0,2,Estrada sem separador,Molhado,Porto,Paredes,Recarei,Sobreira,Rua Bernardino Moreira Lopes,Arruamento,0,Em estado regular,,Chuva,Dois sentidos,Fora da intersecção,Dentro das localidades,"Noite, com iluminação",Com marcas - separadoras de sentido de trânsito,Colisão frontal,NÃO DEFINIDO,Inexistentes,NÃO DEFINIDO,NÃO DEFINIDO,Inexistentes,Betuminoso,Curva,Em patamar,Berma pavimentada,Em plena via,Direita
2012600263,2012:02:02 17:45:00,01/02/00,02/01/00,01/01/00,Guarda Nacional Republicana,50.0,50.0,Quinta-Feira ,,,0,0,1,Estrada sem separador,Seco e limpo,Aveiro,Agueda,Águeda,AGUEDA,R JOSE GUSTAVO PIMENTA,Arruamento,0,Em estado regular,,Bom tempo,Dois sentidos,Fora da intersecção,Dentro das localidades,Em pleno dia,Sem marcas rodoviárias ou pouco visíveis,Atropelamento de peões,NÃO DEFINIDO,Inexistentes,NÃO DEFINIDO,Passagem de peões,Inexistentes,Betuminoso,Recta,Com inclinação,Berma pavimentada,Em plena via,Direita
2011513723,2011:02:23 11:10:00,01/23/00,02/01/00,01/01/00,Polícia de Segurança Pública,50.0,50.0,Quarta-Feira ,"0,00","0,00",0,0,2,Estrada sem separador,Húmido,Setúbal,Almada,Laranjeiro,,Rua de S. João,Arruamento,0,Em estado regular,,Bom tempo,Sentido único,Fora da intersecção,Dentro das localidades,Em pleno dia,Sem marcas rodoviárias ou pouco visíveis,Colisão com outras situações,NÃO DEFINIDO,Inexistentes,NÃO DEFINIDO,NÃO DEFINIDO,Inexistentes,Betuminoso,Recta,Em patamar,Sem berma ou impraticável,Em plena via,Direita
20191702861,2019:02:23 10:00:00,01/23/00,02/01/00,01/01/00,Guarda Nacional Republicana,50.0,50.0,Sábado       ,"41,232250","-8,225124",0,0,3,Estrada sem separador,Seco e limpo,Porto,Penafiel,Recezinhos (São Martinho),SÃO MARTINHO DE RECESINHOS,Avenida de Recesinhos,Arruamento,0,Em estado regular,,Bom tempo,Dois sentidos,Fora da intersecção,Dentro das localidades,Em pleno dia,Sem marcas rodoviárias ou pouco visíveis,Colisão com veiculo ou obstáculo na faixa de rodagem,NÃO DEFINIDO,Inexistentes,NÃO DEFINIDO,Proibição de ultrapassagem,Inexistentes,Betuminoso,Recta,Em patamar,Sem berma ou impraticável,Em plena via,Direita
2011525585,2011:02:16 09:00:00,01/16/00,02/01/00,01/01/00,Guarda Nacional Republicana,50.0,90.0,Quarta-Feira ,,,0,0,1,Estrada sem separador,Molhado,Viseu,Viseu,Campo,,ESTRADA DE PIAGET,Arruamento,0,Em bom estado,,Chuva,Dois sentidos,Fora da intersecção,Dentro das localidades,Em pleno dia,Com marcas - separadoras de sentido de trânsito,Despiste com capotamento,NÃO DEFINIDO,Inexistentes,NÃO DEFINIDO,Outros,Inexistentes,Betuminoso,Curva,Em patamar,Berma não pavimentada,Em plena via,Direita
2012600535,2012:02:06 19:10:00,01/06/00,02/01/00,01/01/00,Guarda Nacional Republicana,50.0,50.0,Segunda-Feira,"41,27255","8,10166",0,0,1,Estrada sem separador,Seco e limpo,Braga,Fafe,Fafe,FAFE,R SOARES VELOSO,Arruamento,0,Em estado regular,,Bom tempo,Sentido único,Fora da intersecção,Dentro das localidades,"Noite, com iluminação",Com marcas - separadoras de sentido de trânsito,Atropelamento de peões,NÃO DEFINIDO,Inexistentes,NÃO DEFINIDO,Outros,Inexistentes,Calçada,Recta,Em patamar,Sem berma ou impraticável,Em plena via,Direita
2015897826,2015:02:14 09:05:00,01/14/00,02/01/00,01/01/00,Guarda Nacional Republicana,120.0,120.0,Sábado       ,"+38,487878","-09,061185",0,0,1,Auto-estrada,Húmido,Lisboa,Loures,União das freguesias de Sacavém e Prior Velho,SACAVEM,,A  - Auto-Estrada,A1,Em bom estado,3.8,Bom tempo,Sentido único,Fora da intersecção,Fora das localidades,Em pleno dia,Com marcas - separadoras de sentido de trânsito,Despiste simples,NÃO DEFINIDO,Inexistentes,No sentido decrescente da quilometragem,NÃO DEFINIDO,Inexistentes,Betuminoso,Recta,Em patamar,Berma pavimentada,Na berma,Direita
20181375955,2018:02:15 14:20:00,01/15/00,02/01/00,01/01/00,Guarda Nacional Republicana,50.0,50.0,Quinta-Feira ,"41,397604","-8,388666",0,0,1,Estrada sem separador,Molhado,Braga,Vila Nova de Famalicao,Riba de Ave,Riba d'Ave,Avª Cidade Abreu e Lima,Arruamento,0,Em bom estado,,Chuva,Dois sentidos,Fora da intersecção,Dentro das localidades,Em pleno dia,Com marcas - separadoras de sentido de trânsito,Colisão frontal,NÃO DEFINIDO,Inexistentes,NÃO DEFINIDO,Proibição de ultrapassagem,Inexistentes,Betuminoso,Recta,Com inclinação,Sem berma ou impraticável,Em plena via,Direita
2014772529,2014:02:22 05:45:00,01/22/00,02/01/00,01/01/00,Polícia de Segurança Pública,50.0,50.0,Sábado       ,"39,238638","-8,684594",0,0,1,Estrada sem separador,Seco e limpo,Santarém,Santarem,Santarém (Marvila),Santarém,Rua 31 de Janeiro,Arruamento,0,Em bom estado,,Bom tempo,Dois sentidos,Fora da intersecção,Dentro das localidades,"Noite, com iluminação",Com marcas - separadoras de sentido e de vias de trânsito,Colisão com veiculo ou obstáculo na faixa de rodagem,NÃO DEFINIDO,Inexistentes,NÃO DEFINIDO,Outros,Inexistentes,Betuminoso,Recta,Em patamar,Berma pavimentada,Em plena via,Direita