Id. Acidente,Datahora,Dia,Mês,Hora,Entidades Fiscalizadoras,Velocidade local,Velocidade geral,Dia da Semana,Latitude GPS,Longitude GPS,Num. Mortos a 30 dias,Num. Feridos graves a 30 dias,Num. Feridos ligeiros a 30 dias,Características Tecnicas1,Cond Aderência,Distrito,Concelho,Freguesia,Pov. Proxima,Nome arruamento,Tipos Vias,Cod Via,Estado Conservação,Km,Factores Atmosféricos,Reg Circulação1,Intersecção Vias,Localizações,Luminosidade,Marca Via,Natureza,Obras Arte,Obstáculos,Sentidos,Sinais,Sinais Luminosos,Tipo Piso,Traçado 1,Traçado 2,Traçado 3,Traçado 4,Via Trânsito
20171219542,2017:02:24 14:30:00,01/24/00,02/01/00,01/01/00,Polícia de Segurança Pública,50.0,50.0,Sexta-Feira  ,"39,484255","-8,185679",0,0,1,Estrada sem separador,Seco e limpo,Santarém,Abrantes,União das freguesias de Abrantes (São Vicente e São João) e Alferrarede,,Rua 31 de Janeiro de 1891                                                                           ,Arruamento,0,Em estado regular,,Bom tempo,Dois sentidos,Em cruzamento,Dentro das localidades,Em pleno dia,Sem marcas rodoviárias ou pouco visíveis,Colisão com fuga,NÃO DEFINIDO,Inexistentes,NÃO DEFINIDO,NÃO DEFINIDO,Inexistentes,Betuminoso,Recta,Em patamar,Berma pavimentada,Em plena via,Direita
20171217922,2017:02:20 17:00:00,01/20/00,02/01/00,01/01/00,Polícia de Segurança Pública,50.0,50.0,Segunda-Feira,"38,758739","-9,243988",0,0,3,Estrada sem separador,Seco e limpo,Lisboa,Amadora,Venteira,,Avenida Dom Nuno Álvares Pereira                                                                    ,Arruamento,0,Em estado regular,,Bom tempo,Dois sentidos,Fora da intersecção,Dentro das localidades,Em pleno dia,Com marcas - separadoras de sentido de trânsito,Atropelamento de peões,NÃO DEFINIDO,Inexistentes,NÃO DEFINIDO,NÃO DEFINIDO,A funcionar normalmente,Betuminoso,Recta,Em patamar,Berma pavimentada,Em plena via,Direita
20181379074,2018:02:14 05:50:00,01/14/00,02/01/00,01/01/00,Polícia de Segurança Pública,50.0,50.0,Quarta-Feira ,"0,0","0,0",0,0,1,Outra via,Seco e limpo,Lisboa,Sintra,União das freguesias de Queluz e Belas,Idanha,Rua Suécia,Arruamento,0,Em estado regular,,Bom tempo,Dois sentidos,Fora da intersecção,Dentro das localidades,"Noite, com iluminação",Com marcas - separadoras de sentido e de vias de trânsito,Atropelamento com fuga,NÃO DEFINIDO,Inexistentes,NÃO DEFINIDO,NÃO DEFINIDO,Inexistentes,Betuminoso,Recta,Em patamar,Berma pavimentada,Em plena via,Direita
20171203392,2017:02:13 18:15:00,01/13/00,02/01/00,01/01/00,Polícia de Segurança Pública,50.0,50.0,Segunda-Feira,"41,458559","-8,283704",0,0,2,Estrada sem separador,Seco e limpo,Braga,Guimaraes,Azurém,Guimarães,Rua São Torcato                                                                                     ,Arruamento,0,Em bom estado,,Bom tempo,Dois sentidos,Em entroncamento,Dentro das localidades,"Noite, com iluminação",Com marcas - separadoras de sentido e de vias de trânsito,Colisão lateral com outro veículo em movimento,NÃO DEFINIDO,Inexistentes,NÃO DEFINIDO,Outros,Inexistentes,Betuminoso,Curva,Com inclinação,Berma pavimentada,Em plena via,Direita
20191661891,2019:02:14 10:40:00,01/14/00,02/01/00,01/01/00,Polícia de Segurança Pública,70.0,70.0,Quinta-Feira ,"0,0","0,0",0,0,1,Estrada sem separador,Seco e limpo,Lisboa,Oeiras,"União das freguesias de Oeiras e São Julião da Barra, Paço de Arcos e Caxias",,,EN - Estrada Nacional,EN6,Em estado regular,"3,1",Bom tempo,Sentido único,Fora da intersecção,Dentro das localidades,Em pleno dia,Com marcas - separadoras de sentido de trânsito,Colisão traseira com outro veículo em movimento,NÃO DEFINIDO,Inexistentes,NÃO DEFINIDO,NÃO DEFINIDO,Inexistentes,Betuminoso,Recta,Com inclinação,Berma pavimentada,Em plena via,Direita
20191702337,2019:02:23 22:09:00,01/23/00,02/01/00,01/01/00,Guarda Nacional Republicana,50.0,50.0,Sábado       ,"39,107100","-9,265417",0,2,3,Estrada sem separador,Seco e limpo,Lisboa,Torres Vedras,"União das freguesias de Torres Vedras (São Pedro, Santiago, Santa Maria do Castelo e São Miguel) e Matacães",Fonte Grada,Rua Principal - Fonte Grada,Arruamento,0,Em estado regular,,Bom tempo,Dois sentidos,Fora da intersecção,Dentro das localidades,"Noite, com iluminação",Sem marcas rodoviárias ou pouco visíveis,Colisão frontal,NÃO DEFINIDO,Inexistentes,NÃO DEFINIDO,NÃO DEFINIDO,Inexistentes,Betuminoso,Recta,Em patamar,Berma não pavimentada,Em plena via,Direita
2015908039,2015:02:26 16:00:00,01/26/00,02/01/00,01/01/00,Polícia de Segurança Pública,50.0,50.0,Quinta-Feira ,"0,0","0,0",0,0,2,Estrada sem separador,Molhado,Aveiro,Espinho,Silvalde,,,EN - Estrada Nacional,EN109,Em bom estado,,Chuva,Dois sentidos,Em cruzamento,Dentro das localidades,Em pleno dia,Com marcas - separadoras de sentido e de vias de trânsito,Colisão lateral com outro veículo em movimento,NÃO DEFINIDO,Inexistentes,NÃO DEFINIDO,Stop,Inexistentes,Betuminoso,Recta,Em patamar,Sem berma ou impraticável,Em plena via,Direita
20191661295,2019:02:06 18:46:00,01/06/00,02/01/00,01/01/00,Polícia de Segurança Pública,50.0,50.0,Quarta-Feira ,"38,796926","-9,185570",0,0,3,Estrada sem separador,Seco e limpo,Lisboa,Odivelas,Odivelas,Odivelas,Rua Combatentes do Ultramar,Arruamento,0,Em estado regular,,Bom tempo,Dois sentidos,Fora da intersecção,Dentro das localidades,Aurora ou crepúsculo,Com marcas - separadoras de sentido de trânsito,Colisão choque em cadeia,NÃO DEFINIDO,Inexistentes,NÃO DEFINIDO,Outros,Inexistentes,Betuminoso,Recta,Com inclinação,Berma pavimentada,Em plena via,Direita
2010436672,2010:02:28 18:40:00,01/28/00,02/01/00,01/01/00,Polícia de Segurança Pública,50.0,50.0,Domingo      ,"0,00","0,00",0,0,1,Estrada sem separador,Seco e limpo,Braga,Braga,Braga (Maximinos),,Rua Ponte Pedrinha,Arruamento,0,Em bom estado,,Chuva,Dois sentidos,NÃO DEFINIDO,Dentro das localidades,"Noite, com iluminação",Com marcas - separadoras de sentido e de vias de trânsito,Atropelamento de peões,NÃO DEFINIDO,Inexistentes,NÃO DEFINIDO,NÃO DEFINIDO,NÃO DEFINIDO,Betuminoso,Recta,Em patamar,Berma pavimentada,Em plena via,Direita
20161121015,2016:02:19 10:45:00,01/19/00,02/01/00,01/01/00,Guarda Nacional Republicana,90.0,90.0,Sexta-Feira  ,"40,119521","-8,362451",0,0,1,Estrada sem separador,Húmido,Coimbra,Montemor-o-Velho,Pereira,CAMPOS AGRÍCOLAS - PEREIRA,,Outra Via,0,Em mau estado,,Bom tempo,Dois sentidos,Fora da intersecção,Fora das localidades,Em pleno dia,Sem marcas rodoviárias ou pouco visíveis,Despiste simples,NÃO DEFINIDO,Inexistentes,NÃO DEFINIDO,NÃO DEFINIDO,Inexistentes,Terra batida,Recta,Em patamar,Sem berma ou impraticável,Em plena via,Direita
20191699382,2019:02:26 10:30:00,01/26/00,02/01/00,01/01/00,Guarda Nacional Republicana,50.0,50.0,Terça-Feira  ,"41,179160","-8,446184",0,0,1,Outra via,Seco e limpo,Porto,Paredes,Gandra,GANDRA PAREDES,Rua Negral,Arruamento,0,Em bom estado,,Bom tempo,Dois sentidos,Fora da intersecção,Dentro das localidades,Em pleno dia,Com marcas - separadoras de sentido de trânsito,Colisão lateral com outro veículo em movimento,NÃO DEFINIDO,Inexistentes,No sentido decrescente da quilometragem,Stop,Inexistentes,Betuminoso,Recta,Em patamar,Sem berma ou impraticável,Em plena via,Direita
2010446170,2010:02:21 14:10:00,01/21/00,02/01/00,01/01/00,Guarda Nacional Republicana,120.0,120.0,Domingo      ,"37,119381","-8,035937",0,0,1,Auto-estrada,Com água acumulada na faixa de rodagem,Faro,Loule,Loulé (São Clemente),LOULE,,A  - Auto-Estrada,A22,Em estado regular,69.6,Chuva,Sentido único,Fora da intersecção,Fora das localidades,Em pleno dia,Com marcas - separadoras de sentido de trânsito,Despiste com dispositivo de retenção,NÃO DEFINIDO,Inexistentes,No sentido crescente da quilometragem,NÃO DEFINIDO,Inexistentes,Betuminoso,Recta,Com inclinação,Berma pavimentada,Em plena via,Esquerda
2010444677,2010:02:23 15:00:00,01/23/00,02/01/00,01/01/00,Polícia de Segurança Pública,50.0,50.0,Terça-Feira  ,"0,00","0,00",0,0,1,Estrada sem separador,Húmido,Lisboa,Amadora,Falagueira,,Avenida do Brasil,Arruamento,0,Em estado regular,,Bom tempo,Dois sentidos,Em entroncamento,Dentro das localidades,Em pleno dia,Com marcas - separadoras de sentido e de vias de trânsito,Colisão traseira com outro veículo em movimento,NÃO DEFINIDO,Inexistentes,NÃO DEFINIDO,Outros,A funcionar normalmente,Betuminoso,Curva,Com inclinação,Berma pavimentada,Em plena via,Central
2010436409,2010:02:24 05:15:00,01/24/00,02/01/00,01/01/00,Polícia de Segurança Pública,50.0,50.0,Quarta-Feira ,"0,00","0,00",0,0,1,Estrada sem separador,Seco e limpo,Porto,Porto,Sé,,Rua do Souto,Arruamento,0,Em bom estado,,NÃO DEFINIDO,Sentido único,Fora da intersecção,Dentro das localidades,"Noite, com iluminação",Sem marcas rodoviárias ou pouco visíveis,Despiste sem dispositivo de retenção,NÃO DEFINIDO,Inexistentes,NÃO DEFINIDO,NÃO DEFINIDO,Inexistentes,Calçada,Recta,Com inclinação,Berma pavimentada,Em plena via,Direita
20171247712,2017:02:28 12:45:00,01/28/00,02/01/00,01/01/00,Guarda Nacional Republicana,50.0,50.0,Terça-Feira  ,"38,567223","-8,927601",0,0,1,Estrada sem separador,Seco e limpo,Setúbal,Palmela,Palmela,Quinta do Anjo,,EN - Estrada Nacional,EN379,Em bom estado,"31,2",Bom tempo,Dois sentidos,Fora da intersecção,Fora das localidades,Em pleno dia,Sem marcas rodoviárias ou pouco visíveis,Colisão choque em cadeia,NÃO DEFINIDO,Inexistentes,NÃO DEFINIDO,NÃO DEFINIDO,Inexistentes,Betuminoso,Recta,Em patamar,Sem berma ou impraticável,Em plena via,Direita
20191662507,2019:02:17 23:00:00,01/17/00,02/01/00,01/01/00,Polícia de Segurança Pública,50.0,50.0,Domingo      ,"0,0","0,0",0,0,3,Estrada sem separador,Molhado,Lisboa,Odivelas,União das freguesias de Ramada e Caneças,Ramada,Rua Fernando Lopes Graça,Arruamento,0,Em estado regular,,Chuva,Dois sentidos,Em entroncamento,Dentro das localidades,"Noite, com iluminação",Com marcas - separadoras de sentido de trânsito,Despiste com colisão com veículo imobil. ou obstáculo,NÃO DEFINIDO,Inexistentes,NÃO DEFINIDO,Outros,Inexistentes,Betuminoso,Curva,Em patamar,Berma pavimentada,Em plena via,Direita
20191660318,2019:02:07 17:45:00,01/07/00,02/01/00,01/01/00,Polícia de Segurança Pública,50.0,50.0,Quinta-Feira ,"0,0","0,0",0,0,2,Outra via,Seco e limpo,Lisboa,Lisboa,Avenidas Novas,Lisboa,Avenida Forças Armadas                                                                              ,Arruamento,0,Em bom estado,,Bom tempo,Sentido único,Em cruzamento,Dentro das localidades,Aurora ou crepúsculo,Com marcas - separadoras de sentido e de vias de trânsito,Atropelamento de peões,NÃO DEFINIDO,Inexistentes,NÃO DEFINIDO,Outros,A funcionar normalmente,Betuminoso,Recta,Em patamar,Berma pavimentada,Em plena via,Esquerda
2012587523,2012:02:08 21:00:00,01/08/00,02/01/00,01/01/00,Polícia de Segurança Pública,50.0,50.0,Quarta-Feira ,"0,00","0,00",0,0,1,Estrada sem separador,Seco e limpo,Setúbal,Seixal,Arrentela,Torre da Marinha,Rua Pedro Nunes                                                                                     ,Arruamento,0,Em bom estado,,Bom tempo,Dois sentidos,Fora da intersecção,Dentro das localidades,"Noite, com iluminação",Com marcas - separadoras de sentido de trânsito,Colisão com veiculo ou obstáculo na faixa de rodagem,NÃO DEFINIDO,Inexistentes,NÃO DEFINIDO,NÃO DEFINIDO,Inexistentes,Betuminoso,Recta,Em patamar,Berma pavimentada,Na berma,Direita
2013664151,2013:02:07 11:25:00,01/07/00,02/01/00,01/01/00,Polícia de Segurança Pública,50.0,50.0,Quinta-Feira ,"0,00","0,00",0,0,2,Estrada sem separador,Seco e limpo,Évora,Estremoz,Estremoz (Santa Maria),,Avenida Raínha Santa Isabel,Arruamento,0,Em bom estado,,Bom tempo,Dois sentidos,Em cruzamento,Dentro das localidades,Em pleno dia,Com marcas - separadoras de sentido e de vias de trânsito,Colisão lateral com outro veículo em movimento,NÃO DEFINIDO,Inexistentes,NÃO DEFINIDO,Stop,Inexistentes,Betão de cimento,Recta,Em patamar,Berma pavimentada,Em plena via,Direita
2015944739,2015:02:18 17:50:00,01/18/00,02/01/00,01/01/00,Guarda Nacional Republicana,50.0,50.0,Quarta-Feira ,"37,095363","-7,533571",0,0,1,Estrada sem separador,Seco e limpo,Faro,Sao Bras de Alportel,São Brás de Alportel,,Avª de São Brás,Arruamento,0,Em bom estado,,Bom tempo,Sentido único,Em rotunda,Dentro das localidades,Em pleno dia,Com marcas - separadoras de sentido e de vias de trânsito,Colisão traseira com outro veículo em movimento,NÃO DEFINIDO,Inexistentes,NÃO DEFINIDO,Outros,Inexistentes,Betuminoso,Curva,Em patamar,Berma pavimentada,Em plena via,Direita
20171216686,2017:02:15 12:29:00,01/15/00,02/01/00,01/01/00,Polícia de Segurança Pública,80.0,80.0,Quarta-Feira ,"38,761301","-9,172526",0,0,1,Outra via,Seco e limpo,Lisboa,Lisboa,Lumiar,,,IP- Itinerário Principal,IP7,Em bom estado,"5,9",Bom tempo,Sentido único,Fora da intersecção,Dentro das localidades,Em pleno dia,Com marcas - separadoras de sentido e de vias de trânsito,Colisão com fuga,NÃO DEFINIDO,Inexistentes,No sentido decrescente da quilometragem,Outros,Inexistentes,Betuminoso,Recta,Em patamar,Berma pavimentada,Em plena via,Central
2015977336,2015:02:27 11:15:00,01/27/00,02/01/00,01/01/00,Guarda Nacional Republicana,90.0,90.0,Sexta-Feira  ,"41,092100","-7,475077",0,0,3,Estrada sem separador,Seco e limpo,Viseu,Lamego,Cambres,Cambres,,EN - Estrada Nacional,EN222,Em bom estado,129.9,Bom tempo,Dois sentidos,Fora da intersecção,Fora das localidades,Em pleno dia,Com marcas - separadoras de sentido de trânsito,Colisão frontal,NÃO DEFINIDO,Inexistentes,NÃO DEFINIDO,NÃO DEFINIDO,Inexistentes,Betuminoso,Recta,Em patamar,Berma não pavimentada,Em plena via,Direita
2015894688,2015:02:04 12:00:00,01/04/00,02/01/00,01/01/00,Polícia de Segurança Pública,50.0,50.0,Quarta-Feira ,"39,246787","-8,686879",0,0,1,Estrada sem separador,Seco e limpo,Santarém,Santarem,"União das freguesias de Santarém (Marvila), Santa Iria da Ribeira de Santarém, Santarém (São Salvador) e Santarém (São Nicolau)",Santarém,Rua Comandante José Carvalho                                                                        ,Arruamento,0,Em estado regular,,Bom tempo,Sentido único,Em rotunda,Dentro das localidades,Em pleno dia,Sem marcas rodoviárias ou pouco visíveis,Colisão lateral com outro veículo em movimento,NÃO DEFINIDO,Inexistentes,NÃO DEFINIDO,Cedência de passagem,Inexistentes,Betuminoso,Curva,Em patamar,Sem berma ou impraticável,Em plena via,Esquerda
20161119851,2016:02:13 19:40:00,01/13/00,02/01/00,01/01/00,Guarda Nacional Republicana,120.0,120.0,Sábado       ,"38,564896","-9,127242",0,0,2,Auto-estrada,Molhado,Lisboa,Mafra,Milharado,MILHARADO,,A  - Auto-Estrada,A8,Em bom estado,"21,2",Bom tempo,Sentido único,Fora da intersecção,Fora das localidades,"Noite, sem iluminação",Com marcas - separadoras de sentido e de vias de trânsito,Colisão com veiculo ou obstáculo na faixa de rodagem,NÃO DEFINIDO,Inexistentes,No sentido crescente da quilometragem,Outros,Inexistentes,Betuminoso,Recta,Com inclinação,Berma pavimentada,Em plena via,Esquerda
2013668512,2013:02:27 08:25:00,01/27/00,02/01/00,01/01/00,Polícia de Segurança Pública,30.0,50.0,Quarta-Feira ,"0,00","0,00",0,0,1,Estrada sem separador,Seco e limpo,Porto,Valongo,Ermesinde,,Avenida Engenheiro Duarte Pacheco                                                                   ,Arruamento,0,Em estado regular,,Bom tempo,Dois sentidos,Em entroncamento,Dentro das localidades,Sol escandeante,Com marcas - separadoras de sentido e de vias de trânsito,Atropelamento de peões,NÃO DEFINIDO,Inexistentes,NÃO DEFINIDO,Outros,A funcionar normalmente,Betuminoso,Recta,Com inclinação,Berma pavimentada,Em plena via,Direita
20181373863,2018:02:06 22:15:00,01/06/00,02/01/00,01/01/00,Guarda Nacional Republicana,50.0,50.0,Terça-Feira  ,"41,546758","-8,363830",0,0,1,Estrada sem separador,Seco e limpo,Braga,Braga,Espinho,Braga,Avenida da Igreja,Arruamento,0,Em bom estado,,Bom tempo,Dois sentidos,Em cruzamento,Dentro das localidades,"Noite, com iluminação",Sem marcas rodoviárias ou pouco visíveis,Colisão lateral com outro veículo em movimento,NÃO DEFINIDO,Inexistentes,NÃO DEFINIDO,NÃO DEFINIDO,Inexistentes,Calçada,Recta,Em patamar,Berma pavimentada,Em plena via,Direita
2013685950,2013:02:10 19:55:00,01/10/00,02/01/00,01/01/00,Guarda Nacional Republicana,70.0,90.0,Domingo      ,,,0,0,1,Estrada sem separador,Seco e limpo,Faro,Loule,Loulé (São Sebastião),Franqueada,,EN - Estrada Nacional,EN396,Em estado regular,20.4,Bom tempo,Dois sentidos,Fora da intersecção,Fora das localidades,"Noite, com iluminação",Com marcas - separadoras de sentido de trânsito,Despiste simples,Viaduto/Ponte,Inexistentes,NÃO DEFINIDO,Outros,Inexistentes,Betuminoso,Recta,Em patamar,Sem berma ou impraticável,Em plena via,Direita
2015945202,2015:02:08 12:35:00,01/08/00,02/01/00,01/01/00,Guarda Nacional Republicana,50.0,50.0,Domingo      ,"38,606914","-8,847936",0,0,1,Estrada sem separador,Seco e limpo,Setúbal,Palmela,Palmela,Areias Gordas,,EM - Estrada Municipal,EM533-1,Em bom estado,,Bom tempo,Dois sentidos,Fora da intersecção,Dentro das localidades,Em pleno dia,Sem marcas rodoviárias ou pouco visíveis,Colisão traseira com outro veículo em movimento,NÃO DEFINIDO,Inexistentes,NÃO DEFINIDO,NÃO DEFINIDO,Inexistentes,Betuminoso,Recta,Em patamar,Sem berma ou impraticável,Em plena via,Direita
2010437562,2010:02:02 12:30:00,01/02/00,02/01/00,01/01/00,Polícia de Segurança Pública,50.0,90.0,Terça-Feira  ,"38,809097","-9,183441",0,0,1,Outra via,Seco e limpo,Lisboa,Odivelas,Póvoa de Santo Adrião,Póvoa de Santo Adrião - junto da rotunda casal do monte,,Outra Via,0,Em bom estado,3.0,Bom tempo,Reversível,Fora da intersecção,Dentro das localidades,Em pleno dia,Com marcas - separadoras de sentido e de vias de trânsito,Colisão traseira com outro veículo em movimento,NÃO DEFINIDO,Inexistentes,NÃO DEFINIDO,Outros,Inexistentes,Betuminoso,Recta,Em patamar,Sem berma ou impraticável,Em plena via,Direita
2010446927,2010:02:22 12:40:00,01/22/00,02/01/00,01/01/00,Guarda Nacional Republicana,50.0,50.0,Segunda-Feira,,,0,0,2,Estrada sem separador,Molhado,Porto,Amarante,Cepelos,ARQUINTO,AV COMBATENTES ULTRAMAR,Arruamento,0,Em bom estado,,Chuva,Sentido único,Fora da intersecção,Dentro das localidades,Em pleno dia,Com marcas - separadoras de sentido e de vias de trânsito,Colisão traseira com outro veículo em movimento,NÃO DEFINIDO,Inexistentes,NÃO DEFINIDO,Outros,Inexistentes,Betuminoso,Recta,Em patamar,Berma pavimentada,Em plena via,Direita
20181363522,2018:02:27 18:00:00,01/27/00,02/01/00,01/01/00,Polícia de Segurança Pública,80.0,80.0,Terça-Feira  ,38.7605217,-9.1520847,0,0,2,Outra via,Molhado,Lisboa,Lisboa,Lumiar,,Avenida Marechal Craveiro Lopes                                                                     ,Arruamento,0,Em estado regular,,Chuva,Sentido único,Fora da intersecção,Dentro das localidades,Aurora ou crepúsculo,Com marcas - separadoras de sentido de trânsito,Colisão choque em cadeia,NÃO DEFINIDO,Inexistentes,NÃO DEFINIDO,Outros,Inexistentes,Betuminoso,Recta,Em patamar,Berma pavimentada,Em plena via,Direita
2014801858,2014:02:02 19:00:00,01/02/00,02/01/00,01/01/00,Guarda Nacional Republicana,90.0,90.0,Domingo      ,"38,355228","-7,529558",0,0,1,Estrada sem separador,Seco e limpo,Évora,Evora,"União das freguesias de Évora (São Mamede, Sé, São Pedro e Santo Antão)",Evora,,EM - Estrada Municipal,EM1090,Em mau estado,,Bom tempo,Dois sentidos,Fora da intersecção,Fora das localidades,"Noite, sem iluminação",Sem marcas rodoviárias ou pouco visíveis,Despiste simples,NÃO DEFINIDO,Inexistentes,NÃO DEFINIDO,Outros,Inexistentes,Betuminoso,Recta,Em patamar,Sem berma ou impraticável,Na berma,Direita
2014768345,2014:02:17 22:00:00,01/17/00,02/01/00,01/01/00,Polícia de Segurança Pública,50.0,50.0,Segunda-Feira,"41,178911","-8,544066",0,0,1,Outra via,Molhado,Porto,Gondomar,Rio Tinto,Rio Tinto,Avenida Professor Aníbal Cavaco Silva                                                               ,Arruamento,0,Em estado regular,,Chuva,Sentido único,Fora da intersecção,Dentro das localidades,"Noite, com iluminação",Com marcas - separadoras de sentido e de vias de trânsito,Despiste simples,NÃO DEFINIDO,Inexistentes,No sentido decrescente da quilometragem,NÃO DEFINIDO,Inexistentes,Betuminoso,Curva,Em patamar,Berma pavimentada,Em plena via,Direita
20191707199,2019:02:03 15:15:00,01/03/00,02/01/00,01/01/00,Guarda Nacional Republicana,50.0,50.0,Domingo      ,"37,157920","-7,880565",0,0,1,Estrada sem separador,Seco e limpo,Faro,Sao Bras de Alportel,São Brás de Alportel,São Brás de Alportel,,Outra Via,0,Em bom estado,,Bom tempo,Dois sentidos,Fora da intersecção,Dentro das localidades,Em pleno dia,Com marcas - separadoras de sentido de trânsito,Colisão com outras situações,NÃO DEFINIDO,Inexistentes,NÃO DEFINIDO,Cedência de passagem,Inexistentes,Betuminoso,Curva,Em patamar,Berma pavimentada,Em plena via,Direita
2013686067,2013:02:11 12:00:00,01/11/00,02/01/00,01/01/00,Guarda Nacional Republicana,50.0,90.0,Segunda-Feira,,,0,0,2,Estrada sem separador,Molhado,Leiria,Pombal,Carriço,Vieirinhos,,EN - Estrada Nacional,EN109,Em estado regular,136.758,Bom tempo,Dois sentidos,Fora da intersecção,Dentro das localidades,Em pleno dia,Com marcas - separadoras de sentido de trânsito,Colisão traseira com outro veículo em movimento,NÃO DEFINIDO,Insuficentemente sinalizados,NÃO DEFINIDO,NÃO DEFINIDO,Inexistentes,Betuminoso,Recta,Em patamar,Berma não pavimentada,Em plena via,Direita
2014802587,2014:02:01 13:00:00,01/01/00,02/01/00,01/01/00,Guarda Nacional Republicana,50.0,90.0,Sábado       ,"38,356201","-8,555220",0,0,1,Estrada sem separador,Seco e limpo,Setúbal,Palmela,Palmela,Lagoinha,,EN - Estrada Nacional,EN379-2,Em bom estado,3.3,Bom tempo,Dois sentidos,Fora da intersecção,Fora das localidades,Em pleno dia,Com marcas - separadoras de sentido de trânsito,Colisão lateral com outro veículo em movimento,NÃO DEFINIDO,Inexistentes,NÃO DEFINIDO,Passagem de peões,Inexistentes,Betuminoso,Recta,Com inclinação,Berma não pavimentada,Em plena via,Direita
20171242620,2017:02:01 20:15:00,01/01/00,02/01/00,01/01/00,Guarda Nacional Republicana,50.0,50.0,Quarta-Feira ,"41,641915","-8,693035",0,0,1,Estrada sem separador,Molhado,Viana do Castelo,Viana do Castelo,União das freguesias de Barroselas e Carvoeiro,BARROSELAS,Rua do Pelourinho,Arruamento,0,Em bom estado,,Chuva,Dois sentidos,Fora da intersecção,Dentro das localidades,"Noite, com iluminação",Sem marcas rodoviárias ou pouco visíveis,Atropelamento de peões,NÃO DEFINIDO,Inexistentes,NÃO DEFINIDO,NÃO DEFINIDO,Inexistentes,Betuminoso,Curva,Em patamar,Berma pavimentada,Em plena via,Direita
20181362782,2018:02:17 13:15:00,01/17/00,02/01/00,01/01/00,Polícia de Segurança Pública,80.0,80.0,Sábado       ,"0,0","0,0",0,0,6,Outra via,Seco e limpo,Lisboa,Odivelas,União das freguesias de Pontinha e Famões,,,IC - Itinerário Complementar,IC16,Em estado regular,"2,2",Bom tempo,Sentido único,Em via de aceleração,Dentro das localidades,Em pleno dia,Com marcas - separadoras de sentido e de vias de trânsito,Colisão com outras situações,NÃO DEFINIDO,Inexistentes,No sentido decrescente da quilometragem,Outros,Inexistentes,Betuminoso,Curva,Com inclinação,Berma pavimentada,Em plena via,Direita
2012589398,2012:02:17 10:45:00,01/17/00,02/01/00,01/01/00,Polícia de Segurança Pública,50.0,50.0,Sexta-Feira  ,"0,00","0,00",0,0,1,Estrada sem separador,Molhado,Coimbra,Figueira da Foz,Vila Verde,Ervedinho,Rua das Relvinhas,Arruamento,0,Em mau estado,,Bom tempo,Dois sentidos,Fora da intersecção,Dentro das localidades,Em pleno dia,Sem marcas rodoviárias ou pouco visíveis,Despiste com colisão com veículo imobil. ou obstáculo,NÃO DEFINIDO,Inexistentes,NÃO DEFINIDO,NÃO DEFINIDO,Inexistentes,Betuminoso,Curva,Com inclinação,Sem berma ou impraticável,Em plena via,Direita
2010446509,2010:02:12 20:30:00,01/12/00,02/01/00,01/01/00,Guarda Nacional Republicana,40.0,50.0,Sexta-Feira  ,,,0,0,1,Estrada sem separador,Seco e limpo,Aveiro,Oliveira de Azemeis,Carregosa,AZAGAES,R S SALVADOR,Arruamento,0,Em estado regular,,Bom tempo,Dois sentidos,Fora da intersecção,Dentro das localidades,"Noite, com iluminação",Sem marcas rodoviárias ou pouco visíveis,Colisão lateral com outro veículo em movimento,NÃO DEFINIDO,Inexistentes,NÃO DEFINIDO,NÃO DEFINIDO,Inexistentes,Betuminoso,Recta,Em patamar,Sem berma ou impraticável,Em plena via,Direita
20191664822,2019:02:22 15:15:00,01/22/00,02/01/00,01/01/00,Polícia de Segurança Pública,80.0,100.0,Sexta-Feira  ,"38,736211","-9,206339",0,0,2,Outra via,Seco e limpo,Lisboa,Amadora,Alfragide,,,IC - Itinerário Complementar,IC17,Em bom estado,"5,3",Bom tempo,Sentido único,Fora da intersecção,Dentro das localidades,Em pleno dia,Com marcas - separadoras de sentido e de vias de trânsito,Colisão traseira com outro veículo em movimento,NÃO DEFINIDO,Inexistentes,No sentido crescente da quilometragem,Outros,Inexistentes,Betuminoso,Recta,Em patamar,Berma pavimentada,Em plena via,Direita
20181374200,2018:02:08 16:30:00,01/08/00,02/01/00,01/01/00,Guarda Nacional Republicana,50.0,50.0,Quinta-Feira ,"41,264942","-8,492926",0,0,1,Estrada sem separador,Seco e limpo,Porto,Santo Tirso,Água Longa,Gemunde,Rua Sobradelo,Arruamento,0,Em estado regular,,Bom tempo,Dois sentidos,Em cruzamento,Dentro das localidades,Em pleno dia,Sem marcas rodoviárias ou pouco visíveis,Colisão lateral com outro veículo em movimento,NÃO DEFINIDO,Inexistentes,NÃO DEFINIDO,Stop,Inexistentes,Calçada,Recta,Em patamar,Sem berma ou impraticável,Em plena via,Direita
2015942908,2015:02:25 03:23:00,01/25/00,02/01/00,01/01/00,Guarda Nacional Republicana,90.0,90.0,Quarta-Feira ,"39,455202","-8,465616",1,0,0,Auto-estrada,Seco e limpo,Leiria,Leiria,"União das freguesias de Leiria, Pousos, Barreira e Cortes",Andrinos,,A  - Auto-Estrada,A8-1,Em estado regular,2.18,Bom tempo,Sentido único,Fora da intersecção,Fora das localidades,"Noite, sem iluminação",Com marcas - separadoras de sentido e de vias de trânsito,Colisão frontal,NÃO DEFINIDO,Inexistentes,No sentido decrescente da quilometragem,NÃO DEFINIDO,Inexistentes,Betuminoso,Curva,Com inclinação,Berma pavimentada,Em plena via,Direita