Id. Acidente,Datahora,Dia,Mês,Hora,Entidades Fiscalizadoras,Velocidade local,Velocidade geral,Dia da Semana,Latitude GPS,Longitude GPS,Num. Mortos a 30 dias,Num. Feridos graves a 30 dias,Num. Feridos ligeiros a 30 dias,Características Tecnicas1,Cond Aderência,Distrito,Concelho,Freguesia,Pov. Proxima,Nome arruamento,Tipos Vias,Cod Via,Estado Conservação,Km,Factores Atmosféricos,Reg Circulação1,Intersecção Vias,Localizações,Luminosidade,Marca Via,Natureza,Obras Arte,Obstáculos,Sentidos,Sinais,Sinais Luminosos,Tipo Piso,Traçado 1,Traçado 2,Traçado 3,Traçado 4,Via Trânsito
2013668509,2013:02:26 12:40:00,01/26/00,02/01/00,01/01/00,Polícia de Segurança Pública,50.0,50.0,Terça-Feira  ,"0,00","0,00",0,0,1,Estrada sem separador,Seco e limpo,Santarém,Abrantes,Abrantes (São Vicente),,Largo Ferraria,Arruamento,0,Em estado regular,,Bom tempo,Dois sentidos,Fora da intersecção,Dentro das localidades,Em pleno dia,Sem marcas rodoviárias ou pouco visíveis,Atropelamento com fuga,NÃO DEFINIDO,Inexistentes,NÃO DEFINIDO,NÃO DEFINIDO,Inexistentes,Calçada,Curva,Com inclinação,Berma pavimentada,Em plena via,Direita
20161029935,2016:02:19 19:15:00,01/19/00,02/01/00,01/01/00,Polícia de Segurança Pública,50.0,50.0,Sexta-Feira  ,"38,758366","-9,154066",0,0,1,Outra via,Seco e limpo,Lisboa,Lisboa,Alvalade,,Campo Grande                                                                                        ,Arruamento,0,Em estado regular,,Bom tempo,Sentido único,Fora da intersecção,Dentro das localidades,"Noite, com iluminação",Com marcas - separadoras de sentido de trânsito,Colisão lateral com outro veículo em movimento,NÃO DEFINIDO,Inexistentes,No sentido crescente da quilometragem,Outros,Inexistentes,Betuminoso,Recta,Em patamar,Sem berma ou impraticável,Em plena via,Central
2012592591,2012:02:27 14:30:00,01/27/00,02/01/00,01/01/00,Polícia de Segurança Pública,50.0,50.0,Segunda-Feira,"0,00","0,00",0,0,1,Estrada sem separador,Seco e limpo,Braga,Guimaraes,Guimarães (Oliveira do Castelo),,Avenida General Humberto Delgado                                                                    ,Arruamento,0,Em bom estado,,Bom tempo,Dois sentidos,Em entroncamento,Dentro das localidades,Em pleno dia,Com marcas - separadoras de sentido de trânsito,Atropelamento de peões,NÃO DEFINIDO,Inexistentes,NÃO DEFINIDO,Passagem de peões,Inexistentes,Betuminoso,Curva,Com inclinação,Berma pavimentada,Em plena via,Direita
2013664413,2013:02:09 19:00:00,01/09/00,02/01/00,01/01/00,Polícia de Segurança Pública,70.0,90.0,Sábado       ,"0,00","0,00",0,0,1,Outra via,Seco e limpo,Lisboa,Lisboa,Benfica,sentido sul/norte,,IC - Itinerário Complementar,IC17,Em estado regular,5.32,Bom tempo,Dois sentidos,Fora da intersecção,Fora das localidades,"Noite, com iluminação",Com marcas - separadoras de sentido e de vias de trânsito,Colisão traseira com outro veículo em movimento,NÃO DEFINIDO,Inexistentes,No sentido crescente da quilometragem,Outros,Inexistentes,Betuminoso,Recta,Com inclinação,Berma pavimentada,Em plena via,Direita
2014800492,2014:02:12 16:30:00,01/12/00,02/01/00,01/01/00,Guarda Nacional Republicana,80.0,120.0,Quarta-Feira ,"39,014317","-8,577037",0,0,1,Outra via,Molhado,Lisboa,Alenquer,Carregado,Carregado: saída A10/acesso A1,,Outra Via,0,Em bom estado,,Chuva,Sentido único,Em ramo de ligação - saída,Fora das localidades,Em pleno dia,Com marcas - separadoras de sentido de trânsito,Despiste com capotamento,NÃO DEFINIDO,Inexistentes,NÃO DEFINIDO,NÃO DEFINIDO,Inexistentes,Betuminoso,Curva,Com inclinação,Berma pavimentada,Em plena via,Direita
20191663219,2019:02:20 17:00:00,01/20/00,02/01/00,01/01/00,Polícia de Segurança Pública,50.0,50.0,Quarta-Feira ,"0,0","0,0",0,0,1,Estrada sem separador,Seco e limpo,Castelo Branco,Castelo Branco,Castelo Branco,Castelo Branco,Avenida 1º de Maio                                                                                  ,Arruamento,0,Em bom estado,,Bom tempo,Sentido único,Fora da intersecção,Dentro das localidades,Em pleno dia,Sem marcas rodoviárias ou pouco visíveis,Colisão traseira com outro veículo em movimento,NÃO DEFINIDO,Inexistentes,NÃO DEFINIDO,Passagem de peões,Inexistentes,Calçada,Recta,Com inclinação,Berma pavimentada,Em plena via,Direita
20191661708,2019:02:16 23:00:00,01/16/00,02/01/00,01/01/00,Polícia de Segurança Pública,50.0,50.0,Sábado       ,"41,167713","-8,549971",0,0,1,Estrada sem separador,Seco e limpo,Porto,Gondomar,Rio Tinto,Rio Tinto,Avenida Dom João I                                                                                  ,Arruamento,0,Em estado regular,,Bom tempo,Dois sentidos,Em entroncamento,Dentro das localidades,"Noite, com iluminação",Com marcas - separadoras de sentido de trânsito,Colisão lateral com outro veículo em movimento,NÃO DEFINIDO,Inexistentes,NÃO DEFINIDO,Stop,Inexistentes,Betuminoso,Recta,Em patamar,Berma pavimentada,Em plena via,Direita
20191661201,2019:02:12 19:10:00,01/12/00,02/01/00,01/01/00,Polícia de Segurança Pública,50.0,50.0,Terça-Feira  ,"0,0","0,0",0,0,1,Estrada sem separador,Com gravilha ou areia,Coimbra,Coimbra,Torres do Mondego,Coimbra,,EN - Estrada Nacional,EN110,Em estado regular,0,Bom tempo,Dois sentidos,Fora da intersecção,Dentro das localidades,"Noite, com iluminação",Com marcas - separadoras de sentido de trânsito,Despiste com dispositivo de retenção,NÃO DEFINIDO,Inexistentes,NÃO DEFINIDO,Outros,Inexistentes,Betuminoso,Curva,Em patamar,Berma pavimentada,Na berma,Direita
2011515049,2011:02:28 18:00:00,01/28/00,02/01/00,01/01/00,Polícia de Segurança Pública,50.0,50.0,Segunda-Feira,"0,00","0,00",0,0,1,Estrada sem separador,Seco e limpo,Porto,Vila Nova de Gaia,Vilar de Andorinho,,Rua Comendador Inácio Sousa                                                                         ,Arruamento,0,Em bom estado,,Bom tempo,Dois sentidos,Em entroncamento,Dentro das localidades,Em pleno dia,Sem marcas rodoviárias ou pouco visíveis,Colisão frontal,NÃO DEFINIDO,Inexistentes,NÃO DEFINIDO,NÃO DEFINIDO,Inexistentes,Betuminoso,Recta,Com inclinação,Sem berma ou impraticável,Em plena via,Direita
20191662203,2019:02:18 20:10:00,01/18/00,02/01/00,01/01/00,Polícia de Segurança Pública,30.0,50.0,Segunda-Feira,"0,0","0,0",0,0,1,Estrada sem separador,Molhado,Coimbra,Coimbra,Santo António dos Olivais,Coimbra,Praceta Professor Mota Pinto                                                                        ,Arruamento,0,Em estado regular,,Chuva,Sentido único,Fora da intersecção,Dentro das localidades,"Noite, com iluminação",Sem marcas rodoviárias ou pouco visíveis,Colisão traseira com outro veículo em movimento,NÃO DEFINIDO,Inexistentes,NÃO DEFINIDO,Outros,Inexistentes,Betão de cimento,Curva,Em patamar,Berma pavimentada,Em plena via,Direita
20161027187,2016:02:07 02:00:00,01/07/00,02/01/00,01/01/00,Polícia de Segurança Pública,50.0,50.0,Domingo      ,"38,735512","-9,136742",0,0,1,Outra via,Molhado,Lisboa,Lisboa,Arroios,,Avenida Manuel da Maia                                                                              ,Arruamento,0,Em estado regular,,Bom tempo,Sentido único,Em entroncamento,Dentro das localidades,"Noite, com iluminação",Com marcas - separadoras de sentido e de vias de trânsito,Colisão com fuga,NÃO DEFINIDO,Inexistentes,No sentido decrescente da quilometragem,NÃO DEFINIDO,A funcionar normalmente,Betuminoso,Recta,Com inclinação,Berma pavimentada,Em plena via,Direita
2010446805,2010:02:25 16:45:00,01/25/00,02/01/00,01/01/00,Guarda Nacional Republicana,120.0,120.0,Quinta-Feira ,"39,744488","-8,745969",0,0,1,Auto-estrada,Húmido,Leiria,Leiria,Santa Eufémia,CASAL MADEIRA,,A  - Auto-Estrada,A1,Em bom estado,130.18,Chuva,Sentido único,Fora da intersecção,Fora das localidades,Em pleno dia,Com marcas - separadoras de sentido e de vias de trânsito,Despiste com dispositivo de retenção,NÃO DEFINIDO,Inexistentes,No sentido decrescente da quilometragem,NÃO DEFINIDO,Inexistentes,Betuminoso,Recta,Com inclinação,Sem berma ou impraticável,Em plena via,Esquerda
20171195059,2017:02:04 20:25:00,01/04/00,02/01/00,01/01/00,Polícia de Segurança Pública,50.0,50.0,Sábado       ,"38,799212","-9,160372",0,0,1,Estrada sem separador,Molhado,Lisboa,Odivelas,União das freguesias de Póvoa de Santo Adrião e Olival Basto,Póvoa de Santo Adrião,Rua Almirante Gago Coutinho                                                                         ,Arruamento,0,Em estado regular,,Chuva,Dois sentidos,Fora da intersecção,Dentro das localidades,"Noite, com iluminação",Com marcas - separadoras de sentido de trânsito,Atropelamento de peões,NÃO DEFINIDO,Inexistentes,NÃO DEFINIDO,Passagem de peões,Inexistentes,Betuminoso,Recta,Em patamar,Berma pavimentada,Em plena via,Direita
2014767711,2014:02:18 20:15:00,01/18/00,02/01/00,01/01/00,Polícia de Segurança Pública,50.0,50.0,Terça-Feira  ,"38,727284","-9,144041",0,0,1,Outra via,Seco e limpo,Lisboa,Lisboa,Coração de Jesus,,Rua Conde Redondo,Arruamento,0,Em estado regular,,Bom tempo,Dois sentidos,Em cruzamento,Dentro das localidades,"Noite, com iluminação",Com marcas - separadoras de sentido e de vias de trânsito,Colisão lateral com outro veículo em movimento,NÃO DEFINIDO,Inexistentes,No sentido decrescente da quilometragem,NÃO DEFINIDO,A funcionar normalmente,Betuminoso,Recta,Com inclinação,Berma pavimentada,Em plena via,Esquerda
20181360300,2018:02:12 14:15:00,01/12/00,02/01/00,01/01/00,Polícia de Segurança Pública,50.0,50.0,Segunda-Feira,"41,170858","-8,687051",0,0,1,Estrada sem separador,Seco e limpo,Porto,Porto,"União das freguesias de Aldoar, Foz do Douro e Nevogilde",Porto,Via Castelo do Queijo                                                                               ,Arruamento,0,Em bom estado,,Bom tempo,Dois sentidos,Fora da intersecção,Dentro das localidades,Em pleno dia,Com marcas - separadoras de sentido de trânsito,Atropelamento de peões,NÃO DEFINIDO,Inexistentes,NÃO DEFINIDO,Outros,Inexistentes,Betuminoso,Recta,Em patamar,Sem berma ou impraticável,Em plena via,Direita
2015944873,2015:02:23 16:35:00,01/23/00,02/01/00,01/01/00,Guarda Nacional Republicana,30.0,30.0,Segunda-Feira,"41,151675","-7,581373",0,0,2,Estrada sem separador,Molhado,Porto,Amarante,Candemil,Espinheiro,Rua Central do Espinheiro,Arruamento,0,Em bom estado,,Bom tempo,Dois sentidos,Em entroncamento,Dentro das localidades,Em pleno dia,Sem marcas rodoviárias ou pouco visíveis,Colisão frontal,NÃO DEFINIDO,Inexistentes,NÃO DEFINIDO,Outros,Inexistentes,Betuminoso,Curva,Com inclinação,Sem berma ou impraticável,Em plena via,Direita
20191703825,2019:02:16 14:40:00,01/16/00,02/01/00,01/01/00,Guarda Nacional Republicana,50.0,50.0,Sábado       ,"41,531740","-8,617892",0,0,1,Estrada sem separador,Seco e limpo,Braga,Barcelos,União das freguesias de Campo e Tamel (São Pedro Fins),Campo,Avenida do Divino São Salvador 182,Arruamento,0,Em estado regular,,Bom tempo,Dois sentidos,Fora da intersecção,Dentro das localidades,Em pleno dia,Com marcas - separadoras de sentido e de vias de trânsito,Colisão lateral com outro veículo em movimento,NÃO DEFINIDO,Inexistentes,NÃO DEFINIDO,NÃO DEFINIDO,Inexistentes,Betuminoso,Recta,Em patamar,Sem berma ou impraticável,Em plena via,Direita
2010445987,2010:02:05 19:15:00,01/05/00,02/01/00,01/01/00,Guarda Nacional Republicana,70.0,70.0,Sexta-Feira  ,"38,675891","-8,910487",0,0,1,Estrada sem separador,Seco e limpo,Setúbal,Alcochete,Alcochete,REGO ANDREIA,,EN - Estrada Nacional,EN5,Em bom estado,7.125,Bom tempo,Dois sentidos,Fora da intersecção,Fora das localidades,"Noite, sem iluminação",Com marcas - separadoras de sentido de trânsito,Colisão com veiculo ou obstáculo na faixa de rodagem,NÃO DEFINIDO,Inexistentes,NÃO DEFINIDO,NÃO DEFINIDO,Inexistentes,Betuminoso,Recta,Em patamar,Sem berma ou impraticável,Em plena via,Direita
2014802433,2014:02:15 10:15:00,01/15/00,02/01/00,01/01/00,Guarda Nacional Republicana,50.0,90.0,Sábado       ,"40,253984","-8,263299",0,0,1,Estrada sem separador,Húmido,Aveiro,Anadia,"União das freguesias de Tamengos, Aguim e Óis do Bairro",Aguim,,EM - Estrada Municipal,EM619,Em estado regular,3.0,Bom tempo,Dois sentidos,Fora da intersecção,Fora das localidades,Em pleno dia,Sem marcas rodoviárias ou pouco visíveis,Colisão lateral com outro veículo em movimento,NÃO DEFINIDO,Inexistentes,NÃO DEFINIDO,NÃO DEFINIDO,Inexistentes,Betuminoso,Recta,Em patamar,Sem berma ou impraticável,Em plena via,Direita
2010437007,2010:02:27 20:50:00,01/27/00,02/01/00,01/01/00,Polícia de Segurança Pública,80.0,80.0,Sábado       ,"0,00","0,00",0,0,1,Outra via,NÃO DEFINIDO,Lisboa,Lisboa,Carnide,,Avenida Lusiada,Arruamento,0,NÃO DEFINIDO,,Bom tempo,Dois sentidos,NÃO DEFINIDO,Dentro das localidades,"Noite, com iluminação",NÃO DEFINIDO,Colisão traseira com outro veículo em movimento,NÃO DEFINIDO,NÃO DEFINIDO,NÃO DEFINIDO,NÃO DEFINIDO,NÃO DEFINIDO,NÃO DEFINIDO,NÃO DEFINIDO,NÃO DEFINIDO,NÃO DEFINIDO,NÃO DEFINIDO,Central
2013686990,2013:02:08 21:02:00,01/08/00,02/01/00,01/01/00,Guarda Nacional Republicana,50.0,50.0,Sexta-Feira  ,,,0,0,1,Estrada sem separador,Seco e limpo,Setúbal,Palmela,Palmela,Baixa de Palmela,Estrada da Baixa de Palmela,Arruamento,0,Em bom estado,,Bom tempo,Dois sentidos,Fora da intersecção,Dentro das localidades,"Noite, com iluminação",Sem marcas rodoviárias ou pouco visíveis,Colisão lateral com outro veículo em movimento,NÃO DEFINIDO,Inexistentes,NÃO DEFINIDO,Outros,Inexistentes,Betuminoso,Curva,Em patamar,Berma não pavimentada,Em plena via,Direita
2013664412,2013:02:05 09:45:00,01/05/00,02/01/00,01/01/00,Polícia de Segurança Pública,50.0,70.0,Terça-Feira  ,"0,00","0,00",0,0,1,Estrada sem separador,Seco e limpo,Lisboa,Cascais,Estoril,São João do Estoril,,EN - Estrada Nacional,EN6,Em bom estado,15.7,Bom tempo,Sentido único,Fora da intersecção,Dentro das localidades,Em pleno dia,Com marcas - separadoras de sentido e de vias de trânsito,Colisão choque em cadeia,NÃO DEFINIDO,Inexistentes,NÃO DEFINIDO,NÃO DEFINIDO,A funcionar normalmente,Betuminoso,Recta,Em patamar,Berma pavimentada,Em plena via,Esquerda
20161025673,2016:02:01 18:30:00,01/01/00,02/01/00,01/01/00,Polícia de Segurança Pública,50.0,50.0,Segunda-Feira,"41,014290","-8,633737",0,0,1,Estrada sem separador,Seco e limpo,Aveiro,Espinho,União das freguesias de Anta e Guetim,,Monte Lirio,Arruamento,0,Em estado regular,,Bom tempo,Dois sentidos,Em cruzamento,Dentro das localidades,"Noite, com iluminação",Com marcas - separadoras de sentido de trânsito,Atropelamento de peões,NÃO DEFINIDO,Inexistentes,NÃO DEFINIDO,NÃO DEFINIDO,Desligada,Betuminoso,Curva,Com inclinação,Berma pavimentada,Em plena via,Direita
2015894768,2015:02:03 09:25:00,01/03/00,02/01/00,01/01/00,Polícia de Segurança Pública,50.0,50.0,Terça-Feira  ,"41,164523","-8,620569",0,0,1,Estrada sem separador,Seco e limpo,Porto,Porto,"União das freguesias de Cedofeita, Santo Ildefonso, Sé, Miragaia, São Nicolau e Vitória",Porto,Rua Serpa Pinto                                                                                     ,Arruamento,0,Em estado regular,,Bom tempo,Dois sentidos,Em entroncamento,Dentro das localidades,Em pleno dia,Com marcas - separadoras de sentido e de vias de trânsito,Colisão lateral com outro veículo em movimento,NÃO DEFINIDO,Inexistentes,NÃO DEFINIDO,Outros,Inexistentes,Betuminoso,Recta,Em patamar,Sem berma ou impraticável,Em plena via,Central
2012602841,2012:02:22 08:00:00,01/22/00,02/01/00,01/01/00,Guarda Nacional Republicana,40.0,90.0,Quarta-Feira ,,,0,0,1,Estrada sem separador,Seco e limpo,Viseu,Viseu,São João de Lourosa,VILELA,R PRINCIPAL,Arruamento,0,Em estado regular,,Bom tempo,Dois sentidos,Em entroncamento,Dentro das localidades,Em pleno dia,Com marcas - separadoras de sentido de trânsito,Colisão lateral com outro veículo em movimento,NÃO DEFINIDO,Inexistentes,NÃO DEFINIDO,Outros,Inexistentes,Betuminoso,Recta,Em patamar,Berma pavimentada,Em plena via,Direita
20181374467,2018:02:09 19:20:00,01/09/00,02/01/00,01/01/00,Guarda Nacional Republicana,50.0,50.0,Sexta-Feira  ,"39,825754","-8,874841",0,1,0,Estrada sem separador,Seco e limpo,Leiria,Leiria,União das freguesias de Monte Real e Carvide,Porto D'urso,rua da badanela,Arruamento,0,Em bom estado,,Bom tempo,Dois sentidos,Fora da intersecção,Dentro das localidades,"Noite, com iluminação",Sem marcas rodoviárias ou pouco visíveis,Despiste simples,NÃO DEFINIDO,Inexistentes,NÃO DEFINIDO,NÃO DEFINIDO,Inexistentes,Betuminoso,Curva,Em patamar,Sem berma ou impraticável,Em plena via,Direita
20161120859,2016:02:18 17:00:00,01/18/00,02/01/00,01/01/00,Guarda Nacional Republicana,50.0,50.0,Quinta-Feira ,"39,000824","-9,165707",0,0,1,Estrada sem separador,Seco e limpo,Lisboa,Mafra,União das freguesias de Azueira e Sobral da Abelheira,"EN 8 KM 32,300 CARRASCAL",,EN - Estrada Nacional,EN8,Em estado regular,"32,3",Bom tempo,Dois sentidos,Fora da intersecção,Dentro das localidades,Em pleno dia,Com marcas - separadoras de sentido de trânsito,Colisão traseira com outro veículo em movimento,NÃO DEFINIDO,Inexistentes,NÃO DEFINIDO,Outros,A funcionar normalmente,Betuminoso,Recta,Com inclinação,Berma não pavimentada,Em plena via,Direita
20191701533,2019:02:28 20:05:00,01/28/00,02/01/00,01/01/00,Guarda Nacional Republicana,90.0,90.0,Quinta-Feira ,"40,521630","-8,449559",0,0,2,Estrada sem separador,Seco e limpo,Aveiro,Agueda,União das freguesias de Barrô e Aguada de Baixo,Aguada de Baixo,,EN - Estrada Nacional,EN1,Em bom estado,"225,1",Bom tempo,Sentido único,Em ramo de ligação - entrada,Fora das localidades,"Noite, com iluminação",Sem marcas rodoviárias ou pouco visíveis,Colisão lateral com outro veículo em movimento,NÃO DEFINIDO,Inexistentes,NÃO DEFINIDO,NÃO DEFINIDO,Inexistentes,Betuminoso,Recta,Em patamar,Berma pavimentada,Em plena via,Direita
20191663162,2019:02:21 10:45:00,01/21/00,02/01/00,01/01/00,Polícia de Segurança Pública,50.0,50.0,Quinta-Feira ,"39,406300","-9,135000",0,0,1,Estrada sem separador,Seco e limpo,Leiria,Caldas da Rainha,"União das freguesias de Caldas da Rainha - Nossa Senhora do Pópulo, Coto e São Gregório",Caldas da Rainha,Rua Engenheiro Duarte Pacheco                                                                       ,Arruamento,0,Em bom estado,,Bom tempo,Dois sentidos,Fora da intersecção,Dentro das localidades,Em pleno dia,Sem marcas rodoviárias ou pouco visíveis,Atropelamento de peões,NÃO DEFINIDO,Inexistentes,NÃO DEFINIDO,Passagem de peões,Inexistentes,Betuminoso,Recta,Em patamar,Berma pavimentada,Em plena via,Direita
2014770423,2014:02:02 00:35:00,01/02/00,02/01/00,01/01/00,Polícia de Segurança Pública,50.0,50.0,Domingo      ,"40,237930","-8,444748",0,0,1,Estrada sem separador,Molhado,Coimbra,Coimbra,Eiras,,,EN - Estrada Nacional,EN111-1,Em bom estado,3.0,Chuva,Dois sentidos,Fora da intersecção,Dentro das localidades,"Noite, com iluminação",Com marcas - separadoras de sentido e de vias de trânsito,Despiste sem dispositivo de retenção,NÃO DEFINIDO,Inexistentes,NÃO DEFINIDO,Outros,Inexistentes,Betuminoso,Curva,Em patamar,Sem berma ou impraticável,Em plena via,Direita
2014801516,2014:02:19 09:30:00,01/19/00,02/01/00,01/01/00,Guarda Nacional Republicana,50.0,50.0,Quarta-Feira ,"37,044858","-7,439157",0,0,1,Estrada sem separador,Seco e limpo,Faro,Tavira,União das freguesias de Luz de Tavira e Santo Estêvão,Livramento,,EN - Estrada Nacional,EN125,Em bom estado,124.7,Bom tempo,Dois sentidos,Em cruzamento,Dentro das localidades,Em pleno dia,Com marcas - separadoras de sentido de trânsito,Colisão traseira com outro veículo em movimento,NÃO DEFINIDO,Inexistentes,NÃO DEFINIDO,Proibição de ultrapassagem,A funcionar normalmente,Betuminoso,Recta,Em patamar,Berma pavimentada,Em plena via,Direita
2015894426,2015:02:05 12:45:00,01/05/00,02/01/00,01/01/00,Polícia de Segurança Pública,50.0,50.0,Quinta-Feira ,"38,741276","-9,144847",0,0,1,Outra via,Seco e limpo,Lisboa,Lisboa,Avenidas Novas,,Avenida Defensores de Chaves                                                                        ,Arruamento,0,Em estado regular,,Bom tempo,Dois sentidos,Fora da intersecção,Dentro das localidades,Em pleno dia,Sem marcas rodoviárias ou pouco visíveis,Colisão lateral com outro veículo em movimento,NÃO DEFINIDO,Inexistentes,NÃO DEFINIDO,NÃO DEFINIDO,A funcionar normalmente,Betuminoso,Recta,Em patamar,Sem berma ou impraticável,Em plena via,Direita
2013668555,2013:02:20 07:50:00,01/20/00,02/01/00,01/01/00,Polícia de Segurança Pública,50.0,50.0,Quarta-Feira ,"0,00","0,00",0,0,1,Estrada sem separador,Húmido,Coimbra,Coimbra,Coimbra (Santa Cruz),,Estrada do Choupal,Arruamento,0,Em estado regular,,Bom tempo,Dois sentidos,NÃO DEFINIDO,Dentro das localidades,Em pleno dia,Sem marcas rodoviárias ou pouco visíveis,Colisão frontal,NÃO DEFINIDO,Inexistentes,NÃO DEFINIDO,NÃO DEFINIDO,Inexistentes,Betuminoso,Recta,Em patamar,Berma pavimentada,Em plena via,Direita
2010446707,2010:02:28 19:00:00,01/28/00,02/01/00,01/01/00,Guarda Nacional Republicana,50.0,50.0,Domingo      ,,,0,0,1,Estrada sem separador,Húmido,Setúbal,Sines,Sines,SINES,R MARIA LAMAS,Arruamento,0,Em bom estado,,Chuva,Dois sentidos,Em cruzamento,Dentro das localidades,"Noite, com iluminação",Sem marcas rodoviárias ou pouco visíveis,Atropelamento de peões,NÃO DEFINIDO,Inexistentes,NÃO DEFINIDO,Passagem de peões,Inexistentes,Betuminoso,Recta,Em patamar,Berma pavimentada,Em plena via,Direita
2011522474,2011:02:03 07:30:00,01/03/00,02/01/00,01/01/00,Guarda Nacional Republicana,50.0,90.0,Quinta-Feira ,"38,554356","-9,034694",0,0,1,Estrada sem separador,Seco e limpo,Setúbal,Sesimbra,Quinta do Conde,QTA CONDE,,EN - Estrada Nacional,EN10,Em bom estado,21.5,NÃO DEFINIDO,Dois sentidos,Em entroncamento,Fora das localidades,Aurora ou crepúsculo,Com marcas - separadoras de sentido e de vias de trânsito,Colisão lateral com outro veículo em movimento,NÃO DEFINIDO,Inexistentes,NÃO DEFINIDO,Stop,Inexistentes,Betuminoso,Recta,Em patamar,Berma pavimentada,NÃO DEFINIDO,Direita
2010446134,2010:02:11 18:30:00,01/11/00,02/01/00,01/01/00,Guarda Nacional Republicana,50.0,50.0,Quinta-Feira ,,,0,0,1,Estrada sem separador,Seco e limpo,Viseu,Tondela,Campo de Besteiros,CAMPO BESTEIROS,AV DR AFONSO COSTA,Arruamento,0,Em estado regular,,Bom tempo,Dois sentidos,Fora da intersecção,Dentro das localidades,Em pleno dia,Sem marcas rodoviárias ou pouco visíveis,Colisão lateral com outro veículo em movimento,NÃO DEFINIDO,Inexistentes,NÃO DEFINIDO,Outros,Inexistentes,Betuminoso,Recta,Em patamar,Berma não pavimentada,Em plena via,Direita
2015905441,2015:02:27 23:45:00,01/27/00,02/01/00,01/01/00,Polícia de Segurança Pública,50.0,50.0,Sexta-Feira  ,"38,715634","-9,145717",0,0,1,Estrada sem separador,Seco e limpo,Lisboa,Lisboa,Misericórdia,,Rua Dom Pedro V                                                                                     ,Arruamento,0,Em bom estado,,Bom tempo,Dois sentidos,Fora da intersecção,Dentro das localidades,"Noite, com iluminação",Com marcas - separadoras de sentido e de vias de trânsito,Colisão traseira com outro veículo em movimento,NÃO DEFINIDO,Inexistentes,NÃO DEFINIDO,Outros,Inexistentes,Betuminoso,Recta,Em patamar,Sem berma ou impraticável,Em plena via,Direita
20181373850,2018:02:06 19:45:00,01/06/00,02/01/00,01/01/00,Guarda Nacional Republicana,120.0,120.0,Terça-Feira  ,"41,179237","-8,593192",0,0,1,Auto-estrada,Seco e limpo,Porto,Porto,Paranhos,Porto,,A  - Auto-Estrada,A3,Em bom estado,"0,825",Bom tempo,Sentido único,Fora da intersecção,Fora das localidades,"Noite, sem iluminação",Com marcas - separadoras de sentido e de vias de trânsito,Colisão traseira com outro veículo em movimento,NÃO DEFINIDO,Inexistentes,No sentido decrescente da quilometragem,NÃO DEFINIDO,Inexistentes,Betuminoso,Recta,Em patamar,Berma pavimentada,Em plena via,Esquerda
20191706159,2019:02:09 09:50:00,01/09/00,02/01/00,01/01/00,Guarda Nacional Republicana,50.0,50.0,Sábado       ,"39,209220","-8,629105",0,0,1,Estrada sem separador,Seco e limpo,Santarém,Almeirim,Almeirim,Almeirim,Rua 5 de Outubro 96,Arruamento,0,Em bom estado,,Bom tempo,Sentido único,Em cruzamento,Dentro das localidades,Em pleno dia,Sem marcas rodoviárias ou pouco visíveis,Colisão lateral com outro veículo em movimento,NÃO DEFINIDO,Inexistentes,NÃO DEFINIDO,Stop,Inexistentes,Betuminoso,Recta,Em patamar,Berma pavimentada,Em plena via,Direita
2010445964,2010:02:07 21:15:00,01/07/00,02/01/00,01/01/00,Guarda Nacional Republicana,100.0,100.0,Domingo      ,"38,658327","-9,197222",0,0,1,Outra via,Molhado,Setúbal,Almada,Caparica,MONTE CAPARICA,,IC - Itinerário Complementar,IC20,Em bom estado,3.4,Chuva,Sentido único,Fora da intersecção,Fora das localidades,"Noite, sem iluminação",Com marcas - separadoras de sentido e de vias de trânsito,Colisão traseira com outro veículo em movimento,NÃO DEFINIDO,Inexistentes,NÃO DEFINIDO,Outros,Inexistentes,Betuminoso,Recta,Em patamar,Berma pavimentada,Em plena via,Direita
2012587580,2012:02:06 23:25:00,01/06/00,02/01/00,01/01/00,Polícia de Segurança Pública,50.0,50.0,Segunda-Feira,"0,00","0,00",0,0,1,Estrada sem separador,Seco e limpo,Viseu,Viseu,Viseu (Coração de Jesus),,Rotunda das Quatro Bicas,Arruamento,0,Em bom estado,,Bom tempo,Sentido único,Em rotunda,Dentro das localidades,Em pleno dia,Com marcas - separadoras de sentido de trânsito,Colisão lateral com outro veículo em movimento,NÃO DEFINIDO,Inexistentes,NÃO DEFINIDO,NÃO DEFINIDO,Inexistentes,Betuminoso,Curva,Em patamar,Berma pavimentada,Em plena via,Esquerda
2013671163,2013:02:28 10:15:00,01/28/00,02/01/00,01/01/00,Polícia de Segurança Pública,50.0,50.0,Quinta-Feira ,"41,478950","-7,213804",0,2,0,Estrada sem separador,Seco e limpo,Bragança,Mirandela,Mirandela,Mirandela,,EN - Estrada Nacional,EN15,Em estado regular,,Bom tempo,Dois sentidos,Fora da intersecção,Dentro das localidades,Em pleno dia,Com marcas - separadoras de sentido de trânsito,Colisão frontal,NÃO DEFINIDO,Inexistentes,NÃO DEFINIDO,NÃO DEFINIDO,Inexistentes,Betuminoso,Recta,Com inclinação,Berma não pavimentada,Em plena via,Direita