Id. Acidente,Datahora,Dia,Mês,Hora,Entidades Fiscalizadoras,Velocidade local,Velocidade geral,Dia da Semana,Latitude GPS,Longitude GPS,Num. Mortos a 30 dias,Num. Feridos graves a 30 dias,Num. Feridos ligeiros a 30 dias,Características Tecnicas1,Cond Aderência,Distrito,Concelho,Freguesia,Pov. Proxima,Nome arruamento,Tipos Vias,Cod Via,Estado Conservação,Km,Factores Atmosféricos,Reg Circulação1,Intersecção Vias,Localizações,Luminosidade,Marca Via,Natureza,Obras Arte,Obstáculos,Sentidos,Sinais,Sinais Luminosos,Tipo Piso,Traçado 1,Traçado 2,Traçado 3,Traçado 4,Via Trânsito
20181359977,2018:02:09 23:00:00,01/09/00,02/01/00,01/01/00,Polícia de Segurança Pública,50.0,50.0,Sexta-Feira  ,"38,892318","-9,051877",0,0,1,Estrada sem separador,Seco e limpo,Lisboa,Vila Franca de Xira,União das freguesias de Alverca do Ribatejo e Sobralinho,Alverca do Ribatejo,Estrada da Verdelha de Baixo,Arruamento,0,Em estado regular,,Bom tempo,Dois sentidos,Em rotunda,Dentro das localidades,"Noite, com iluminação",Sem marcas rodoviárias ou pouco visíveis,Colisão choque em cadeia,NÃO DEFINIDO,Inexistentes,NÃO DEFINIDO,Cedência de passagem,Inexistentes,Betuminoso,Curva,Com inclinação,Berma pavimentada,Em plena via,Direita
2013684930,2013:02:18 12:30:00,01/18/00,02/01/00,01/01/00,Guarda Nacional Republicana,120.0,120.0,Segunda-Feira,,,0,0,1,Auto-estrada,Seco e limpo,Braga,Guimaraes,Guimarães (São Paio),,,A  - Auto-Estrada,A11,Em bom estado,57.124,Bom tempo,Sentido único,Fora da intersecção,Fora das localidades,Em pleno dia,Com marcas - separadoras de sentido e de vias de trânsito,Colisão lateral com outro veículo em movimento,NÃO DEFINIDO,Inexistentes,No sentido decrescente da quilometragem,NÃO DEFINIDO,Inexistentes,Betuminoso,Curva,Com inclinação,Berma pavimentada,Em plena via,Esquerda
2010445882,2010:02:05 09:20:00,01/05/00,02/01/00,01/01/00,Guarda Nacional Republicana,50.0,50.0,Sexta-Feira  ,"39,47543","8,20474",0,0,1,Estrada sem separador,Molhado,Leiria,Alvaiazere,Pussos,CABACOS,,IC - Itinerário Complementar,IC3,Em bom estado,72.5,Chuva,Dois sentidos,Fora da intersecção,Dentro das localidades,Em pleno dia,Com marcas - separadoras de sentido de trânsito,Colisão traseira com outro veículo em movimento,NÃO DEFINIDO,Inexistentes,NÃO DEFINIDO,Outros,A funcionar normalmente,Betuminoso,Recta,Em patamar,Berma pavimentada,Em plena via,Direita
20191701828,2019:02:24 14:55:00,01/24/00,02/01/00,01/01/00,Guarda Nacional Republicana,50.0,50.0,Domingo      ,"39,753250","-8,737400",0,0,1,Estrada sem separador,Seco e limpo,Leiria,Leiria,União das freguesias de Santa Eufémia e Boa Vista,Casal Capitão,Rua de Santa Marta,Arruamento,0,Em estado regular,,Bom tempo,Dois sentidos,Fora da intersecção,Dentro das localidades,Em pleno dia,Com marcas - separadoras de sentido de trânsito,Colisão frontal,NÃO DEFINIDO,Inexistentes,NÃO DEFINIDO,NÃO DEFINIDO,Inexistentes,Betuminoso,Curva,Com inclinação,Sem berma ou impraticável,Em plena via,Direita
20161027139,2016:02:09 17:20:00,01/09/00,02/01/00,01/01/00,Polícia de Segurança Pública,50.0,50.0,Terça-Feira  ,"41,557078","-8,419093",0,0,2,Estrada sem separador,Molhado,Braga,Braga,Braga (São Vicente),Braga,Rua Conselheiro Januário                                                                            ,Arruamento,0,Em bom estado,,Chuva,Dois sentidos,Fora da intersecção,Dentro das localidades,"Noite, com iluminação",Com marcas - separadoras de sentido de trânsito,Colisão lateral com outro veículo em movimento,NÃO DEFINIDO,Inexistentes,NÃO DEFINIDO,NÃO DEFINIDO,Inexistentes,Calçada,Recta,Em patamar,Sem berma ou impraticável,Em plena via,Direita
2011525286,2011:02:01 10:45:00,01/01/00,02/01/00,01/01/00,Guarda Nacional Republicana,50.0,50.0,Terça-Feira  ,,,0,0,1,Estrada sem separador,Seco e limpo,Viana do Castelo,Arcos de Valdevez,Paçô,ALTO DE FREITAS,AV D JOSE OSVALDO LRANJEIRA R G,Arruamento,0,Em bom estado,,Bom tempo,Sentido único,Fora da intersecção,Dentro das localidades,Em pleno dia,Sem marcas rodoviárias ou pouco visíveis,Colisão traseira com outro veículo em movimento,NÃO DEFINIDO,Inexistentes,NÃO DEFINIDO,NÃO DEFINIDO,Inexistentes,Betuminoso,Recta,Em patamar,Berma pavimentada,Em plena via,Direita
2013685907,2013:02:23 11:45:00,01/23/00,02/01/00,01/01/00,Guarda Nacional Republicana,50.0,50.0,Sábado       ,,,0,0,1,Estrada sem separador,Seco e limpo,Porto,Felgueiras,Margaride (Santa Eulália),Margaride,Praça da República,Arruamento,0,Em bom estado,,Bom tempo,Sentido único,Fora da intersecção,Dentro das localidades,Em pleno dia,Sem marcas rodoviárias ou pouco visíveis,Colisão traseira com outro veículo em movimento,NÃO DEFINIDO,Inexistentes,NÃO DEFINIDO,Outros,A funcionar normalmente,Calçada,Recta,Com inclinação,Berma pavimentada,Em plena via,Esquerda
2010446577,2010:02:04 13:00:00,01/04/00,02/01/00,01/01/00,Guarda Nacional Republicana,70.0,90.0,Quinta-Feira ,"40,311782","-8,450210",0,0,1,Estrada sem separador,Molhado,Aveiro,Mealhada,Casal Comba,CARQUEIJO,,IC - Itinerário Complementar,IC2,Em bom estado,201.55,Chuva,Dois sentidos,Em entroncamento,Fora das localidades,Em pleno dia,Com marcas - separadoras de sentido de trânsito,Colisão lateral com outro veículo em movimento,NÃO DEFINIDO,Inexistentes,NÃO DEFINIDO,Outros,A funcionar normalmente,Betuminoso,Recta,Em patamar,Berma não pavimentada,Em plena via,Direita
2011523327,2011:02:16 05:40:00,01/16/00,02/01/00,01/01/00,Guarda Nacional Republicana,50.0,50.0,Quarta-Feira ,,,0,0,1,Estrada sem separador,Molhado,Aveiro,Ilhavo,Gafanha da Encarnação,GAFANHA DA ENCARNAÇÃO,R DO CARMO,Arruamento,0,Em bom estado,,Chuva,Dois sentidos,Fora da intersecção,Dentro das localidades,Aurora ou crepúsculo,Com marcas - separadoras de sentido de trânsito,Colisão com veiculo ou obstáculo na faixa de rodagem,NÃO DEFINIDO,Inexistentes,NÃO DEFINIDO,NÃO DEFINIDO,Inexistentes,Betuminoso,Recta,Em patamar,Berma não pavimentada,Em plena via,Direita
20191664150,2019:02:21 06:50:00,01/21/00,02/01/00,01/01/00,Polícia de Segurança Pública,50.0,50.0,Quinta-Feira ,"0,0","0,0",0,0,1,Estrada sem separador,Seco e limpo,Santarém,Santarem,"União das freguesias de Santarém (Marvila), Santa Iria da Ribeira de Santarém, Santarém (São Salvador) e Santarém (São Nicolau)",Ribeira de Santarém,Rua D. Domingos Maria Frutuoso,Arruamento,0,Em estado regular,,Bom tempo,Dois sentidos,Em entroncamento,Dentro das localidades,Aurora ou crepúsculo,Com marcas - separadoras de sentido e de vias de trânsito,Colisão frontal,NÃO DEFINIDO,Inexistentes,NÃO DEFINIDO,Outros,Inexistentes,Calçada,Recta,Em patamar,Sem berma ou impraticável,Em plena via,Direita
20181359402,2018:02:07 12:25:00,01/07/00,02/01/00,01/01/00,Polícia de Segurança Pública,50.0,50.0,Quarta-Feira ,"41,547272","-8,414255",0,0,1,Estrada sem separador,Seco e limpo,Braga,Braga,União das freguesias de Braga (São José de São Lázaro e São João do Souto),Braga,Avenida 31 de Janeiro                                                                               ,Arruamento,0,Em bom estado,,Bom tempo,Sentido único,Em entroncamento,Dentro das localidades,Em pleno dia,Com marcas - separadoras de sentido e de vias de trânsito,Colisão lateral com outro veículo em movimento,NÃO DEFINIDO,Inexistentes,NÃO DEFINIDO,Stop,Inexistentes,Betuminoso,Recta,Com inclinação,Berma pavimentada,Em plena via,Direita
20181378387,2018:02:27 22:20:00,01/27/00,02/01/00,01/01/00,Guarda Nacional Republicana,50.0,50.0,Terça-Feira  ,"39,986964","-8,767846",0,0,1,Estrada sem separador,Húmido,Leiria,Pombal,"União das freguesias de Guia, Ilha e Mata Mourisca",Guia,Rua da Tojeira,Arruamento,0,Em bom estado,,Chuva,Dois sentidos,Em entroncamento,Dentro das localidades,"Noite, sem iluminação",Com marcas - separadoras de sentido de trânsito,Colisão lateral com outro veículo em movimento,NÃO DEFINIDO,Inexistentes,NÃO DEFINIDO,Stop,Inexistentes,Betuminoso,Curva,Em patamar,Berma não pavimentada,Em plena via,Direita
2015945894,2015:02:13 11:30:00,01/13/00,02/01/00,01/01/00,Guarda Nacional Republicana,120.0,120.0,Sexta-Feira  ,"40,567808","-8,209042",0,0,1,Auto-estrada,Seco e limpo,Leiria,Ansiao,Avelar,Avelar,,A  - Auto-Estrada,A13,Em bom estado,174.9,Bom tempo,Sentido único,Fora da intersecção,Fora das localidades,Em pleno dia,Com marcas - separadoras de sentido e de vias de trânsito,Colisão lateral com outro veículo em movimento,NÃO DEFINIDO,Inexistentes,No sentido decrescente da quilometragem,Outros,Inexistentes,Betuminoso,Recta,Em patamar,Berma pavimentada,Em plena via,Direita
20181374612,2018:02:10 14:25:00,01/10/00,02/01/00,01/01/00,Guarda Nacional Republicana,50.0,50.0,Sábado       ,"41,835378","-7,777212",0,0,1,Estrada sem separador,Húmido,Vila Real,Montalegre,União das freguesias de Montalegre e Padroso,Montalegre,Rua Bento Gonçalves,Arruamento,0,Em bom estado,,Bom tempo,Dois sentidos,Em cruzamento,Dentro das localidades,Em pleno dia,Sem marcas rodoviárias ou pouco visíveis,Colisão lateral com outro veículo em movimento,NÃO DEFINIDO,Inexistentes,NÃO DEFINIDO,Stop,Inexistentes,Betuminoso,Curva,Em patamar,Berma pavimentada,Em plena via,Direita
2014801062,2014:02:08 03:00:00,01/08/00,02/01/00,01/01/00,Guarda Nacional Republicana,50.0,50.0,Sábado       ,"41,237787","-8,297137",0,0,1,Estrada sem separador,Molhado,Braga,Vila Nova de Famalicao,União das freguesias de Antas e Abade de Vermoim,Abade de Vermoim,Rua de Vintins,Arruamento,0,Em estado regular,,Chuva,Dois sentidos,Em entroncamento,Dentro das localidades,"Noite, sem iluminação",Sem marcas rodoviárias ou pouco visíveis,Colisão com veiculo ou obstáculo na faixa de rodagem,NÃO DEFINIDO,Não sinalizados,NÃO DEFINIDO,Outros,Desligada,Betuminoso,Recta,Em patamar,Sem berma ou impraticável,Em plena via,Direita
20161029932,2016:02:12 14:55:00,01/12/00,02/01/00,01/01/00,Polícia de Segurança Pública,50.0,50.0,Sexta-Feira  ,"38,755268","-9,244104",0,0,1,Outra via,Molhado,Lisboa,Amadora,Venteira,Amadora,Estrada Velha de Queluz                                                                             ,Arruamento,0,Em estado regular,,Chuva,Dois sentidos,Em entroncamento,Dentro das localidades,Em pleno dia,Com marcas - separadoras de sentido e de vias de trânsito,Colisão lateral com outro veículo em movimento,NÃO DEFINIDO,Inexistentes,No sentido crescente da quilometragem,Stop,Inexistentes,Betuminoso,Curva,Com inclinação,Berma pavimentada,Em plena via,Esquerda
20181363074,2018:02:26 15:00:00,01/26/00,02/01/00,01/01/00,Polícia de Segurança Pública,30.0,50.0,Segunda-Feira,"38,688914","-9,357261",0,0,3,Estrada sem separador,Molhado,Lisboa,Cascais,União das freguesias de Carcavelos e Parede,Parede,Rua 3 de Maio                                                                                       ,Arruamento,0,Em bom estado,,Chuva,Sentido único,Em cruzamento,Dentro das localidades,Em pleno dia,Sem marcas rodoviárias ou pouco visíveis,Colisão com outras situações,NÃO DEFINIDO,Inexistentes,NÃO DEFINIDO,Stop,Inexistentes,Betuminoso,Curva,Com inclinação,Sem berma ou impraticável,Em plena via,Direita
20171216649,2017:02:15 09:35:00,01/15/00,02/01/00,01/01/00,Polícia de Segurança Pública,50.0,50.0,Quarta-Feira ,"41,140583","-8,641973",0,0,1,Estrada sem separador,Seco e limpo,Porto,Vila Nova de Gaia,União das freguesias de Santa Marinha e São Pedro da Afurada,,Avenida Escultores                                                                                  ,Arruamento,0,Em estado regular,,Bom tempo,Dois sentidos,Fora da intersecção,Dentro das localidades,Em pleno dia,Com marcas - separadoras de sentido e de vias de trânsito,Colisão lateral com outro veículo em movimento,NÃO DEFINIDO,Inexistentes,NÃO DEFINIDO,NÃO DEFINIDO,Inexistentes,Betuminoso,Curva,Com inclinação,Sem berma ou impraticável,Em plena via,Direita
20171221196,2017:02:14 11:00:00,01/14/00,02/01/00,01/01/00,Polícia de Segurança Pública,50.0,50.0,Terça-Feira  ,"38,758764","-9,307065",0,0,1,Outra via,Molhado,Lisboa,Sintra,União das freguesias do Cacém e São Marcos,São Marcos,,EN - Estrada Nacional,EN249-3,Em estado regular,,Chuva,Dois sentidos,Em rotunda,Dentro das localidades,Em pleno dia,Sem marcas rodoviárias ou pouco visíveis,Despiste com colisão com veículo imobil. ou obstáculo,NÃO DEFINIDO,Inexistentes,NÃO DEFINIDO,Outros,Inexistentes,Betuminoso,Recta,Com inclinação,Berma pavimentada,Em plena via,Direita
2014770446,2014:02:04 08:20:00,01/04/00,02/01/00,01/01/00,Polícia de Segurança Pública,50.0,50.0,Terça-Feira  ,"39,468137","-8,208292",0,0,1,Outra via,Molhado,Santarém,Abrantes,Abrantes (São Vicente),,Avenida Dom João I,Arruamento,0,Em bom estado,,Chuva,Sentido único,Fora da intersecção,Dentro das localidades,Em pleno dia,Com marcas - separadoras de sentido e de vias de trânsito,Colisão traseira com outro veículo em movimento,NÃO DEFINIDO,Inexistentes,NÃO DEFINIDO,Passagem de peões,Inexistentes,Betuminoso,Recta,Em patamar,Berma pavimentada,Em plena via,Direita
20191705645,2019:02:02 17:45:00,01/02/00,02/01/00,01/01/00,Guarda Nacional Republicana,50.0,50.0,Sábado       ,"39,671050","-8,818749",0,0,1,Estrada sem separador,Molhado,Leiria,Batalha,Batalha,Golpilheira,Estrada do Crasto 231,Arruamento,0,Em estado regular,,Bom tempo,Dois sentidos,Fora da intersecção,Dentro das localidades,Aurora ou crepúsculo,Com marcas - separadoras de sentido de trânsito,Despiste simples,NÃO DEFINIDO,Inexistentes,NÃO DEFINIDO,NÃO DEFINIDO,Inexistentes,Betuminoso,Curva,Em patamar,Sem berma ou impraticável,Na berma,Direita
2015944832,2015:02:12 18:55:00,01/12/00,02/01/00,01/01/00,Guarda Nacional Republicana,50.0,50.0,Quinta-Feira ,"41,109128","-8,289685",0,0,1,Estrada sem separador,Húmido,Porto,Valongo,União das freguesias de Campo e Sobrado,Campo,Travessa São Domingos,Arruamento,0,Em bom estado,,Bom tempo,Dois sentidos,Em entroncamento,Dentro das localidades,"Noite, com iluminação",Com marcas - separadoras de sentido e de vias de trânsito,Atropelamento de peões,NÃO DEFINIDO,Inexistentes,NÃO DEFINIDO,Outros,Inexistentes,Betuminoso,Recta,Em patamar,Sem berma ou impraticável,Em plena via,Direita
2014771360,2014:02:23 13:15:00,01/23/00,02/01/00,01/01/00,Polícia de Segurança Pública,50.0,50.0,Domingo      ,"38,699160","-9,268228",0,0,1,Outra via,Seco e limpo,Lisboa,Oeiras,Caxias,Caxias,,EN - Estrada Nacional,EN6,Em estado regular,3.66,Bom tempo,Sentido único,Fora da intersecção,Dentro das localidades,Em pleno dia,Com marcas - separadoras de sentido de trânsito,Despiste com dispositivo de retenção,NÃO DEFINIDO,Inexistentes,No sentido crescente da quilometragem,NÃO DEFINIDO,Intermitente,Betuminoso,Recta,Em patamar,Sem berma ou impraticável,Em plena via,Esquerda
2012589228,2012:02:12 19:00:00,01/12/00,02/01/00,01/01/00,Polícia de Segurança Pública,80.0,80.0,Domingo      ,"0,00","0,00",0,0,3,Outra via,Seco e limpo,Lisboa,Lisboa,Campo Grande,,Avenida General Norton de Matos,Arruamento,0,Em bom estado,,Bom tempo,Dois sentidos,Fora da intersecção,Dentro das localidades,Aurora ou crepúsculo,Com marcas - separadoras de sentido e de vias de trânsito,Colisão choque em cadeia,NÃO DEFINIDO,Inexistentes,NÃO DEFINIDO,NÃO DEFINIDO,Inexistentes,Betuminoso,Recta,Em patamar,Berma pavimentada,Em plena via,Esquerda
2011501257,2010:02:05 20:45:00,01/05/00,02/01/00,01/01/00,Polícia de Segurança Pública,50.0,50.0,Sexta-Feira  ,"0,00","0,00",0,0,1,Estrada sem separador,NÃO DEFINIDO,Braga,Braga,Lamaçães,,Rua da Senra,Arruamento,0,NÃO DEFINIDO,,Chuva,Dois sentidos,NÃO DEFINIDO,Dentro das localidades,NÃO DEFINIDO,NÃO DEFINIDO,Colisão lateral com outro veículo em movimento,NÃO DEFINIDO,NÃO DEFINIDO,NÃO DEFINIDO,NÃO DEFINIDO,NÃO DEFINIDO,NÃO DEFINIDO,Recta,Com inclinação,NÃO DEFINIDO,NÃO DEFINIDO,Direita
20161120204,2016:02:15 09:40:00,01/15/00,02/01/00,01/01/00,Guarda Nacional Republicana,50.0,50.0,Segunda-Feira,"38,730718","-9,404212",0,0,1,Estrada sem separador,Molhado,Lisboa,Cascais,Alcabideche,ALCOITÃO,Rua Conde Barão-Alcoitão-Alcabideche,Arruamento,0,Em mau estado,,Chuva,Dois sentidos,Em cruzamento,Dentro das localidades,Em pleno dia,Sem marcas rodoviárias ou pouco visíveis,Colisão frontal,NÃO DEFINIDO,Inexistentes,NÃO DEFINIDO,NÃO DEFINIDO,Inexistentes,Betuminoso,Curva,Em patamar,Berma pavimentada,Em plena via,Direita
20171194712,2017:02:06 18:05:00,01/06/00,02/01/00,01/01/00,Polícia de Segurança Pública,50.0,50.0,Segunda-Feira,"38,741879","-9,213675",0,0,3,Estrada sem separador,Seco e limpo,Lisboa,Amadora,Águas Livres,Amadora,Rua dos Moinhos,Arruamento,0,Em mau estado,,Bom tempo,Dois sentidos,Em cruzamento,Dentro das localidades,Em pleno dia,Sem marcas rodoviárias ou pouco visíveis,Colisão frontal,NÃO DEFINIDO,Inexistentes,NÃO DEFINIDO,Passagem de peões,Inexistentes,Betão de cimento,Curva,Com inclinação,Sem berma ou impraticável,Em plena via,Direita
20181362305,2018:02:14 08:35:00,01/14/00,02/01/00,01/01/00,Polícia de Segurança Pública,50.0,50.0,Quarta-Feira ,38.5837497,-7.9121857,0,0,1,Estrada sem separador,Seco e limpo,Évora,Evora,União das freguesias de Bacelo e Senhora da Saúde,Évora,Estrada da chainha,Arruamento,0,Em bom estado,,Bom tempo,Dois sentidos,Em rotunda,Dentro das localidades,Em pleno dia,Sem marcas rodoviárias ou pouco visíveis,Colisão lateral com outro veículo em movimento,NÃO DEFINIDO,Inexistentes,NÃO DEFINIDO,Cedência de passagem,Inexistentes,Betuminoso,Recta,Em patamar,Berma pavimentada,Em plena via,Direita
2010446309,2010:02:25 05:40:00,01/25/00,02/01/00,01/01/00,Guarda Nacional Republicana,50.0,50.0,Quinta-Feira ,"41,746990","-8,574466",0,0,1,Estrada sem separador,Molhado,Viana do Castelo,Ponte de Lima,Feitosa,FEITOSA,,EN - Estrada Nacional,EN201,Em bom estado,37.38,Chuva,Dois sentidos,Fora da intersecção,Dentro das localidades,"Noite, com iluminação",Com marcas - separadoras de sentido de trânsito,Despiste simples,NÃO DEFINIDO,Inexistentes,NÃO DEFINIDO,NÃO DEFINIDO,Inexistentes,Betuminoso,Curva,Em patamar,Sem berma ou impraticável,Em plena via,Esquerda
2010446878,2010:02:21 12:30:00,01/21/00,02/01/00,01/01/00,Guarda Nacional Republicana,50.0,50.0,Domingo      ,,,0,0,1,Estrada sem separador,Seco e limpo,Porto,Vila Nova de Gaia,Arcozelo,MIRAMAR,AV GAGO COUTINHO,Arruamento,0,Em bom estado,,Bom tempo,Dois sentidos,Fora da intersecção,Dentro das localidades,Em pleno dia,Com marcas - separadoras de sentido de trânsito,Colisão traseira com outro veículo em movimento,NÃO DEFINIDO,Inexistentes,NÃO DEFINIDO,NÃO DEFINIDO,Inexistentes,Betuminoso,Recta,Em patamar,Berma pavimentada,Em plena via,Direita
20181378064,2018:02:26 17:15:00,01/26/00,02/01/00,01/01/00,Guarda Nacional Republicana,50.0,50.0,Segunda-Feira,"38,865531","-9,105041",0,0,1,Outra via,Molhado,Lisboa,Loures,União das freguesias de Santo Antão e São Julião do Tojal,São Julião do Tojal,Avenida Santo António (MARL),Arruamento,0,Em bom estado,,Chuva,Dois sentidos,Em cruzamento,Dentro das localidades,Em pleno dia,Sem marcas rodoviárias ou pouco visíveis,Atropelamento de peões,NÃO DEFINIDO,Inexistentes,No sentido crescente da quilometragem,NÃO DEFINIDO,Inexistentes,Betão de cimento,Recta,Em patamar,Sem berma ou impraticável,Em plena via,Direita
2010446001,2010:02:07 08:00:00,01/07/00,02/01/00,01/01/00,Guarda Nacional Republicana,50.0,50.0,Domingo      ,"40,17340","8,42122",0,0,1,Estrada sem separador,Seco e limpo,Coimbra,Montemor-o-Velho,Arazede,BUNHOSA,R ELIAS GARCIA CARDOSO MOLEIRO,Arruamento,0,Em bom estado,,Bom tempo,Dois sentidos,Fora da intersecção,Dentro das localidades,Em pleno dia,Sem marcas rodoviárias ou pouco visíveis,Despiste simples,NÃO DEFINIDO,Inexistentes,NÃO DEFINIDO,NÃO DEFINIDO,Inexistentes,Betuminoso,Recta,Em patamar,Sem berma ou impraticável,Em plena via,Direita
2012591474,2012:02:27 09:10:00,01/27/00,02/01/00,01/01/00,Polícia de Segurança Pública,90.0,90.0,Segunda-Feira,"41,173352","-8,623038",0,0,1,Auto-estrada,Seco e limpo,Porto,Porto,Paranhos,Porto,,A  - Auto-Estrada,A20,Em bom estado,15.0,Bom tempo,Sentido único,Fora da intersecção,Fora das localidades,Em pleno dia,Com marcas - separadoras de sentido e de vias de trânsito,Colisão com outras situações,NÃO DEFINIDO,Inexistentes,No sentido decrescente da quilometragem,Outros,Inexistentes,Betuminoso,Recta,Em patamar,Berma pavimentada,Em plena via,Direita
20161119754,2016:02:13 13:15:00,01/13/00,02/01/00,01/01/00,Guarda Nacional Republicana,120.0,120.0,Sábado       ,"38,535324","-9,029783",0,0,1,Auto-estrada,Molhado,Lisboa,Vila Franca de Xira,União das freguesias de Alverca do Ribatejo e Sobralinho,ALVERCA,,A  - Auto-Estrada,A1,Em bom estado,14,Chuva,Sentido único,Fora da intersecção,Fora das localidades,Em pleno dia,Com marcas - separadoras de sentido e de vias de trânsito,Despiste com colisão com veículo imobil. ou obstáculo,NÃO DEFINIDO,Inexistentes,No sentido crescente da quilometragem,Outros,Inexistentes,Betuminoso,Recta,Em patamar,Berma pavimentada,Em plena via,Direita
2012600203,2012:02:02 19:15:00,01/02/00,02/01/00,01/01/00,Guarda Nacional Republicana,50.0,50.0,Quinta-Feira ,,,0,0,1,Estrada sem separador,Seco e limpo,Évora,Vendas Novas,Vendas Novas,VENDAS NOVAS,R JOAQUIM JOSE DA SILVA RAIMUNDO,Arruamento,0,Em bom estado,,Bom tempo,Dois sentidos,Fora da intersecção,Dentro das localidades,"Noite, com iluminação",Sem marcas rodoviárias ou pouco visíveis,Despiste simples,NÃO DEFINIDO,Inexistentes,NÃO DEFINIDO,NÃO DEFINIDO,Inexistentes,Betuminoso,Recta,Em patamar,Berma pavimentada,Em plena via,Direita
20161117687,2016:02:04 13:10:00,01/04/00,02/01/00,01/01/00,Guarda Nacional Republicana,50.0,90.0,Quinta-Feira ,"37,073486","-8,106583",0,0,1,Estrada sem separador,Seco e limpo,Faro,Loule,Boliqueime,PATÃ,,EN - Estrada Nacional,EN125,Em bom estado,"77,6",Bom tempo,Reversível,Fora da intersecção,Fora das localidades,Em pleno dia,Sem marcas rodoviárias ou pouco visíveis,Colisão traseira com outro veículo em movimento,NÃO DEFINIDO,Correctamente sinalizados,NÃO DEFINIDO,Outros,A funcionar normalmente,Betuminoso,Recta,Com inclinação,Sem berma ou impraticável,Em plena via,Direita
2012600175,2012:02:26 10:30:00,01/26/00,02/01/00,01/01/00,Guarda Nacional Republicana,90.0,90.0,Domingo      ,"41,629593","-8,773188",0,0,1,Estrada sem separador,Seco e limpo,Viana do Castelo,Viana do Castelo,Neiva,,,EN - Estrada Nacional,EN13,Em bom estado,56.0,Bom tempo,Dois sentidos,Em entroncamento,Fora das localidades,Em pleno dia,Com marcas - separadoras de sentido de trânsito,Colisão lateral com outro veículo em movimento,NÃO DEFINIDO,Inexistentes,NÃO DEFINIDO,NÃO DEFINIDO,Inexistentes,Betuminoso,Curva,Em patamar,Berma pavimentada,Em plena via,Direita
2011526121,2011:02:02 08:50:00,01/02/00,02/01/00,01/01/00,Guarda Nacional Republicana,50.0,50.0,Quarta-Feira ,,,0,0,1,Estrada sem separador,Seco e limpo,Coimbra,Cantanhede,Febres,FEBRES,R CONSELHEIRO COSTA SOARES,Arruamento,0,Em bom estado,,Bom tempo,Dois sentidos,Fora da intersecção,Dentro das localidades,Em pleno dia,Com marcas - separadoras de sentido de trânsito,Colisão lateral com outro veículo em movimento,NÃO DEFINIDO,Inexistentes,NÃO DEFINIDO,Outros,Inexistentes,Betuminoso,Recta,Em patamar,Berma pavimentada,Em plena via,Direita
20171221913,2017:02:11 00:50:00,01/11/00,02/01/00,01/01/00,Polícia de Segurança Pública,50.0,50.0,Sábado       ,"38,783329","-9,326303",0,0,1,Outra via,Húmido,Lisboa,Sintra,Rio de Mouro,Rio de Mouro,Avenida Dom João II,Arruamento,0,Em estado regular,,Bom tempo,Dois sentidos,Fora da intersecção,Dentro das localidades,"Noite, com iluminação",Sem marcas rodoviárias ou pouco visíveis,Colisão frontal,NÃO DEFINIDO,Inexistentes,No sentido decrescente da quilometragem,Outros,Inexistentes,Betuminoso,Recta,Em patamar,Berma pavimentada,Em plena via,Direita
20171247591,2017:02:27 19:30:00,01/27/00,02/01/00,01/01/00,Guarda Nacional Republicana,50.0,50.0,Segunda-Feira,"38,674802","-8,970805",0,0,3,Estrada sem separador,Seco e limpo,Setúbal,Montijo,Sarilhos Grandes,Sarilhos Grandes,,EN - Estrada Nacional,EN11,Em estado regular,"29,5",Bom tempo,Dois sentidos,Fora da intersecção,Dentro das localidades,"Noite, com iluminação",Com marcas - separadoras de sentido de trânsito,Colisão com veiculo ou obstáculo na faixa de rodagem,NÃO DEFINIDO,Inexistentes,NÃO DEFINIDO,NÃO DEFINIDO,Inexistentes,Betuminoso,Recta,Em patamar,Sem berma ou impraticável,Em plena via,Direita
20171218280,2017:02:25 00:05:00,01/25/00,02/01/00,01/01/00,Polícia de Segurança Pública,50.0,50.0,Sábado       ,"40,164337","-8,879867",0,0,1,Estrada sem separador,Húmido,Coimbra,Figueira da Foz,Buarcos,Buarcos,Avenida Infante D. Pedro,Arruamento,0,Em estado regular,,Nevoeiro,Dois sentidos,Fora da intersecção,Dentro das localidades,"Noite, com iluminação",Com marcas - separadoras de sentido e de vias de trânsito,Colisão frontal,NÃO DEFINIDO,Inexistentes,NÃO DEFINIDO,Outros,Inexistentes,Betuminoso,Curva,Em patamar,Berma pavimentada,Em plena via,Direita
2013686665,2013:02:28 11:30:00,01/28/00,02/01/00,01/01/00,Guarda Nacional Republicana,,90.0,Quinta-Feira ,,,0,0,1,Estrada sem separador,Húmido,Évora,Evora,Sé e São Pedro,Evora,,EN - Estrada Nacional,EN254,Em bom estado,49.0,Chuva,Dois sentidos,Fora da intersecção,Fora das localidades,Em pleno dia,Com marcas - separadoras de sentido de trânsito,Despiste simples,NÃO DEFINIDO,Inexistentes,NÃO DEFINIDO,NÃO DEFINIDO,Inexistentes,Betuminoso,Recta,Em patamar,Berma não pavimentada,Na berma,Direita
2010447079,2010:02:05 12:45:00,01/05/00,02/01/00,01/01/00,Guarda Nacional Republicana,90.0,90.0,Sexta-Feira  ,,,0,1,2,Estrada sem separador,Molhado,Viseu,Tondela,Mosteiro de Fráguas,MOSTEIRO FRAGUAS,,EM - Estrada Municipal,EM627,Em bom estado,,Chuva,Dois sentidos,Fora da intersecção,Fora das localidades,Em pleno dia,Com marcas - separadoras de sentido de trânsito,Colisão lateral com outro veículo em movimento,NÃO DEFINIDO,Inexistentes,NÃO DEFINIDO,Outros,Inexistentes,Betuminoso,Curva,Em patamar,Sem berma ou impraticável,Em plena via,Direita