Id. Acidente,Datahora,Dia,Mês,Hora,Entidades Fiscalizadoras,Velocidade local,Velocidade geral,Dia da Semana,Latitude GPS,Longitude GPS,Num. Mortos a 30 dias,Num. Feridos graves a 30 dias,Num. Feridos ligeiros a 30 dias,Características Tecnicas1,Cond Aderência,Distrito,Concelho,Freguesia,Pov. Proxima,Nome arruamento,Tipos Vias,Cod Via,Estado Conservação,Km,Factores Atmosféricos,Reg Circulação1,Intersecção Vias,Localizações,Luminosidade,Marca Via,Natureza,Obras Arte,Obstáculos,Sentidos,Sinais,Sinais Luminosos,Tipo Piso,Traçado 1,Traçado 2,Traçado 3,Traçado 4,Via Trânsito
2015908057,2015:02:07 11:30:00,01/07/00,02/01/00,01/01/00,Polícia de Segurança Pública,50.0,50.0,Sábado       ,"38,704641","-8,974940",0,0,1,Estrada sem separador,Seco e limpo,Setúbal,Montijo,União das freguesias de Montijo e Afonsoeiro,Montijo,Rua José Joaquim Marques                                                                            ,Arruamento,0,Em estado regular,,Bom tempo,Sentido único,Em cruzamento,Dentro das localidades,Em pleno dia,Sem marcas rodoviárias ou pouco visíveis,Colisão lateral com outro veículo em movimento,NÃO DEFINIDO,Inexistentes,NÃO DEFINIDO,Outros,Desligada,Calçada,Recta,Em patamar,Berma pavimentada,Em plena via,Direita
2014802602,2014:02:18 10:40:00,01/18/00,02/01/00,01/01/00,Guarda Nacional Republicana,50.0,50.0,Terça-Feira  ,"38,377341","-9,132456",0,0,2,NÃO DEFINIDO,Seco e limpo,Setúbal,Almada,Costa da Caparica,Costa da Caparica,Avª D Sebastião,Arruamento,0,Em estado regular,,Bom tempo,Dois sentidos,Fora da intersecção,Dentro das localidades,Em pleno dia,Sem marcas rodoviárias ou pouco visíveis,Colisão frontal,NÃO DEFINIDO,Inexistentes,NÃO DEFINIDO,Passagem de peões,Inexistentes,Betuminoso,Recta,Em patamar,Sem berma ou impraticável,Em plena via,NÃO DEFINIDO
20161030297,2016:02:16 19:20:00,01/16/00,02/01/00,01/01/00,Polícia de Segurança Pública,50.0,50.0,Terça-Feira  ,"38,793990","-9,177755",0,0,1,Estrada sem separador,Seco e limpo,Lisboa,Odivelas,Odivelas,Odivelas,Rua Domingos Sequeira                                                                               ,Arruamento,0,Em estado regular,,Bom tempo,Dois sentidos,Em entroncamento,Dentro das localidades,"Noite, com iluminação",Sem marcas rodoviárias ou pouco visíveis,Colisão lateral com outro veículo em movimento,NÃO DEFINIDO,Inexistentes,NÃO DEFINIDO,Outros,Inexistentes,Betuminoso,Recta,Com inclinação,Sem berma ou impraticável,Em plena via,Direita
2014800983,2014:02:10 13:45:00,01/10/00,02/01/00,01/01/00,Guarda Nacional Republicana,,50.0,Segunda-Feira,"39,012624","-8,473647",0,0,1,NÃO DEFINIDO,Seco e limpo,Santarém,Salvaterra de Magos,Salvaterra de Magos,Salvaterra de Magos,Largo Augusto Rebelo da Silva,Arruamento,0,Em bom estado,,Bom tempo,Sentido único,Fora da intersecção,Dentro das localidades,Em pleno dia,Sem marcas rodoviárias ou pouco visíveis,Atropelamento com fuga,NÃO DEFINIDO,Inexistentes,NÃO DEFINIDO,NÃO DEFINIDO,Inexistentes,Betuminoso,Curva,Em patamar,NÃO DEFINIDO,Em parque de estacionamento,NÃO DEFINIDO
20181375211,2018:02:13 14:00:00,01/13/00,02/01/00,01/01/00,Guarda Nacional Republicana,50.0,50.0,Terça-Feira  ,"41,242460","-8,379265",0,0,5,Estrada sem separador,Molhado,Porto,Paredes,Vilela,Porto,,EM - Estrada Municipal,0,Em bom estado,,Chuva,Dois sentidos,Fora da intersecção,Dentro das localidades,Em pleno dia,Com marcas - separadoras de sentido de trânsito,Despiste simples,NÃO DEFINIDO,Inexistentes,NÃO DEFINIDO,NÃO DEFINIDO,Inexistentes,Betuminoso,Recta,Com inclinação,Berma não pavimentada,Em plena via,Direita
2010446416,2010:02:06 12:00:00,01/06/00,02/01/00,01/01/00,Guarda Nacional Republicana,50.0,50.0,Sábado       ,,,0,0,1,Estrada sem separador,Seco e limpo,Faro,Loule,Quarteira,QUARTEIRA,EST ALMANCIL,Arruamento,0,Em bom estado,,Bom tempo,Dois sentidos,Em cruzamento,Dentro das localidades,Em pleno dia,Sem marcas rodoviárias ou pouco visíveis,Colisão com veiculo ou obstáculo na faixa de rodagem,NÃO DEFINIDO,Inexistentes,NÃO DEFINIDO,Outros,A funcionar normalmente,Betuminoso,Recta,Em patamar,Sem berma ou impraticável,Em plena via,Direita
2015945629,2015:02:04 14:30:00,01/04/00,02/01/00,01/01/00,Guarda Nacional Republicana,50.0,50.0,Quarta-Feira ,"41,233323","-8,191069",0,0,1,Estrada sem separador,Seco e limpo,Braga,Vizela,União das freguesias de Caldas de Vizela (São Miguel e São João),,Rua de Fermil,Arruamento,0,Em bom estado,,Bom tempo,Dois sentidos,Fora da intersecção,Dentro das localidades,Em pleno dia,Com marcas - separadoras de sentido de trânsito,Atropelamento de peões,NÃO DEFINIDO,Inexistentes,NÃO DEFINIDO,Outros,Inexistentes,Betuminoso,Recta,Com inclinação,Sem berma ou impraticável,Em plena via,Direita
2012602766,2012:02:13 17:30:00,01/13/00,02/01/00,01/01/00,Guarda Nacional Republicana,70.0,90.0,Segunda-Feira,"39,452775","-8,304436",0,0,2,Estrada sem separador,Seco e limpo,Santarém,Constancia,Santa Margarida da Coutada,SANTA MARGARIDA,,EN - Estrada Nacional,EN118,Em bom estado,121.725,Bom tempo,Dois sentidos,Em entroncamento,Fora das localidades,Em pleno dia,Com marcas - separadoras de sentido e de vias de trânsito,Colisão lateral com outro veículo em movimento,NÃO DEFINIDO,Inexistentes,NÃO DEFINIDO,Stop,Inexistentes,Betuminoso,Recta,Em patamar,Berma pavimentada,Em plena via,Direita
2013667302,2013:02:14 18:00:00,01/14/00,02/01/00,01/01/00,Polícia de Segurança Pública,50.0,50.0,Quinta-Feira ,"0,00","0,00",0,0,1,Estrada sem separador,Seco e limpo,Aveiro,Espinho,Paramos,,Rua Deganha                                                                                         ,Arruamento,0,Em bom estado,,Bom tempo,Dois sentidos,Em cruzamento,Dentro das localidades,Aurora ou crepúsculo,Sem marcas rodoviárias ou pouco visíveis,Colisão com outras situações,NÃO DEFINIDO,Inexistentes,NÃO DEFINIDO,Stop,Inexistentes,Betuminoso,Recta,Em patamar,Sem berma ou impraticável,Em plena via,Direita
20171243743,2017:02:07 11:50:00,01/07/00,02/01/00,01/01/00,Guarda Nacional Republicana,50.0,50.0,Terça-Feira  ,"38,721923","-9,417278",0,0,1,Estrada sem separador,Molhado,Lisboa,Cascais,Alcabideche,Alcabideche,Avenida de Sintra - Alcabideche,Arruamento,0,Em bom estado,,Bom tempo,Sentido único,Fora da intersecção,Dentro das localidades,Em pleno dia,Com marcas - separadoras de sentido de trânsito,Despiste simples,NÃO DEFINIDO,Inexistentes,NÃO DEFINIDO,NÃO DEFINIDO,Inexistentes,Betuminoso,Curva,Com inclinação,Sem berma ou impraticável,Em plena via,Direita
2011511946,2011:02:18 16:35:00,01/18/00,02/01/00,01/01/00,Polícia de Segurança Pública,50.0,50.0,Sexta-Feira  ,"0,00","0,00",0,0,2,Estrada sem separador,Húmido,Porto,Porto,Massarelos,Porto,Viaduto do Cais das Pedras,Arruamento,0,Em estado regular,,Chuva,Dois sentidos,NÃO DEFINIDO,Dentro das localidades,Em pleno dia,Com marcas - separadoras de sentido e de vias de trânsito,Colisão frontal,NÃO DEFINIDO,Inexistentes,NÃO DEFINIDO,NÃO DEFINIDO,Inexistentes,Betuminoso,Recta,Em patamar,Sem berma ou impraticável,Em plena via,Direita
2011523608,2011:02:08 15:00:00,01/08/00,02/01/00,01/01/00,Guarda Nacional Republicana,50.0,50.0,Terça-Feira  ,,,0,0,1,Estrada sem separador,Húmido,Braga,Vila Nova de Famalicao,Nine,NINE,R GIRASSOL - NINE,Arruamento,0,Em bom estado,,Chuva,Dois sentidos,Em entroncamento,Dentro das localidades,Em pleno dia,Sem marcas rodoviárias ou pouco visíveis,Colisão frontal,NÃO DEFINIDO,Inexistentes,NÃO DEFINIDO,Outros,Inexistentes,Betuminoso,Curva,Com inclinação,Sem berma ou impraticável,Em plena via,Direita
2013664769,2013:02:11 11:00:00,01/11/00,02/01/00,01/01/00,Polícia de Segurança Pública,50.0,50.0,Segunda-Feira,"0,00","0,00",0,0,1,Outra via,Seco e limpo,Lisboa,Cascais,Cascais,Cascais,,EN - Estrada Nacional,EN6,Em bom estado,,Bom tempo,Dois sentidos,Fora da intersecção,Dentro das localidades,Em pleno dia,Com marcas - separadoras de sentido e de vias de trânsito,Despiste com colisão com veículo imobil. ou obstáculo,NÃO DEFINIDO,Inexistentes,NÃO DEFINIDO,Outros,Inexistentes,Betuminoso,Curva,Em patamar,Berma pavimentada,Em plena via,Direita
20161121938,2016:02:24 13:45:00,01/24/00,02/01/00,01/01/00,Guarda Nacional Republicana,50.0,50.0,Quarta-Feira ,"38,387511","-8,127947",0,1,0,Estrada sem separador,Húmido,Évora,Montemor-o-Novo,"União das freguesias de Nossa Senhora da Vila, Nossa Senhora do Bispo e Silveiras",MONTEMOR-O-NOVO,RUA DR. JOÃO LUÍS RICARDO,Arruamento,0,Em bom estado,,Chuva,Dois sentidos,Em cruzamento,Dentro das localidades,Em pleno dia,Sem marcas rodoviárias ou pouco visíveis,Despiste simples,NÃO DEFINIDO,Inexistentes,NÃO DEFINIDO,NÃO DEFINIDO,Inexistentes,Calçada,Recta,Em patamar,Berma pavimentada,Em plena via,Direita
20171203173,2017:02:16 12:15:00,01/16/00,02/01/00,01/01/00,Polícia de Segurança Pública,50.0,50.0,Quinta-Feira ,"41,214386","-8,613951",0,0,1,Estrada sem separador,Seco e limpo,Porto,Matosinhos,"União das freguesias de Custóias, Leça do Balio e Guifões",Leça do Balio,Rua Santana ,Arruamento,0,Em bom estado,,Bom tempo,Dois sentidos,Fora da intersecção,Dentro das localidades,Em pleno dia,Com marcas - separadoras de sentido de trânsito,Colisão com outras situações,NÃO DEFINIDO,Inexistentes,NÃO DEFINIDO,Outros,Inexistentes,Betuminoso,Recta,Em patamar,Berma pavimentada,Em plena via,Direita
2014801886,2014:02:10 21:10:00,01/10/00,02/01/00,01/01/00,Guarda Nacional Republicana,50.0,90.0,Segunda-Feira,"40,418706","-7,522308",0,0,2,Estrada sem separador,Húmido,Viseu,Viseu,Mundão,Mundão,,EN - Estrada Nacional,EN229,Em bom estado,71.7,Chuva,Sentido único,Em rotunda,Dentro das localidades,"Noite, com iluminação",Com marcas - separadoras de sentido e de vias de trânsito,Despiste simples,NÃO DEFINIDO,Inexistentes,NÃO DEFINIDO,Cedência de passagem,Inexistentes,Betuminoso,Curva,Com inclinação,Sem berma ou impraticável,Em plena via,Direita
20161120139,2016:02:15 09:10:00,01/15/00,02/01/00,01/01/00,Guarda Nacional Republicana,120.0,120.0,Segunda-Feira,"38,434487","-9,107753",0,0,2,Auto-estrada,Molhado,Lisboa,Lisboa,Ajuda,AJUDA,,A  - Auto-Estrada,A5,Em bom estado,"0,25",Chuva,Sentido único,Fora da intersecção,Fora das localidades,Em pleno dia,Com marcas - separadoras de sentido e de vias de trânsito,Colisão traseira com outro veículo em movimento,NÃO DEFINIDO,Inexistentes,No sentido crescente da quilometragem,Outros,Inexistentes,Betuminoso,Recta,Com inclinação,Berma pavimentada,Em plena via,Esquerda
20161026723,2016:02:02 21:30:00,01/02/00,02/01/00,01/01/00,Polícia de Segurança Pública,50.0,50.0,Terça-Feira  ,"38,626677","-9,100464",0,0,1,Estrada sem separador,Seco e limpo,Setúbal,Seixal,"União das freguesias do Seixal, Arrentela e Aldeia de Paio Pires",Arrentela,Rua João Gil                                                                                        ,Arruamento,0,Em estado regular,,Bom tempo,Dois sentidos,Em entroncamento,Dentro das localidades,"Noite, com iluminação",Com marcas - separadoras de sentido e de vias de trânsito,Atropelamento de peões,NÃO DEFINIDO,Inexistentes,NÃO DEFINIDO,Outros,Inexistentes,Betuminoso,Curva,Com inclinação,Berma pavimentada,Em plena via,Direita
2011509286,2011:02:01 23:55:00,01/01/00,02/01/00,01/01/00,Polícia de Segurança Pública,50.0,50.0,Terça-Feira  ,"0,00","0,00",0,0,1,Outra via,Seco e limpo,Porto,Porto,Lordelo do Ouro,Porto,Avenida Boavista                                                                                    ,Arruamento,0,Em bom estado,,Bom tempo,Sentido único,Em cruzamento,Dentro das localidades,"Noite, com iluminação",Com marcas - separadoras de sentido e de vias de trânsito,Colisão lateral com outro veículo em movimento,NÃO DEFINIDO,Inexistentes,NÃO DEFINIDO,Outros,A funcionar normalmente,Betuminoso,Recta,Com inclinação,Berma pavimentada,Em plena via,Direita
2012602550,2012:02:22 21:00:00,01/22/00,02/01/00,01/01/00,Guarda Nacional Republicana,50.0,50.0,Quarta-Feira ,,,0,0,1,Estrada sem separador,Seco e limpo,Setúbal,Setubal,São Simão,,R DE SAO SIMAO,Arruamento,0,Em bom estado,,Bom tempo,Dois sentidos,Em entroncamento,Dentro das localidades,"Noite, com iluminação",Sem marcas rodoviárias ou pouco visíveis,Colisão lateral com outro veículo em movimento,NÃO DEFINIDO,Inexistentes,NÃO DEFINIDO,Outros,Inexistentes,Betuminoso,Recta,Em patamar,Sem berma ou impraticável,Em plena via,Direita
2011526632,2011:02:20 14:45:00,01/20/00,02/01/00,01/01/00,Guarda Nacional Republicana,80.0,90.0,Domingo      ,"41,280106","-7,865827",0,0,2,Estrada sem separador,Molhado,Vila Real,Vila Real,Campeã,BOAVISTA,,IP- Itinerário Principal,IP4,Em bom estado,82.6,Chuva,Dois sentidos,Fora da intersecção,Fora das localidades,Em pleno dia,Com marcas - separadoras de sentido e de vias de trânsito,Despiste simples,NÃO DEFINIDO,Inexistentes,NÃO DEFINIDO,Outros,Inexistentes,Betuminoso,Curva,Com inclinação,Berma pavimentada,Na berma,Direita
20171194149,2017:02:03 07:20:00,01/03/00,02/01/00,01/01/00,Polícia de Segurança Pública,50.0,50.0,Sexta-Feira  ,"41,556278","-8,397536",0,0,2,Outra via,Com água acumulada na faixa de rodagem,Braga,Braga,Braga (São Vítor),Braga,Avenida João Paulo II                                                                               ,Arruamento,0,Em bom estado,,Chuva,Dois sentidos,Fora da intersecção,Dentro das localidades,Em pleno dia,Com marcas - separadoras de sentido e de vias de trânsito,Despiste com dispositivo de retenção,Viaduto/Ponte,Não sinalizados,No sentido crescente da quilometragem,NÃO DEFINIDO,Inexistentes,Betuminoso,Recta,Com inclinação,Berma pavimentada,Em plena via,Direita
2014800926,2014:02:28 18:05:00,01/28/00,02/01/00,01/01/00,Guarda Nacional Republicana,50.0,50.0,Sexta-Feira  ,"41,125396","-8,172027",0,0,1,Estrada sem separador,Seco e limpo,Porto,Penafiel,Penafiel,,,EN - Estrada Nacional,EN106,Em estado regular,26.45,Bom tempo,Dois sentidos,Em cruzamento,Dentro das localidades,"Noite, com iluminação",Com marcas - separadoras de sentido de trânsito,Colisão lateral com outro veículo em movimento,NÃO DEFINIDO,Inexistentes,NÃO DEFINIDO,Cedência de passagem,Desligada,Betuminoso,Recta,Com inclinação,Sem berma ou impraticável,Em plena via,Direita
20171203425,2017:02:09 20:15:00,01/09/00,02/01/00,01/01/00,Polícia de Segurança Pública,50.0,50.0,Quinta-Feira ,"38,724123","-9,168191",0,0,1,Estrada sem separador,Seco e limpo,Lisboa,Lisboa,Campolide,,Calçada Quintinha                                                                                   ,Arruamento,0,Em estado regular,,Bom tempo,Dois sentidos,Em entroncamento,Dentro das localidades,"Noite, com iluminação",Sem marcas rodoviárias ou pouco visíveis,Despiste sem dispositivo de retenção,NÃO DEFINIDO,Inexistentes,NÃO DEFINIDO,Outros,Inexistentes,Betuminoso,Recta,Com inclinação,Sem berma ou impraticável,Em plena via,Direita
2011522268,2011:02:08 14:50:00,01/08/00,02/01/00,01/01/00,Guarda Nacional Republicana,90.0,90.0,Terça-Feira  ,,,1,0,0,Outra via,Seco e limpo,Faro,Faro,Faro (São Pedro),FARO - VIADUTO MAR E GUERRA,,EN - Estrada Nacional,EN125-10,Em bom estado,,Bom tempo,Dois sentidos,Fora da intersecção,Fora das localidades,Em pleno dia,Com marcas - separadoras de sentido e de vias de trânsito,Despiste simples,NÃO DEFINIDO,Inexistentes,NÃO DEFINIDO,NÃO DEFINIDO,Inexistentes,Betuminoso,Recta,Em patamar,Berma pavimentada,Em plena via,Esquerda
20171244303,2017:02:10 12:20:00,01/10/00,02/01/00,01/01/00,Guarda Nacional Republicana,90.0,90.0,Sexta-Feira  ,"41,548698","-8,839750",0,0,2,Estrada sem separador,Seco e limpo,Aveiro,Santa Maria da Feira,Escapães,Fão,,EN - Estrada Nacional,EN1,Em bom estado,"276,851",Bom tempo,Dois sentidos,Em entroncamento,Fora das localidades,Em pleno dia,Com marcas - separadoras de sentido de trânsito,Colisão com outras situações,NÃO DEFINIDO,Inexistentes,NÃO DEFINIDO,NÃO DEFINIDO,Inexistentes,Betuminoso,Recta,Em patamar,Berma não pavimentada,Em via ou pista reservada,Direita
20181373323,2018:02:04 02:25:00,01/04/00,02/01/00,01/01/00,Guarda Nacional Republicana,50.0,50.0,Domingo      ,"41,516688","-8,449179",0,0,2,Estrada sem separador,Húmido,Braga,Braga,"União das freguesias de Celeirós, Aveleda e Vimieiro",Celeirós,,EN - Estrada Nacional,EN14,Em estado regular,"42,75",Bom tempo,Sentido único,Em rotunda,Dentro das localidades,"Noite, com iluminação",Com marcas - separadoras de sentido e de vias de trânsito,Colisão com outras situações,NÃO DEFINIDO,Inexistentes,NÃO DEFINIDO,Outros,Inexistentes,Betuminoso,Curva,Em patamar,Berma pavimentada,Em plena via,Direita
2013685279,2013:02:22 20:40:00,01/22/00,02/01/00,01/01/00,Guarda Nacional Republicana,50.0,90.0,Sexta-Feira  ,,,0,0,2,Estrada sem separador,Molhado,Lisboa,Torres Vedras,Ventosa,,Avª Padre Antunes,Arruamento,0,Em estado regular,,Chuva,Dois sentidos,Fora da intersecção,Dentro das localidades,"Noite, sem iluminação",Sem marcas rodoviárias ou pouco visíveis,Colisão frontal,NÃO DEFINIDO,Inexistentes,NÃO DEFINIDO,NÃO DEFINIDO,A funcionar normalmente,Betuminoso,Curva,Com inclinação,Berma pavimentada,Em plena via,Direita
2011511744,2011:02:16 09:20:00,01/16/00,02/01/00,01/01/00,Polícia de Segurança Pública,120.0,120.0,Quarta-Feira ,"38,690237","-9,177257",0,0,1,Auto-estrada,Seco e limpo,Lisboa,Lisboa,Alcântara,,,A  - Auto-Estrada,A2,Em bom estado,3.6,Chuva,Sentido único,Fora da intersecção,Fora das localidades,Em pleno dia,Com marcas - separadoras de sentido e de vias de trânsito,Despiste com dispositivo de retenção,NÃO DEFINIDO,Inexistentes,NÃO DEFINIDO,Outros,Inexistentes,Betuminoso,Recta,Em patamar,Sem berma ou impraticável,Em plena via,Direita
2012588686,2012:02:11 18:50:00,01/11/00,02/01/00,01/01/00,Polícia de Segurança Pública,50.0,50.0,Sábado       ,"0,00","0,00",0,0,1,Estrada sem separador,Húmido,Lisboa,Amadora,Brandoa,,Traseiras Do Dolce Vita Tejo,Arruamento,0,Em estado regular,,Bom tempo,Sentido único,Fora da intersecção,Dentro das localidades,"Noite, com iluminação",Sem marcas rodoviárias ou pouco visíveis,Atropelamento de peões,NÃO DEFINIDO,Inexistentes,NÃO DEFINIDO,Outros,Inexistentes,Betuminoso,Recta,Em patamar,Sem berma ou impraticável,Em plena via,Direita
2012587719,2012:02:06 17:15:00,01/06/00,02/01/00,01/01/00,Polícia de Segurança Pública,50.0,50.0,Segunda-Feira,"0,00","0,00",0,0,1,Estrada sem separador,Seco e limpo,Lisboa,Cascais,Carcavelos,Carcavelos,Rua Parque                                                                                          ,Arruamento,0,Em bom estado,,Bom tempo,Dois sentidos,Fora da intersecção,Dentro das localidades,Em pleno dia,Com marcas - separadoras de sentido de trânsito,Atropelamento de peões,NÃO DEFINIDO,Inexistentes,NÃO DEFINIDO,Passagem de peões,Inexistentes,Betuminoso,Recta,Em patamar,Sem berma ou impraticável,Em plena via,Direita
20171202549,2017:02:08 20:30:00,01/08/00,02/01/00,01/01/00,Polícia de Segurança Pública,50.0,50.0,Quarta-Feira ,"38,790913","-9,176854",0,0,1,Estrada sem separador,Seco e limpo,Lisboa,Odivelas,Odivelas,Odivelas,Rua Guilherme Gomes Fernandes                                                                       ,Arruamento,0,Em estado regular,,Bom tempo,Sentido único,Em rotunda,Dentro das localidades,"Noite, com iluminação",Com marcas - separadoras de sentido de trânsito,Colisão lateral com outro veículo em movimento,NÃO DEFINIDO,Inexistentes,NÃO DEFINIDO,Cedência de passagem,Inexistentes,Betuminoso,Curva,Em patamar,Berma pavimentada,Em plena via,Esquerda
2010445960,2010:02:13 20:10:00,01/13/00,02/01/00,01/01/00,Guarda Nacional Republicana,90.0,90.0,Sábado       ,,,0,0,1,Estrada sem separador,Seco e limpo,Setúbal,Alcacer do Sal,Alcácer do Sal (Santa Maria do Cast,ALCACER SAL,,EN - Estrada Nacional,EN5,Em estado regular,45.5,Bom tempo,Dois sentidos,Fora da intersecção,Fora das localidades,"Noite, sem iluminação",Com marcas - separadoras de sentido e de vias de trânsito,Colisão com outras situações,NÃO DEFINIDO,Inexistentes,NÃO DEFINIDO,Outros,Inexistentes,Betuminoso,Curva,Com inclinação,Berma pavimentada,Em plena via,Direita
2013668794,2013:02:28 17:40:00,01/28/00,02/01/00,01/01/00,Polícia de Segurança Pública,50.0,50.0,Quinta-Feira ,"0,00","0,00",0,0,1,Outra via,Seco e limpo,Lisboa,Lisboa,Nossa Senhora de Fátima,,Avenida 5 de Outubro                                                                                ,Arruamento,0,Em bom estado,,Bom tempo,Dois sentidos,Fora da intersecção,Dentro das localidades,Em pleno dia,Com marcas - separadoras de sentido e de vias de trânsito,Colisão lateral com outro veículo em movimento,NÃO DEFINIDO,Inexistentes,No sentido decrescente da quilometragem,Outros,Inexistentes,Betuminoso,Recta,Em patamar,Sem berma ou impraticável,Em plena via,Direita
2012602831,2012:02:25 03:55:00,01/25/00,02/01/00,01/01/00,Guarda Nacional Republicana,90.0,90.0,Sábado       ,"40,830518","-7,940695",0,0,1,Estrada sem separador,Seco e limpo,Viseu,Castro Daire,Mões,ANCAS,,EN - Estrada Nacional,EN2,Em bom estado,147.05,Bom tempo,Dois sentidos,Fora da intersecção,Fora das localidades,"Noite, sem iluminação",Com marcas - separadoras de sentido de trânsito,Despiste com dispositivo de retenção,NÃO DEFINIDO,Inexistentes,NÃO DEFINIDO,Proibição de ultrapassagem,Inexistentes,Betuminoso,Recta,Em patamar,Sem berma ou impraticável,Em plena via,Direita
2014802624,2014:02:18 08:15:00,01/18/00,02/01/00,01/01/00,Guarda Nacional Republicana,90.0,90.0,Terça-Feira  ,"38,314876","-8,566168",0,0,1,Estrada sem separador,Seco e limpo,Setúbal,Setubal,União das freguesias de Azeitão (São Lourenço e São Simão),Aldeia Grande,,EN - Estrada Nacional,EN10,Em bom estado,33.7,Bom tempo,Dois sentidos,Fora da intersecção,Fora das localidades,Em pleno dia,Com marcas - separadoras de sentido de trânsito,Despiste simples,NÃO DEFINIDO,Inexistentes,NÃO DEFINIDO,NÃO DEFINIDO,Inexistentes,Betuminoso,Recta,Em patamar,Berma pavimentada,Em plena via,Direita
2015903301,2015:02:10 08:35:00,01/10/00,02/01/00,01/01/00,Polícia de Segurança Pública,50.0,50.0,Terça-Feira  ,"38,753213","-9,264264",0,0,1,Outra via,Seco e limpo,Lisboa,Sintra,União das freguesias de Queluz e Belas,Queluz,Rotunda Escola Prática,Arruamento,0,Em estado regular,,Bom tempo,Sentido único,Em rotunda,Dentro das localidades,Em pleno dia,Sem marcas rodoviárias ou pouco visíveis,Colisão com outras situações,NÃO DEFINIDO,Inexistentes,No sentido crescente da quilometragem,Outros,Inexistentes,Betuminoso,Curva,Com inclinação,Berma pavimentada,Em plena via,Esquerda
2014801140,2014:02:21 17:30:00,01/21/00,02/01/00,01/01/00,Guarda Nacional Republicana,50.0,50.0,Sexta-Feira  ,"37,565670","-7,363708",0,0,1,Estrada sem separador,Seco e limpo,Beja,Serpa,União das freguesias de Serpa (Salvador e Santa Maria),Serpa (parque estacionamento Lidl),,Outra Via,0,Em bom estado,,Bom tempo,Dois sentidos,Fora da intersecção,Dentro das localidades,Em pleno dia,Sem marcas rodoviárias ou pouco visíveis,Atropelamento de peões,NÃO DEFINIDO,Inexistentes,NÃO DEFINIDO,NÃO DEFINIDO,Inexistentes,Calçada,Recta,Em patamar,Berma pavimentada,Em parque de estacionamento,Direita
2015904044,2015:02:26 12:15:00,01/26/00,02/01/00,01/01/00,Polícia de Segurança Pública,50.0,50.0,Quinta-Feira ,"40,628059","-8,647837",0,0,1,Estrada sem separador,Seco e limpo,Aveiro,Aveiro,União das freguesias de Glória e Vera Cruz,,Rua Doutor Mário Sacramento                                                                         ,Arruamento,0,Em bom estado,,Bom tempo,Dois sentidos,NÃO DEFINIDO,Dentro das localidades,Em pleno dia,Com marcas - separadoras de sentido e de vias de trânsito,Colisão traseira com outro veículo em movimento,NÃO DEFINIDO,Inexistentes,NÃO DEFINIDO,Passagem de peões,Inexistentes,Betuminoso,Recta,Em patamar,Berma pavimentada,Em plena via,Direita
2010447052,2010:02:01 18:50:00,01/01/00,02/01/00,01/01/00,Guarda Nacional Republicana,50.0,50.0,Segunda-Feira,,,0,0,1,Estrada sem separador,Seco e limpo,Coimbra,Cantanhede,Murtede,MURTEDE,R FREIXO,Arruamento,0,Em bom estado,,Bom tempo,Dois sentidos,Em entroncamento,Dentro das localidades,"Noite, com iluminação",Sem marcas rodoviárias ou pouco visíveis,Colisão lateral com outro veículo em movimento,NÃO DEFINIDO,Inexistentes,NÃO DEFINIDO,Stop,Inexistentes,Betuminoso,Recta,Em patamar,Berma pavimentada,Em plena via,Direita
2010453452,2010:02:17 08:00:00,01/17/00,02/01/00,01/01/00,Guarda Nacional Republicana,50.0,50.0,Quarta-Feira ,,,0,0,1,Estrada sem separador,Seco e limpo,Porto,Felgueiras,Lagares,LAGARES,LUGAR PINHEIRO,Arruamento,0,Em estado regular,,Bom tempo,Dois sentidos,Fora da intersecção,Dentro das localidades,Aurora ou crepúsculo,Sem marcas rodoviárias ou pouco visíveis,Atropelamento com fuga,NÃO DEFINIDO,Inexistentes,NÃO DEFINIDO,Outros,Inexistentes,Betuminoso,Curva,Com inclinação,Berma não pavimentada,Na berma,Esquerda
2012590369,2012:02:21 22:30:00,01/21/00,02/01/00,01/01/00,Polícia de Segurança Pública,50.0,50.0,Terça-Feira  ,"0,00","0,00",0,0,1,Estrada sem separador,Seco e limpo,Porto,Matosinhos,São Mamede de Infesta,,Rua Henrique Bravo                                                                                  ,Arruamento,0,Em bom estado,,Bom tempo,Dois sentidos,NÃO DEFINIDO,Dentro das localidades,"Noite, com iluminação",Sem marcas rodoviárias ou pouco visíveis,Colisão lateral com outro veículo em movimento,NÃO DEFINIDO,Inexistentes,NÃO DEFINIDO,Stop,Intermitente,Betuminoso,Recta,Em patamar,Berma pavimentada,Em plena via,Central
2011513351,2011:02:25 14:35:00,01/25/00,02/01/00,01/01/00,Polícia de Segurança Pública,90.0,90.0,Sexta-Feira  ,"41,171202","-8,600225",0,0,1,Auto-estrada,Húmido,Porto,Porto,Paranhos,Porto,,A  - Auto-Estrada,A20,Em estado regular,13.0,Bom tempo,Sentido único,Fora da intersecção,Fora das localidades,Em pleno dia,Com marcas - separadoras de sentido e de vias de trânsito,Colisão lateral com outro veículo em movimento,NÃO DEFINIDO,Inexistentes,No sentido decrescente da quilometragem,Outros,Inexistentes,Betuminoso,Curva,Com inclinação,Berma pavimentada,Em plena via,Direita
2011526155,2011:02:28 08:15:00,01/28/00,02/01/00,01/01/00,Guarda Nacional Republicana,100.0,100.0,Segunda-Feira,"40,303254","-8,410276",0,0,3,Outra via,Seco e limpo,Coimbra,Coimbra,Souselas,SOUSELAS,,IP- Itinerário Principal,IP3,Em bom estado,48.04,Bom tempo,Sentido único,Fora da intersecção,Fora das localidades,Em pleno dia,Com marcas - separadoras de sentido de trânsito,Colisão choque em cadeia,NÃO DEFINIDO,Inexistentes,No sentido decrescente da quilometragem,Outros,Inexistentes,Betuminoso,Recta,Em patamar,Berma pavimentada,Em plena via,Direita