Id. Acidente,Datahora,Dia,Mês,Hora,Entidades Fiscalizadoras,Velocidade local,Velocidade geral,Dia da Semana,Latitude GPS,Longitude GPS,Num. Mortos a 30 dias,Num. Feridos graves a 30 dias,Num. Feridos ligeiros a 30 dias,Características Tecnicas1,Cond Aderência,Distrito,Concelho,Freguesia,Pov. Proxima,Nome arruamento,Tipos Vias,Cod Via,Estado Conservação,Km,Factores Atmosféricos,Reg Circulação1,Intersecção Vias,Localizações,Luminosidade,Marca Via,Natureza,Obras Arte,Obstáculos,Sentidos,Sinais,Sinais Luminosos,Tipo Piso,Traçado 1,Traçado 2,Traçado 3,Traçado 4,Via Trânsito
20161028884,2016:02:19 18:45:00,01/19/00,02/01/00,01/01/00,Polícia de Segurança Pública,50.0,50.0,Sexta-Feira  ,"38,731247","-9,135470",0,0,1,Estrada sem separador,Seco e limpo,Lisboa,Lisboa,Arroios,Lisboa,Rua Pascoal de Melo                                                                                 ,Arruamento,0,Em bom estado,,Bom tempo,Dois sentidos,Em cruzamento,Dentro das localidades,Em pleno dia,Sem marcas rodoviárias ou pouco visíveis,Colisão lateral com outro veículo em movimento,NÃO DEFINIDO,Inexistentes,NÃO DEFINIDO,Passagem de peões,Inexistentes,Betuminoso,Recta,Em patamar,Sem berma ou impraticável,Em plena via,Esquerda
2014800465,2014:02:09 13:05:00,01/09/00,02/01/00,01/01/00,Guarda Nacional Republicana,120.0,120.0,Domingo      ,"39,124446","-9,112933",0,0,1,Auto-estrada,Molhado,Lisboa,Torres Vedras,União das freguesias de Campelos e Outeiro da Cabeça,,,A  - Auto-Estrada,A8,Em estado regular,55.75,Chuva,Sentido único,Fora da intersecção,Fora das localidades,Em pleno dia,Com marcas - separadoras de sentido e de vias de trânsito,Despiste simples,NÃO DEFINIDO,Inexistentes,No sentido crescente da quilometragem,NÃO DEFINIDO,Inexistentes,Betuminoso,Curva,Com inclinação,Berma pavimentada,Em plena via,Direita
20181373264,2018:02:03 18:50:00,01/03/00,02/01/00,01/01/00,Guarda Nacional Republicana,90.0,90.0,Sábado       ,"38,895918","-8,039801",0,0,1,Estrada sem separador,Seco e limpo,Évora,Mora,Pavia,Pavia,,EN - Estrada Nacional,EN251,Em bom estado,"78,1",Bom tempo,Dois sentidos,Fora da intersecção,Fora das localidades,"Noite, sem iluminação",Com marcas - separadoras de sentido de trânsito,Despiste simples,NÃO DEFINIDO,Inexistentes,NÃO DEFINIDO,NÃO DEFINIDO,Inexistentes,Betuminoso,Curva,Em patamar,Berma não pavimentada,Na berma,Direita
2013685707,2013:02:22 20:45:00,01/22/00,02/01/00,01/01/00,Guarda Nacional Republicana,50.0,50.0,Sexta-Feira  ,,,0,0,1,Estrada sem separador,Molhado,Porto,Vila Nova de Gaia,Canelas,Canelas,Rua das Searas,Arruamento,0,Em bom estado,,Chuva,Dois sentidos,Fora da intersecção,Dentro das localidades,"Noite, com iluminação",Com marcas - separadoras de sentido de trânsito,Despiste com colisão com veículo imobil. ou obstáculo,NÃO DEFINIDO,Inexistentes,NÃO DEFINIDO,NÃO DEFINIDO,Inexistentes,Betuminoso,Recta,Em patamar,Sem berma ou impraticável,Em plena via,Direita
20171242507,2017:02:01 12:30:00,01/01/00,02/01/00,01/01/00,Guarda Nacional Republicana,90.0,90.0,Quarta-Feira ,"40,410440","-7,055162",0,1,1,Estrada sem separador,Seco e limpo,Guarda,Sabugal,Rapoula do Côa,Sabugal,,EN - Estrada Nacional,EN324,Em bom estado,"127,942",Bom tempo,Dois sentidos,Fora da intersecção,Fora das localidades,Em pleno dia,Com marcas - separadoras de sentido de trânsito,Colisão frontal,NÃO DEFINIDO,Inexistentes,NÃO DEFINIDO,NÃO DEFINIDO,Inexistentes,Betuminoso,Curva,Em patamar,Berma não pavimentada,Em plena via,Direita
20171246327,2017:02:20 11:00:00,01/20/00,02/01/00,01/01/00,Guarda Nacional Republicana,120.0,120.0,Segunda-Feira,"38,928133","-9,217076",0,0,1,Auto-estrada,Seco e limpo,Lisboa,Mafra,União das freguesias de Venda do Pinheiro e Santo Estêvão das Galés,Venda do Pinheiro,,A  - Auto-Estrada,A8,Em estado regular,"18,52",Bom tempo,Sentido único,Fora da intersecção,Fora das localidades,Em pleno dia,Com marcas - separadoras de sentido e de vias de trânsito,Colisão traseira com outro veículo em movimento,NÃO DEFINIDO,Inexistentes,No sentido crescente da quilometragem,Outros,Inexistentes,Betuminoso,Recta,Em patamar,Berma pavimentada,Em plena via,Direita
20191703394,2019:02:15 14:50:00,01/15/00,02/01/00,01/01/00,Guarda Nacional Republicana,60.0,90.0,Sexta-Feira  ,"39,930870","-8,628559",0,0,2,Estrada sem separador,Seco e limpo,Leiria,Pombal,Pombal,Pombal,,IC - Itinerário Complementar,IC2,Em estado regular,151,Bom tempo,Dois sentidos,Em cruzamento,Fora das localidades,Em pleno dia,Com marcas - separadoras de sentido de trânsito,Colisão frontal,NÃO DEFINIDO,Inexistentes,NÃO DEFINIDO,NÃO DEFINIDO,Inexistentes,Betuminoso,Recta,Em patamar,Berma pavimentada,Em plena via,Direita
20181375153,2018:02:12 09:21:00,01/12/00,02/01/00,01/01/00,Guarda Nacional Republicana,50.0,50.0,Segunda-Feira,"40,612464","-6,830737",0,0,1,Outra via,Seco e limpo,Guarda,Almeida,Vilar Formoso,Vilar Formoso,,VAR - Variante,0,Em estado regular,,Bom tempo,Sentido único,Em ramo de ligação - entrada,Dentro das localidades,Em pleno dia,Sem marcas rodoviárias ou pouco visíveis,Despiste com capotamento,NÃO DEFINIDO,Inexistentes,No sentido crescente da quilometragem,Outros,Inexistentes,Betuminoso,Curva,Com inclinação,Berma pavimentada,Na berma,Direita
20191707264,2019:02:04 08:00:00,01/04/00,02/01/00,01/01/00,Guarda Nacional Republicana,50.0,50.0,Segunda-Feira,"40,535800","-8,564986",0,0,1,Outra via,Seco e limpo,Aveiro,Oliveira do Bairro,Oliveira do Bairro,OLIVEIRA DO BAIRRO,Rua do Foral 8,Arruamento,0,Em estado regular,,Bom tempo,Dois sentidos,Fora da intersecção,Dentro das localidades,Em pleno dia,Sem marcas rodoviárias ou pouco visíveis,Despiste com colisão com veículo imobil. ou obstáculo,NÃO DEFINIDO,Inexistentes,No sentido decrescente da quilometragem,NÃO DEFINIDO,Inexistentes,Betuminoso,Curva,Em patamar,Berma pavimentada,No passeio,Direita
2013666435,2013:02:13 10:00:00,01/13/00,02/01/00,01/01/00,Polícia de Segurança Pública,50.0,50.0,Quarta-Feira ,"40,691163","-7,913536",0,0,1,Outra via,Seco e limpo,Viseu,Viseu,Abraveses,,Avenida Tenente Coronel Silva Simões                                                                ,Arruamento,0,Em bom estado,,Bom tempo,Sentido único,Fora da intersecção,Dentro das localidades,Em pleno dia,Com marcas - separadoras de sentido e de vias de trânsito,Atropelamento de peões,NÃO DEFINIDO,Inexistentes,No sentido crescente da quilometragem,Passagem de peões,Inexistentes,Betuminoso,Recta,Em patamar,Berma pavimentada,Em plena via,Esquerda
2011522335,2011:02:24 06:40:00,01/24/00,02/01/00,01/01/00,Guarda Nacional Republicana,80.0,80.0,Quinta-Feira ,"37,973090","-8,382278",1,0,0,Estrada sem separador,Húmido,Setúbal,Santiago do Cacem,Alvalade,MIMOSA,,IC - Itinerário Complementar,IC1,Em bom estado,624.15,Nevoeiro,Dois sentidos,Fora da intersecção,Fora das localidades,Aurora ou crepúsculo,Com marcas - separadoras de sentido de trânsito,Colisão frontal,NÃO DEFINIDO,Inexistentes,NÃO DEFINIDO,NÃO DEFINIDO,Inexistentes,Betuminoso,Recta,Em patamar,Berma pavimentada,Em plena via,Direita
2010446910,2010:02:20 10:25:00,01/20/00,02/01/00,01/01/00,Guarda Nacional Republicana,100.0,120.0,Sábado       ,"41,036731","-8,628083",0,0,2,Auto-estrada,Molhado,Porto,Vila Nova de Gaia,São Félix da Marinha,,,A  - Auto-Estrada,A29,Em estado regular,41.95,Bom tempo,Sentido único,Fora da intersecção,Fora das localidades,Em pleno dia,Com marcas - separadoras de sentido e de vias de trânsito,Despiste com transposição do dispositivo de retenção lateral,NÃO DEFINIDO,Inexistentes,No sentido crescente da quilometragem,Outros,Inexistentes,Betuminoso,Curva,Com inclinação,Berma pavimentada,Em plena via,Direita
2013685385,2013:02:15 14:30:00,01/15/00,02/01/00,01/01/00,Guarda Nacional Republicana,90.0,90.0,Sexta-Feira  ,,,0,0,2,Estrada sem separador,Seco e limpo,Santarém,Santarem,Póvoa de Santarém,Póvoa de Santarém,,EN - Estrada Nacional,EN3,Em bom estado,46.5,Bom tempo,Dois sentidos,Fora da intersecção,Fora das localidades,Sol escandeante,Com marcas - separadoras de sentido de trânsito,Despiste simples,NÃO DEFINIDO,Inexistentes,NÃO DEFINIDO,NÃO DEFINIDO,Inexistentes,Betuminoso,Curva,Com inclinação,Berma pavimentada,Em plena via,Direita
2015945172,2015:02:24 12:15:00,01/24/00,02/01/00,01/01/00,Guarda Nacional Republicana,90.0,90.0,Terça-Feira  ,"38,371425","-8,052093",0,0,3,Estrada sem separador,Seco e limpo,Évora,Montemor-o-Novo,"União das freguesias de Nossa Senhora da Vila, Nossa Senhora do Bispo e Silveiras",Santa Sofia,,EN - Estrada Nacional,EN114,Em bom estado,171.75,Bom tempo,Dois sentidos,Em cruzamento,Fora das localidades,Em pleno dia,Com marcas - separadoras de sentido de trânsito,Colisão lateral com outro veículo em movimento,NÃO DEFINIDO,Inexistentes,NÃO DEFINIDO,Stop,Inexistentes,Betuminoso,Recta,Em patamar,Berma pavimentada,Em plena via,Direita
20181378648,2018:02:28 17:50:00,01/28/00,02/01/00,01/01/00,Guarda Nacional Republicana,50.0,50.0,Quarta-Feira ,"38,352086","-8,779565",0,0,1,Estrada sem separador,Molhado,Setúbal,Alcacer do Sal,Comporta,Comporta,,EN - Estrada Nacional,EN261,Em bom estado,"2,6",Chuva,Dois sentidos,Fora da intersecção,Dentro das localidades,Em pleno dia,Com marcas - separadoras de sentido de trânsito,Despiste simples,NÃO DEFINIDO,Inexistentes,NÃO DEFINIDO,NÃO DEFINIDO,Inexistentes,Betuminoso,Recta,Em patamar,Sem berma ou impraticável,Em plena via,Direita
2012601131,2012:02:13 08:30:00,01/13/00,02/01/00,01/01/00,Guarda Nacional Republicana,90.0,90.0,Segunda-Feira,,,0,0,1,Estrada sem separador,Seco e limpo,Coimbra,Tabua,Midões,VALE DE GAIOS,,EN - Estrada Nacional,EN337,Em estado regular,60.3,Bom tempo,Dois sentidos,Fora da intersecção,Fora das localidades,Em pleno dia,Com marcas - separadoras de sentido de trânsito,Despiste com capotamento,NÃO DEFINIDO,Inexistentes,NÃO DEFINIDO,NÃO DEFINIDO,Inexistentes,Betuminoso,Curva,Com inclinação,Berma não pavimentada,Em plena via,Direita
2010435868,2010:02:22 17:30:00,01/22/00,02/01/00,01/01/00,Polícia de Segurança Pública,50.0,50.0,Segunda-Feira,"0,00","0,00",0,0,1,Estrada sem separador,Húmido,Braga,Braga,Braga (Maximinos),,Rua Cidade do Porto,Arruamento,0,Em estado regular,,NÃO DEFINIDO,Dois sentidos,NÃO DEFINIDO,Dentro das localidades,Em pleno dia,Com marcas - separadoras de sentido de trânsito,Colisão lateral com outro veículo em movimento,NÃO DEFINIDO,Inexistentes,NÃO DEFINIDO,NÃO DEFINIDO,NÃO DEFINIDO,Betuminoso,Recta,Em patamar,Berma pavimentada,Em plena via,Direita
2013667066,2013:02:19 11:20:00,01/19/00,02/01/00,01/01/00,Polícia de Segurança Pública,50.0,50.0,Terça-Feira  ,"0,00","0,00",0,0,1,Estrada sem separador,Molhado,Bragança,Mirandela,Mirandela,Mirandela,Rua Fundação Calouste Gulbenkian                                                                    ,Arruamento,0,Em bom estado,,Chuva,Dois sentidos,Em cruzamento,Dentro das localidades,Em pleno dia,Com marcas - separadoras de sentido e de vias de trânsito,Colisão lateral com outro veículo em movimento,NÃO DEFINIDO,Inexistentes,NÃO DEFINIDO,NÃO DEFINIDO,Inexistentes,Betuminoso,Recta,Em patamar,Berma pavimentada,Em plena via,Direita
20191703559,2019:02:20 19:20:00,01/20/00,02/01/00,01/01/00,Guarda Nacional Republicana,90.0,90.0,Quarta-Feira ,"39,234160","-8,644627",0,0,1,Estrada sem separador,Seco e limpo,Santarém,Almeirim,Almeirim,Almeirim,,EM - Estrada Municipal,0,Em bom estado,"2,1",Bom tempo,Dois sentidos,Fora da intersecção,Fora das localidades,"Noite, sem iluminação",Sem marcas rodoviárias ou pouco visíveis,Despiste com capotamento,NÃO DEFINIDO,Inexistentes,NÃO DEFINIDO,NÃO DEFINIDO,Inexistentes,Betuminoso,Recta,Em patamar,Sem berma ou impraticável,Em via ou pista reservada,Direita
20161121674,2016:02:22 17:45:00,01/22/00,02/01/00,01/01/00,Guarda Nacional Republicana,50.0,50.0,Segunda-Feira,"37,061255","-7,396109",0,0,1,Estrada sem separador,Seco e limpo,Faro,Tavira,Santa Luzia,RUA COMANDANTE HENRIQUE TENREIRO,RUA COMANDANTE HENRIQUE TENREIRO,Arruamento,0,Em bom estado,,Bom tempo,Dois sentidos,Fora da intersecção,Dentro das localidades,Em pleno dia,Com marcas - separadoras de sentido de trânsito,Atropelamento de peões,NÃO DEFINIDO,Inexistentes,NÃO DEFINIDO,NÃO DEFINIDO,Inexistentes,Betuminoso,Recta,Em patamar,Berma pavimentada,Em plena via,Direita
20171195051,2017:02:05 01:30:00,01/05/00,02/01/00,01/01/00,Polícia de Segurança Pública,50.0,50.0,Domingo      ,"38,713403","-9,143596",0,0,1,Estrada sem separador,Seco e limpo,Lisboa,Lisboa,Misericórdia,Lisboa,Rua São Pedro de Alcântara                                                                          ,Arruamento,0,Em bom estado,,Bom tempo,Dois sentidos,Fora da intersecção,Dentro das localidades,"Noite, com iluminação",Sem marcas rodoviárias ou pouco visíveis,Atropelamento de peões,NÃO DEFINIDO,Inexistentes,NÃO DEFINIDO,Passagem de peões,Inexistentes,Betuminoso,Recta,Com inclinação,Sem berma ou impraticável,Em plena via,Direita
20181359428,2018:02:04 06:50:00,01/04/00,02/01/00,01/01/00,Polícia de Segurança Pública,50.0,50.0,Domingo      ,"39,747140","-8,820235",0,0,2,Estrada sem separador,Seco e limpo,Leiria,Leiria,"União das freguesias de Leiria, Pousos, Barreira e Cortes",Leiria,,EN - Estrada Nacional,EN242,Em bom estado,"0,15",Bom tempo,Sentido único,Em rotunda,Dentro das localidades,Aurora ou crepúsculo,Com marcas - separadoras de sentido e de vias de trânsito,Despiste com colisão com veículo imobil. ou obstáculo,NÃO DEFINIDO,Inexistentes,NÃO DEFINIDO,Cedência de passagem,Inexistentes,Betuminoso,Curva,Em patamar,Berma pavimentada,Em plena via,Esquerda
2014800112,2014:02:01 16:17:00,01/01/00,02/01/00,01/01/00,Guarda Nacional Republicana,50.0,50.0,Sábado       ,"41,264337","-8,287834",0,1,0,Estrada sem separador,Molhado,Braga,Vila Nova de Famalicao,Vale (São Cosme),Vale São Martinho,,EN - Estrada Nacional,EN309,Em estado regular,20.4,Bom tempo,Dois sentidos,Fora da intersecção,Dentro das localidades,Em pleno dia,Com marcas - separadoras de sentido de trânsito,Atropelamento de peões,NÃO DEFINIDO,Inexistentes,NÃO DEFINIDO,NÃO DEFINIDO,Inexistentes,Betuminoso,Recta,Em patamar,Sem berma ou impraticável,Em plena via,Direita
20181364160,2018:02:26 08:45:00,01/26/00,02/01/00,01/01/00,Polícia de Segurança Pública,50.0,50.0,Segunda-Feira,37.1451716,-8.5583309,0,0,3,Estrada sem separador,Molhado,Faro,Portimao,Portimão,Portimão,Rua Francisco Daniel                                                                                ,Arruamento,0,Em estado regular,,Chuva,Dois sentidos,Em entroncamento,Dentro das localidades,Em pleno dia,Sem marcas rodoviárias ou pouco visíveis,Colisão lateral com outro veículo em movimento,NÃO DEFINIDO,Inexistentes,NÃO DEFINIDO,Cedência de passagem,Inexistentes,Betuminoso,Curva,Com inclinação,Sem berma ou impraticável,Em plena via,Direita
2011513773,2011:02:27 09:45:00,01/27/00,02/01/00,01/01/00,Polícia de Segurança Pública,50.0,50.0,Domingo      ,"0,00","0,00",0,0,1,Estrada sem separador,Seco e limpo,Lisboa,Cascais,São Domingos de Rana,,Estrada Principal do Arneiro                                                                        ,Arruamento,0,Em bom estado,,Bom tempo,Dois sentidos,Em rotunda,Dentro das localidades,Em pleno dia,Com marcas - separadoras de sentido e de vias de trânsito,Colisão lateral com outro veículo em movimento,NÃO DEFINIDO,Inexistentes,NÃO DEFINIDO,Outros,Inexistentes,Betuminoso,Curva,Em patamar,Berma pavimentada,Em plena via,Direita
20171242777,2017:02:02 16:35:00,01/02/00,02/01/00,01/01/00,Guarda Nacional Republicana,90.0,90.0,Quinta-Feira ,"40,580568","-7,215982",0,0,1,Estrada sem separador,Húmido,Guarda,Guarda,Pêra do Moço,Gonçalobocas,,EN - Estrada Nacional,EN221,Em estado regular,"182,2",Chuva,Dois sentidos,Fora da intersecção,Fora das localidades,Em pleno dia,Com marcas - separadoras de sentido de trânsito,Despiste simples,NÃO DEFINIDO,Inexistentes,NÃO DEFINIDO,Outros,Inexistentes,Betuminoso,Recta,Em patamar,Berma pavimentada,Em plena via,Direita
2010431793,2010:02:01 17:30:00,01/01/00,02/01/00,01/01/00,Polícia de Segurança Pública,50.0,50.0,Segunda-Feira,"0,00","0,00",0,0,1,Estrada sem separador,Seco e limpo,Lisboa,Lisboa,Lapa,,Calçada da Estrela,Arruamento,0,Em bom estado,,Bom tempo,Dois sentidos,NÃO DEFINIDO,Dentro das localidades,Em pleno dia,Com marcas - separadoras de sentido de trânsito,Despiste sem dispositivo de retenção,NÃO DEFINIDO,Inexistentes,NÃO DEFINIDO,Outros,Inexistentes,Calçada,Recta,Com inclinação,Berma pavimentada,Em plena via,Direita
20191663382,2019:02:25 12:40:00,01/25/00,02/01/00,01/01/00,Polícia de Segurança Pública,90.0,90.0,Segunda-Feira,"0,0","0,0",0,0,1,Outra via,Seco e limpo,Lisboa,Amadora,Alfragide,RAMAL DE SAÍDA EM DIREÇÃO A ALFRAGIDE/BURACA/E.M.F.A.),,Outra Via,0,Em estado regular,,Bom tempo,Dois sentidos,Em via de desaceleração,Dentro das localidades,Em pleno dia,Com marcas - separadoras de sentido e de vias de trânsito,Colisão traseira com outro veículo em movimento,NÃO DEFINIDO,Inexistentes,No sentido decrescente da quilometragem,Outros,Inexistentes,Betuminoso,Recta,Em patamar,Berma pavimentada,Em plena via,Direita
20191700937,2019:02:27 18:15:00,01/27/00,02/01/00,01/01/00,Guarda Nacional Republicana,50.0,50.0,Quarta-Feira ,"41,471690","-8,387451",0,0,1,Estrada sem separador,Seco e limpo,Braga,Guimaraes,"União das freguesias de Leitões, Oleiros e Figueiredo",Leitões.,Rua da Venda Nova,Arruamento,0,Em estado regular,,Bom tempo,Dois sentidos,Em cruzamento,Dentro das localidades,"Noite, com iluminação",Com marcas - separadoras de sentido de trânsito,Colisão com outras situações,NÃO DEFINIDO,Inexistentes,NÃO DEFINIDO,Stop,Inexistentes,Betuminoso,Curva,Em patamar,Sem berma ou impraticável,Em plena via,Direita
20191660192,2019:02:01 11:40:00,01/01/00,02/01/00,01/01/00,Polícia de Segurança Pública,50.0,50.0,Sexta-Feira  ,"0,0","0,0",0,0,1,Estrada sem separador,Seco e limpo,Lisboa,Lisboa,Belém,Lisboa,Rua Damião de Góis                                                                                  ,Arruamento,0,Em estado regular,,Bom tempo,Dois sentidos,Em cruzamento,Dentro das localidades,Em pleno dia,Com marcas - separadoras de sentido e de vias de trânsito,Colisão lateral com outro veículo em movimento,NÃO DEFINIDO,Inexistentes,NÃO DEFINIDO,NÃO DEFINIDO,Inexistentes,Calçada,Recta,Em patamar,Berma pavimentada,Em plena via,Direita
2014801427,2014:02:28 07:50:00,01/28/00,02/01/00,01/01/00,Guarda Nacional Republicana,50.0,50.0,Sexta-Feira  ,"41,285117","-8,379330",0,0,2,Estrada sem separador,Húmido,Braga,Barcelos,Galegos (São Martinho),Galegos São Martinho,,EN - Estrada Nacional,EN205,Em bom estado,28.9,Bom tempo,Dois sentidos,Em cruzamento,Dentro das localidades,Em pleno dia,Com marcas - separadoras de sentido de trânsito,Colisão traseira com outro veículo em movimento,NÃO DEFINIDO,Inexistentes,NÃO DEFINIDO,Outros,Inexistentes,Betuminoso,Recta,Em patamar,Berma pavimentada,Em plena via,Direita
2010446689,2010:02:17 19:28:00,01/17/00,02/01/00,01/01/00,Guarda Nacional Republicana,50.0,50.0,Quarta-Feira ,,,0,0,1,Estrada sem separador,Seco e limpo,Setúbal,Sines,Sines,SINES,ROT ENTRADA SINES,Arruamento,0,Em estado regular,,Bom tempo,Sentido único,Em rotunda,Dentro das localidades,"Noite, com iluminação",Sem marcas rodoviárias ou pouco visíveis,Colisão traseira com outro veículo em movimento,NÃO DEFINIDO,Inexistentes,NÃO DEFINIDO,NÃO DEFINIDO,Inexistentes,Betuminoso,Curva,Em patamar,Sem berma ou impraticável,Em plena via,Central
2015900995,2015:02:19 17:50:00,01/19/00,02/01/00,01/01/00,Polícia de Segurança Pública,50.0,50.0,Quinta-Feira ,"41,211637","-8,632714",0,0,1,Estrada sem separador,Seco e limpo,Porto,Matosinhos,"União das freguesias de Custóias, Leça do Balio e Guifões",Leça do Balio,Rua Bombeiros Voluntários                                                                           ,Arruamento,0,Em estado regular,,Bom tempo,Dois sentidos,Fora da intersecção,Dentro das localidades,Em pleno dia,Sem marcas rodoviárias ou pouco visíveis,Atropelamento de peões,NÃO DEFINIDO,Inexistentes,NÃO DEFINIDO,Outros,Inexistentes,Calçada,Recta,Com inclinação,Berma pavimentada,Em plena via,Direita
2012603685,2012:02:01 18:40:00,01/01/00,02/01/00,01/01/00,Guarda Nacional Republicana,50.0,50.0,Quarta-Feira ,"38,49778","9,18177",0,0,1,Estrada sem separador,Húmido,Lisboa,Sintra,Almargem do Bispo,SABUGO,AV MARQUES DE POMBAL,Arruamento,0,Em bom estado,,Chuva,Dois sentidos,Fora da intersecção,Dentro das localidades,"Noite, com iluminação",Com marcas - separadoras de sentido de trânsito,Colisão lateral com outro veículo em movimento,NÃO DEFINIDO,Inexistentes,NÃO DEFINIDO,Stop,Inexistentes,Betuminoso,Recta,Em patamar,Berma não pavimentada,Em via ou pista reservada,Direita
2013685689,2013:02:28 19:00:00,01/28/00,02/01/00,01/01/00,Guarda Nacional Republicana,50.0,50.0,Quinta-Feira ,,,0,0,1,Estrada sem separador,Seco e limpo,Porto,Santo Tirso,Água Longa,Agua Longa,,EN - Estrada Nacional,EN318,Em bom estado,19.6,Bom tempo,Dois sentidos,Fora da intersecção,Dentro das localidades,"Noite, com iluminação",Sem marcas rodoviárias ou pouco visíveis,Atropelamento de peões,NÃO DEFINIDO,Inexistentes,NÃO DEFINIDO,NÃO DEFINIDO,Inexistentes,Betuminoso,Recta,Em patamar,Berma pavimentada,Em plena via,NÃO DEFINIDO
2010446129,2010:02:03 15:30:00,01/03/00,02/01/00,01/01/00,Guarda Nacional Republicana,90.0,90.0,Quarta-Feira ,"41,133580","-7,772657",0,0,2,Estrada sem separador,Seco e limpo,Viseu,Lamego,Valdigem,VALDIGEM,,EN - Estrada Nacional,EN313,Em bom estado,78.2,Bom tempo,Dois sentidos,Fora da intersecção,Fora das localidades,Em pleno dia,Com marcas - separadoras de sentido e de vias de trânsito,Despiste com colisão com veículo imobil. ou obstáculo,NÃO DEFINIDO,Inexistentes,NÃO DEFINIDO,Outros,Inexistentes,Betuminoso,Recta,Em patamar,Berma pavimentada,Na berma,Direita
20191663814,2019:02:24 22:15:00,01/24/00,02/01/00,01/01/00,Polícia de Segurança Pública,50.0,50.0,Domingo      ,"0,0","0,0",0,0,1,Outra via,Seco e limpo,Lisboa,Lisboa,Lumiar,,Avenida Padre Cruz                                                                                  ,Arruamento,0,Em estado regular,,Bom tempo,Sentido único,Em entroncamento,Dentro das localidades,"Noite, com iluminação",Com marcas - separadoras de sentido e de vias de trânsito,Despiste com dispositivo de retenção,NÃO DEFINIDO,Inexistentes,NÃO DEFINIDO,Outros,A funcionar normalmente,Betuminoso,Curva,Com inclinação,Sem berma ou impraticável,Em plena via,Esquerda
20181371258,2018:02:28 08:15:00,01/28/00,02/01/00,01/01/00,Polícia de Segurança Pública,80.0,100.0,Quarta-Feira ,"0,0","0,0",0,0,1,Outra via,Molhado,Lisboa,Vila Franca de Xira,União das freguesias de Póvoa de Santa Iria e Forte da Casa,,,IC - Itinerário Complementar,IC2,Em estado regular,"9,05",Chuva,Sentido único,Fora da intersecção,Fora das localidades,Em pleno dia,Com marcas - separadoras de sentido e de vias de trânsito,Despiste com dispositivo de retenção,NÃO DEFINIDO,Inexistentes,No sentido decrescente da quilometragem,NÃO DEFINIDO,Inexistentes,Betuminoso,Recta,Em patamar,Berma pavimentada,Em plena via,Direita
2013666604,2013:02:18 22:02:00,01/18/00,02/01/00,01/01/00,Polícia de Segurança Pública,50.0,50.0,Segunda-Feira,"0,00","0,00",0,0,1,Estrada sem separador,Seco e limpo,Lisboa,Loures,Moscavide,Moscavide,Avenida Moscavide,Arruamento,0,Em bom estado,,Bom tempo,Dois sentidos,Fora da intersecção,Dentro das localidades,"Noite, com iluminação",Com marcas - separadoras de sentido e de vias de trânsito,Colisão com outras situações,Passagem estreita,Inexistentes,NÃO DEFINIDO,Outros,Inexistentes,Betuminoso,Recta,Em patamar,Berma pavimentada,Em parque de estacionamento,Direita
20171245919,2017:02:18 11:00:00,01/18/00,02/01/00,01/01/00,Guarda Nacional Republicana,50.0,50.0,Sábado       ,"38,701283","-8,950056",0,0,1,Estrada sem separador,Seco e limpo,Setúbal,Montijo,União das freguesias de Montijo e Afonsoeiro,Montijo,Rua São João,Arruamento,0,Em bom estado,,Bom tempo,Dois sentidos,Fora da intersecção,Dentro das localidades,Em pleno dia,Sem marcas rodoviárias ou pouco visíveis,Atropelamento de peões,NÃO DEFINIDO,Inexistentes,NÃO DEFINIDO,NÃO DEFINIDO,Inexistentes,Betuminoso,Recta,Em patamar,Sem berma ou impraticável,Em plena via,Direita
20161032735,2016:02:25 12:10:00,01/25/00,02/01/00,01/01/00,Polícia de Segurança Pública,70.0,70.0,Quinta-Feira ,"41,455629","-8,288277",0,0,1,Outra via,Húmido,Braga,Guimaraes,Azurém,,,EN - Estrada Nacional,EN101,Em bom estado,112,Bom tempo,Dois sentidos,Fora da intersecção,Dentro das localidades,Em pleno dia,Com marcas - separadoras de sentido e de vias de trânsito,Despiste sem dispositivo de retenção,NÃO DEFINIDO,Inexistentes,No sentido crescente da quilometragem,Outros,Inexistentes,Betuminoso,Curva,Com inclinação,Sem berma ou impraticável,Em plena via,Esquerda
2015904043,2015:02:26 14:00:00,01/26/00,02/01/00,01/01/00,Polícia de Segurança Pública,50.0,50.0,Quinta-Feira ,"41,160492","-8,604595",0,0,1,Estrada sem separador,Seco e limpo,Porto,Porto,Paranhos,Porto,Praça Marquês Pombal                                                                                ,Arruamento,0,Em bom estado,,Bom tempo,Sentido único,Fora da intersecção,Dentro das localidades,Em pleno dia,Com marcas - separadoras de sentido e de vias de trânsito,Atropelamento de peões,NÃO DEFINIDO,Inexistentes,NÃO DEFINIDO,Outros,A funcionar normalmente,Betuminoso,Curva,Com inclinação,Sem berma ou impraticável,Em plena via,Direita
2014801455,2014:02:27 11:30:00,01/27/00,02/01/00,01/01/00,Guarda Nacional Republicana,50.0,90.0,Quinta-Feira ,"41,460107","-8,147039",0,0,1,Estrada sem separador,Húmido,Braga,Terras de Bouro,União das freguesias de Cibões e Brufe,Lugar de Levada,,EM - Estrada Municipal,EM1149,Em estado regular,,Bom tempo,Dois sentidos,Fora da intersecção,Fora das localidades,Em pleno dia,Sem marcas rodoviárias ou pouco visíveis,Despiste com capotamento,NÃO DEFINIDO,Inexistentes,NÃO DEFINIDO,Outros,Inexistentes,Calçada,Curva,Com inclinação,Berma não pavimentada,Na berma,Direita