Id. Acidente,Datahora,Dia,Mês,Hora,Entidades Fiscalizadoras,Velocidade local,Velocidade geral,Dia da Semana,Latitude GPS,Longitude GPS,Num. Mortos a 30 dias,Num. Feridos graves a 30 dias,Num. Feridos ligeiros a 30 dias,Características Tecnicas1,Cond Aderência,Distrito,Concelho,Freguesia,Pov. Proxima,Nome arruamento,Tipos Vias,Cod Via,Estado Conservação,Km,Factores Atmosféricos,Reg Circulação1,Intersecção Vias,Localizações,Luminosidade,Marca Via,Natureza,Obras Arte,Obstáculos,Sentidos,Sinais,Sinais Luminosos,Tipo Piso,Traçado 1,Traçado 2,Traçado 3,Traçado 4,Via Trânsito
2010446925,2010:02:22 20:15:00,01/22/00,02/01/00,01/01/00,Guarda Nacional Republicana,50.0,90.0,Segunda-Feira,,,0,0,1,Estrada sem separador,Seco e limpo,Porto,Trofa,Muro,MURO,,EN - Estrada Nacional,EN14,Em bom estado,13.37,Bom tempo,Dois sentidos,Fora da intersecção,Dentro das localidades,"Noite, com iluminação",Com marcas - separadoras de sentido e de vias de trânsito,Colisão traseira com outro veículo em movimento,NÃO DEFINIDO,Inexistentes,NÃO DEFINIDO,Proibição de ultrapassagem,Inexistentes,Betuminoso,Recta,Com inclinação,Sem berma ou impraticável,Em plena via,Direita
20181376130,2018:02:17 14:40:00,01/17/00,02/01/00,01/01/00,Guarda Nacional Republicana,50.0,50.0,Sábado       ,"40,645563","-8,646244",0,0,1,Estrada sem separador,Seco e limpo,Aveiro,Oliveira do Bairro,Oiã,Aveiro,Rua Eng. Angnelo Prazeres,Arruamento,0,Em estado regular,,Bom tempo,Dois sentidos,Fora da intersecção,Dentro das localidades,Em pleno dia,Com marcas - separadoras de sentido de trânsito,Colisão lateral com outro veículo em movimento,NÃO DEFINIDO,Inexistentes,NÃO DEFINIDO,NÃO DEFINIDO,Inexistentes,Betuminoso,Recta,Em patamar,Berma pavimentada,Em plena via,Direita
2015942837,2015:02:06 23:55:00,01/06/00,02/01/00,01/01/00,Guarda Nacional Republicana,120.0,120.0,Sexta-Feira  ,"40,230486","-8,294141",0,1,2,Auto-estrada,Seco e limpo,Coimbra,Cantanhede,Sepins,Sepins,,A  - Auto-Estrada,A1,Em estado regular,210.528,Bom tempo,Sentido único,Fora da intersecção,Fora das localidades,"Noite, sem iluminação",Com marcas - separadoras de sentido e de vias de trânsito,Colisão lateral com outro veículo em movimento,NÃO DEFINIDO,Inexistentes,No sentido decrescente da quilometragem,Outros,Inexistentes,Betuminoso,Recta,Em patamar,Berma pavimentada,Em plena via,Direita
2015895634,2015:02:04 09:00:00,01/04/00,02/01/00,01/01/00,Polícia de Segurança Pública,50.0,50.0,Quarta-Feira ,"38,727768","-9,148651",0,0,1,Outra via,Seco e limpo,Lisboa,Lisboa,Avenidas Novas,,Avenida Fontes Pereira de Melo                                                                      ,Arruamento,0,Em estado regular,,Bom tempo,Sentido único,Em entroncamento,Dentro das localidades,Em pleno dia,Com marcas - separadoras de sentido e de vias de trânsito,Colisão lateral com outro veículo em movimento,NÃO DEFINIDO,Inexistentes,NÃO DEFINIDO,Outros,A funcionar normalmente,Betuminoso,Recta,Em patamar,Berma pavimentada,Em plena via,Esquerda
2012602447,2012:02:13 16:08:00,01/13/00,02/01/00,01/01/00,Guarda Nacional Republicana,50.0,50.0,Segunda-Feira,"39,24229","9,01862",1,0,0,Estrada sem separador,Seco e limpo,Leiria,Caldas da Rainha,Alvorninha,PARAISO,R DO JOGO,Arruamento,0,Em mau estado,,Bom tempo,Dois sentidos,Fora da intersecção,Dentro das localidades,Em pleno dia,Sem marcas rodoviárias ou pouco visíveis,Despiste com capotamento,NÃO DEFINIDO,Inexistentes,NÃO DEFINIDO,Outros,Inexistentes,Terra batida,Recta,Com inclinação,Sem berma ou impraticável,Em via ou pista reservada,Direita
20161121761,2016:02:23 07:50:00,01/23/00,02/01/00,01/01/00,Guarda Nacional Republicana,50.0,50.0,Terça-Feira  ,"41,252658","-7,411271",0,0,2,Estrada sem separador,Seco e limpo,Vila Real,Vila Pouca de Aguiar,Telões,SOUTELINHO DO MESIO,,EN - Estrada Nacional,EN2,Em bom estado,"46,5",Bom tempo,Dois sentidos,Fora da intersecção,Dentro das localidades,Em pleno dia,Com marcas - separadoras de sentido de trânsito,Despiste simples,NÃO DEFINIDO,Inexistentes,NÃO DEFINIDO,Outros,Inexistentes,Betuminoso,Recta,Em patamar,Berma não pavimentada,Em plena via,Direita
2010443307,2010:02:27 18:50:00,01/27/00,02/01/00,01/01/00,Polícia de Segurança Pública,50.0,50.0,Sábado       ,"0,00","0,00",0,0,1,Estrada sem separador,Húmido,Lisboa,Loures,Santo António dos Cavaleiros,Santo António dos Cavaleiros,Rua Guerra Junqueiro,Arruamento,0,Em estado regular,,Chuva,Dois sentidos,Fora da intersecção,Dentro das localidades,"Noite, com iluminação",Com marcas - separadoras de sentido de trânsito,Atropelamento de peões,NÃO DEFINIDO,Inexistentes,NÃO DEFINIDO,Passagem de peões,Inexistentes,Betuminoso,Recta,Com inclinação,Berma pavimentada,Em plena via,Direita
2012594145,2012:02:27 18:45:00,01/27/00,02/01/00,01/01/00,Polícia de Segurança Pública,50.0,50.0,Segunda-Feira,"0,00","0,00",0,0,1,Estrada sem separador,Húmido,Lisboa,Sintra,Agualva,,Avenida Missionários                                                                                ,Arruamento,0,Em estado regular,,Bom tempo,Dois sentidos,Em entroncamento,Dentro das localidades,"Noite, com iluminação",Sem marcas rodoviárias ou pouco visíveis,Colisão traseira com outro veículo em movimento,NÃO DEFINIDO,Inexistentes,NÃO DEFINIDO,Passagem de peões,Inexistentes,Betuminoso,Curva,Com inclinação,Berma pavimentada,Em plena via,Direita
2013662753,2013:02:03 11:55:00,01/03/00,02/01/00,01/01/00,Polícia de Segurança Pública,70.0,120.0,Domingo      ,"0,00","0,00",0,0,1,Auto-estrada,Seco e limpo,Lisboa,Loures,Frielas,Frielas,,A  - Auto-Estrada,A8,Em bom estado,4.4,Bom tempo,Sentido único,Fora da intersecção,Fora das localidades,Em pleno dia,Com marcas - separadoras de sentido e de vias de trânsito,Colisão com veiculo ou obstáculo na faixa de rodagem,NÃO DEFINIDO,Inexistentes,No sentido crescente da quilometragem,Outros,Inexistentes,Betuminoso,Recta,Em patamar,Berma pavimentada,Em plena via,Direita
2012600123,2012:02:21 17:00:00,01/21/00,02/01/00,01/01/00,Guarda Nacional Republicana,50.0,50.0,Terça-Feira  ,,,0,0,1,Estrada sem separador,Seco e limpo,Portalegre,Campo Maior,Nossa Senhora da Expectação,CAMPO MAIOR,R S SEBASTIAO,Arruamento,0,Em estado regular,,Bom tempo,Dois sentidos,Fora da intersecção,Dentro das localidades,Em pleno dia,Sem marcas rodoviárias ou pouco visíveis,Atropelamento com fuga,NÃO DEFINIDO,Inexistentes,NÃO DEFINIDO,NÃO DEFINIDO,Inexistentes,Calçada,Recta,Em patamar,Berma não pavimentada,Em plena via,Direita
2012587374,2012:02:05 22:50:00,01/05/00,02/01/00,01/01/00,Polícia de Segurança Pública,50.0,50.0,Domingo      ,"0,00","0,00",0,0,1,Estrada sem separador,Húmido,Aveiro,Espinho,Anta,,Rua 19                                                                                              ,Arruamento,0,Em estado regular,,Bom tempo,Dois sentidos,Em rotunda,Dentro das localidades,"Noite, com iluminação",Com marcas - separadoras de sentido e de vias de trânsito,Colisão lateral com outro veículo em movimento,NÃO DEFINIDO,Inexistentes,NÃO DEFINIDO,Stop,Inexistentes,Betuminoso,Recta,Com inclinação,Berma pavimentada,Em plena via,Direita
20161118178,2016:02:07 01:20:00,01/07/00,02/01/00,01/01/00,Guarda Nacional Republicana,50.0,50.0,Domingo      ,"39,391650","-8,366850",0,0,1,Estrada sem separador,Molhado,Santarém,Ourem,Atouguia,PINHEL,,EN - Estrada Nacional,EN113,Em bom estado,23,Chuva,Dois sentidos,Fora da intersecção,Dentro das localidades,"Noite, sem iluminação",Com marcas - separadoras de sentido de trânsito,Despiste simples,NÃO DEFINIDO,Inexistentes,NÃO DEFINIDO,NÃO DEFINIDO,Inexistentes,Betuminoso,Curva,Em patamar,Berma não pavimentada,Na berma,Direita
2012590401,2012:02:17 20:50:00,01/17/00,02/01/00,01/01/00,Polícia de Segurança Pública,50.0,50.0,Sexta-Feira  ,"0,00","0,00",0,0,2,Estrada sem separador,Húmido,Lisboa,Sintra,Agualva,,Avenida Infante Dom Henrique                                                                        ,Arruamento,0,Em estado regular,,Bom tempo,Dois sentidos,Fora da intersecção,Dentro das localidades,"Noite, com iluminação",Com marcas - separadoras de sentido e de vias de trânsito,Colisão com fuga,NÃO DEFINIDO,Inexistentes,NÃO DEFINIDO,NÃO DEFINIDO,Inexistentes,Betuminoso,Recta,Em patamar,Sem berma ou impraticável,Em plena via,Direita
20161118467,2016:02:08 14:55:00,01/08/00,02/01/00,01/01/00,Guarda Nacional Republicana,70.0,70.0,Segunda-Feira,"40,343071","-7,530348",0,0,1,Estrada sem separador,Molhado,Viseu,Nelas,União das freguesias de Santar e Moreira,SANTAR,,EN - Estrada Nacional,EN231,Em bom estado,"14,7",Chuva,Dois sentidos,Fora da intersecção,Fora das localidades,Em pleno dia,Com marcas - separadoras de sentido e de vias de trânsito,Despiste simples,NÃO DEFINIDO,Inexistentes,NÃO DEFINIDO,Proibição de ultrapassagem,Inexistentes,Betuminoso,Recta,Em patamar,Berma não pavimentada,Na berma,Direita
20171247792,2017:02:28 16:10:00,01/28/00,02/01/00,01/01/00,Guarda Nacional Republicana,50.0,50.0,Terça-Feira  ,"41,206909","-8,208449",0,0,2,Estrada sem separador,Molhado,Porto,Marco de Canaveses,Vila Boa de Quires e Maureles,Vila Boa Quires,Rua do Monte,Arruamento,0,Em estado regular,,Chuva,Dois sentidos,Em cruzamento,Dentro das localidades,Em pleno dia,Sem marcas rodoviárias ou pouco visíveis,Colisão frontal,NÃO DEFINIDO,Inexistentes,NÃO DEFINIDO,Stop,Inexistentes,Betão de cimento,Curva,Com inclinação,Berma não pavimentada,Em plena via,Direita
20191663122,2019:02:24 14:50:00,01/24/00,02/01/00,01/01/00,Polícia de Segurança Pública,50.0,50.0,Domingo      ,"0,0","0,0",0,0,2,Estrada sem separador,Seco e limpo,Coimbra,Coimbra,Santo António dos Olivais,Coimbra,Rua Monsenhor Augusto Nunes Pereira                                                                 ,Arruamento,0,Em estado regular,,Bom tempo,Dois sentidos,Fora da intersecção,Dentro das localidades,Em pleno dia,Com marcas - separadoras de sentido e de vias de trânsito,Atropelamento de peões,NÃO DEFINIDO,Inexistentes,NÃO DEFINIDO,Outros,Inexistentes,Betuminoso,Recta,Em patamar,Berma pavimentada,Em plena via,Direita
2015901014,2015:02:20 14:30:00,01/20/00,02/01/00,01/01/00,Polícia de Segurança Pública,50.0,50.0,Sexta-Feira  ,"41,408769","-8,527608",0,0,1,Estrada sem separador,Molhado,Braga,Vila Nova de Famalicao,União das freguesias de Vila Nova de Famalicão e Calendário,,Rua Estação                                                                                         ,Arruamento,0,Em bom estado,,Chuva,Dois sentidos,Fora da intersecção,Dentro das localidades,Em pleno dia,Sem marcas rodoviárias ou pouco visíveis,Colisão com outras situações,NÃO DEFINIDO,Inexistentes,NÃO DEFINIDO,Passagem de peões,Inexistentes,Betuminoso,Recta,Em patamar,Berma pavimentada,Em plena via,Direita
2015944899,2015:02:16 19:50:00,01/16/00,02/01/00,01/01/00,Guarda Nacional Republicana,50.0,50.0,Segunda-Feira,"41,159382","-8,368859",0,0,1,Estrada sem separador,Seco e limpo,Porto,Maia,Castêlo da Maia,,Avª Sport Clube Castelo da Maia,Arruamento,0,Em bom estado,,Bom tempo,Sentido único,Fora da intersecção,Dentro das localidades,"Noite, com iluminação",Com marcas - separadoras de sentido de trânsito,Atropelamento de peões,NÃO DEFINIDO,Inexistentes,NÃO DEFINIDO,Passagem de peões,Inexistentes,Betuminoso,Recta,Em patamar,Berma pavimentada,Em plena via,Direita
20191702884,2019:02:22 14:10:00,01/22/00,02/01/00,01/01/00,Guarda Nacional Republicana,50.0,50.0,Sexta-Feira  ,"40,178910","-8,391924",0,0,1,Estrada sem separador,Seco e limpo,Coimbra,Coimbra,Ceira,Ceira,,EN - Estrada Nacional,EN17,Em estado regular,"5,35",Bom tempo,Dois sentidos,Em entroncamento,Dentro das localidades,Em pleno dia,Com marcas - separadoras de sentido de trânsito,Colisão traseira com outro veículo em movimento,NÃO DEFINIDO,Inexistentes,NÃO DEFINIDO,NÃO DEFINIDO,Inexistentes,Betuminoso,Recta,Com inclinação,Berma pavimentada,Em plena via,Direita
2015945234,2015:02:25 14:00:00,01/25/00,02/01/00,01/01/00,Guarda Nacional Republicana,50.0,50.0,Quarta-Feira ,"38,359589","-9,005057",0,0,1,Estrada sem separador,Seco e limpo,Setúbal,Palmela,Quinta do Anjo,Bairro Alentejano,Rua da Juventude,Arruamento,0,Em bom estado,,Bom tempo,Dois sentidos,Fora da intersecção,Dentro das localidades,Em pleno dia,Com marcas - separadoras de sentido de trânsito,Atropelamento de peões,NÃO DEFINIDO,Inexistentes,NÃO DEFINIDO,Passagem de peões,Inexistentes,Betuminoso,Recta,Em patamar,Berma pavimentada,Em plena via,Direita
20181372995,2018:02:01 14:00:00,01/01/00,02/01/00,01/01/00,Guarda Nacional Republicana,50.0,50.0,Quinta-Feira ,"41,402746","-8,370841",0,0,1,Estrada sem separador,Seco e limpo,Braga,Guimaraes,Serzedelo,Serzedelo,Rua 25 de Abril,Arruamento,0,Em bom estado,,Bom tempo,Dois sentidos,Fora da intersecção,Dentro das localidades,Em pleno dia,Com marcas - separadoras de sentido de trânsito,Colisão lateral com outro veículo em movimento,NÃO DEFINIDO,Inexistentes,NÃO DEFINIDO,Stop,Inexistentes,Betuminoso,Recta,Em patamar,Berma pavimentada,Em plena via,Direita
20161121303,2016:02:20 18:15:00,01/20/00,02/01/00,01/01/00,Guarda Nacional Republicana,50.0,50.0,Sábado       ,"39,312006","-9,012460",0,0,1,Estrada sem separador,Seco e limpo,Leiria,Alcobaca,Cela,MURTEIRA,,EN - Estrada Nacional,EN8,Em bom estado,"111,2",Bom tempo,Dois sentidos,Fora da intersecção,Dentro das localidades,Aurora ou crepúsculo,Com marcas - separadoras de sentido de trânsito,Colisão frontal,NÃO DEFINIDO,Inexistentes,NÃO DEFINIDO,NÃO DEFINIDO,Inexistentes,Betuminoso,Recta,Em patamar,Berma não pavimentada,Em plena via,Direita
2012590963,2012:02:22 17:20:00,01/22/00,02/01/00,01/01/00,Polícia de Segurança Pública,50.0,50.0,Quarta-Feira ,"0,00","0,00",0,0,1,Estrada sem separador,Húmido,Lisboa,Lisboa,Campolide,,Rua Maria Pia,Arruamento,0,Em estado regular,,Bom tempo,Dois sentidos,Fora da intersecção,Dentro das localidades,Em pleno dia,Sem marcas rodoviárias ou pouco visíveis,Atropelamento de peões,NÃO DEFINIDO,Insuficentemente sinalizados,NÃO DEFINIDO,Outros,Inexistentes,Calçada,Recta,Em patamar,Berma pavimentada,Em plena via,Direita
2013686119,2013:02:14 16:20:00,01/14/00,02/01/00,01/01/00,Guarda Nacional Republicana,90.0,90.0,Quinta-Feira ,"41,11654","-06,44126",0,0,1,Estrada sem separador,Seco e limpo,Bragança,Freixo Espada a Cinta,Ligares,Ligares (caminho vicinal),,Outra Via,0,Em estado regular,,Bom tempo,Dois sentidos,Fora da intersecção,Fora das localidades,Sol escandeante,Sem marcas rodoviárias ou pouco visíveis,Despiste simples,NÃO DEFINIDO,Inexistentes,NÃO DEFINIDO,NÃO DEFINIDO,Inexistentes,Betuminoso,Curva,Com inclinação,Sem berma ou impraticável,Em plena via,Direita
20161121344,2016:02:21 00:40:00,01/21/00,02/01/00,01/01/00,Guarda Nacional Republicana,90.0,90.0,Domingo      ,"40,135599","-8,324830",0,0,1,Estrada sem separador,Seco e limpo,Coimbra,Coimbra,São Silvestre,QUIMBRES - COIMBRA,,EN - Estrada Nacional,EN111,Em estado regular,"29,955",Bom tempo,Dois sentidos,Fora da intersecção,Fora das localidades,"Noite, sem iluminação",Com marcas - separadoras de sentido de trânsito,Despiste simples,NÃO DEFINIDO,Inexistentes,NÃO DEFINIDO,NÃO DEFINIDO,Inexistentes,Betuminoso,Recta,Com inclinação,Berma pavimentada,Na berma,Direita
2012604272,2012:02:16 10:25:00,01/16/00,02/01/00,01/01/00,Guarda Nacional Republicana,50.0,50.0,Quinta-Feira ,,,0,0,1,Estrada sem separador,Seco e limpo,Lisboa,Mafra,Malveira,MALVEIRA,R 1º DE MAIO,Arruamento,0,Em bom estado,,Bom tempo,Sentido único,Fora da intersecção,Dentro das localidades,Em pleno dia,Com marcas - separadoras de sentido de trânsito,Atropelamento de peões,NÃO DEFINIDO,Inexistentes,NÃO DEFINIDO,NÃO DEFINIDO,Inexistentes,Betuminoso,Recta,Em patamar,Sem berma ou impraticável,Em plena via,Direita
2015945331,2015:02:17 17:20:00,01/17/00,02/01/00,01/01/00,Guarda Nacional Republicana,50.0,50.0,Terça-Feira  ,"40,308038","-8,296372",0,0,1,Estrada sem separador,Seco e limpo,Aveiro,Oliveira do Bairro,Oliveira do Bairro,,Rua Conde Ferreira,Arruamento,0,Em estado regular,,Bom tempo,Dois sentidos,Em entroncamento,Dentro das localidades,Em pleno dia,Com marcas - separadoras de sentido de trânsito,Atropelamento de peões,NÃO DEFINIDO,Inexistentes,NÃO DEFINIDO,Passagem de peões,Inexistentes,Betuminoso,Recta,Em patamar,Berma pavimentada,Em plena via,Direita
20171243115,2017:02:02 20:15:00,01/02/00,02/01/00,01/01/00,Guarda Nacional Republicana,50.0,50.0,Quinta-Feira ,"38,837093","-9,269796",0,0,1,Estrada sem separador,Seco e limpo,Lisboa,Sintra,"União das freguesias de Almargem do Bispo, Pêro Pinheiro e Montelavar",Almargem do Bispo,,Outra Via,0,Em estado regular,,Bom tempo,Dois sentidos,Fora da intersecção,Dentro das localidades,"Noite, sem iluminação",Sem marcas rodoviárias ou pouco visíveis,Colisão com fuga,NÃO DEFINIDO,Inexistentes,NÃO DEFINIDO,NÃO DEFINIDO,Inexistentes,Betuminoso,Curva,Em patamar,Sem berma ou impraticável,Em plena via,Direita
2015899615,2015:02:13 20:00:00,01/13/00,02/01/00,01/01/00,Polícia de Segurança Pública,50.0,50.0,Sexta-Feira  ,"41,535755","-8,405601",0,0,1,Estrada sem separador,Molhado,Braga,Braga,"União das freguesias de Nogueira, Fraião e Lamaçães",Braga,Estrada Via Falperra                                                                                ,Arruamento,0,Em bom estado,,Bom tempo,Dois sentidos,Fora da intersecção,Dentro das localidades,"Noite, com iluminação",Com marcas - separadoras de sentido e de vias de trânsito,Colisão traseira com outro veículo em movimento,NÃO DEFINIDO,Inexistentes,NÃO DEFINIDO,NÃO DEFINIDO,Inexistentes,Betuminoso,Curva,Com inclinação,Berma pavimentada,Em plena via,Direita
2013668177,2013:02:22 12:30:00,01/22/00,02/01/00,01/01/00,Polícia de Segurança Pública,50.0,50.0,Sexta-Feira  ,"0,00","0,00",0,0,1,Outra via,Molhado,Coimbra,Coimbra,Santo António dos Olivais,,Via António Moreira,Arruamento,0,Em bom estado,,Chuva,Dois sentidos,Fora da intersecção,Dentro das localidades,Em pleno dia,Com marcas - separadoras de sentido e de vias de trânsito,Colisão traseira com outro veículo em movimento,NÃO DEFINIDO,Inexistentes,NÃO DEFINIDO,Cedência de passagem,Inexistentes,Betuminoso,Curva,Em patamar,Berma pavimentada,Em plena via,Direita
20161029571,2016:02:16 13:45:00,01/16/00,02/01/00,01/01/00,Polícia de Segurança Pública,100.0,100.0,Terça-Feira  ,"38,756615","-9,290860",0,0,1,Outra via,Seco e limpo,Lisboa,Sintra,"União das freguesias de Sintra (Santa Maria e São Miguel, São Martinho e São Pedro de Penaferrim)",,,IC - Itinerário Complementar,IC19,Em bom estado,"7,4",Bom tempo,Sentido único,Fora da intersecção,Fora das localidades,Em pleno dia,Sem marcas rodoviárias ou pouco visíveis,Despiste com dispositivo de retenção,NÃO DEFINIDO,Inexistentes,No sentido decrescente da quilometragem,Outros,Inexistentes,Betuminoso,Recta,Em patamar,Sem berma ou impraticável,Em plena via,Central
2015905493,2015:02:14 14:30:00,01/14/00,02/01/00,01/01/00,Polícia de Segurança Pública,50.0,50.0,Sábado       ,"38,773366","-9,285996",0,0,1,Estrada sem separador,Molhado,Lisboa,Sintra,União das freguesias de Agualva e Mira-Sintra,Agualva-Cacém,Avenida Infante Dom Henrique                                                                        ,Arruamento,0,Em estado regular,,Chuva,Dois sentidos,Fora da intersecção,Dentro das localidades,Em pleno dia,Sem marcas rodoviárias ou pouco visíveis,Colisão traseira com outro veículo em movimento,NÃO DEFINIDO,Inexistentes,NÃO DEFINIDO,NÃO DEFINIDO,Inexistentes,Betuminoso,Recta,Em patamar,Sem berma ou impraticável,Em plena via,Direita
2010445927,2010:02:16 13:10:00,01/16/00,02/01/00,01/01/00,Guarda Nacional Republicana,50.0,50.0,Terça-Feira  ,,,0,0,1,Estrada sem separador,Molhado,Santarém,Cartaxo,Vale da Pinta,VALE PINTA,,EM - Estrada Municipal,EM514,Em estado regular,,Chuva,Dois sentidos,Fora da intersecção,Fora das localidades,"Noite, com iluminação",Sem marcas rodoviárias ou pouco visíveis,Despiste com capotamento,NÃO DEFINIDO,Inexistentes,NÃO DEFINIDO,NÃO DEFINIDO,Inexistentes,Betuminoso,Curva,Em patamar,Sem berma ou impraticável,Em plena via,Direita
20191664878,2019:02:19 15:00:00,01/19/00,02/01/00,01/01/00,Polícia de Segurança Pública,50.0,50.0,Terça-Feira  ,"0,0","0,0",0,0,1,Estrada sem separador,Seco e limpo,Lisboa,Lisboa,Marvila,,Rua Engenheiro Cunha Leal                                                                           ,Arruamento,0,Em bom estado,,Chuva,Sentido único,Fora da intersecção,Dentro das localidades,Em pleno dia,Sem marcas rodoviárias ou pouco visíveis,Despiste sem dispositivo de retenção,NÃO DEFINIDO,Inexistentes,NÃO DEFINIDO,Outros,Inexistentes,Betuminoso,Recta,Em patamar,Sem berma ou impraticável,Em plena via,Direita
20181373888,2018:02:07 07:45:00,01/07/00,02/01/00,01/01/00,Guarda Nacional Republicana,50.0,50.0,Quarta-Feira ,"41,285044","-8,246466",0,0,1,Estrada sem separador,Seco e limpo,Porto,Lousada,Macieira,Lousada,,EM - Estrada Municipal,0,Em bom estado,,Bom tempo,Sentido único,Fora da intersecção,Dentro das localidades,Em pleno dia,Sem marcas rodoviárias ou pouco visíveis,Colisão frontal,NÃO DEFINIDO,Inexistentes,NÃO DEFINIDO,Stop,Inexistentes,Terra batida,Recta,Em patamar,Sem berma ou impraticável,Em plena via,Direita
20161120258,2016:02:15 19:05:00,01/15/00,02/01/00,01/01/00,Guarda Nacional Republicana,50.0,50.0,Segunda-Feira,"41,274929","-8,017773",0,0,1,Estrada sem separador,Seco e limpo,Braga,Celorico de Basto,Basto (São Clemente),GANDARELA,,EN - Estrada Nacional,EN206,Em estado regular,"69,175",Bom tempo,Dois sentidos,Em cruzamento,Dentro das localidades,"Noite, com iluminação",Com marcas - separadoras de sentido de trânsito,Colisão lateral com outro veículo em movimento,NÃO DEFINIDO,Inexistentes,NÃO DEFINIDO,Stop,Inexistentes,Betuminoso,Recta,Em patamar,Sem berma ou impraticável,Em plena via,Direita
2010446660,2010:02:23 05:55:00,01/23/00,02/01/00,01/01/00,Guarda Nacional Republicana,90.0,90.0,Terça-Feira  ,"39,315966","-8,936390",0,0,1,Outra via,Molhado,Santarém,Rio Maior,Rio Maior,RIO MAIOR,,IC - Itinerário Complementar,IC2,Em estado regular,69.4,Bom tempo,Dois sentidos,Fora da intersecção,Fora das localidades,"Noite, sem iluminação",Com marcas - separadoras de sentido de trânsito,Despiste simples,NÃO DEFINIDO,Inexistentes,No sentido crescente da quilometragem,Outros,Inexistentes,Betão de cimento,Curva,Em patamar,Berma pavimentada,Na berma,Direita
2014800623,2014:02:18 09:40:00,01/18/00,02/01/00,01/01/00,Guarda Nacional Republicana,60.0,120.0,Terça-Feira  ,"41,410655","-8,465676",0,0,1,Auto-estrada,Húmido,Viana do Castelo,Viana do Castelo,União das freguesias de Mazarefes e Vila Fria,,,A  - Auto-Estrada,A28,Em bom estado,67.2,Bom tempo,Sentido único,Em via de desaceleração,Fora das localidades,Em pleno dia,Com marcas - separadoras de sentido e de vias de trânsito,Despiste com dispositivo de retenção,NÃO DEFINIDO,Inexistentes,No sentido decrescente da quilometragem,NÃO DEFINIDO,Inexistentes,Betuminoso,Recta,Em patamar,Berma pavimentada,Em plena via,Direita
2010437022,2010:02:25 14:15:00,01/25/00,02/01/00,01/01/00,Polícia de Segurança Pública,50.0,50.0,Quinta-Feira ,"0,00","0,00",0,0,1,Estrada sem separador,Húmido,Lisboa,Oeiras,Porto Salvo,Porto Salvo,,EN - Estrada Nacional,EN249-3,Em estado regular,,Chuva,Dois sentidos,NÃO DEFINIDO,Fora das localidades,Em pleno dia,Com marcas - separadoras de sentido de trânsito,Colisão traseira com outro veículo em movimento,NÃO DEFINIDO,Inexistentes,NÃO DEFINIDO,Cedência de passagem,Inexistentes,Betuminoso,Curva,Com inclinação,Berma pavimentada,Na berma,Direita
2014768995,2014:02:13 23:55:00,01/13/00,02/01/00,01/01/00,Polícia de Segurança Pública,90.0,90.0,Quinta-Feira ,"38,792185","-9,169519",0,0,1,Estrada sem separador,Molhado,Lisboa,Odivelas,Odivelas,Odivelas,,IC - Itinerário Complementar,IC22,Em estado regular,0.27,Bom tempo,Sentido único,Fora da intersecção,Fora das localidades,"Noite, com iluminação",Com marcas - separadoras de sentido e de vias de trânsito,Despiste com dispositivo de retenção,NÃO DEFINIDO,Inexistentes,NÃO DEFINIDO,NÃO DEFINIDO,Inexistentes,Betuminoso,Curva,Com inclinação,Berma pavimentada,Em plena via,Direita
2013667412,2013:02:23 17:50:00,01/23/00,02/01/00,01/01/00,Polícia de Segurança Pública,50.0,50.0,Sábado       ,"0,00","0,00",0,0,1,Estrada sem separador,Seco e limpo,Lisboa,Lisboa,Santa Maria de Belém,,Avenida Torre de Belém                                                                              ,Arruamento,0,Em estado regular,,Bom tempo,Dois sentidos,Em cruzamento,Dentro das localidades,Aurora ou crepúsculo,Sem marcas rodoviárias ou pouco visíveis,Colisão frontal,NÃO DEFINIDO,Inexistentes,NÃO DEFINIDO,Cedência de passagem,Inexistentes,Betuminoso,Recta,Com inclinação,Berma pavimentada,Em plena via,Direita
20161119966,2016:02:14 12:00:00,01/14/00,02/01/00,01/01/00,Guarda Nacional Republicana,90.0,90.0,Domingo      ,"37,116516","-7,551274",0,0,4,Estrada sem separador,Molhado,Faro,Sao Bras de Alportel,São Brás de Alportel,ALPORTEL,,EN - Estrada Nacional,EN2,Em bom estado,"715,343",Chuva,Dois sentidos,Fora da intersecção,Fora das localidades,Em pleno dia,Com marcas - separadoras de sentido de trânsito,Colisão frontal,NÃO DEFINIDO,Inexistentes,NÃO DEFINIDO,NÃO DEFINIDO,Inexistentes,Betuminoso,Curva,Com inclinação,Sem berma ou impraticável,Em plena via,Direita
20171194718,2017:02:06 18:10:00,01/06/00,02/01/00,01/01/00,Polícia de Segurança Pública,50.0,50.0,Segunda-Feira,"38,706601","-9,177883",0,0,1,Estrada sem separador,Seco e limpo,Lisboa,Lisboa,Alcântara,Lisboa,Calçada Tapada                                                                                      ,Arruamento,0,Em estado regular,,Bom tempo,Dois sentidos,Fora da intersecção,Dentro das localidades,Aurora ou crepúsculo,Sem marcas rodoviárias ou pouco visíveis,Atropelamento de peões,NÃO DEFINIDO,Inexistentes,NÃO DEFINIDO,Passagem de peões,Inexistentes,Betuminoso,Recta,Em patamar,Berma pavimentada,Em plena via,Direita