Id. Acidente,Datahora,Dia,Mês,Hora,Entidades Fiscalizadoras,Velocidade local,Velocidade geral,Dia da Semana,Latitude GPS,Longitude GPS,Num. Mortos a 30 dias,Num. Feridos graves a 30 dias,Num. Feridos ligeiros a 30 dias,Características Tecnicas1,Cond Aderência,Distrito,Concelho,Freguesia,Pov. Proxima,Nome arruamento,Tipos Vias,Cod Via,Estado Conservação,Km,Factores Atmosféricos,Reg Circulação1,Intersecção Vias,Localizações,Luminosidade,Marca Via,Natureza,Obras Arte,Obstáculos,Sentidos,Sinais,Sinais Luminosos,Tipo Piso,Traçado 1,Traçado 2,Traçado 3,Traçado 4,Via Trânsito
2015897550,2015:02:09 09:00:00,01/09/00,02/01/00,01/01/00,Polícia de Segurança Pública,50.0,50.0,Segunda-Feira,"41,429654","-8,298872",0,1,0,Estrada sem separador,Seco e limpo,Braga,Guimaraes,Urgezes,,Rua António da Costa Guimarães                                                                      ,Arruamento,0,Em bom estado,,Bom tempo,Dois sentidos,Fora da intersecção,Dentro das localidades,Em pleno dia,Com marcas - separadoras de sentido e de vias de trânsito,Atropelamento de peões,NÃO DEFINIDO,Inexistentes,NÃO DEFINIDO,Outros,Inexistentes,Betuminoso,Recta,Com inclinação,Sem berma ou impraticável,Em plena via,Direita
20181372933,2018:02:01 21:45:00,01/01/00,02/01/00,01/01/00,Guarda Nacional Republicana,90.0,90.0,Quinta-Feira ,"37,448716","-7,680985",0,0,2,Estrada sem separador,Seco e limpo,Faro,Alcoutim,União das freguesias de Alcoutim e Pereiro,Faro,,EN - Estrada Nacional,EN124,Em bom estado,"120,5",Bom tempo,Dois sentidos,Fora da intersecção,Fora das localidades,"Noite, sem iluminação",Com marcas - separadoras de sentido de trânsito,Colisão frontal,NÃO DEFINIDO,Inexistentes,NÃO DEFINIDO,NÃO DEFINIDO,Inexistentes,Betuminoso,Recta,Em patamar,Berma não pavimentada,Em plena via,Direita
2014800613,2014:02:22 11:18:00,01/22/00,02/01/00,01/01/00,Guarda Nacional Republicana,50.0,50.0,Sábado       ,"41,446463","-8,366062",0,0,1,Estrada sem separador,Seco e limpo,Viana do Castelo,Ponte de Lima,Correlhã,,,EN - Estrada Nacional,EN203,Em bom estado,18.0,Bom tempo,Dois sentidos,Em entroncamento,Dentro das localidades,Em pleno dia,Com marcas - separadoras de sentido de trânsito,Despiste simples,NÃO DEFINIDO,Inexistentes,NÃO DEFINIDO,Proibição de ultrapassagem,Intermitente,Betuminoso,Recta,Em patamar,Berma pavimentada,Na berma,Direita
2015911839,2015:02:26 16:10:00,01/26/00,02/01/00,01/01/00,Polícia de Segurança Pública,50.0,50.0,Quinta-Feira ,"38,799032","-9,232203",0,0,1,Estrada sem separador,Seco e limpo,Lisboa,Sintra,União das freguesias de Massamá e Monte Abraão,Queluz,Rua Direita de Massamá                                                                              ,Arruamento,0,Em estado regular,,Bom tempo,Dois sentidos,Fora da intersecção,Dentro das localidades,Em pleno dia,Com marcas - separadoras de sentido e de vias de trânsito,Colisão com fuga,NÃO DEFINIDO,Inexistentes,NÃO DEFINIDO,Outros,Inexistentes,Betuminoso,Recta,Em patamar,Sem berma ou impraticável,Em plena via,Direita
2012602883,2012:02:10 14:20:00,01/10/00,02/01/00,01/01/00,Guarda Nacional Republicana,50.0,50.0,Sexta-Feira  ,"40,738270","-7,761325",0,0,1,Estrada sem separador,Seco e limpo,Viseu,Viseu,Rio de Loba,TRAVASSOS,,EN - Estrada Nacional,EN229,Em bom estado,73.7,Bom tempo,Dois sentidos,Fora da intersecção,Dentro das localidades,Em pleno dia,Com marcas - separadoras de sentido e de vias de trânsito,Colisão traseira com outro veículo em movimento,NÃO DEFINIDO,Inexistentes,NÃO DEFINIDO,Proibição de ultrapassagem,Inexistentes,Betuminoso,Recta,Com inclinação,Berma pavimentada,Em plena via,Direita
20181378556,2018:02:28 13:30:00,01/28/00,02/01/00,01/01/00,Guarda Nacional Republicana,120.0,120.0,Quarta-Feira ,"39,359007","-8,636531",0,0,2,Auto-estrada,Com água acumulada na faixa de rodagem,Santarém,Santarem,União das freguesias de Casével e Vaqueiros,Santarém,,A  - Auto-Estrada,A1,Em bom estado,"80,55",Chuva,Sentido único,Fora da intersecção,Fora das localidades,Em pleno dia,Com marcas - separadoras de sentido e de vias de trânsito,Despiste simples,NÃO DEFINIDO,Inexistentes,No sentido decrescente da quilometragem,NÃO DEFINIDO,Inexistentes,Betuminoso,Recta,Em patamar,Berma pavimentada,Em plena via,Esquerda
2012602744,2012:02:18 07:05:00,01/18/00,02/01/00,01/01/00,Guarda Nacional Republicana,50.0,50.0,Sábado       ,"39,177441","-8,762539",0,0,1,Estrada sem separador,Seco e limpo,Santarém,Cartaxo,Vila Chã de Ourique,VILA CHA DE OURIQUE,,EN - Estrada Nacional,EN3,Em bom estado,27.1,Bom tempo,Dois sentidos,Fora da intersecção,Dentro das localidades,Em pleno dia,Com marcas - separadoras de sentido de trânsito,Despiste com colisão com veículo imobil. ou obstáculo,NÃO DEFINIDO,Inexistentes,NÃO DEFINIDO,NÃO DEFINIDO,Inexistentes,Betuminoso,Recta,Em patamar,Berma não pavimentada,Na berma,Direita
20181373806,2018:02:06 16:00:00,01/06/00,02/01/00,01/01/00,Guarda Nacional Republicana,50.0,50.0,Terça-Feira  ,"41,147361","-8,617169",0,0,1,Estrada sem separador,Seco e limpo,Porto,Santo Tirso,Negrelos (São Tomé),Porto,Avenida da Industria Textil,Arruamento,0,Em bom estado,,Bom tempo,Dois sentidos,Fora da intersecção,Dentro das localidades,Em pleno dia,Sem marcas rodoviárias ou pouco visíveis,Colisão com outras situações,NÃO DEFINIDO,Inexistentes,NÃO DEFINIDO,Outros,Desligada,Betuminoso,Recta,Em patamar,Berma pavimentada,Em plena via,Direita
2013684904,2013:02:12 18:45:00,01/12/00,02/01/00,01/01/00,Guarda Nacional Republicana,50.0,50.0,Terça-Feira  ,,,0,0,1,Estrada sem separador,Molhado,Braga,Braga,Celeirós,Celeirós,,EM - Estrada Municipal,EM569-1,Em bom estado,,Chuva,Dois sentidos,Fora da intersecção,Dentro das localidades,"Noite, sem iluminação",Com marcas - separadoras de sentido e de vias de trânsito,Atropelamento de peões,NÃO DEFINIDO,Inexistentes,NÃO DEFINIDO,Outros,Inexistentes,Betuminoso,Recta,Em patamar,Berma pavimentada,Em plena via,Esquerda
2014801022,2014:02:24 07:20:00,01/24/00,02/01/00,01/01/00,Guarda Nacional Republicana,90.0,90.0,Segunda-Feira,"39,306523","-8,007777",0,0,1,Estrada sem separador,Húmido,Santarém,Macao,Ortiga,Vale da Abelha,,EN - Estrada Nacional,EN3-12,Em bom estado,4.8,Bom tempo,Dois sentidos,Em cruzamento,Fora das localidades,Em pleno dia,Com marcas - separadoras de sentido de trânsito,Colisão lateral com outro veículo em movimento,NÃO DEFINIDO,Inexistentes,NÃO DEFINIDO,Stop,Inexistentes,Betuminoso,Curva,Em patamar,Sem berma ou impraticável,Em plena via,Direita
2015946898,2015:02:19 18:30:00,01/19/00,02/01/00,01/01/00,Guarda Nacional Republicana,50.0,50.0,Quinta-Feira ,"40,177674","-8,679849",0,0,1,Estrada sem separador,Seco e limpo,Coimbra,Montemor-o-Velho,União das freguesias de Montemor-o-Velho e Gatões,,Rua dos Bombeiros Voluntários de Montemor o Velho,Arruamento,0,Em bom estado,,Bom tempo,Reversível,Fora da intersecção,Dentro das localidades,"Noite, com iluminação",Com marcas - separadoras de sentido de trânsito,Atropelamento de peões,NÃO DEFINIDO,Inexistentes,NÃO DEFINIDO,NÃO DEFINIDO,Inexistentes,Calçada,Recta,Em patamar,Berma pavimentada,Em plena via,Direita
2012600116,2012:02:20 17:25:00,01/20/00,02/01/00,01/01/00,Guarda Nacional Republicana,50.0,50.0,Segunda-Feira,"40,43691","8,38245",0,0,1,Estrada sem separador,Seco e limpo,Aveiro,Murtosa,Murtosa,MURTOSA,R DOS POCINHOS,Arruamento,0,Em estado regular,,Bom tempo,Dois sentidos,Fora da intersecção,Dentro das localidades,Em pleno dia,Sem marcas rodoviárias ou pouco visíveis,Colisão frontal,NÃO DEFINIDO,Inexistentes,NÃO DEFINIDO,Outros,Inexistentes,Betuminoso,Recta,Em patamar,Sem berma ou impraticável,Em plena via,Direita
2011511947,2011:02:18 18:52:00,01/18/00,02/01/00,01/01/00,Polícia de Segurança Pública,50.0,50.0,Sexta-Feira  ,"0,00","0,00",0,0,1,Estrada sem separador,Seco e limpo,Lisboa,Cascais,São Domingos de Rana,,Rua Principal                                                                                       ,Arruamento,0,Em bom estado,,Chuva,Dois sentidos,Fora da intersecção,Dentro das localidades,"Noite, com iluminação",Sem marcas rodoviárias ou pouco visíveis,Atropelamento de peões,NÃO DEFINIDO,Inexistentes,NÃO DEFINIDO,Passagem de peões,Inexistentes,Betuminoso,Recta,Em patamar,Sem berma ou impraticável,Em plena via,Direita
20161117742,2016:02:04 15:45:00,01/04/00,02/01/00,01/01/00,Guarda Nacional Republicana,50.0,90.0,Quinta-Feira ,"37,038095","-7,550401",0,0,1,Estrada sem separador,Seco e limpo,Faro,Faro,União das freguesias de Conceição e Estoi,CONCEIÇÃO DE FARO,,EM - Estrada Municipal,EM519-1,Em estado regular,,Bom tempo,Dois sentidos,Em cruzamento,Fora das localidades,Em pleno dia,Sem marcas rodoviárias ou pouco visíveis,Colisão lateral com outro veículo em movimento,NÃO DEFINIDO,Inexistentes,NÃO DEFINIDO,Stop,Inexistentes,Betão de cimento,Recta,Em patamar,Berma não pavimentada,Em plena via,Direita
2015946357,2015:02:14 19:50:00,01/14/00,02/01/00,01/01/00,Guarda Nacional Republicana,120.0,120.0,Sábado       ,"40,393995","-8,045767",0,0,1,Auto-estrada,Molhado,Viseu,Vouzela,Ventosa,Ventosa,,A  - Auto-Estrada,A25,Em bom estado,73.585,Chuva,Sentido único,Fora da intersecção,Fora das localidades,"Noite, sem iluminação",Com marcas - separadoras de sentido e de vias de trânsito,Despiste simples,NÃO DEFINIDO,Inexistentes,No sentido crescente da quilometragem,Outros,Inexistentes,Betuminoso,Recta,Com inclinação,Berma pavimentada,Em plena via,Esquerda
20191794357,2019:02:17 18:10:00,01/17/00,02/01/00,01/01/00,Polícia de Segurança Pública,50.0,50.0,Domingo      ,"41,764733","-8,582740",0,0,1,Estrada sem separador,Seco e limpo,Viana do Castelo,Ponte de Lima,Arca e Ponte de Lima,Ponte de Lima,Rua do Sobral,Arruamento,0,Em bom estado,,Bom tempo,Dois sentidos,NÃO DEFINIDO,Dentro das localidades,Em pleno dia,Com marcas - separadoras de sentido de trânsito,Colisão lateral com outro veículo em movimento,NÃO DEFINIDO,Inexistentes,NÃO DEFINIDO,NÃO DEFINIDO,Inexistentes,Betuminoso,Recta,Em patamar,Berma pavimentada,Em plena via,Direita
20191701339,2019:02:23 09:15:00,01/23/00,02/01/00,01/01/00,Guarda Nacional Republicana,50.0,50.0,Sábado       ,"39,708600","-8,651134",0,0,1,Estrada sem separador,Com gravilha ou areia,Santarém,Ourem,União das freguesias de Matas e Cercal,Cercal,Rua Principal - Cercal 35,Arruamento,0,Em mau estado,,Bom tempo,Dois sentidos,Fora da intersecção,Dentro das localidades,Em pleno dia,Sem marcas rodoviárias ou pouco visíveis,Despiste simples,NÃO DEFINIDO,Não sinalizados,NÃO DEFINIDO,NÃO DEFINIDO,Inexistentes,Betuminoso,Curva,Com inclinação,Berma pavimentada,Na berma,Direita
20161026339,2016:02:06 22:40:00,01/06/00,02/01/00,01/01/00,Polícia de Segurança Pública,50.0,50.0,Sábado       ,"38,720967","-9,180655",0,0,1,Estrada sem separador,Seco e limpo,Lisboa,Lisboa,Campolide,,Estrada Pimenteira                                                                                  ,Arruamento,0,Em bom estado,,Bom tempo,Dois sentidos,Em entroncamento,Dentro das localidades,"Noite, com iluminação",Com marcas - separadoras de sentido e de vias de trânsito,Despiste sem dispositivo de retenção,NÃO DEFINIDO,Inexistentes,NÃO DEFINIDO,Outros,Inexistentes,Betuminoso,Curva,Com inclinação,Berma pavimentada,Em plena via,Direita
2014801046,2014:02:24 21:30:00,01/24/00,02/01/00,01/01/00,Guarda Nacional Republicana,90.0,90.0,Segunda-Feira,"39,264603","-8,283226",0,0,1,Estrada sem separador,Seco e limpo,Santarém,Golega,Golegã,Golegã,,EN - Estrada Nacional,EN365,Em bom estado,75.85,Bom tempo,Dois sentidos,Fora da intersecção,Fora das localidades,"Noite, sem iluminação",Com marcas - separadoras de sentido de trânsito,Despiste simples,NÃO DEFINIDO,Inexistentes,NÃO DEFINIDO,Proibição de ultrapassagem,Inexistentes,Betuminoso,Curva,Em patamar,Sem berma ou impraticável,Em plena via,Direita
20191706605,2019:02:07 17:50:00,01/07/00,02/01/00,01/01/00,Guarda Nacional Republicana,90.0,90.0,Quinta-Feira ,"37,664330","-8,241605",0,0,1,Estrada sem separador,Seco e limpo,Beja,Ourique,Ourique,Ourique,,EN - Estrada Nacional,EN123,Em bom estado,"53,4",Bom tempo,Dois sentidos,Fora da intersecção,Fora das localidades,"Noite, sem iluminação",Com marcas - separadoras de sentido de trânsito,Despiste simples,NÃO DEFINIDO,Inexistentes,NÃO DEFINIDO,Outros,Inexistentes,Betuminoso,Curva,Com inclinação,Sem berma ou impraticável,Na berma,Direita
2014800529,2014:02:04 18:30:00,01/04/00,02/01/00,01/01/00,Guarda Nacional Republicana,50.0,50.0,Terça-Feira  ,"38,521386","-9,051840",0,0,1,Estrada sem separador,Molhado,Lisboa,Vila Franca de Xira,Vialonga,Morgado,Rua Coronel Costa,Arruamento,0,Em bom estado,,Chuva,Dois sentidos,Fora da intersecção,Dentro das localidades,"Noite, com iluminação",Com marcas - separadoras de sentido de trânsito,Atropelamento de peões,NÃO DEFINIDO,Inexistentes,NÃO DEFINIDO,Passagem de peões,Inexistentes,Betuminoso,Recta,Em patamar,Berma pavimentada,Em plena via,Direita
2014802507,2014:02:16 17:30:00,01/16/00,02/01/00,01/01/00,Guarda Nacional Republicana,50.0,50.0,Domingo      ,"40,451801","-8,340376",0,0,1,Estrada sem separador,Seco e limpo,Aveiro,Estarreja,União das freguesias de Beduído e Veiros,Estarreja,Avª 25 de Abril,Arruamento,0,Em bom estado,,Bom tempo,Dois sentidos,Em cruzamento,Dentro das localidades,Em pleno dia,Com marcas - separadoras de sentido de trânsito,Atropelamento de peões,NÃO DEFINIDO,Inexistentes,NÃO DEFINIDO,NÃO DEFINIDO,Inexistentes,Betuminoso,Curva,Em patamar,Berma pavimentada,Em plena via,Direita
2010446479,2010:02:22 23:00:00,01/22/00,02/01/00,01/01/00,Guarda Nacional Republicana,90.0,90.0,Segunda-Feira,,,0,0,2,Estrada sem separador,Molhado,Aveiro,Santa Maria da Feira,Nogueira da Regedoura,NOGUEIRA REGEDOURA,,EM - Estrada Municipal,0,Em bom estado,,Chuva,Dois sentidos,Fora da intersecção,Fora das localidades,"Noite, com iluminação",Sem marcas rodoviárias ou pouco visíveis,Colisão traseira com outro veículo em movimento,NÃO DEFINIDO,Inexistentes,NÃO DEFINIDO,Outros,Inexistentes,Betuminoso,Recta,Com inclinação,Berma não pavimentada,Em plena via,Direita
2012587460,2012:02:05 17:35:00,01/05/00,02/01/00,01/01/00,Polícia de Segurança Pública,50.0,50.0,Domingo      ,"0,00","0,00",0,0,2,Outra via,Seco e limpo,Lisboa,Lisboa,São Domingos de Benfica,,Avenida Combatentes                                                                                 ,Arruamento,0,Em bom estado,,Bom tempo,Sentido único,Fora da intersecção,Dentro das localidades,Em pleno dia,Com marcas - separadoras de sentido e de vias de trânsito,Colisão com veiculo ou obstáculo na faixa de rodagem,NÃO DEFINIDO,Inexistentes,NÃO DEFINIDO,NÃO DEFINIDO,Inexistentes,Betuminoso,Recta,Em patamar,Berma pavimentada,Em plena via,Central
2013686597,2013:02:19 15:00:00,01/19/00,02/01/00,01/01/00,Guarda Nacional Republicana,50.0,50.0,Terça-Feira  ,"39,51668","-08,01539",0,1,1,Estrada sem separador,Molhado,Castelo Branco,Serta,Sertã,Cruz do Fundão,,EN - Estrada Nacional,EN238-1,Em estado regular,0.8,Chuva,Dois sentidos,Fora da intersecção,Fora das localidades,Em pleno dia,Com marcas - separadoras de sentido de trânsito,Despiste com capotamento,NÃO DEFINIDO,Correctamente sinalizados,NÃO DEFINIDO,Proibição de ultrapassagem,Inexistentes,Betuminoso,Curva,Com inclinação,Sem berma ou impraticável,Em plena via,Direita
20181359894,2018:02:10 18:00:00,01/10/00,02/01/00,01/01/00,Polícia de Segurança Pública,50.0,50.0,Sábado       ,"41,163252","-8,615772",0,0,1,Estrada sem separador,Seco e limpo,Porto,Porto,Paranhos,Porto,Rua Constituição,Arruamento,0,Em bom estado,,Bom tempo,Sentido único,Fora da intersecção,Dentro das localidades,Aurora ou crepúsculo,Com marcas - separadoras de sentido de trânsito,Colisão com outras situações,NÃO DEFINIDO,Inexistentes,NÃO DEFINIDO,Outros,A funcionar normalmente,Betuminoso,Recta,Em patamar,Berma pavimentada,Em plena via,Esquerda
2015942827,2015:02:04 17:20:00,01/04/00,02/01/00,01/01/00,Guarda Nacional Republicana,50.0,50.0,Quarta-Feira ,"40,078733","-7,371961",0,1,0,Estrada sem separador,Seco e limpo,Castelo Branco,Fundao,Lavacolhos,,Rua do Adro Lavacolhos,Arruamento,0,Em bom estado,,Bom tempo,Dois sentidos,Fora da intersecção,Dentro das localidades,Em pleno dia,Sem marcas rodoviárias ou pouco visíveis,Despiste simples,NÃO DEFINIDO,Inexistentes,NÃO DEFINIDO,NÃO DEFINIDO,Inexistentes,Calçada,Recta,Em patamar,Sem berma ou impraticável,Em plena via,Direita
2010446804,2010:02:25 02:00:00,01/25/00,02/01/00,01/01/00,Guarda Nacional Republicana,60.0,90.0,Quinta-Feira ,"39,734364","-8,825035",0,0,1,Estrada sem separador,Com água acumulada na faixa de rodagem,Leiria,Leiria,Parceiros,ALTO VIEIRO,,EN - Estrada Nacional,EN1,Em estado regular,121.2,Chuva,Dois sentidos,Em entroncamento,Fora das localidades,"Noite, sem iluminação",Com marcas - separadoras de sentido e de vias de trânsito,Despiste com capotamento,NÃO DEFINIDO,Inexistentes,NÃO DEFINIDO,Outros,Inexistentes,Betuminoso,Curva,Com inclinação,Berma pavimentada,Em plena via,Direita
2012590964,2012:02:22 10:45:00,01/22/00,02/01/00,01/01/00,Polícia de Segurança Pública,50.0,50.0,Quarta-Feira ,"0,00","0,00",0,0,1,Estrada sem separador,Seco e limpo,Lisboa,Lisboa,Socorro,,Rua Fernandes da Fonseca,Arruamento,0,Em bom estado,,Bom tempo,Sentido único,Em cruzamento,Dentro das localidades,Em pleno dia,Sem marcas rodoviárias ou pouco visíveis,Atropelamento de peões,NÃO DEFINIDO,Inexistentes,NÃO DEFINIDO,Outros,Inexistentes,Calçada,Recta,Em patamar,Berma pavimentada,No passeio,Direita
2012590106,2012:02:16 20:05:00,01/16/00,02/01/00,01/01/00,Polícia de Segurança Pública,50.0,50.0,Quinta-Feira ,"0,00","0,00",0,0,1,Outra via,Húmido,Porto,Porto,Foz do Douro,Porto,Avenida Marechal Gomes da Costa                                                                     ,Arruamento,0,Em estado regular,,Bom tempo,Dois sentidos,Em cruzamento,Dentro das localidades,"Noite, com iluminação",Com marcas - separadoras de sentido e de vias de trânsito,Colisão com fuga,NÃO DEFINIDO,Inexistentes,No sentido decrescente da quilometragem,Outros,Inexistentes,Betuminoso,Recta,Em patamar,Berma pavimentada,Em plena via,Direita
20161031326,2016:02:28 13:00:00,01/28/00,02/01/00,01/01/00,Polícia de Segurança Pública,50.0,50.0,Domingo      ,"41,163623","-8,570281",0,0,1,Estrada sem separador,Seco e limpo,Porto,Porto,Campanhã,Porto,Rua Nossa Senhora Calvário                                                                          ,Arruamento,0,Em bom estado,,Bom tempo,Dois sentidos,Fora da intersecção,Dentro das localidades,Em pleno dia,Com marcas - separadoras de sentido e de vias de trânsito,Atropelamento de peões,NÃO DEFINIDO,Inexistentes,NÃO DEFINIDO,Passagem de peões,Inexistentes,Betuminoso,Recta,Com inclinação,Berma pavimentada,No passeio,Direita
2014801837,2014:02:22 17:30:00,01/22/00,02/01/00,01/01/00,Guarda Nacional Republicana,90.0,90.0,Sábado       ,"39,569082","-7,575194",0,0,4,Estrada sem separador,Húmido,Castelo Branco,Oleiros,Álvaro,Bechinheira,,Outra Via,0,Em estado regular,,Bom tempo,Dois sentidos,Fora da intersecção,Fora das localidades,Em pleno dia,Sem marcas rodoviárias ou pouco visíveis,Despiste com capotamento,NÃO DEFINIDO,Inexistentes,NÃO DEFINIDO,Outros,Inexistentes,Terra batida,Recta,Com inclinação,Sem berma ou impraticável,Na berma,Direita
2011511781,2011:02:14 17:10:00,01/14/00,02/01/00,01/01/00,Polícia de Segurança Pública,50.0,50.0,Segunda-Feira,"0,00","0,00",0,0,1,Outra via,Seco e limpo,Braga,Braga,Braga (São Vítor),,Avenida 31 de Janeiro,Arruamento,0,Em bom estado,,Chuva,Dois sentidos,Em entroncamento,Dentro das localidades,"Noite, com iluminação",Com marcas - separadoras de sentido e de vias de trânsito,Atropelamento com fuga,NÃO DEFINIDO,Inexistentes,NÃO DEFINIDO,Passagem de peões,A funcionar normalmente,Betuminoso,Curva,NÃO DEFINIDO,Berma pavimentada,Em plena via,Direita
20161118752,2016:02:09 15:00:00,01/09/00,02/01/00,01/01/00,Guarda Nacional Republicana,50.0,50.0,Terça-Feira  ,"41,181955","-8,472351",0,0,4,Estrada sem separador,Molhado,Porto,Vila do Conde,Modivas,MODIVAS,AVENIDA FONTE COVA,Arruamento,0,Em bom estado,,Chuva,Sentido único,Fora da intersecção,Dentro das localidades,Em pleno dia,Com marcas - separadoras de sentido e de vias de trânsito,Colisão frontal,NÃO DEFINIDO,Inexistentes,NÃO DEFINIDO,Outros,Inexistentes,Betuminoso,Recta,Em patamar,Berma pavimentada,Em plena via,Direita
20161120741,2016:02:18 08:45:00,01/18/00,02/01/00,01/01/00,Guarda Nacional Republicana,50.0,50.0,Quinta-Feira ,"41,241315","-8,221175",0,0,1,Estrada sem separador,Húmido,Braga,Guimaraes,Serzedelo,SERZEDELO,Rua da Eirinha,Arruamento,0,Em estado regular,,Bom tempo,Dois sentidos,Fora da intersecção,Dentro das localidades,Em pleno dia,Com marcas - separadoras de sentido de trânsito,Atropelamento de peões,NÃO DEFINIDO,Inexistentes,NÃO DEFINIDO,Passagem de peões,A funcionar normalmente,Betuminoso,Recta,Em patamar,Berma pavimentada,Em plena via,Direita
2015945165,2015:02:01 23:10:00,01/01/00,02/01/00,01/01/00,Guarda Nacional Republicana,120.0,120.0,Domingo      ,"38,531352","-7,042268",0,0,1,Auto-estrada,Húmido,Portalegre,Elvas,"Caia, São Pedro e Alcáçova",Elvas,,A  - Auto-Estrada,A6,Em bom estado,155.6,Bom tempo,Sentido único,Fora da intersecção,Fora das localidades,"Noite, sem iluminação",Com marcas - separadoras de sentido e de vias de trânsito,Despiste simples,NÃO DEFINIDO,Inexistentes,No sentido crescente da quilometragem,NÃO DEFINIDO,Inexistentes,Betuminoso,Recta,Em patamar,Berma pavimentada,Em plena via,Direita
2014767679,2014:02:21 17:00:00,01/21/00,02/01/00,01/01/00,Polícia de Segurança Pública,50.0,50.0,Sexta-Feira  ,"38,745694","-9,206497",0,0,1,Outra via,Seco e limpo,Lisboa,Lisboa,Benfica,,Rua da Casquilha,Arruamento,0,Em bom estado,,Bom tempo,Dois sentidos,Fora da intersecção,Dentro das localidades,Em pleno dia,Sem marcas rodoviárias ou pouco visíveis,Colisão frontal,NÃO DEFINIDO,Inexistentes,No sentido crescente da quilometragem,Stop,Inexistentes,Betuminoso,Curva,Em patamar,Berma pavimentada,Em plena via,Direita
2010431767,2010:02:04 12:00:00,01/04/00,02/01/00,01/01/00,Polícia de Segurança Pública,50.0,50.0,Quinta-Feira ,"0,00","0,00",0,0,1,Estrada sem separador,Húmido,Porto,Porto,Paranhos,,Rua Covelo,Arruamento,0,Em estado regular,,Chuva,Sentido único,Em cruzamento,Dentro das localidades,Em pleno dia,Com marcas - separadoras de sentido e de vias de trânsito,Atropelamento de peões,NÃO DEFINIDO,Inexistentes,NÃO DEFINIDO,Passagem de peões,Inexistentes,Betuminoso,Curva,Em patamar,Sem berma ou impraticável,Em plena via,Direita
2014801601,2014:02:12 19:00:00,01/12/00,02/01/00,01/01/00,Guarda Nacional Republicana,50.0,50.0,Quarta-Feira ,"39,445810","-8,421370",0,0,1,Estrada sem separador,Molhado,Leiria,Leiria,Caranguejeira,Vale da Catarina,Rua 1º de Dezembro,Arruamento,0,Em estado regular,,Chuva,Dois sentidos,Em entroncamento,Dentro das localidades,"Noite, com iluminação",Sem marcas rodoviárias ou pouco visíveis,Despiste simples,NÃO DEFINIDO,Inexistentes,NÃO DEFINIDO,Outros,Inexistentes,Betuminoso,Recta,Em patamar,Berma pavimentada,Em plena via,Direita
20181376491,2018:02:19 19:20:00,01/19/00,02/01/00,01/01/00,Guarda Nacional Republicana,120.0,120.0,Segunda-Feira,"41,165241","-8,394532",0,0,1,Auto-estrada,Seco e limpo,Porto,Paredes,Recarei,Vilar do Paraíso,,A  - Auto-Estrada,A4,Em bom estado,"25,75",Bom tempo,Sentido único,Fora da intersecção,Fora das localidades,"Noite, sem iluminação",Com marcas - separadoras de sentido e de vias de trânsito,Despiste simples,NÃO DEFINIDO,Inexistentes,No sentido crescente da quilometragem,NÃO DEFINIDO,Inexistentes,Betuminoso,Curva,Com inclinação,Berma pavimentada,Em plena via,Direita
2015945400,2015:02:19 00:45:00,01/19/00,02/01/00,01/01/00,Guarda Nacional Republicana,50.0,50.0,Quinta-Feira ,"38,844148","-9,404381",0,0,1,Estrada sem separador,Seco e limpo,Lisboa,Sintra,"União das freguesias de Sintra (Santa Maria e São Miguel, São Martinho e São Pedro de Penaferrim)",Aldeia Galega,,Outra Via,0,Em estado regular,,Bom tempo,Dois sentidos,Fora da intersecção,Dentro das localidades,"Noite, com iluminação",Com marcas - separadoras de sentido de trânsito,Despiste simples,NÃO DEFINIDO,Inexistentes,NÃO DEFINIDO,NÃO DEFINIDO,Inexistentes,Betuminoso,Recta,Em patamar,Berma não pavimentada,Em plena via,Direita
20191662541,2019:02:19 08:40:00,01/19/00,02/01/00,01/01/00,Polícia de Segurança Pública,120.0,120.0,Terça-Feira  ,"0,0","0,0",0,0,1,Auto-estrada,Seco e limpo,Lisboa,Sintra,União das freguesias de Queluz e Belas,,,A  - Auto-Estrada,A9,Em bom estado,"1,85",Bom tempo,Sentido único,Fora da intersecção,Fora das localidades,Em pleno dia,Com marcas - separadoras de sentido e de vias de trânsito,Colisão choque em cadeia,NÃO DEFINIDO,Inexistentes,No sentido decrescente da quilometragem,Outros,Inexistentes,Betuminoso,Recta,Em patamar,Berma pavimentada,Em plena via,Direita
20161029877,2016:02:18 18:15:00,01/18/00,02/01/00,01/01/00,Polícia de Segurança Pública,50.0,50.0,Quinta-Feira ,"40,673319","-7,921188",0,0,1,Estrada sem separador,Seco e limpo,Viseu,Viseu,Abraveses,Viseu,Avenida da Bélgica,Arruamento,0,Em bom estado,,Bom tempo,Dois sentidos,Fora da intersecção,Dentro das localidades,Aurora ou crepúsculo,Com marcas - separadoras de sentido e de vias de trânsito,Colisão lateral com outro veículo em movimento,NÃO DEFINIDO,Inexistentes,NÃO DEFINIDO,NÃO DEFINIDO,Inexistentes,Betuminoso,Recta,Com inclinação,Berma pavimentada,Em plena via,Direita
2015946293,2015:02:13 17:50:00,01/13/00,02/01/00,01/01/00,Guarda Nacional Republicana,50.0,50.0,Sexta-Feira  ,"41,395493","-8,446731",0,0,1,Estrada sem separador,Molhado,Viana do Castelo,Viana do Castelo,Vila de Punhe,Vila Fria,,EN - Estrada Nacional,EN308,Em bom estado,3.605,Chuva,Dois sentidos,Fora da intersecção,Dentro das localidades,Aurora ou crepúsculo,Com marcas - separadoras de sentido de trânsito,Colisão lateral com outro veículo em movimento,NÃO DEFINIDO,Inexistentes,NÃO DEFINIDO,NÃO DEFINIDO,Inexistentes,Betuminoso,Curva,Com inclinação,Berma pavimentada,Em plena via,Direita