Id. Acidente,Datahora,Dia,Mês,Hora,Entidades Fiscalizadoras,Velocidade local,Velocidade geral,Dia da Semana,Latitude GPS,Longitude GPS,Num. Mortos a 30 dias,Num. Feridos graves a 30 dias,Num. Feridos ligeiros a 30 dias,Características Tecnicas1,Cond Aderência,Distrito,Concelho,Freguesia,Pov. Proxima,Nome arruamento,Tipos Vias,Cod Via,Estado Conservação,Km,Factores Atmosféricos,Reg Circulação1,Intersecção Vias,Localizações,Luminosidade,Marca Via,Natureza,Obras Arte,Obstáculos,Sentidos,Sinais,Sinais Luminosos,Tipo Piso,Traçado 1,Traçado 2,Traçado 3,Traçado 4,Via Trânsito
2014801979,2014:02:20 16:35:00,01/20/00,02/01/00,01/01/00,Guarda Nacional Republicana,50.0,50.0,Quinta-Feira ,"39,540470","-8,222610",0,0,1,Estrada sem separador,Molhado,Leiria,Ansiao,Chão de Couce,Pontão,,EN - Estrada Nacional,EN110,Em bom estado,59.4,Chuva,Dois sentidos,Em cruzamento,Dentro das localidades,Em pleno dia,Com marcas - separadoras de sentido de trânsito,Colisão lateral com outro veículo em movimento,NÃO DEFINIDO,Inexistentes,NÃO DEFINIDO,NÃO DEFINIDO,Intermitente,Betuminoso,Recta,Em patamar,Berma pavimentada,Em plena via,Direita
2010446181,2010:02:22 13:00:00,01/22/00,02/01/00,01/01/00,Guarda Nacional Republicana,40.0,100.0,Segunda-Feira,"40,271453","-8,447238",0,0,2,Outra via,Molhado,Coimbra,Coimbra,Trouxemil,TROUXEMIL,,IP- Itinerário Principal,IP3,Em estado regular,42.75,Chuva,Sentido único,Fora da intersecção,Fora das localidades,Em pleno dia,Com marcas - separadoras de sentido e de vias de trânsito,Despiste com capotamento,NÃO DEFINIDO,Inexistentes,No sentido decrescente da quilometragem,Outros,Inexistentes,Betuminoso,Curva,Com inclinação,Berma pavimentada,Em plena via,Direita
20191705842,2019:02:04 00:30:00,01/04/00,02/01/00,01/01/00,Guarda Nacional Republicana,120.0,120.0,Segunda-Feira,"40,510830","-8,536406",0,0,1,Auto-estrada,Seco e limpo,Aveiro,Oliveira do Bairro,Oiã,Oiâ.,,A  - Auto-Estrada,A1,Em estado regular,"227,676",Bom tempo,Sentido único,Fora da intersecção,Fora das localidades,"Noite, sem iluminação",Com marcas - separadoras de sentido e de vias de trânsito,Despiste com capotamento,NÃO DEFINIDO,Inexistentes,No sentido decrescente da quilometragem,NÃO DEFINIDO,Inexistentes,Betuminoso,Recta,Em patamar,Berma pavimentada,Em plena via,Direita
2010446642,2010:02:21 16:20:00,01/21/00,02/01/00,01/01/00,Guarda Nacional Republicana,50.0,50.0,Domingo      ,,,0,0,3,Estrada sem separador,Molhado,Santarém,Ourem,Nossa Senhora da Piedade,CARIDADE,EST CARIDADE,Arruamento,0,Em estado regular,,Chuva,Dois sentidos,Em cruzamento,Dentro das localidades,Em pleno dia,Sem marcas rodoviárias ou pouco visíveis,Colisão lateral com outro veículo em movimento,NÃO DEFINIDO,Inexistentes,NÃO DEFINIDO,Stop,Inexistentes,Betuminoso,Recta,Em patamar,Sem berma ou impraticável,Em plena via,Direita
2012589147,2012:02:16 17:00:00,01/16/00,02/01/00,01/01/00,Polícia de Segurança Pública,50.0,50.0,Quinta-Feira ,"0,00","0,00",0,0,1,Estrada sem separador,Seco e limpo,Lisboa,Oeiras,Paço de Arcos,Paço de Arcos,Avenida António Bernardo Cabral de Macedo                                                           ,Arruamento,0,Em bom estado,,Bom tempo,Dois sentidos,Fora da intersecção,Dentro das localidades,Em pleno dia,Com marcas - separadoras de sentido de trânsito,Atropelamento de peões,NÃO DEFINIDO,Inexistentes,NÃO DEFINIDO,Outros,Inexistentes,Betuminoso,Recta,Com inclinação,Sem berma ou impraticável,Em plena via,Direita
2013686121,2013:02:27 07:50:00,01/27/00,02/01/00,01/01/00,Guarda Nacional Republicana,50.0,90.0,Quarta-Feira ,,,0,0,3,Estrada sem separador,Seco e limpo,Leiria,Leiria,Arrabal,Ribeira de Martinela,,EN - Estrada Nacional,EN113,Em estado regular,8.45,Bom tempo,Dois sentidos,Em entroncamento,Dentro das localidades,Em pleno dia,Com marcas - separadoras de sentido de trânsito,Colisão com veiculo ou obstáculo na faixa de rodagem,NÃO DEFINIDO,Inexistentes,NÃO DEFINIDO,Stop,Inexistentes,Betuminoso,Recta,Com inclinação,Berma não pavimentada,Em plena via,Direita
2013667196,2013:02:21 09:00:00,01/21/00,02/01/00,01/01/00,Polícia de Segurança Pública,60.0,80.0,Quinta-Feira ,"0,00","0,00",0,0,1,Outra via,Molhado,Lisboa,Odivelas,Odivelas,Odivelas,,IC - Itinerário Complementar,IC22,Em estado regular,,Chuva,Sentido único,Fora da intersecção,Fora das localidades,Em pleno dia,Com marcas - separadoras de sentido e de vias de trânsito,Despiste com dispositivo de retenção,Viaduto/Ponte,Inexistentes,No sentido decrescente da quilometragem,NÃO DEFINIDO,Inexistentes,Betuminoso,Curva,Com inclinação,Berma pavimentada,Em plena via,Direita
2011509386,2011:02:01 20:30:00,01/01/00,02/01/00,01/01/00,Polícia de Segurança Pública,50.0,50.0,Terça-Feira  ,"0,00","0,00",0,0,1,Estrada sem separador,Seco e limpo,Porto,Porto,Aldoar,Porto,Alameda Professor Ruy Luís Gomes                                                                    ,Arruamento,0,Em bom estado,,Bom tempo,Dois sentidos,Em entroncamento,Dentro das localidades,"Noite, com iluminação",Sem marcas rodoviárias ou pouco visíveis,Atropelamento de peões,NÃO DEFINIDO,Inexistentes,NÃO DEFINIDO,Outros,Inexistentes,Betão de cimento,Recta,Em patamar,Berma pavimentada,Em plena via,Direita
2012601128,2012:02:11 16:00:00,01/11/00,02/01/00,01/01/00,Guarda Nacional Republicana,90.0,90.0,Sábado       ,"40,421803","-7,888269",0,0,1,Estrada sem separador,Seco e limpo,Coimbra,Oliveira do Hospital,Ervedal,ERVEDAL DA BEIRA,,EN - Estrada Nacional,EN231-2,Em bom estado,27.0,Bom tempo,Sentido único,Em entroncamento,Fora das localidades,Em pleno dia,Com marcas - separadoras de sentido de trânsito,Colisão lateral com outro veículo em movimento,NÃO DEFINIDO,Inexistentes,NÃO DEFINIDO,NÃO DEFINIDO,Inexistentes,Betuminoso,Recta,Em patamar,Berma pavimentada,Em plena via,Direita
2015945733,2015:02:15 19:00:00,01/15/00,02/01/00,01/01/00,Guarda Nacional Republicana,50.0,50.0,Domingo      ,"39,514352","-7,651308",0,0,1,Estrada sem separador,Seco e limpo,Portalegre,Nisa,"União das freguesias de Espírito Santo, Nossa Senhora da Graça e São Simão",Nisa,Avª D Dinis,Arruamento,0,Em bom estado,,Bom tempo,Dois sentidos,Fora da intersecção,Dentro das localidades,"Noite, com iluminação",Sem marcas rodoviárias ou pouco visíveis,Atropelamento de peões,NÃO DEFINIDO,Inexistentes,NÃO DEFINIDO,NÃO DEFINIDO,Inexistentes,Betuminoso,Recta,Em patamar,Berma pavimentada,Em plena via,Direita
2012593032,2012:02:26 00:05:00,01/26/00,02/01/00,01/01/00,Polícia de Segurança Pública,50.0,50.0,Domingo      ,"0,00","0,00",0,0,2,Outra via,Molhado,Lisboa,Oeiras,Oeiras e São Julião da Barra,Oeiras,,EN - Estrada Nacional,EN6,Em estado regular,,Bom tempo,Sentido único,Fora da intersecção,Dentro das localidades,"Noite, com iluminação",Com marcas - separadoras de sentido de trânsito,Despiste com capotamento,NÃO DEFINIDO,Inexistentes,NÃO DEFINIDO,NÃO DEFINIDO,Inexistentes,Betuminoso,Recta,Em patamar,Sem berma ou impraticável,Em plena via,Direita
20181360689,2018:02:09 11:30:00,01/09/00,02/01/00,01/01/00,Polícia de Segurança Pública,50.0,50.0,Sexta-Feira  ,"39,716333","-8,935451",0,0,1,Outra via,Molhado,Leiria,Marinha Grande,Moita,Moita,,EN - Estrada Nacional,EN242,Em bom estado,,Bom tempo,Sentido único,Em ramo de ligação - entrada,Dentro das localidades,Em pleno dia,Sem marcas rodoviárias ou pouco visíveis,Despiste com transposição do dispositivo de retenção lateral,NÃO DEFINIDO,Inexistentes,NÃO DEFINIDO,Cedência de passagem,Inexistentes,Betão de cimento,Curva,Em patamar,Berma pavimentada,Em plena via,Direita
2011509930,2011:02:06 11:10:00,01/06/00,02/01/00,01/01/00,Polícia de Segurança Pública,50.0,50.0,Domingo      ,"0,00","0,00",0,0,1,Estrada sem separador,Seco e limpo,Leiria,Caldas da Rainha,Caldas da Rainha (N Senhora do Pópu,,ROTUNDA NORTE,Arruamento,0,Em bom estado,,Bom tempo,Sentido único,Em rotunda,Dentro das localidades,Em pleno dia,Com marcas - separadoras de sentido e de vias de trânsito,Colisão lateral com outro veículo em movimento,NÃO DEFINIDO,Inexistentes,NÃO DEFINIDO,Outros,Inexistentes,Betuminoso,Curva,Em patamar,Berma pavimentada,Em plena via,Direita
2012602485,2012:02:22 11:35:00,01/22/00,02/01/00,01/01/00,Guarda Nacional Republicana,50.0,50.0,Quarta-Feira ,,,0,1,0,Estrada sem separador,Seco e limpo,Leiria,Leiria,Amor,COUCINHEIRA,R DO COMERCIO,Arruamento,0,Em estado regular,,Bom tempo,Dois sentidos,Fora da intersecção,Dentro das localidades,Em pleno dia,Sem marcas rodoviárias ou pouco visíveis,Despiste simples,NÃO DEFINIDO,Inexistentes,NÃO DEFINIDO,NÃO DEFINIDO,Inexistentes,Betuminoso,Recta,Em patamar,Sem berma ou impraticável,Em plena via,Direita
2011510451,2011:02:07 13:10:00,01/07/00,02/01/00,01/01/00,Polícia de Segurança Pública,50.0,50.0,Segunda-Feira,"0,00","0,00",0,0,1,Outra via,Húmido,Portalegre,Portalegre,Sé,,Rua de Elvas                                                                                        ,Arruamento,0,Em estado regular,,Bom tempo,Sentido único,Em entroncamento,Dentro das localidades,Em pleno dia,Com marcas - separadoras de sentido e de vias de trânsito,Colisão com veiculo ou obstáculo na faixa de rodagem,NÃO DEFINIDO,Inexistentes,NÃO DEFINIDO,Outros,Inexistentes,Calçada,Recta,Em patamar,Berma pavimentada,Em plena via,Central
20181376958,2018:02:22 12:30:00,01/22/00,02/01/00,01/01/00,Guarda Nacional Republicana,80.0,80.0,Quinta-Feira ,"38,808656","-7,464659",0,0,1,Estrada sem separador,Seco e limpo,Évora,Borba,Borba (Matriz),Borba,,EN - Estrada Nacional,EN4,Em bom estado,"156,83",Bom tempo,Sentido único,Em entroncamento,Fora das localidades,Em pleno dia,Com marcas - separadoras de sentido de trânsito,Colisão lateral com outro veículo em movimento,NÃO DEFINIDO,Inexistentes,NÃO DEFINIDO,Stop,Inexistentes,Betuminoso,Recta,Em patamar,Berma pavimentada,Em plena via,Direita
20181362580,2018:02:23 22:05:00,01/23/00,02/01/00,01/01/00,Polícia de Segurança Pública,90.0,90.0,Sexta-Feira  ,"0,0","0,0",0,0,3,Outra via,Seco e limpo,Santarém,Santarem,"União das freguesias de Santarém (Marvila), Santa Iria da Ribeira de Santarém, Santarém (São Salvador) e Santarém (São Nicolau)",Santarém,,Outra Via,0,Em estado regular,,Bom tempo,Dois sentidos,Fora da intersecção,Fora das localidades,"Noite, sem iluminação",Com marcas - separadoras de sentido e de vias de trânsito,Colisão lateral com outro veículo em movimento,NÃO DEFINIDO,Inexistentes,No sentido crescente da quilometragem,NÃO DEFINIDO,Inexistentes,Betuminoso,Recta,Em patamar,Berma pavimentada,Em plena via,Direita
20191660507,2019:02:08 15:55:00,01/08/00,02/01/00,01/01/00,Polícia de Segurança Pública,50.0,50.0,Sexta-Feira  ,"41,154068","-8,674519",0,0,1,Estrada sem separador,Seco e limpo,Porto,Porto,"União das freguesias de Aldoar, Foz do Douro e Nevogilde",Porto,Rua Diu                                                                                             ,Arruamento,0,Em bom estado,,Bom tempo,Dois sentidos,Em entroncamento,Dentro das localidades,Em pleno dia,Com marcas - separadoras de sentido de trânsito,Atropelamento de peões,NÃO DEFINIDO,Inexistentes,NÃO DEFINIDO,Outros,Inexistentes,Betuminoso,Recta,Com inclinação,Sem berma ou impraticável,Em plena via,Direita
2012602453,2012:02:15 16:45:00,01/15/00,02/01/00,01/01/00,Guarda Nacional Republicana,50.0,50.0,Quarta-Feira ,,,0,2,0,Estrada sem separador,Seco e limpo,Braga,Vila Nova de Famalicao,Nine,NINE,R DR ANTONIO RODRIGUES,Arruamento,0,Em bom estado,,Bom tempo,Dois sentidos,Fora da intersecção,Dentro das localidades,Em pleno dia,Com marcas - separadoras de sentido de trânsito,Colisão frontal,NÃO DEFINIDO,Inexistentes,NÃO DEFINIDO,Outros,Inexistentes,Betuminoso,Curva,Com inclinação,Sem berma ou impraticável,Em plena via,Direita
2013667777,2013:02:25 15:20:00,01/25/00,02/01/00,01/01/00,Polícia de Segurança Pública,50.0,50.0,Segunda-Feira,"0,00","0,00",0,0,2,Outra via,Seco e limpo,Évora,Evora,Horta das Figueiras,Évora,Avenida Túlio Espanca                                                                               ,Arruamento,0,Em bom estado,,Bom tempo,Sentido único,Em entroncamento,Dentro das localidades,Em pleno dia,Sem marcas rodoviárias ou pouco visíveis,Colisão frontal,NÃO DEFINIDO,Inexistentes,NÃO DEFINIDO,Cedência de passagem,Inexistentes,Betuminoso,Curva,Com inclinação,Berma pavimentada,Em plena via,Direita
20181361207,2018:02:09 06:30:00,01/09/00,02/01/00,01/01/00,Polícia de Segurança Pública,90.0,90.0,Sexta-Feira  ,"39,483182","-8,539664",0,0,2,Estrada sem separador,Com óleo,Santarém,Torres Novas,"União das freguesias de Torres Novas (Santa Maria, Salvador e Santiago)",Torres Novas,Rua do Radar,Arruamento,0,Em estado regular,,Chuva,Dois sentidos,Fora da intersecção,Dentro das localidades,"Noite, com iluminação",Sem marcas rodoviárias ou pouco visíveis,Despiste com capotamento,NÃO DEFINIDO,Inexistentes,NÃO DEFINIDO,Outros,Inexistentes,Betuminoso,Curva,Com inclinação,Sem berma ou impraticável,Na berma,Direita
2013685920,2013:02:01 18:20:00,01/01/00,02/01/00,01/01/00,Guarda Nacional Republicana,50.0,50.0,Sexta-Feira  ,,,0,0,1,Estrada sem separador,Molhado,Porto,Felgueiras,Lagares,,Rua Monte das Ruas,Arruamento,0,Em estado regular,,Chuva,Dois sentidos,Fora da intersecção,Dentro das localidades,"Noite, com iluminação",Com marcas - separadoras de sentido de trânsito,Colisão frontal,NÃO DEFINIDO,Inexistentes,NÃO DEFINIDO,NÃO DEFINIDO,Inexistentes,Betuminoso,Curva,Com inclinação,Berma pavimentada,Em plena via,Direita
20191701699,2019:02:28 19:20:00,01/28/00,02/01/00,01/01/00,Guarda Nacional Republicana,90.0,90.0,Quinta-Feira ,"37,387670","-7,525982",0,0,1,Estrada sem separador,Seco e limpo,Faro,Alcoutim,União das freguesias de Alcoutim e Pereiro,Sitio da Palmeira,,IC - Itinerário Complementar,IC27,Em bom estado,"22,13",Bom tempo,Dois sentidos,Fora da intersecção,Fora das localidades,"Noite, sem iluminação",Sem marcas rodoviárias ou pouco visíveis,Despiste simples,NÃO DEFINIDO,Inexistentes,NÃO DEFINIDO,NÃO DEFINIDO,Inexistentes,Betuminoso,Recta,Em patamar,Berma pavimentada,Em plena via,Direita
2012602959,2012:02:20 11:00:00,01/20/00,02/01/00,01/01/00,Guarda Nacional Republicana,50.0,50.0,Segunda-Feira,,,0,0,1,Estrada sem separador,Seco e limpo,Setúbal,Sesimbra,Sesimbra (Castelo),CASAL DAS FIGUEIRAS,CASAL DAS FIGUEIRAS,Arruamento,0,Em estado regular,,Bom tempo,Dois sentidos,Fora da intersecção,Dentro das localidades,Em pleno dia,Sem marcas rodoviárias ou pouco visíveis,Despiste simples,NÃO DEFINIDO,Inexistentes,NÃO DEFINIDO,NÃO DEFINIDO,Inexistentes,Betuminoso,Recta,Em patamar,Berma não pavimentada,Na berma,Direita
20161121673,2016:02:22 14:45:00,01/22/00,02/01/00,01/01/00,Guarda Nacional Republicana,50.0,50.0,Segunda-Feira,"39,315553","-8,429372",0,0,1,Estrada sem separador,Seco e limpo,Santarém,Chamusca,Ulme,ULME,Largo José Nicolau Ferreira,Arruamento,0,Em bom estado,,Bom tempo,Dois sentidos,Em cruzamento,Dentro das localidades,Em pleno dia,Sem marcas rodoviárias ou pouco visíveis,Atropelamento com fuga,Passagem estreita,Inexistentes,NÃO DEFINIDO,Stop,Inexistentes,Betuminoso,Recta,Com inclinação,Sem berma ou impraticável,Em plena via,Direita
20191661631,2019:02:14 19:30:00,01/14/00,02/01/00,01/01/00,Polícia de Segurança Pública,50.0,50.0,Quinta-Feira ,"41,364687","-8,760698",0,0,1,Estrada sem separador,Seco e limpo,Porto,Vila do Conde,Vila do Conde,Vila do Conde,Avenida Infante Dom Henrique                                                                        ,Arruamento,0,Em estado regular,,Bom tempo,Dois sentidos,Em entroncamento,Dentro das localidades,"Noite, com iluminação",Com marcas - separadoras de sentido de trânsito,Colisão lateral com outro veículo em movimento,NÃO DEFINIDO,Inexistentes,NÃO DEFINIDO,Outros,Inexistentes,Betuminoso,Recta,Em patamar,Berma pavimentada,Em plena via,Direita
20181376359,2018:02:18 23:00:00,01/18/00,02/01/00,01/01/00,Guarda Nacional Republicana,50.0,50.0,Domingo      ,"41,126688","-8,099461",0,0,2,Estrada sem separador,Seco e limpo,Porto,Marco de Canaveses,Constance,Constance,,VAR - Variante,0,Em estado regular,,Bom tempo,Dois sentidos,Fora da intersecção,Dentro das localidades,"Noite, com iluminação",Com marcas - separadoras de sentido e de vias de trânsito,Despiste simples,NÃO DEFINIDO,Inexistentes,NÃO DEFINIDO,NÃO DEFINIDO,Inexistentes,Betuminoso,Curva,Em patamar,Sem berma ou impraticável,Em plena via,Direita
20161122966,2016:02:28 13:15:00,01/28/00,02/01/00,01/01/00,Guarda Nacional Republicana,50.0,50.0,Domingo      ,"37,009040","-8,564856",0,1,0,Estrada sem separador,Seco e limpo,Faro,Vila do Bispo,Sagres,SAGRES,,EN - Estrada Nacional,EN268,Em bom estado,"35,9",Bom tempo,Dois sentidos,Fora da intersecção,Dentro das localidades,Em pleno dia,Sem marcas rodoviárias ou pouco visíveis,Colisão frontal,NÃO DEFINIDO,Inexistentes,NÃO DEFINIDO,Proibição de ultrapassagem,Inexistentes,Betuminoso,Recta,Em patamar,Berma não pavimentada,Em plena via,Direita
20191706855,2019:02:05 21:30:00,01/05/00,02/01/00,01/01/00,Guarda Nacional Republicana,90.0,90.0,Terça-Feira  ,"37,102180","-7,323037",0,0,1,Estrada sem separador,Seco e limpo,Faro,Vila Real de Santo Antonio,Vila Nova de Cacela,Vila Nova de Cacela,,EN - Estrada Nacional,EN125,Em bom estado,"146,5",Bom tempo,Sentido único,Fora da intersecção,Fora das localidades,"Noite, sem iluminação",Com marcas - separadoras de sentido de trânsito,Atropelamento de peões,NÃO DEFINIDO,Inexistentes,NÃO DEFINIDO,Outros,Inexistentes,Betuminoso,Recta,Em patamar,Berma pavimentada,Em plena via,Direita
2012587226,2012:02:03 22:00:00,01/03/00,02/01/00,01/01/00,Polícia de Segurança Pública,50.0,50.0,Sexta-Feira  ,"0,00","0,00",0,0,1,Estrada sem separador,Seco e limpo,Porto,Vila Nova de Gaia,Canidelo,Vila Nova de Gaia,Rua António Ferreira Braga Junior,Arruamento,0,Em bom estado,,Bom tempo,Dois sentidos,Em entroncamento,Dentro das localidades,"Noite, com iluminação",Com marcas - separadoras de sentido e de vias de trânsito,Colisão frontal,NÃO DEFINIDO,Inexistentes,NÃO DEFINIDO,NÃO DEFINIDO,Inexistentes,Betuminoso,Recta,Em patamar,Berma pavimentada,Em plena via,Direita
20161028062,2016:02:11 07:55:00,01/11/00,02/01/00,01/01/00,Polícia de Segurança Pública,50.0,50.0,Quinta-Feira ,"41,210721","-8,627655",0,0,1,Outra via,Molhado,Porto,Matosinhos,"União das freguesias de Custóias, Leça do Balio e Guifões",Leça do Balio,,EN - Estrada Nacional,EN14,Em estado regular,"3,4",Chuva,Sentido único,Fora da intersecção,Fora das localidades,Em pleno dia,Com marcas - separadoras de sentido e de vias de trânsito,Colisão com outras situações,NÃO DEFINIDO,Inexistentes,No sentido decrescente da quilometragem,Outros,Inexistentes,Betuminoso,Recta,Em patamar,Berma pavimentada,Em plena via,Esquerda
20181376320,2018:02:18 16:58:00,01/18/00,02/01/00,01/01/00,Guarda Nacional Republicana,50.0,50.0,Domingo      ,"41,248053","-8,189236",0,0,1,Estrada sem separador,Seco e limpo,Porto,Amarante,"União das freguesias de Real, Ataíde e Oliveira",Vila Meã,Rua do Rodelo - Ataíde,Arruamento,0,Em estado regular,,Bom tempo,Dois sentidos,Fora da intersecção,Dentro das localidades,Em pleno dia,Sem marcas rodoviárias ou pouco visíveis,Despiste simples,NÃO DEFINIDO,Inexistentes,NÃO DEFINIDO,NÃO DEFINIDO,Inexistentes,Calçada,Recta,Em patamar,Sem berma ou impraticável,Em plena via,Direita
2015897259,2015:02:12 10:40:00,01/12/00,02/01/00,01/01/00,Polícia de Segurança Pública,50.0,50.0,Quinta-Feira ,"38,725307","-9,153856",0,0,1,Estrada sem separador,Seco e limpo,Lisboa,Lisboa,Avenidas Novas,Lisboa,Rua Castilho                                                                                        ,Arruamento,0,Em estado regular,,Bom tempo,Dois sentidos,Fora da intersecção,Dentro das localidades,Em pleno dia,Com marcas - separadoras de sentido e de vias de trânsito,Colisão choque em cadeia,NÃO DEFINIDO,Inexistentes,NÃO DEFINIDO,NÃO DEFINIDO,A funcionar normalmente,Betuminoso,Recta,Com inclinação,Berma pavimentada,Em plena via,Direita
20161117140,2016:02:01 16:30:00,01/01/00,02/01/00,01/01/00,Guarda Nacional Republicana,50.0,90.0,Segunda-Feira,"41,102726","-8,183144",0,0,1,Estrada sem separador,Seco e limpo,Porto,Penafiel,Rãs,RANS,,EN - Estrada Nacional,EN106,Em estado regular,"30,3",Bom tempo,Dois sentidos,Em entroncamento,Dentro das localidades,Em pleno dia,Com marcas - separadoras de sentido de trânsito,Colisão lateral com outro veículo em movimento,NÃO DEFINIDO,Inexistentes,NÃO DEFINIDO,Stop,Inexistentes,Betuminoso,Recta,Em patamar,Sem berma ou impraticável,Em plena via,Direita
2012601157,2012:02:15 17:10:00,01/15/00,02/01/00,01/01/00,Guarda Nacional Republicana,50.0,50.0,Quarta-Feira ,"40,27211","8,48041",0,0,1,Estrada sem separador,Seco e limpo,Coimbra,Mira,Praia de Mira,PRAIA DE MIRA,LG JOSE RUI DA SILVA ALCAIDE,Arruamento,0,Em bom estado,,Bom tempo,Dois sentidos,Fora da intersecção,Dentro das localidades,Em pleno dia,Sem marcas rodoviárias ou pouco visíveis,Despiste com colisão com veículo imobil. ou obstáculo,NÃO DEFINIDO,Inexistentes,NÃO DEFINIDO,NÃO DEFINIDO,Inexistentes,Betuminoso,Recta,Em patamar,Sem berma ou impraticável,Em plena via,Direita
2012589165,2012:02:12 22:20:00,01/12/00,02/01/00,01/01/00,Polícia de Segurança Pública,50.0,50.0,Domingo      ,"0,00","0,00",0,0,1,Outra via,Seco e limpo,Coimbra,Figueira da Foz,Buarcos,,Avenida Brasil                                                                                      ,Arruamento,0,Em bom estado,,Bom tempo,Sentido único,Fora da intersecção,Dentro das localidades,Em pleno dia,Com marcas - separadoras de sentido e de vias de trânsito,Despiste com colisão com veículo imobil. ou obstáculo,NÃO DEFINIDO,Inexistentes,No sentido decrescente da quilometragem,Passagem de peões,Inexistentes,Betuminoso,Curva,Em patamar,Berma pavimentada,Em plena via,Direita
20191660049,2019:02:05 11:15:00,01/05/00,02/01/00,01/01/00,Polícia de Segurança Pública,50.0,50.0,Terça-Feira  ,"0,0","0,0",0,0,2,Outra via,Seco e limpo,Coimbra,Figueira da Foz,Buarcos,Figueira da Foz,Estrada Coimbra                                                                                     ,Arruamento,0,Em estado regular,,Bom tempo,Sentido único,Em entroncamento,Dentro das localidades,Em pleno dia,Com marcas - separadoras de sentido e de vias de trânsito,Colisão lateral com outro veículo em movimento,NÃO DEFINIDO,Inexistentes,NÃO DEFINIDO,Stop,Inexistentes,Betuminoso,Recta,Em patamar,Sem berma ou impraticável,Em plena via,Direita
2012600106,2012:02:17 12:50:00,01/17/00,02/01/00,01/01/00,Guarda Nacional Republicana,50.0,50.0,Sexta-Feira  ,,,0,0,1,Estrada sem separador,Seco e limpo,Aveiro,Oliveira de Azemeis,Oliveira de Azeméis,OLIVEIRA DE AZEMEIS,R ARTUR CORREIA SOUSA PINTO BASTOS,Arruamento,0,Em estado regular,,Bom tempo,Dois sentidos,Fora da intersecção,Dentro das localidades,Em pleno dia,Sem marcas rodoviárias ou pouco visíveis,Colisão traseira com outro veículo em movimento,NÃO DEFINIDO,Inexistentes,NÃO DEFINIDO,NÃO DEFINIDO,Inexistentes,Betuminoso,Recta,Em patamar,Berma pavimentada,Em plena via,Direita
2012602826,2012:02:27 16:10:00,01/27/00,02/01/00,01/01/00,Guarda Nacional Republicana,50.0,50.0,Segunda-Feira,,,0,0,2,Estrada sem separador,Seco e limpo,Viseu,Vouzela,Fataunços,CALVOS,,EN - Estrada Nacional,EN16,Em estado regular,26.4,Bom tempo,Dois sentidos,Em entroncamento,Dentro das localidades,Em pleno dia,Com marcas - separadoras de sentido de trânsito,Colisão lateral com outro veículo em movimento,NÃO DEFINIDO,Inexistentes,NÃO DEFINIDO,Proibição de ultrapassagem,Inexistentes,Betuminoso,Curva,Em patamar,Sem berma ou impraticável,Em plena via,Direita
20171244186,2017:02:09 18:00:00,01/09/00,02/01/00,01/01/00,Guarda Nacional Republicana,50.0,50.0,Quinta-Feira ,"40,588431","-8,678459",0,0,1,Estrada sem separador,Molhado,Aveiro,Ilhavo,Ílhavo (São Salvador),Ílhavo,Estrada da fabrica da vista alegre,Arruamento,0,Em bom estado,,Chuva,Dois sentidos,Fora da intersecção,Dentro das localidades,"Noite, com iluminação",Com marcas - separadoras de sentido de trânsito,Atropelamento de peões,NÃO DEFINIDO,Inexistentes,NÃO DEFINIDO,Passagem de peões,Inexistentes,Betuminoso,Recta,Em patamar,Sem berma ou impraticável,Em plena via,Direita
20171243051,2017:02:03 15:30:00,01/03/00,02/01/00,01/01/00,Guarda Nacional Republicana,90.0,90.0,Sexta-Feira  ,"37,047030","-7,794615",0,0,1,Estrada sem separador,Com gravilha ou areia,Faro,Olhao,União das freguesias de Moncarapacho e Fuseta,Moncarapacho,,EN - Estrada Nacional,EN125,Em mau estado,"118,2",Bom tempo,Dois sentidos,Em cruzamento,Fora das localidades,Em pleno dia,Com marcas - separadoras de sentido de trânsito,Colisão lateral com outro veículo em movimento,NÃO DEFINIDO,Inexistentes,NÃO DEFINIDO,Stop,Inexistentes,Betuminoso,Recta,Com inclinação,Berma não pavimentada,Em plena via,Direita
20171194772,2017:02:02 17:55:00,01/02/00,02/01/00,01/01/00,Polícia de Segurança Pública,50.0,50.0,Quinta-Feira ,"41,187094","-8,691473",0,0,1,Outra via,Molhado,Porto,Matosinhos,União das freguesias de Matosinhos e Leça da Palmeira,Matosinhos,Rua Conde São Salvador                                                                              ,Arruamento,0,Em estado regular,,Chuva,Sentido único,Fora da intersecção,Dentro das localidades,Em pleno dia,Sem marcas rodoviárias ou pouco visíveis,Atropelamento de peões,NÃO DEFINIDO,Inexistentes,No sentido decrescente da quilometragem,Passagem de peões,Inexistentes,Calçada,Curva,Com inclinação,Sem berma ou impraticável,Em plena via,Direita
2013668990,2013:02:21 19:30:00,01/21/00,02/01/00,01/01/00,Polícia de Segurança Pública,50.0,50.0,Quinta-Feira ,"0,00","0,00",0,0,1,Estrada sem separador,Molhado,Setúbal,Almada,Cova da Piedade,,Praça Professor Egas Moniz                                                                          ,Arruamento,0,Em bom estado,,Chuva,Dois sentidos,Em cruzamento,Dentro das localidades,"Noite, com iluminação",Com marcas - separadoras de sentido e de vias de trânsito,Atropelamento de peões,NÃO DEFINIDO,Inexistentes,NÃO DEFINIDO,Passagem de peões,Inexistentes,Betuminoso,Curva,Com inclinação,Berma pavimentada,Em plena via,Direita