Id. Acidente,Datahora,Dia,Mês,Hora,Entidades Fiscalizadoras,Velocidade local,Velocidade geral,Dia da Semana,Latitude GPS,Longitude GPS,Num. Mortos a 30 dias,Num. Feridos graves a 30 dias,Num. Feridos ligeiros a 30 dias,Características Tecnicas1,Cond Aderência,Distrito,Concelho,Freguesia,Pov. Proxima,Nome arruamento,Tipos Vias,Cod Via,Estado Conservação,Km,Factores Atmosféricos,Reg Circulação1,Intersecção Vias,Localizações,Luminosidade,Marca Via,Natureza,Obras Arte,Obstáculos,Sentidos,Sinais,Sinais Luminosos,Tipo Piso,Traçado 1,Traçado 2,Traçado 3,Traçado 4,Via Trânsito
20171253389,2017:03:22 07:45:00,01/22/00,03/01/00,01/01/00,Guarda Nacional Republicana,50.0,50.0,Quarta-Feira ,"41,256530","-8,362101",0,0,1,Estrada sem separador,Molhado,Porto,Paredes,Sobrosa,sobrosa,,EM - Estrada Municipal,0,Em bom estado,,Chuva,Dois sentidos,Fora da intersecção,Dentro das localidades,Em pleno dia,Sem marcas rodoviárias ou pouco visíveis,Colisão lateral com outro veículo em movimento,NÃO DEFINIDO,Inexistentes,NÃO DEFINIDO,NÃO DEFINIDO,Inexistentes,Betuminoso,Curva,Em patamar,Sem berma ou impraticável,Em plena via,Direita
2013673969,2013:03:19 11:15:00,01/19/00,03/01/00,01/01/00,Polícia de Segurança Pública,50.0,50.0,Terça-Feira  ,"0,00","0,00",0,0,1,Estrada sem separador,Molhado,Faro,Faro,Faro (São Pedro),,Estrada Senhora Saúde                                                                               ,Arruamento,0,Em mau estado,,Chuva,Dois sentidos,Fora da intersecção,Dentro das localidades,Em pleno dia,Sem marcas rodoviárias ou pouco visíveis,Atropelamento de peões,NÃO DEFINIDO,Inexistentes,NÃO DEFINIDO,Outros,Inexistentes,Betuminoso,Recta,Em patamar,Berma não pavimentada,Na berma,Direita
2011527673,2011:03:28 12:00:00,01/28/00,03/01/00,01/01/00,Guarda Nacional Republicana,100.0,100.0,Segunda-Feira,"41,158274","-8,566528",0,0,1,Auto-estrada,Molhado,Porto,Porto,Campanhã,CAMPANHA,,A  - Auto-Estrada,A43,Em bom estado,2.1,Chuva,Sentido único,NÃO DEFINIDO,Fora das localidades,Em pleno dia,Com marcas - separadoras de sentido e de vias de trânsito,Despiste simples,NÃO DEFINIDO,Inexistentes,No sentido decrescente da quilometragem,NÃO DEFINIDO,Inexistentes,Betuminoso,Recta,Em patamar,Berma pavimentada,Em plena via,Direita
2013668982,2013:03:01 08:00:00,01/01/00,03/01/00,01/01/00,Polícia de Segurança Pública,80.0,80.0,Sexta-Feira  ,"0,00","0,00",0,0,1,Outra via,Seco e limpo,Lisboa,Loures,Sacavém,"Acesso da A8 á IC17, Odivelas-Sacavém",,Outra Via,0,Em estado regular,,Bom tempo,Sentido único,Fora da intersecção,Dentro das localidades,Em pleno dia,Com marcas - separadoras de sentido de trânsito,Colisão lateral com outro veículo em movimento,NÃO DEFINIDO,Inexistentes,NÃO DEFINIDO,Outros,Inexistentes,Betuminoso,Recta,Em patamar,Berma não pavimentada,Em plena via,Esquerda
2010466683,2010:03:10 16:30:00,01/10/00,03/01/00,01/01/00,Polícia de Segurança Pública,50.0,50.0,Quarta-Feira ,"0,00","0,00",0,0,1,Estrada sem separador,Húmido,Lisboa,Lisboa,Marvila,,Rua Keil do Amaral,Arruamento,0,Em estado regular,,Bom tempo,Dois sentidos,Em entroncamento,Dentro das localidades,Em pleno dia,Sem marcas rodoviárias ou pouco visíveis,Atropelamento com fuga,NÃO DEFINIDO,Inexistentes,NÃO DEFINIDO,NÃO DEFINIDO,Inexistentes,Betuminoso,Recta,Em patamar,Sem berma ou impraticável,No passeio,Direita
20161136640,2016:03:08 18:00:00,01/08/00,03/01/00,01/01/00,Guarda Nacional Republicana,50.0,50.0,Terça-Feira  ,"41,160282","-8,284351",0,0,1,Estrada sem separador,Seco e limpo,Porto,Santo Tirso,Agrela,AGRELA,,EN - Estrada Nacional,EN105,Em estado regular,"14,7",Bom tempo,Dois sentidos,Fora da intersecção,Dentro das localidades,Em pleno dia,Com marcas - separadoras de sentido de trânsito,Colisão lateral com outro veículo em movimento,NÃO DEFINIDO,Inexistentes,NÃO DEFINIDO,NÃO DEFINIDO,Inexistentes,Betuminoso,Recta,Em patamar,Sem berma ou impraticável,Em plena via,Direita
20191698426,2019:03:09 06:30:00,01/09/00,03/01/00,01/01/00,Guarda Nacional Republicana,50.0,50.0,Sábado       ,"39,175670","-8,615344",0,0,2,Estrada sem separador,Seco e limpo,Santarém,Almeirim,Almeirim,Almeirim,,EN - Estrada Nacional,EN114,Em bom estado,"84,3",Bom tempo,Dois sentidos,Fora da intersecção,Dentro das localidades,"Noite, com iluminação",Com marcas - separadoras de sentido e de vias de trânsito,Despiste com fuga,NÃO DEFINIDO,Inexistentes,NÃO DEFINIDO,Outros,Inexistentes,Betuminoso,Recta,Em patamar,Berma pavimentada,Na berma,Direita
20171253673,2017:03:23 07:40:00,01/23/00,03/01/00,01/01/00,Guarda Nacional Republicana,50.0,50.0,Quinta-Feira ,"40,606568","-8,679401",0,0,1,Estrada sem separador,Molhado,Aveiro,Ilhavo,Ílhavo (São Salvador),Ílhavo,Via da Barquinha,Arruamento,0,Em bom estado,,Chuva,Sentido único,Fora da intersecção,Dentro das localidades,Em pleno dia,Com marcas - separadoras de sentido de trânsito,Despiste simples,NÃO DEFINIDO,Inexistentes,NÃO DEFINIDO,Passagem de peões,Inexistentes,Betuminoso,Recta,Em patamar,Berma não pavimentada,Em plena via,Direita
2015919359,2015:03:29 18:00:00,01/29/00,03/01/00,01/01/00,Polícia de Segurança Pública,50.0,50.0,Domingo      ,"39,474264","-8,488283",0,0,1,Outra via,Seco e limpo,Santarém,Entroncamento,Nossa Senhora Fátima,,Avenida Villiers Sur Marne                                                                          ,Arruamento,0,Em bom estado,,Bom tempo,Dois sentidos,NÃO DEFINIDO,Dentro das localidades,Em pleno dia,Com marcas - separadoras de sentido de trânsito,Colisão lateral com outro veículo em movimento,NÃO DEFINIDO,Inexistentes,NÃO DEFINIDO,Stop,Inexistentes,Betuminoso,Recta,Com inclinação,Sem berma ou impraticável,Em plena via,Direita
20171222770,2017:03:21 10:05:00,01/21/00,03/01/00,01/01/00,Polícia de Segurança Pública,50.0,50.0,Terça-Feira  ,"41,525988","-8,418213",0,0,1,Estrada sem separador,Seco e limpo,Braga,Braga,"União das freguesias de Nogueira, Fraião e Lamaçães",,,EN - Estrada Nacional,EN101,Em estado regular,,Bom tempo,Dois sentidos,Fora da intersecção,Dentro das localidades,Em pleno dia,Com marcas - separadoras de sentido de trânsito,Colisão traseira com outro veículo em movimento,NÃO DEFINIDO,Inexistentes,NÃO DEFINIDO,NÃO DEFINIDO,Inexistentes,Betuminoso,Recta,Em patamar,Sem berma ou impraticável,Em plena via,Direita
2015917742,2015:03:29 22:25:00,01/29/00,03/01/00,01/01/00,Polícia de Segurança Pública,50.0,50.0,Domingo      ,"41,169980","-8,662227",0,0,1,Estrada sem separador,Seco e limpo,Porto,Porto,"União das freguesias de Aldoar, Foz do Douro e Nevogilde",Porto,Rua Moçambique                                                                                      ,Arruamento,0,Em estado regular,,Bom tempo,Dois sentidos,Fora da intersecção,Dentro das localidades,"Noite, com iluminação",Com marcas - separadoras de sentido e de vias de trânsito,Colisão com outras situações,NÃO DEFINIDO,Inexistentes,NÃO DEFINIDO,Outros,Inexistentes,Betuminoso,Recta,Em patamar,Berma pavimentada,Em plena via,Direita
2012607158,2012:03:17 10:30:00,01/17/00,03/01/00,01/01/00,Guarda Nacional Republicana,50.0,50.0,Sábado       ,,,0,0,3,Estrada sem separador,Molhado,Porto,Felgueiras,Pombeiro de Ribavizela,POMBEIRO DE RIBAVIZELA,R POMBEIRO DE RIBAVIZELA,Arruamento,0,Em bom estado,,Chuva,Dois sentidos,Fora da intersecção,Dentro das localidades,Em pleno dia,Com marcas - separadoras de sentido de trânsito,Colisão frontal,NÃO DEFINIDO,Inexistentes,NÃO DEFINIDO,NÃO DEFINIDO,Inexistentes,Betuminoso,Curva,Com inclinação,Sem berma ou impraticável,Em plena via,Direita
20181389030,2018:03:16 09:30:00,01/16/00,03/01/00,01/01/00,Guarda Nacional Republicana,90.0,90.0,Sexta-Feira  ,"40,127695","-8,484901",0,0,1,Outra via,Seco e limpo,Coimbra,Coimbra,Cernache,Cernache,,IC - Itinerário Complementar,IC2,Em mau estado,"177,7",Bom tempo,Sentido único,Fora da intersecção,Fora das localidades,Em pleno dia,Com marcas - separadoras de sentido e de vias de trânsito,Despiste simples,NÃO DEFINIDO,Não sinalizados,No sentido crescente da quilometragem,Outros,Inexistentes,Betuminoso,Recta,Com inclinação,Berma pavimentada,Em plena via,Direita
2010444760,2010:03:25 15:00:00,01/25/00,03/01/00,01/01/00,Polícia de Segurança Pública,50.0,50.0,Quinta-Feira ,"0,00","0,00",0,0,2,Estrada sem separador,Seco e limpo,Lisboa,Vila Franca de Xira,Alverca do Ribatejo,Alverca do Ribatejo,Rua António Sérgio,Arruamento,0,Em bom estado,,Chuva,Dois sentidos,NÃO DEFINIDO,Dentro das localidades,Em pleno dia,Sem marcas rodoviárias ou pouco visíveis,Colisão com veiculo ou obstáculo na faixa de rodagem,NÃO DEFINIDO,Correctamente sinalizados,NÃO DEFINIDO,Passagem de peões,Inexistentes,Betuminoso,Recta,Com inclinação,Berma pavimentada,Em plena via,Direita
2014815254,2014:03:08 04:30:00,01/08/00,03/01/00,01/01/00,Guarda Nacional Republicana,50.0,50.0,Sábado       ,"38,402697","-8,441310",0,0,1,Estrada sem separador,Seco e limpo,Setúbal,Palmela,União das freguesias de Poceirão e Marateca,Poceirão,,EM - Estrada Municipal,EM533,Em estado regular,,Bom tempo,Dois sentidos,Em entroncamento,Dentro das localidades,"Noite, com iluminação",Sem marcas rodoviárias ou pouco visíveis,Despiste com colisão com veículo imobil. ou obstáculo,NÃO DEFINIDO,Inexistentes,NÃO DEFINIDO,NÃO DEFINIDO,Inexistentes,Betuminoso,Recta,Em patamar,Sem berma ou impraticável,Em plena via,Direita
20181391373,2018:03:26 18:20:00,01/26/00,03/01/00,01/01/00,Guarda Nacional Republicana,50.0,50.0,Segunda-Feira,"39,867426","-8,907312",0,0,1,Estrada sem separador,Seco e limpo,Leiria,Leiria,União das freguesias de Monte Real e Carvide,Carvide,,ER - Estrada Regional,0,Em estado regular,,Bom tempo,Dois sentidos,Em cruzamento,Dentro das localidades,Sol escandeante,Com marcas - separadoras de sentido de trânsito,Colisão lateral com outro veículo em movimento,NÃO DEFINIDO,Inexistentes,NÃO DEFINIDO,Stop,Inexistentes,Betuminoso,Recta,Em patamar,Berma não pavimentada,Em plena via,Direita
20171254259,2017:03:26 09:00:00,01/26/00,03/01/00,01/01/00,Guarda Nacional Republicana,50.0,50.0,Domingo      ,"41,545930","-8,782307",0,0,1,Estrada sem separador,Molhado,Braga,Esposende,"União das freguesias de Esposende, Marinhas e Gandra",marinhas,,EN - Estrada Nacional,EN13,Em estado regular,"45,95",Chuva,Dois sentidos,Em entroncamento,Dentro das localidades,Em pleno dia,Com marcas - separadoras de sentido de trânsito,Colisão lateral com outro veículo em movimento,NÃO DEFINIDO,Correctamente sinalizados,NÃO DEFINIDO,Stop,Inexistentes,Betuminoso,Recta,Em patamar,Berma não pavimentada,Em plena via,Direita
2014773728,2014:03:04 15:30:00,01/04/00,03/01/00,01/01/00,Polícia de Segurança Pública,50.0,50.0,Terça-Feira  ,"38,716795","-9,161113",0,0,1,Estrada sem separador,Seco e limpo,Lisboa,Lisboa,Santa Isabel,,Rua Saraiva de Carvalho                                                                             ,Arruamento,0,Em estado regular,,Bom tempo,Sentido único,Fora da intersecção,Dentro das localidades,Em pleno dia,Sem marcas rodoviárias ou pouco visíveis,Atropelamento de peões,NÃO DEFINIDO,Inexistentes,NÃO DEFINIDO,NÃO DEFINIDO,Inexistentes,Betuminoso,Recta,Em patamar,Berma pavimentada,Em plena via,Direita
20171249570,2017:03:01 13:00:00,01/01/00,03/01/00,01/01/00,Guarda Nacional Republicana,50.0,50.0,Quarta-Feira ,"38,396370","-8,773871",0,0,1,Estrada sem separador,Seco e limpo,Setúbal,Alcacer do Sal,Comporta,Possanco,,EM - Estrada Municipal,0,Em bom estado,,Bom tempo,Reversível,Fora da intersecção,Fora das localidades,Em pleno dia,Sem marcas rodoviárias ou pouco visíveis,Despiste simples,NÃO DEFINIDO,Inexistentes,NÃO DEFINIDO,NÃO DEFINIDO,Inexistentes,Betuminoso,Recta,Em patamar,Berma pavimentada,Em plena via,Direita
2015947672,2015:03:25 17:45:00,01/25/00,03/01/00,01/01/00,Guarda Nacional Republicana,50.0,50.0,Quarta-Feira ,"40,244717","-8,358719",0,1,0,Estrada sem separador,Seco e limpo,Coimbra,Cantanhede,União das freguesias de Covões e Camarneira,Areia da Camarneira,Rua Fortunato Vaz,Arruamento,0,Em estado regular,,Bom tempo,Dois sentidos,Fora da intersecção,Dentro das localidades,Em pleno dia,Sem marcas rodoviárias ou pouco visíveis,Colisão traseira com outro veículo em movimento,NÃO DEFINIDO,Inexistentes,NÃO DEFINIDO,Outros,Inexistentes,Betuminoso,Recta,Em patamar,Berma não pavimentada,Em plena via,Direita
2010452635,2010:03:20 08:30:00,01/20/00,03/01/00,01/01/00,Guarda Nacional Republicana,50.0,50.0,Sábado       ,,,0,0,1,Estrada sem separador,Molhado,Braga,Braga,Palmeira,,AV CAVADO,Arruamento,0,Em bom estado,,Chuva,Dois sentidos,Em cruzamento,Dentro das localidades,Em pleno dia,Com marcas - separadoras de sentido de trânsito,Colisão lateral com outro veículo em movimento,NÃO DEFINIDO,Inexistentes,NÃO DEFINIDO,NÃO DEFINIDO,Inexistentes,Betuminoso,Recta,Com inclinação,Berma pavimentada,Em plena via,Direita
20171222124,2017:03:19 00:35:00,01/19/00,03/01/00,01/01/00,Polícia de Segurança Pública,50.0,50.0,Domingo      ,"38,754432","-9,199575",0,0,1,Outra via,Seco e limpo,Lisboa,Lisboa,Benfica,Lisboa,Rua Coronel Santos Pedroso                                                                          ,Arruamento,0,Em bom estado,,Bom tempo,Sentido único,Fora da intersecção,Dentro das localidades,"Noite, com iluminação",Sem marcas rodoviárias ou pouco visíveis,Atropelamento de peões,NÃO DEFINIDO,Inexistentes,NÃO DEFINIDO,Outros,Inexistentes,Betuminoso,Recta,Com inclinação,Sem berma ou impraticável,Em plena via,Direita
2013694027,2013:03:22 18:35:00,01/22/00,03/01/00,01/01/00,Guarda Nacional Republicana,90.0,90.0,Sexta-Feira  ,"38,498503","-07,451263",0,0,1,Estrada sem separador,Seco e limpo,Évora,Arraiolos,Vimieiro,Vimieiro,,EN - Estrada Nacional,EN4,Em bom estado,130.0,Bom tempo,Dois sentidos,Fora da intersecção,Fora das localidades,Em pleno dia,Com marcas - separadoras de sentido de trânsito,Colisão lateral com outro veículo em movimento,NÃO DEFINIDO,Inexistentes,NÃO DEFINIDO,NÃO DEFINIDO,Inexistentes,Betuminoso,Curva,Em patamar,Berma pavimentada,Em plena via,Direita
2013673505,2013:03:17 07:00:00,01/17/00,03/01/00,01/01/00,Polícia de Segurança Pública,50.0,50.0,Domingo      ,"0,00","0,00",0,1,0,Outra via,Húmido,Porto,Vila Nova de Gaia,Mafamude,Vila Nova de Gaia,Rua Marquês Sá da Bandeira,Arruamento,0,Em bom estado,,Bom tempo,Dois sentidos,Em entroncamento,Dentro das localidades,Em pleno dia,Com marcas - separadoras de sentido e de vias de trânsito,Colisão frontal,NÃO DEFINIDO,Inexistentes,No sentido decrescente da quilometragem,NÃO DEFINIDO,A funcionar normalmente,Betuminoso,Recta,Com inclinação,Berma pavimentada,Em plena via,Central
2012607219,2012:03:26 15:10:00,01/26/00,03/01/00,01/01/00,Guarda Nacional Republicana,,50.0,Segunda-Feira,"41,196029","-8,433987",0,0,1,Outra via,Seco e limpo,Porto,Paredes,Gandra,,,EN - Estrada Nacional,EN15,Em bom estado,15.025,Bom tempo,Sentido único,Em rotunda,Dentro das localidades,Em pleno dia,Sem marcas rodoviárias ou pouco visíveis,Despiste com capotamento,NÃO DEFINIDO,Inexistentes,No sentido crescente da quilometragem,Outros,Inexistentes,Betuminoso,Curva,Em patamar,Sem berma ou impraticável,Em plena via,Direita
2015913806,2015:03:22 15:10:00,01/22/00,03/01/00,01/01/00,Polícia de Segurança Pública,70.0,70.0,Domingo      ,"41,455726","-8,288019",0,0,1,Outra via,Molhado,Braga,Guimaraes,Azurém,,,Outra Via,0,Em bom estado,,Chuva,Sentido único,Fora da intersecção,Dentro das localidades,Em pleno dia,Com marcas - separadoras de sentido de trânsito,Despiste com transposição do dispositivo de retenção lateral,NÃO DEFINIDO,Inexistentes,No sentido crescente da quilometragem,NÃO DEFINIDO,Intermitente,Betuminoso,Curva,Com inclinação,Sem berma ou impraticável,Em plena via,Direita
20161045409,2016:03:25 10:30:00,01/25/00,03/01/00,01/01/00,Polícia de Segurança Pública,50.0,50.0,Sexta-Feira  ,"38,703002","-9,304574",0,0,1,Estrada sem separador,Seco e limpo,Lisboa,Oeiras,"União das freguesias de Oeiras e São Julião da Barra, Paço de Arcos e Caxias",Oeiras,Avenida Engenheiro Álvaro Roquette                                                                  ,Arruamento,0,Em estado regular,,Bom tempo,Dois sentidos,Fora da intersecção,Dentro das localidades,Em pleno dia,Sem marcas rodoviárias ou pouco visíveis,Colisão traseira com outro veículo em movimento,NÃO DEFINIDO,Inexistentes,NÃO DEFINIDO,NÃO DEFINIDO,Inexistentes,Betuminoso,Recta,Em patamar,Sem berma ou impraticável,Em plena via,Direita
2011527945,2011:03:31 08:50:00,01/31/00,03/01/00,01/01/00,Guarda Nacional Republicana,90.0,90.0,Quinta-Feira ,"39,076057","-9,203127",0,0,1,Outra via,Seco e limpo,Lisboa,Torres Vedras,Runa,PENEDO,,EN - Estrada Nacional,EN9,Em estado regular,73.0,Bom tempo,Dois sentidos,Fora da intersecção,Fora das localidades,Em pleno dia,Com marcas - separadoras de sentido de trânsito,Colisão lateral com outro veículo em movimento,NÃO DEFINIDO,Inexistentes,NÃO DEFINIDO,Outros,Inexistentes,Betuminoso,Recta,Em patamar,Berma não pavimentada,Em plena via,Direita
20181391999,2018:03:29 17:30:00,01/29/00,03/01/00,01/01/00,Guarda Nacional Republicana,50.0,50.0,Quinta-Feira ,"39,804903","-8,096685",0,0,1,Estrada sem separador,Molhado,Castelo Branco,Serta,Sertã,Sertã,travessa da Central Eletríca,Arruamento,0,Em bom estado,,Chuva,Sentido único,Fora da intersecção,Dentro das localidades,Em pleno dia,Sem marcas rodoviárias ou pouco visíveis,Colisão frontal,NÃO DEFINIDO,Inexistentes,NÃO DEFINIDO,NÃO DEFINIDO,Inexistentes,Betuminoso,Curva,Com inclinação,Berma pavimentada,Em plena via,Direita
2013694260,2013:03:13 09:45:00,01/13/00,03/01/00,01/01/00,Guarda Nacional Republicana,50.0,50.0,Quarta-Feira ,,,0,0,1,Estrada sem separador,Seco e limpo,Guarda,Pinhel,Pinhel,Pinhel,Rua da Republica,Arruamento,0,Em bom estado,,Bom tempo,Sentido único,Fora da intersecção,Dentro das localidades,Em pleno dia,Sem marcas rodoviárias ou pouco visíveis,Colisão lateral com outro veículo em movimento,NÃO DEFINIDO,Inexistentes,NÃO DEFINIDO,NÃO DEFINIDO,Inexistentes,Betuminoso,Recta,Em patamar,Berma pavimentada,Em plena via,Direita
2010453230,2010:03:05 18:10:00,01/05/00,03/01/00,01/01/00,Guarda Nacional Republicana,50.0,50.0,Sexta-Feira  ,,,0,0,1,Estrada sem separador,Seco e limpo,Porto,Marco de Canaveses,Alpendurada e Matos,,R MEMORIAL,Arruamento,0,Em bom estado,,Bom tempo,Dois sentidos,Fora da intersecção,Dentro das localidades,"Noite, com iluminação",Com marcas - separadoras de sentido de trânsito,Colisão com outras situações,NÃO DEFINIDO,Inexistentes,NÃO DEFINIDO,Outros,Inexistentes,Betuminoso,Recta,Em patamar,Sem berma ou impraticável,Em plena via,Direita
2011501533,2010:03:18 17:10:00,01/18/00,03/01/00,01/01/00,Polícia de Segurança Pública,50.0,50.0,Quinta-Feira ,"0,00","0,00",0,0,1,Estrada sem separador,NÃO DEFINIDO,Lisboa,Lisboa,Santa Maria dos Olivais,,Passeio do Cantábrico,Arruamento,0,NÃO DEFINIDO,,NÃO DEFINIDO,Dois sentidos,NÃO DEFINIDO,Dentro das localidades,NÃO DEFINIDO,NÃO DEFINIDO,Atropelamento com fuga,NÃO DEFINIDO,NÃO DEFINIDO,NÃO DEFINIDO,NÃO DEFINIDO,NÃO DEFINIDO,NÃO DEFINIDO,NÃO DEFINIDO,NÃO DEFINIDO,NÃO DEFINIDO,NÃO DEFINIDO,Direita
2012593571,2012:03:07 16:30:00,01/07/00,03/01/00,01/01/00,Polícia de Segurança Pública,50.0,50.0,Quarta-Feira ,"0,00","0,00",0,0,1,Outra via,Com gravilha ou areia,Lisboa,Amadora,Mina,,Estrada das Água Livres,Arruamento,0,Em bom estado,,Bom tempo,Dois sentidos,Em rotunda,Dentro das localidades,Em pleno dia,Com marcas - separadoras de sentido de trânsito,Despiste sem dispositivo de retenção,Viaduto/Ponte,Inexistentes,NÃO DEFINIDO,Outros,Inexistentes,Betuminoso,Recta,Com inclinação,Berma pavimentada,Em plena via,Direita
2014815119,2014:03:14 07:20:00,01/14/00,03/01/00,01/01/00,Guarda Nacional Republicana,50.0,50.0,Sexta-Feira  ,"41,220066","-8,694799",0,0,1,Estrada sem separador,Seco e limpo,Porto,Matosinhos,Perafita,,Rua Joaquim Alves da Silva,Arruamento,0,Em estado regular,,Bom tempo,Dois sentidos,Fora da intersecção,Dentro das localidades,Em pleno dia,Sem marcas rodoviárias ou pouco visíveis,Atropelamento de peões,NÃO DEFINIDO,Inexistentes,NÃO DEFINIDO,Passagem de peões,A funcionar normalmente,Betuminoso,Recta,Em patamar,Berma não pavimentada,Em plena via,Direita
20191699442,2019:03:09 17:00:00,01/09/00,03/01/00,01/01/00,Guarda Nacional Republicana,90.0,90.0,Sábado       ,"40,961340","-7,041126",0,0,1,Estrada sem separador,Seco e limpo,Guarda,Figueira de Castelo Rodrigo,"União das freguesias de Algodres, Vale de Afonsinho e Vilar de Amargo",Algodres - Figueira de Castelo Rodrigo,,EM - Estrada Municipal,0,Em estado regular,"0,1",Bom tempo,Dois sentidos,Fora da intersecção,Fora das localidades,Em pleno dia,Sem marcas rodoviárias ou pouco visíveis,Despiste simples,NÃO DEFINIDO,Inexistentes,NÃO DEFINIDO,NÃO DEFINIDO,Inexistentes,Betuminoso,Recta,Em patamar,Berma não pavimentada,Em plena via,Direita
2012605341,2012:03:21 15:30:00,01/21/00,03/01/00,01/01/00,Polícia de Segurança Pública,50.0,50.0,Quarta-Feira ,"0,00","0,00",0,0,1,Estrada sem separador,Húmido,Lisboa,Lisboa,São João de Brito,,Avenida Brasil                                                                                      ,Arruamento,0,Em estado regular,,Bom tempo,Dois sentidos,Em cruzamento,Dentro das localidades,Em pleno dia,Com marcas - separadoras de sentido de trânsito,Colisão com outras situações,NÃO DEFINIDO,Inexistentes,NÃO DEFINIDO,Outros,A funcionar normalmente,Betuminoso,Recta,Em patamar,Berma pavimentada,Em plena via,Central
2012607336,2012:03:12 08:30:00,01/12/00,03/01/00,01/01/00,Guarda Nacional Republicana,50.0,50.0,Segunda-Feira,,,0,0,2,Estrada sem separador,Seco e limpo,Setúbal,Seixal,Fernão Ferro,FLOR DA MATA,R DR JOAO SOARES,Arruamento,0,Em bom estado,,Bom tempo,Dois sentidos,Em cruzamento,Dentro das localidades,Em pleno dia,Sem marcas rodoviárias ou pouco visíveis,Colisão lateral com outro veículo em movimento,NÃO DEFINIDO,Inexistentes,NÃO DEFINIDO,NÃO DEFINIDO,Inexistentes,Betuminoso,Recta,Em patamar,Berma pavimentada,Em plena via,Direita
20191665737,2019:03:10 16:25:00,01/10/00,03/01/00,01/01/00,Polícia de Segurança Pública,50.0,50.0,Domingo      ,"0,0","0,0",0,0,1,Estrada sem separador,Seco e limpo,Braga,Guimaraes,Azurém,,Rua da Fé,Arruamento,0,Em estado regular,,Bom tempo,Dois sentidos,Fora da intersecção,Dentro das localidades,Em pleno dia,Sem marcas rodoviárias ou pouco visíveis,Atropelamento de peões,NÃO DEFINIDO,Inexistentes,NÃO DEFINIDO,Outros,Inexistentes,Betão de cimento,Recta,Em patamar,Sem berma ou impraticável,No passeio,Direita
2012609271,2012:03:13 09:05:00,01/13/00,03/01/00,01/01/00,Guarda Nacional Republicana,50.0,50.0,Terça-Feira  ,,,0,0,1,Estrada sem separador,Seco e limpo,Aveiro,Oliveira de Azemeis,Vila de Cucujães,CUCUJAES,R MANUEL FERREIRA DA SILVA BRANDAO,Arruamento,0,Em bom estado,,Bom tempo,Dois sentidos,Em cruzamento,Dentro das localidades,Em pleno dia,Sem marcas rodoviárias ou pouco visíveis,Colisão lateral com outro veículo em movimento,NÃO DEFINIDO,Inexistentes,NÃO DEFINIDO,Stop,Inexistentes,Betuminoso,Recta,Em patamar,Berma pavimentada,Em plena via,Direita
2013695724,2013:03:11 13:55:00,01/11/00,03/01/00,01/01/00,Guarda Nacional Republicana,50.0,50.0,Segunda-Feira,,,0,0,2,Estrada sem separador,Molhado,Porto,Trofa,Covelas,Rindo,Rua da Bela Vista,Arruamento,0,Em estado regular,,Chuva,Dois sentidos,Fora da intersecção,Dentro das localidades,Em pleno dia,Sem marcas rodoviárias ou pouco visíveis,Despiste simples,NÃO DEFINIDO,Inexistentes,NÃO DEFINIDO,NÃO DEFINIDO,Inexistentes,Calçada,Recta,Com inclinação,Sem berma ou impraticável,Em plena via,Direita
20161135826,2016:03:05 08:35:00,01/05/00,03/01/00,01/01/00,Guarda Nacional Republicana,80.0,120.0,Sábado       ,"39,174543","-9,094665",0,0,1,Auto-estrada,Seco e limpo,Leiria,Bombarral,Roliça,DELGADA,,A  - Auto-Estrada,A8,Em bom estado,66,Bom tempo,Sentido único,Fora da intersecção,Fora das localidades,Em pleno dia,Com marcas - separadoras de sentido e de vias de trânsito,Despiste simples,NÃO DEFINIDO,Inexistentes,No sentido crescente da quilometragem,Outros,Inexistentes,Betuminoso,Curva,Em patamar,Berma pavimentada,Na berma,Direita
20171221746,2017:03:19 20:00:00,01/19/00,03/01/00,01/01/00,Polícia de Segurança Pública,80.0,80.0,Domingo      ,"38,778910","-9,352997",0,0,2,Outra via,Seco e limpo,Lisboa,Sintra,Rio de Mouro,,,IC - Itinerário Complementar,IC19,Em estado regular,13,Bom tempo,Sentido único,Fora da intersecção,Fora das localidades,"Noite, com iluminação",Com marcas - separadoras de sentido e de vias de trânsito,Despiste com dispositivo de retenção,NÃO DEFINIDO,Inexistentes,No sentido decrescente da quilometragem,Outros,Inexistentes,Betuminoso,Recta,Em patamar,Berma pavimentada,Em plena via,Direita
2014781950,2014:03:29 16:20:00,01/29/00,03/01/00,01/01/00,Polícia de Segurança Pública,50.0,50.0,Sábado       ,"41,002546","-8,621830",0,0,1,Estrada sem separador,Seco e limpo,Aveiro,Espinho,Espinho,,Rua da Guimbra,Arruamento,0,Em estado regular,,Bom tempo,Dois sentidos,Em entroncamento,Dentro das localidades,Em pleno dia,Com marcas - separadoras de sentido e de vias de trânsito,Colisão lateral com outro veículo em movimento,NÃO DEFINIDO,Inexistentes,NÃO DEFINIDO,Outros,Inexistentes,Betuminoso,Recta,Em patamar,Berma pavimentada,Em plena via,Direita
2013694453,2013:03:13 15:00:00,01/13/00,03/01/00,01/01/00,Guarda Nacional Republicana,50.0,50.0,Quarta-Feira ,,,0,0,2,Estrada sem separador,Seco e limpo,Aveiro,Mealhada,Luso,Lameira de São Pedro,,EN - Estrada Nacional,EN234,Em estado regular,34.5,Bom tempo,Dois sentidos,Em cruzamento,Dentro das localidades,Em pleno dia,Com marcas - separadoras de sentido de trânsito,Colisão frontal,NÃO DEFINIDO,Inexistentes,NÃO DEFINIDO,Proibição de ultrapassagem,A funcionar normalmente,Betuminoso,Recta,Em patamar,Sem berma ou impraticável,Em plena via,Direita