Id. Acidente,Datahora,Dia,Mês,Hora,Entidades Fiscalizadoras,Velocidade local,Velocidade geral,Dia da Semana,Latitude GPS,Longitude GPS,Num. Mortos a 30 dias,Num. Feridos graves a 30 dias,Num. Feridos ligeiros a 30 dias,Características Tecnicas1,Cond Aderência,Distrito,Concelho,Freguesia,Pov. Proxima,Nome arruamento,Tipos Vias,Cod Via,Estado Conservação,Km,Factores Atmosféricos,Reg Circulação1,Intersecção Vias,Localizações,Luminosidade,Marca Via,Natureza,Obras Arte,Obstáculos,Sentidos,Sinais,Sinais Luminosos,Tipo Piso,Traçado 1,Traçado 2,Traçado 3,Traçado 4,Via Trânsito
2013694302,2013:03:09 19:20:00,01/09/00,03/01/00,01/01/00,Guarda Nacional Republicana,90.0,90.0,Sábado       ,,,0,0,1,Estrada sem separador,Molhado,Santarém,Vila Nova da Barquinha,Atalaia,Atalaia,,EM - Estrada Municipal,EM535,Em bom estado,,Chuva,Dois sentidos,Fora da intersecção,Fora das localidades,"Noite, sem iluminação",Sem marcas rodoviárias ou pouco visíveis,Despiste simples,NÃO DEFINIDO,Inexistentes,NÃO DEFINIDO,Outros,Inexistentes,Betuminoso,Recta,Em patamar,Sem berma ou impraticável,Na berma,Direita
20191701079,2019:03:03 10:00:00,01/03/00,03/01/00,01/01/00,Guarda Nacional Republicana,50.0,50.0,Domingo      ,"41,586152","-8,673033",0,0,1,Estrada sem separador,Seco e limpo,Braga,Barcelos,União das freguesias de Vila Cova e Feitos,Feitos,,EF - Estrada Florestal,0,Em mau estado,,Bom tempo,Dois sentidos,Fora da intersecção,Fora das localidades,Em pleno dia,Sem marcas rodoviárias ou pouco visíveis,Despiste simples,NÃO DEFINIDO,Não sinalizados,NÃO DEFINIDO,NÃO DEFINIDO,Inexistentes,Terra batida,Recta,Com inclinação,Sem berma ou impraticável,Em plena via,Direita
20181372219,2018:03:12 08:20:00,01/12/00,03/01/00,01/01/00,Polícia de Segurança Pública,50.0,50.0,Segunda-Feira,38.7909443,-9.0994432,0,0,1,Outra via,Seco e limpo,Lisboa,Lisboa,Parque das Nações,,Via do Oriente,Arruamento,0,Em bom estado,,Bom tempo,Sentido único,Fora da intersecção,Dentro das localidades,Em pleno dia,Com marcas - separadoras de sentido e de vias de trânsito,Colisão lateral com outro veículo em movimento,NÃO DEFINIDO,Inexistentes,No sentido crescente da quilometragem,Outros,Inexistentes,Betuminoso,Recta,Em patamar,Berma pavimentada,Em plena via,Direita
2013693710,2013:03:30 16:55:00,01/30/00,03/01/00,01/01/00,Guarda Nacional Republicana,90.0,90.0,Sábado       ,"37,111372","-08,015250",0,0,1,Estrada sem separador,Seco e limpo,Faro,Loule,Tôr,Tor,,EN - Estrada Nacional,EN525,Em bom estado,6.0,Bom tempo,Dois sentidos,Em entroncamento,Fora das localidades,Em pleno dia,Com marcas - separadoras de sentido de trânsito,Colisão lateral com outro veículo em movimento,NÃO DEFINIDO,Inexistentes,NÃO DEFINIDO,Outros,Inexistentes,Betuminoso,Recta,Em patamar,Berma pavimentada,Em plena via,Direita
2010453418,2010:03:20 17:50:00,01/20/00,03/01/00,01/01/00,Guarda Nacional Republicana,70.0,120.0,Sábado       ,,,0,0,1,Auto-estrada,Molhado,Porto,Vila Nova de Gaia,Vilar de Andorinho,VILAR ANDORINHO,,A  - Auto-Estrada,A29,Em bom estado,53.0,Chuva,Sentido único,Fora da intersecção,Fora das localidades,Em pleno dia,Com marcas - separadoras de sentido e de vias de trânsito,Despiste com dispositivo de retenção,NÃO DEFINIDO,Inexistentes,No sentido crescente da quilometragem,Outros,Inexistentes,Betuminoso,Curva,Com inclinação,Berma pavimentada,Em plena via,Esquerda
2010438457,2010:03:10 23:30:00,01/10/00,03/01/00,01/01/00,Polícia de Segurança Pública,50.0,90.0,Quarta-Feira ,"0,00","0,00",0,0,1,Estrada sem separador,Húmido,Leiria,Leiria,Santa Eufémia,Quintas do Sirol,,EN - Estrada Nacional,EN350,Em estado regular,,Bom tempo,Dois sentidos,Fora da intersecção,Dentro das localidades,"Noite, sem iluminação",Com marcas - separadoras de sentido e de vias de trânsito,Despiste sem dispositivo de retenção,NÃO DEFINIDO,Inexistentes,NÃO DEFINIDO,Outros,Desligada,Betuminoso,Curva,Em patamar,Berma não pavimentada,Em plena via,Direita
2013674507,2013:03:29 18:11:00,01/29/00,03/01/00,01/01/00,Polícia de Segurança Pública,50.0,50.0,Sexta-Feira  ,"0,00","0,00",0,0,1,Outra via,Molhado,Viseu,Viseu,Viseu (Santa Maria de Viseu),Viseu,Avenida Rei Dom Duarte                                                                              ,Arruamento,0,Em estado regular,,Chuva,Dois sentidos,Fora da intersecção,Dentro das localidades,Em pleno dia,Com marcas - separadoras de sentido e de vias de trânsito,Atropelamento de peões,NÃO DEFINIDO,Inexistentes,No sentido crescente da quilometragem,Passagem de peões,Inexistentes,Betuminoso,Recta,Em patamar,Berma pavimentada,Em plena via,Direita
2011527932,2011:03:22 16:25:00,01/22/00,03/01/00,01/01/00,Guarda Nacional Republicana,50.0,50.0,Terça-Feira  ,"38,52235","9,05209",0,0,1,Estrada sem separador,Seco e limpo,Lisboa,Vila Franca de Xira,Vialonga,VIALONGA,R DO SANATORIO,Arruamento,0,Em bom estado,,Bom tempo,Dois sentidos,NÃO DEFINIDO,Dentro das localidades,Em pleno dia,Sem marcas rodoviárias ou pouco visíveis,Despiste simples,NÃO DEFINIDO,Inexistentes,NÃO DEFINIDO,NÃO DEFINIDO,Inexistentes,Betuminoso,Recta,Em patamar,Sem berma ou impraticável,Em plena via,Direita
20171221364,2017:03:11 15:13:00,01/11/00,03/01/00,01/01/00,Polícia de Segurança Pública,50.0,50.0,Sábado       ,"37,023775","-7,932425",0,0,1,Estrada sem separador,Seco e limpo,Faro,Faro,União das freguesias de Faro (Sé e São Pedro),Faro,Rua do Alportel,Arruamento,0,Em bom estado,,Bom tempo,Dois sentidos,Em entroncamento,Dentro das localidades,Em pleno dia,Sem marcas rodoviárias ou pouco visíveis,Colisão traseira com outro veículo em movimento,NÃO DEFINIDO,Inexistentes,NÃO DEFINIDO,NÃO DEFINIDO,Inexistentes,Betuminoso,Recta,Em patamar,Berma pavimentada,Em plena via,Direita
2014784134,2014:03:16 19:45:00,01/16/00,03/01/00,01/01/00,Polícia de Segurança Pública,50.0,50.0,Domingo      ,"38,810450","-9,156588",0,0,2,Estrada sem separador,Seco e limpo,Lisboa,Loures,União das freguesias de Santo António dos Cavaleiros e Frielas,Santo António dos Cavaleiros,,EN - Estrada Nacional,EN8,Em estado regular,3.5,Bom tempo,Dois sentidos,Em entroncamento,Dentro das localidades,"Noite, com iluminação",Com marcas - separadoras de sentido de trânsito,Colisão lateral com outro veículo em movimento,NÃO DEFINIDO,Inexistentes,NÃO DEFINIDO,Passagem de peões,A funcionar normalmente,Betuminoso,Recta,Em patamar,Berma pavimentada,Em plena via,Direita
2013670399,2013:03:04 16:30:00,01/04/00,03/01/00,01/01/00,Polícia de Segurança Pública,30.0,30.0,Segunda-Feira,"0,00","0,00",0,0,3,Estrada sem separador,Com água acumulada na faixa de rodagem,Lisboa,Lisboa,Santa Maria dos Olivais,,"Lado AR, junto ao Edif. 31 - Aeroporto de Lisboa",Arruamento,0,Em bom estado,,Chuva,Sentido único,NÃO DEFINIDO,Dentro das localidades,Em pleno dia,Com marcas - separadoras de sentido de trânsito,Colisão lateral com outro veículo em movimento,NÃO DEFINIDO,Inexistentes,NÃO DEFINIDO,NÃO DEFINIDO,Inexistentes,Betuminoso,Recta,NÃO DEFINIDO,Berma pavimentada,Na berma,Direita
2010453197,2010:03:05 15:55:00,01/05/00,03/01/00,01/01/00,Guarda Nacional Republicana,90.0,90.0,Sexta-Feira  ,"42,067142","-8,500141",0,0,1,Estrada sem separador,Molhado,Viana do Castelo,Moncao,Mazedo,MAZEDO,,EN - Estrada Nacional,EN101,Em estado regular,14.9,Chuva,Dois sentidos,Fora da intersecção,Dentro das localidades,Em pleno dia,Com marcas - separadoras de sentido de trânsito,Colisão frontal,NÃO DEFINIDO,Inexistentes,NÃO DEFINIDO,NÃO DEFINIDO,Inexistentes,Betuminoso,Recta,Em patamar,Berma não pavimentada,Na berma,Direita
2013672722,2013:03:12 21:20:00,01/12/00,03/01/00,01/01/00,Polícia de Segurança Pública,50.0,50.0,Terça-Feira  ,"41,184460","-8,609512",0,0,1,Outra via,Molhado,Porto,Porto,Campanhã,Porto,,EN - Estrada Nacional,EN12,Em bom estado,10.0,Chuva,Dois sentidos,Fora da intersecção,Dentro das localidades,"Noite, com iluminação",Sem marcas rodoviárias ou pouco visíveis,Colisão lateral com outro veículo em movimento,Viaduto/Ponte,Inexistentes,No sentido crescente da quilometragem,Outros,Inexistentes,Betuminoso,Curva,Com inclinação,Sem berma ou impraticável,Em plena via,Direita
2010442988,2010:03:23 08:45:00,01/23/00,03/01/00,01/01/00,Polícia de Segurança Pública,50.0,50.0,Terça-Feira  ,"0,00","0,00",0,0,2,Outra via,Seco e limpo,Coimbra,Coimbra,Coimbra (Santa Cruz),,Casa do Sal,Arruamento,0,Em bom estado,,Bom tempo,Reversível,Em cruzamento,Dentro das localidades,Em pleno dia,Com marcas - separadoras de sentido e de vias de trânsito,Colisão frontal,NÃO DEFINIDO,Inexistentes,NÃO DEFINIDO,Outros,A funcionar normalmente,Betuminoso,Recta,Em patamar,Berma pavimentada,Em plena via,Central
20181388236,2018:03:13 08:10:00,01/13/00,03/01/00,01/01/00,Guarda Nacional Republicana,50.0,50.0,Terça-Feira  ,"39,840067","-8,844826",0,0,1,Estrada sem separador,Seco e limpo,Leiria,Leiria,União das freguesias de Souto da Carpalhosa e Ortigosa,Ortigosa,Rua do Castanhal,Arruamento,0,Em bom estado,,Bom tempo,Dois sentidos,Em entroncamento,Dentro das localidades,Em pleno dia,Sem marcas rodoviárias ou pouco visíveis,Despiste simples,NÃO DEFINIDO,Inexistentes,NÃO DEFINIDO,Stop,Inexistentes,Betuminoso,Curva,Em patamar,Sem berma ou impraticável,Em plena via,Direita
20181444758,2018:03:10 19:18:00,01/10/00,03/01/00,01/01/00,Guarda Nacional Republicana,50.0,50.0,Sábado       ,"39,859663","-8,888352",0,0,1,Estrada sem separador,Húmido,Leiria,Leiria,União das freguesias de Monte Real e Carvide,Carvide,Rua Principal,Arruamento,0,Em estado regular,,Chuva,Dois sentidos,Fora da intersecção,Dentro das localidades,Aurora ou crepúsculo,Com marcas - separadoras de sentido de trânsito,Atropelamento com fuga,NÃO DEFINIDO,Inexistentes,NÃO DEFINIDO,Passagem de peões,Inexistentes,Betuminoso,Recta,Em patamar,Sem berma ou impraticável,Em plena via,Direita
2014815204,2014:03:05 11:55:00,01/05/00,03/01/00,01/01/00,Guarda Nacional Republicana,90.0,120.0,Quarta-Feira ,"37,142038","-7,262197",0,0,3,Auto-estrada,Seco e limpo,Faro,Castro Marim,Castro Marim,Monte Francisco (praça da fronteira),,A  - Auto-Estrada,A22,Em bom estado,131.1,Bom tempo,Sentido único,Fora da intersecção,Fora das localidades,Em pleno dia,Com marcas - separadoras de sentido e de vias de trânsito,Atropelamento de peões,NÃO DEFINIDO,Inexistentes,No sentido decrescente da quilometragem,Outros,Inexistentes,Betuminoso,Recta,Em patamar,Berma pavimentada,Na berma,Direita
20191666267,2019:03:14 14:20:00,01/14/00,03/01/00,01/01/00,Polícia de Segurança Pública,50.0,50.0,Quinta-Feira ,"40,681541","-7,921240",0,0,1,Outra via,Seco e limpo,Viseu,Viseu,Abraveses,Viseu,Rotunda da Wurth,Arruamento,0,Em bom estado,,Bom tempo,Sentido único,Em rotunda,Dentro das localidades,Em pleno dia,Com marcas - separadoras de sentido e de vias de trânsito,Colisão lateral com outro veículo em movimento,NÃO DEFINIDO,Inexistentes,No sentido crescente da quilometragem,Cedência de passagem,Inexistentes,Betuminoso,Curva,Em patamar,Berma pavimentada,Em plena via,Esquerda
2012607684,2012:03:15 18:20:00,01/15/00,03/01/00,01/01/00,Guarda Nacional Republicana,50.0,50.0,Quinta-Feira ,,,0,0,1,Estrada sem separador,Com gravilha ou areia,Porto,Pacos de Ferreira,Sanfins de Ferreira,SANFINS DE FERREIRA,R PENEDA DOS NINJAS,Arruamento,0,Em estado regular,,Bom tempo,Dois sentidos,Fora da intersecção,Dentro das localidades,Aurora ou crepúsculo,Sem marcas rodoviárias ou pouco visíveis,Colisão lateral com outro veículo em movimento,NÃO DEFINIDO,Inexistentes,NÃO DEFINIDO,NÃO DEFINIDO,Inexistentes,Betuminoso,Curva,Em patamar,Berma pavimentada,Em plena via,Direita
2010440607,2010:03:10 11:45:00,01/10/00,03/01/00,01/01/00,Polícia de Segurança Pública,50.0,50.0,Quarta-Feira ,"0,00","0,00",0,1,0,Estrada sem separador,Seco e limpo,Braga,Braga,<Sem Freguesia>,,Rua Padre Cruz,Arruamento,0,Em bom estado,,Bom tempo,Dois sentidos,NÃO DEFINIDO,Dentro das localidades,Em pleno dia,Com marcas - separadoras de sentido e de vias de trânsito,Atropelamento de peões,NÃO DEFINIDO,Inexistentes,NÃO DEFINIDO,Passagem de peões,Inexistentes,Betuminoso,Recta,Com inclinação,Berma pavimentada,Em plena via,Direita
2013672345,2013:03:07 18:10:00,01/07/00,03/01/00,01/01/00,Polícia de Segurança Pública,50.0,50.0,Quinta-Feira ,"0,00","0,00",0,0,1,Outra via,Molhado,Lisboa,Lisboa,São Domingos de Benfica,,Avenida Combatentes                                                                                 ,Arruamento,0,Em estado regular,,Chuva,Dois sentidos,Fora da intersecção,Dentro das localidades,Em pleno dia,Com marcas - separadoras de sentido e de vias de trânsito,Colisão lateral com outro veículo em movimento,NÃO DEFINIDO,Inexistentes,NÃO DEFINIDO,Outros,Inexistentes,Betuminoso,Recta,Em patamar,Sem berma ou impraticável,Em plena via,Direita
20171221616,2017:03:18 10:00:00,01/18/00,03/01/00,01/01/00,Polícia de Segurança Pública,50.0,50.0,Sábado       ,"39,095975","-9,267976",0,0,1,Estrada sem separador,Seco e limpo,Lisboa,Torres Vedras,"União das freguesias de Torres Vedras (São Pedro, Santiago, Santa Maria do Castelo e São Miguel) e Matacães",Torres Vedras,,EN - Estrada Nacional,EN9,Em bom estado,,Bom tempo,Sentido único,Em rotunda,Dentro das localidades,Em pleno dia,Com marcas - separadoras de sentido e de vias de trânsito,Colisão com outras situações,NÃO DEFINIDO,Inexistentes,NÃO DEFINIDO,Cedência de passagem,Inexistentes,Betuminoso,Curva,Em patamar,Berma não pavimentada,Em plena via,Esquerda
2011501473,2010:03:13 15:30:00,01/13/00,03/01/00,01/01/00,Polícia de Segurança Pública,50.0,50.0,Sábado       ,"0,00","0,00",0,0,1,Outra via,Seco e limpo,Porto,Santo Tirso,Santo Tirso,Santo Tirso,Avenida Sousa Cruz,Arruamento,0,Em bom estado,,Bom tempo,Dois sentidos,Fora da intersecção,Dentro das localidades,Em pleno dia,Sem marcas rodoviárias ou pouco visíveis,Atropelamento de peões,NÃO DEFINIDO,Inexistentes,No sentido decrescente da quilometragem,NÃO DEFINIDO,Inexistentes,Calçada,Recta,Com inclinação,Sem berma ou impraticável,Em plena via,Direita
2010452006,2010:03:08 18:40:00,01/08/00,03/01/00,01/01/00,Guarda Nacional Republicana,50.0,50.0,Segunda-Feira,,,0,0,2,Estrada sem separador,Molhado,Setúbal,Almada,Sobreda,VILA NOVA,R ELIAS GARCIA,Arruamento,0,Em bom estado,,Chuva,Dois sentidos,Em cruzamento,Dentro das localidades,"Noite, com iluminação",Sem marcas rodoviárias ou pouco visíveis,Colisão lateral com outro veículo em movimento,NÃO DEFINIDO,Inexistentes,NÃO DEFINIDO,Stop,Inexistentes,Betuminoso,Recta,Em patamar,Berma pavimentada,Em plena via,Direita
20191697747,2019:03:17 20:55:00,01/17/00,03/01/00,01/01/00,Guarda Nacional Republicana,50.0,50.0,Domingo      ,"41,419420","-8,632545",0,0,3,Estrada sem separador,Seco e limpo,Braga,Barcelos,União das freguesias de Negreiros e Chavão,Negreiros,,EN - Estrada Nacional,EN206,Em estado regular,12,Bom tempo,Dois sentidos,Fora da intersecção,Dentro das localidades,"Noite, com iluminação",Sem marcas rodoviárias ou pouco visíveis,Colisão com outras situações,NÃO DEFINIDO,Insuficentemente sinalizados,NÃO DEFINIDO,NÃO DEFINIDO,Inexistentes,Betuminoso,Recta,Em patamar,Sem berma ou impraticável,Em plena via,Direita
20161034653,2016:03:03 23:40:00,01/03/00,03/01/00,01/01/00,Polícia de Segurança Pública,50.0,50.0,Quinta-Feira ,"41,168718","-8,585308",0,0,1,Estrada sem separador,Seco e limpo,Porto,Porto,Campanhã,Porto,Rua Contumil                                                                                        ,Arruamento,0,Em bom estado,,Bom tempo,Sentido único,Em entroncamento,Dentro das localidades,"Noite, com iluminação",Sem marcas rodoviárias ou pouco visíveis,Atropelamento de peões,NÃO DEFINIDO,Inexistentes,NÃO DEFINIDO,Outros,Inexistentes,Calçada,Curva,Em patamar,Berma pavimentada,Em plena via,Direita
2011501444,2010:03:08 15:30:00,01/08/00,03/01/00,01/01/00,Polícia de Segurança Pública,50.0,50.0,Segunda-Feira,"0,00","0,00",0,0,1,Estrada sem separador,Seco e limpo,Lisboa,Lisboa,Santa Maria dos Olivais,,Rua do Polo Norte                                                                                   ,Arruamento,0,Em bom estado,,Chuva,Dois sentidos,Em cruzamento,Dentro das localidades,Em pleno dia,Com marcas - separadoras de sentido e de vias de trânsito,Colisão frontal,NÃO DEFINIDO,Inexistentes,NÃO DEFINIDO,Cedência de passagem,Inexistentes,Betuminoso,Recta,Em patamar,Berma pavimentada,Em plena via,Direita
2015911262,2015:03:12 21:30:00,01/12/00,03/01/00,01/01/00,Polícia de Segurança Pública,50.0,50.0,Quinta-Feira ,"39,748356","-8,794258",0,0,1,Estrada sem separador,Seco e limpo,Leiria,Leiria,"União das freguesias de Leiria, Pousos, Barreira e Cortes",Leiria,Rua Paulo VI                                                                                        ,Arruamento,0,Em bom estado,,Bom tempo,Dois sentidos,Fora da intersecção,Dentro das localidades,"Noite, com iluminação",Com marcas - separadoras de sentido e de vias de trânsito,Despiste com colisão com veículo imobil. ou obstáculo,NÃO DEFINIDO,Inexistentes,NÃO DEFINIDO,Outros,Inexistentes,Betuminoso,Recta,Com inclinação,Berma não pavimentada,Na berma,Direita
2010441084,2010:03:15 16:40:00,01/15/00,03/01/00,01/01/00,Polícia de Segurança Pública,50.0,50.0,Segunda-Feira,"0,00","0,00",0,0,1,Outra via,Húmido,Lisboa,Sintra,Rio de Mouro,Rinchoa,Avenida das Acácias,Arruamento,0,Em estado regular,,Bom tempo,Dois sentidos,Fora da intersecção,Dentro das localidades,Em pleno dia,Sem marcas rodoviárias ou pouco visíveis,Despiste com colisão com veículo imobil. ou obstáculo,NÃO DEFINIDO,Inexistentes,No sentido decrescente da quilometragem,NÃO DEFINIDO,NÃO DEFINIDO,Betuminoso,Recta,Em patamar,Sem berma ou impraticável,Em plena via,Direita
20181371026,2018:03:10 13:00:00,01/10/00,03/01/00,01/01/00,Polícia de Segurança Pública,50.0,50.0,Sábado       ,"0,0","0,0",0,0,1,Estrada sem separador,Seco e limpo,Braga,Braga,Braga (São Vicente),Braga,Rua de São José  ( Rotunda ),Arruamento,0,Em bom estado,,Bom tempo,Sentido único,Fora da intersecção,Dentro das localidades,Em pleno dia,Com marcas - separadoras de sentido de trânsito,Atropelamento de peões,NÃO DEFINIDO,Inexistentes,NÃO DEFINIDO,Passagem de peões,Inexistentes,Betuminoso,Recta,Com inclinação,Berma pavimentada,Em plena via,Esquerda
20171253120,2017:03:20 16:25:00,01/20/00,03/01/00,01/01/00,Guarda Nacional Republicana,50.0,50.0,Segunda-Feira,"41,401146","-8,148748",0,0,2,Estrada sem separador,Seco e limpo,Braga,Terras de Bouro,Valdosende,Valdosende,,EM - Estrada Municipal,0,Em bom estado,,Bom tempo,Dois sentidos,Fora da intersecção,Dentro das localidades,Em pleno dia,Com marcas - separadoras de sentido de trânsito,Colisão frontal,NÃO DEFINIDO,Inexistentes,NÃO DEFINIDO,NÃO DEFINIDO,Inexistentes,Betuminoso,Curva,Em patamar,Sem berma ou impraticável,Em plena via,Direita
2011527037,2011:03:23 13:00:00,01/23/00,03/01/00,01/01/00,Guarda Nacional Republicana,90.0,90.0,Quarta-Feira ,,,0,1,1,Estrada sem separador,Seco e limpo,Setúbal,Santiago do Cacem,Vale de Água,FOROS DO CORUJO,,EM - Estrada Municipal,EM555,Em mau estado,,Bom tempo,Dois sentidos,Fora da intersecção,Fora das localidades,Em pleno dia,Sem marcas rodoviárias ou pouco visíveis,Despiste com colisão com veículo imobil. ou obstáculo,NÃO DEFINIDO,Inexistentes,NÃO DEFINIDO,NÃO DEFINIDO,Inexistentes,Terra batida,Recta,Em patamar,Sem berma ou impraticável,Em plena via,Direita
2012607346,2012:03:04 15:30:00,01/04/00,03/01/00,01/01/00,Guarda Nacional Republicana,90.0,90.0,Domingo      ,"38,340470","-8,771264",0,0,1,Estrada sem separador,Seco e limpo,Setúbal,Alcacer do Sal,Comporta,TORRE,,EN - Estrada Nacional,EN261,Em estado regular,4.1,Bom tempo,Dois sentidos,Fora da intersecção,Fora das localidades,Em pleno dia,Sem marcas rodoviárias ou pouco visíveis,Despiste com capotamento,NÃO DEFINIDO,Inexistentes,NÃO DEFINIDO,NÃO DEFINIDO,Inexistentes,Betuminoso,Recta,Em patamar,Berma não pavimentada,Em plena via,Direita
2011527276,2011:03:16 12:20:00,01/16/00,03/01/00,01/01/00,Guarda Nacional Republicana,50.0,50.0,Quarta-Feira ,,,0,0,1,Estrada sem separador,Seco e limpo,Aveiro,Oliveira do Bairro,Oliveira do Bairro,OLIVEIRA DO BEIRRO,R PRINCIPAL,Arruamento,0,Em estado regular,,Bom tempo,Dois sentidos,Fora da intersecção,Dentro das localidades,Em pleno dia,Com marcas - separadoras de sentido de trânsito,Colisão traseira com outro veículo em movimento,NÃO DEFINIDO,Inexistentes,NÃO DEFINIDO,NÃO DEFINIDO,Inexistentes,Betuminoso,Recta,Em patamar,Sem berma ou impraticável,Em plena via,Direita
2014817158,2014:03:27 07:00:00,01/27/00,03/01/00,01/01/00,Guarda Nacional Republicana,50.0,50.0,Quinta-Feira ,"40,478751","-8,347035",0,0,1,Estrada sem separador,Seco e limpo,Aveiro,Estarreja,Avanca,Avanca,Rua da Arca,Arruamento,0,Em bom estado,,Bom tempo,Dois sentidos,Fora da intersecção,Dentro das localidades,Em pleno dia,Com marcas - separadoras de sentido de trânsito,Despiste sem dispositivo de retenção,Viaduto/Ponte,Inexistentes,NÃO DEFINIDO,NÃO DEFINIDO,Inexistentes,Betuminoso,Recta,Com inclinação,Berma pavimentada,Na berma,Direita
2014775799,2014:03:05 09:40:00,01/05/00,03/01/00,01/01/00,Polícia de Segurança Pública,50.0,50.0,Quarta-Feira ,"38,758987","-9,156444",0,0,1,Estrada sem separador,Seco e limpo,Lisboa,Lisboa,Campo Grande,,Campo Grande                                                                                        ,Arruamento,0,Em estado regular,,Bom tempo,Sentido único,NÃO DEFINIDO,Dentro das localidades,Em pleno dia,Com marcas - separadoras de sentido e de vias de trânsito,Colisão lateral com outro veículo em movimento,NÃO DEFINIDO,Inexistentes,NÃO DEFINIDO,Outros,A funcionar normalmente,Betuminoso,Curva,Em patamar,Sem berma ou impraticável,Em plena via,Central
2011528884,2011:03:05 22:50:00,01/05/00,03/01/00,01/01/00,Guarda Nacional Republicana,120.0,120.0,Sábado       ,"39,363298","-9,139402",0,0,2,Auto-estrada,Molhado,Leiria,Obidos,Gaeiras,GAEIRAS,,A  - Auto-Estrada,A8,Em bom estado,75.85,Chuva,Sentido único,Fora da intersecção,Fora das localidades,"Noite, sem iluminação",Com marcas - separadoras de sentido e de vias de trânsito,Despiste com transposição do dispositivo de retenção lateral,NÃO DEFINIDO,Inexistentes,No sentido decrescente da quilometragem,NÃO DEFINIDO,Inexistentes,Betuminoso,Recta,Em patamar,Berma pavimentada,Em plena via,Direita
20191665330,2019:03:06 14:30:00,01/06/00,03/01/00,01/01/00,Polícia de Segurança Pública,50.0,50.0,Quarta-Feira ,"0,0","0,0",0,0,1,Estrada sem separador,Seco e limpo,Santarém,Tomar,União das freguesias de Tomar (São João Baptista) e Santa Maria dos Olivais,Tomar,Praceta Alves Redol                                                                                 ,Arruamento,0,Em estado regular,,Bom tempo,Dois sentidos,Em rotunda,Dentro das localidades,Em pleno dia,Sem marcas rodoviárias ou pouco visíveis,Despiste simples,NÃO DEFINIDO,Inexistentes,NÃO DEFINIDO,Cedência de passagem,Inexistentes,Betuminoso,Recta,Com inclinação,Berma pavimentada,Em plena via,Direita
20181371314,2018:03:08 22:30:00,01/08/00,03/01/00,01/01/00,Polícia de Segurança Pública,50.0,50.0,Quinta-Feira ,38.7400667,-9.1671633,0,0,2,Outra via,Húmido,Lisboa,Lisboa,Campolide,Lisboa,Avenida Columbano Bordalo Pinheiro,Arruamento,0,Em bom estado,,Chuva,Sentido único,Fora da intersecção,Dentro das localidades,"Noite, com iluminação",Com marcas - separadoras de sentido de trânsito,Atropelamento de peões,NÃO DEFINIDO,Inexistentes,No sentido crescente da quilometragem,Passagem de peões,Inexistentes,Betuminoso,Recta,Em patamar,Sem berma ou impraticável,Em plena via,Direita
20171218470,2017:03:01 21:28:00,01/01/00,03/01/00,01/01/00,Polícia de Segurança Pública,50.0,50.0,Quarta-Feira ,"38,758748","-9,196202",0,0,1,Outra via,Seco e limpo,Lisboa,Lisboa,Carnide,Lisboa,Avenida Condes de Carnide                                                                           ,Arruamento,0,Em bom estado,,Bom tempo,Sentido único,Fora da intersecção,Dentro das localidades,"Noite, com iluminação",Com marcas - separadoras de sentido e de vias de trânsito,Despiste com dispositivo de retenção,NÃO DEFINIDO,Inexistentes,NÃO DEFINIDO,Outros,Inexistentes,Betuminoso,Recta,Em patamar,Berma pavimentada,Na berma,Direita
2012614344,2012:03:20 18:10:00,01/20/00,03/01/00,01/01/00,Guarda Nacional Republicana,50.0,50.0,Terça-Feira  ,"41,928821","-8,595639",0,0,3,Estrada sem separador,Seco e limpo,Viana do Castelo,Paredes de Coura,Ferreira,,,EN - Estrada Nacional,EN303,Em bom estado,11.765,Bom tempo,Dois sentidos,Fora da intersecção,Dentro das localidades,Em pleno dia,Com marcas - separadoras de sentido de trânsito,Colisão lateral com outro veículo em movimento,NÃO DEFINIDO,Inexistentes,NÃO DEFINIDO,NÃO DEFINIDO,Inexistentes,Betuminoso,Curva,Em patamar,Berma não pavimentada,Em plena via,Direita
2012609151,2012:03:21 13:15:00,01/21/00,03/01/00,01/01/00,Guarda Nacional Republicana,90.0,90.0,Quarta-Feira ,,,0,0,1,Estrada sem separador,Seco e limpo,Aveiro,Sever do Vouga,Pessegueiro do Vouga,AGUEIRA -EM1497,,EM - Estrada Municipal,0,Em bom estado,,Bom tempo,Dois sentidos,Fora da intersecção,Fora das localidades,Em pleno dia,Com marcas - separadoras de sentido de trânsito,Colisão com veiculo ou obstáculo na faixa de rodagem,NÃO DEFINIDO,Inexistentes,NÃO DEFINIDO,Outros,Inexistentes,Betuminoso,Recta,Com inclinação,Sem berma ou impraticável,Em plena via,Direita
2015949096,2015:03:05 16:00:00,01/05/00,03/01/00,01/01/00,Guarda Nacional Republicana,90.0,90.0,Quinta-Feira ,"38,758507","-9,428035",0,0,1,Estrada sem separador,Seco e limpo,Lisboa,Sintra,"União das freguesias de Sintra (Santa Maria e São Miguel, São Martinho e São Pedro de Penaferrim)",Linhó,,EN - Estrada Nacional,EN9-1,Em estado regular,3.95,Bom tempo,Dois sentidos,Fora da intersecção,Fora das localidades,Em pleno dia,Com marcas - separadoras de sentido de trânsito,Colisão com outras situações,NÃO DEFINIDO,Inexistentes,NÃO DEFINIDO,NÃO DEFINIDO,Inexistentes,Betuminoso,Curva,Em patamar,Berma não pavimentada,Em plena via,Direita
20161137346,2016:03:12 11:50:00,01/12/00,03/01/00,01/01/00,Guarda Nacional Republicana,50.0,50.0,Sábado       ,"40,273062","-8,471291",0,0,1,Estrada sem separador,Seco e limpo,Coimbra,Mira,Praia de Mira,PRAIA DE MIRA,Avenida Manuel Milheirão,Arruamento,0,Em estado regular,,Bom tempo,Dois sentidos,Fora da intersecção,Dentro das localidades,Em pleno dia,Com marcas - separadoras de sentido de trânsito,Despiste simples,NÃO DEFINIDO,Inexistentes,NÃO DEFINIDO,NÃO DEFINIDO,Inexistentes,Betuminoso,Recta,Em patamar,Berma pavimentada,Na berma,Direita