Id. Acidente,Datahora,Dia,Mês,Hora,Entidades Fiscalizadoras,Velocidade local,Velocidade geral,Dia da Semana,Latitude GPS,Longitude GPS,Num. Mortos a 30 dias,Num. Feridos graves a 30 dias,Num. Feridos ligeiros a 30 dias,Características Tecnicas1,Cond Aderência,Distrito,Concelho,Freguesia,Pov. Proxima,Nome arruamento,Tipos Vias,Cod Via,Estado Conservação,Km,Factores Atmosféricos,Reg Circulação1,Intersecção Vias,Localizações,Luminosidade,Marca Via,Natureza,Obras Arte,Obstáculos,Sentidos,Sinais,Sinais Luminosos,Tipo Piso,Traçado 1,Traçado 2,Traçado 3,Traçado 4,Via Trânsito
20171254547,2017:03:27 14:05:00,01/27/00,03/01/00,01/01/00,Guarda Nacional Republicana,50.0,50.0,Segunda-Feira,"37,103044","-8,228529",0,0,1,Estrada sem separador,Seco e limpo,Faro,Albufeira,Albufeira e Olhos de Água,Albufeira,Rua Manuel Teixeira Gomes,Arruamento,0,Em estado regular,,Bom tempo,Dois sentidos,Fora da intersecção,Dentro das localidades,Em pleno dia,Com marcas - separadoras de sentido de trânsito,Atropelamento de peões,NÃO DEFINIDO,Inexistentes,NÃO DEFINIDO,Passagem de peões,Inexistentes,Betuminoso,Recta,Em patamar,Sem berma ou impraticável,Em plena via,Direita
20171254216,2017:03:25 23:00:00,01/25/00,03/01/00,01/01/00,Guarda Nacional Republicana,50.0,50.0,Sábado       ,"41,170139","-8,504129",0,0,2,Estrada sem separador,Molhado,Porto,Gondomar,União das freguesias de Fânzeres e São Pedro da Cova,são pedro da cova,rua de são pedro,Arruamento,0,Em estado regular,,Chuva,Dois sentidos,Fora da intersecção,Dentro das localidades,"Noite, sem iluminação",Com marcas - separadoras de sentido de trânsito,Colisão frontal,NÃO DEFINIDO,Inexistentes,NÃO DEFINIDO,NÃO DEFINIDO,Inexistentes,Betuminoso,Recta,Em patamar,Sem berma ou impraticável,Em plena via,Direita
20191695220,2019:03:29 20:00:00,01/29/00,03/01/00,01/01/00,Guarda Nacional Republicana,50.0,50.0,Sexta-Feira  ,"41,334100","-8,279224",0,0,1,Estrada sem separador,Seco e limpo,Porto,Lousada,União das freguesias de Lustosa e Barrosas (Santo Estêvão),Santo Estevão,Rua da Mata,Arruamento,0,Em bom estado,,Bom tempo,Dois sentidos,Fora da intersecção,Dentro das localidades,"Noite, com iluminação",Com marcas - separadoras de sentido de trânsito,Atropelamento de peões,NÃO DEFINIDO,Inexistentes,NÃO DEFINIDO,NÃO DEFINIDO,Inexistentes,Betuminoso,Recta,Com inclinação,Berma pavimentada,Em plena via,Direita
20191667177,2019:03:18 19:10:00,01/18/00,03/01/00,01/01/00,Polícia de Segurança Pública,50.0,50.0,Segunda-Feira,"0,0","0,0",0,0,1,Outra via,Seco e limpo,Vila Real,Chaves,União das freguesias da Madalena e Samaiões,Chaves,Avenida D. Afonso Duque de Bragança,Arruamento,0,Em estado regular,,Bom tempo,Sentido único,Fora da intersecção,Dentro das localidades,"Noite, com iluminação",Com marcas - separadoras de sentido e de vias de trânsito,Colisão frontal,NÃO DEFINIDO,Inexistentes,No sentido decrescente da quilometragem,Outros,Inexistentes,Betuminoso,Recta,Em patamar,Berma pavimentada,Em plena via,Direita
2013674024,2013:03:19 12:30:00,01/19/00,03/01/00,01/01/00,Polícia de Segurança Pública,50.0,50.0,Terça-Feira  ,"0,00","0,00",0,0,1,Estrada sem separador,Molhado,Lisboa,Amadora,São Brás,,Estrada Serra da Mira                                                                               ,Arruamento,0,Em bom estado,,Chuva,Dois sentidos,NÃO DEFINIDO,Dentro das localidades,Em pleno dia,Com marcas - separadoras de sentido e de vias de trânsito,Atropelamento de peões,NÃO DEFINIDO,Inexistentes,NÃO DEFINIDO,Passagem de peões,Inexistentes,Betuminoso,Recta,Em Lomba,Berma pavimentada,Em plena via,Esquerda
2010452608,2010:03:18 13:45:00,01/18/00,03/01/00,01/01/00,Guarda Nacional Republicana,50.0,50.0,Quinta-Feira ,,,0,0,2,Estrada sem separador,Seco e limpo,Braga,Vila Nova de Famalicao,Joane,JOANE,R BERNARDINO MACHADO,Arruamento,0,Em bom estado,,Bom tempo,Dois sentidos,Fora da intersecção,Dentro das localidades,Em pleno dia,Sem marcas rodoviárias ou pouco visíveis,Atropelamento de peões,NÃO DEFINIDO,Inexistentes,NÃO DEFINIDO,NÃO DEFINIDO,Desligada,Betuminoso,Recta,Em patamar,Sem berma ou impraticável,Em plena via,Direita
2011529008,2011:03:05 18:15:00,01/05/00,03/01/00,01/01/00,Guarda Nacional Republicana,50.0,50.0,Sábado       ,"41,557283","-8,783338",0,0,1,Outra via,Seco e limpo,Braga,Esposende,Marinhas,MARINHAS,,EN - Estrada Nacional,EN13,Em estado regular,47.2,Bom tempo,Dois sentidos,Fora da intersecção,Dentro das localidades,Em pleno dia,Com marcas - separadoras de sentido de trânsito,Colisão lateral com outro veículo em movimento,NÃO DEFINIDO,Inexistentes,NÃO DEFINIDO,Outros,A funcionar normalmente,Betuminoso,Recta,Em patamar,Berma pavimentada,Em plena via,Direita
2012608527,2012:03:22 05:20:00,01/22/00,03/01/00,01/01/00,Guarda Nacional Republicana,90.0,90.0,Quinta-Feira ,"39,458232","-8,415813",0,0,2,Estrada sem separador,Seco e limpo,Santarém,Vila Nova da Barquinha,Vila Nova da Barquinha,VILA NOVA DA BARQUINHA,,EN - Estrada Nacional,EN3,Em bom estado,88.4,Bom tempo,Dois sentidos,Fora da intersecção,Fora das localidades,"Noite, sem iluminação",Com marcas - separadoras de sentido de trânsito,Despiste simples,NÃO DEFINIDO,Inexistentes,NÃO DEFINIDO,NÃO DEFINIDO,Inexistentes,Betuminoso,Recta,Com inclinação,Sem berma ou impraticável,Em plena via,Direita
2012598195,2012:03:24 13:45:00,01/24/00,03/01/00,01/01/00,Polícia de Segurança Pública,50.0,50.0,Sábado       ,"0,00","0,00",0,0,1,Estrada sem separador,Húmido,Lisboa,Amadora,Mina,,Estrada Serra da Mira                                                                               ,Arruamento,0,Em estado regular,,Chuva,Dois sentidos,Fora da intersecção,Dentro das localidades,Em pleno dia,Com marcas - separadoras de sentido de trânsito,Colisão traseira com outro veículo em movimento,NÃO DEFINIDO,Inexistentes,NÃO DEFINIDO,Outros,Inexistentes,Betuminoso,Recta,Com inclinação,Sem berma ou impraticável,Em plena via,Direita
20171250219,2017:03:03 15:50:00,01/03/00,03/01/00,01/01/00,Guarda Nacional Republicana,40.0,90.0,Sexta-Feira  ,"41,158828","-7,890329",0,0,1,Estrada sem separador,Molhado,Vila Real,Mesao Frio,Mesão Frio (Santo André),MESÃO FRIO,,EN - Estrada Nacional,EN101,Em bom estado,"161,7",Chuva,Dois sentidos,Em entroncamento,Dentro das localidades,Em pleno dia,Com marcas - separadoras de sentido e de vias de trânsito,Colisão lateral com outro veículo em movimento,NÃO DEFINIDO,Inexistentes,NÃO DEFINIDO,Stop,Inexistentes,Betuminoso,Recta,Em patamar,Berma pavimentada,Em plena via,Direita
2011527278,2011:03:29 15:00:00,01/29/00,03/01/00,01/01/00,Guarda Nacional Republicana,60.0,90.0,Terça-Feira  ,"40,916025","-8,325092",0,0,2,Estrada sem separador,Seco e limpo,Aveiro,Arouca,Rossas,ROSSAS,,EN - Estrada Nacional,EN326,Em bom estado,35.4,Bom tempo,Dois sentidos,Fora da intersecção,Fora das localidades,Em pleno dia,Com marcas - separadoras de sentido de trânsito,Despiste simples,NÃO DEFINIDO,Inexistentes,NÃO DEFINIDO,NÃO DEFINIDO,Inexistentes,Betuminoso,Recta,Em patamar,Sem berma ou impraticável,Na berma,Direita
2011520346,2011:03:28 14:30:00,01/28/00,03/01/00,01/01/00,Polícia de Segurança Pública,50.0,50.0,Segunda-Feira,"0,00","0,00",0,0,2,Outra via,Seco e limpo,Lisboa,Lisboa,Santos-o-Velho,,Av. 24 Julho,Arruamento,0,Em bom estado,,Chuva,Sentido único,Em entroncamento,Dentro das localidades,Em pleno dia,Com marcas - separadoras de sentido e de vias de trânsito,Colisão traseira com outro veículo em movimento,NÃO DEFINIDO,Inexistentes,NÃO DEFINIDO,NÃO DEFINIDO,A funcionar normalmente,Betuminoso,Recta,Em patamar,Berma pavimentada,Em plena via,Central
2012595755,2012:03:15 10:45:00,01/15/00,03/01/00,01/01/00,Polícia de Segurança Pública,50.0,50.0,Quinta-Feira ,"38,946271","-8,994509",0,0,1,Estrada sem separador,Húmido,Lisboa,Vila Franca de Xira,Vila Franca de Xira,Vila Franca de Xira,,EN - Estrada Nacional,EN10,Em estado regular,121.9,Bom tempo,Dois sentidos,Fora da intersecção,Dentro das localidades,Em pleno dia,Com marcas - separadoras de sentido de trânsito,Colisão lateral com outro veículo em movimento,NÃO DEFINIDO,Inexistentes,NÃO DEFINIDO,Outros,Inexistentes,Betuminoso,Recta,Em patamar,Berma pavimentada,Na berma,Direita
2014777149,2014:03:14 17:15:00,01/14/00,03/01/00,01/01/00,Polícia de Segurança Pública,50.0,50.0,Sexta-Feira  ,"41,183316","-8,613842",0,0,1,Outra via,Seco e limpo,Porto,Porto,Paranhos,Porto,,EN - Estrada Nacional,EN12,Em bom estado,7.4,Bom tempo,Sentido único,Em cruzamento,Fora das localidades,Em pleno dia,Com marcas - separadoras de sentido e de vias de trânsito,Atropelamento com fuga,NÃO DEFINIDO,Inexistentes,No sentido crescente da quilometragem,Outros,A funcionar normalmente,Betuminoso,Recta,Em patamar,Sem berma ou impraticável,Em plena via,Direita
20161135392,2016:03:03 07:45:00,01/03/00,03/01/00,01/01/00,Guarda Nacional Republicana,50.0,50.0,Quinta-Feira ,"39,270197","-8,376049",0,1,0,Estrada sem separador,Seco e limpo,Santarém,Torres Novas,"União das freguesias de Brogueira, Parceiros de Igreja e Alcorochel",PARCEIROS SÃO JOÃO,Rua da Escola,Arruamento,0,Em estado regular,,Bom tempo,Dois sentidos,Fora da intersecção,Dentro das localidades,Em pleno dia,Sem marcas rodoviárias ou pouco visíveis,Atropelamento de peões,NÃO DEFINIDO,Inexistentes,NÃO DEFINIDO,NÃO DEFINIDO,Inexistentes,Betuminoso,Recta,Em patamar,Berma não pavimentada,Na berma,Direita
2011521175,2011:03:30 15:15:00,01/30/00,03/01/00,01/01/00,Polícia de Segurança Pública,80.0,90.0,Quarta-Feira ,"0,00","0,00",0,0,1,Outra via,Seco e limpo,Braga,Guimaraes,Mesão Frio,"Circular Urbana de Guimarães, E.N.101  114,4 km",,Outra Via,0,Em bom estado,,Chuva,Sentido único,Fora da intersecção,Dentro das localidades,Em pleno dia,Com marcas - separadoras de sentido e de vias de trânsito,Despiste com capotamento,NÃO DEFINIDO,Inexistentes,NÃO DEFINIDO,Outros,Inexistentes,Betuminoso,Curva,Com inclinação,Berma pavimentada,Em plena via,Direita
2010451693,2010:03:27 12:40:00,01/27/00,03/01/00,01/01/00,Guarda Nacional Republicana,50.0,90.0,Sábado       ,,,0,0,1,Estrada sem separador,Seco e limpo,Viseu,Viseu,Vila Chã de Sá,VILA CHA DE SA,,EN - Estrada Nacional,EN2,Em bom estado,179.736,Bom tempo,Sentido único,Em rotunda,Dentro das localidades,Em pleno dia,Com marcas - separadoras de sentido e de vias de trânsito,Despiste com transposição do dispositivo de retenção lateral,NÃO DEFINIDO,Inexistentes,NÃO DEFINIDO,Outros,Inexistentes,Betuminoso,Curva,Com inclinação,Berma pavimentada,Em plena via,Direita
20191698204,2019:03:15 22:34:00,01/15/00,03/01/00,01/01/00,Guarda Nacional Republicana,50.0,50.0,Sexta-Feira  ,"38,206100","-8,479400",0,0,1,Estrada sem separador,Seco e limpo,Setúbal,Grandola,União das freguesias de Grândola e Santa Margarida da Serra,Cilha do Pascoal,,EM - Estrada Municipal,0,Em estado regular,"0,1",Bom tempo,Dois sentidos,Fora da intersecção,Fora das localidades,"Noite, sem iluminação",Com marcas - separadoras de sentido de trânsito,Despiste com capotamento,NÃO DEFINIDO,Inexistentes,NÃO DEFINIDO,NÃO DEFINIDO,Inexistentes,Betuminoso,Recta,Em patamar,Sem berma ou impraticável,Na berma,Direita
2015916383,2015:03:20 08:30:00,01/20/00,03/01/00,01/01/00,Polícia de Segurança Pública,50.0,50.0,Sexta-Feira  ,"38,787439","-9,219440",0,0,1,Estrada sem separador,Seco e limpo,Lisboa,Odivelas,União das freguesias de Pontinha e Famões,Pontinha,Rua Ilha da Madeira                                                                                 ,Arruamento,0,Em estado regular,,Bom tempo,Dois sentidos,Em entroncamento,Dentro das localidades,Em pleno dia,Sem marcas rodoviárias ou pouco visíveis,Colisão frontal,NÃO DEFINIDO,Inexistentes,NÃO DEFINIDO,NÃO DEFINIDO,Inexistentes,Betuminoso,Curva,Em patamar,Berma pavimentada,Em plena via,Direita
20191695140,2019:03:31 12:15:00,01/31/00,03/01/00,01/01/00,Guarda Nacional Republicana,50.0,50.0,Domingo      ,"40,740680","-8,563564",0,0,1,Estrada sem separador,Seco e limpo,Aveiro,Estarreja,Salreu,Salreu,,EN - Estrada Nacional,EN109,Em bom estado,"49,8",Bom tempo,Dois sentidos,Em cruzamento,Dentro das localidades,Em pleno dia,Sem marcas rodoviárias ou pouco visíveis,Colisão com outras situações,NÃO DEFINIDO,Inexistentes,NÃO DEFINIDO,NÃO DEFINIDO,Inexistentes,Betuminoso,Curva,Com inclinação,Sem berma ou impraticável,Em plena via,Direita
20181389426,2018:03:17 20:40:00,01/17/00,03/01/00,01/01/00,Guarda Nacional Republicana,40.0,120.0,Sábado       ,"38,713160","-8,938456",0,0,1,Outra via,Seco e limpo,Setúbal,Montijo,União das freguesias de Montijo e Afonsoeiro,Montijo,,IC - Itinerário Complementar,IC32,Em bom estado,"0,1",Chuva,Sentido único,Fora da intersecção,Fora das localidades,"Noite, sem iluminação",Com marcas - separadoras de sentido e de vias de trânsito,Despiste simples,NÃO DEFINIDO,Inexistentes,No sentido crescente da quilometragem,NÃO DEFINIDO,Inexistentes,Betuminoso,Curva,Em patamar,Berma pavimentada,Em plena via,Esquerda
2013750225,2013:03:24 09:30:00,01/24/00,03/01/00,01/01/00,Guarda Nacional Republicana,50.0,50.0,Domingo      ,"40,176135","-8,339031",0,0,1,Estrada sem separador,Molhado,Coimbra,Miranda do Corvo,Semide,Vale de Colmeias,Rua Bairro Novo,Arruamento,0,Em estado regular,,Chuva,Dois sentidos,Fora da intersecção,Dentro das localidades,Em pleno dia,Com marcas - separadoras de sentido de trânsito,Despiste simples,NÃO DEFINIDO,Inexistentes,NÃO DEFINIDO,NÃO DEFINIDO,Inexistentes,Betuminoso,Curva,Em patamar,Berma não pavimentada,Na berma,Direita
20191668391,2019:03:25 16:10:00,01/25/00,03/01/00,01/01/00,Polícia de Segurança Pública,50.0,50.0,Segunda-Feira,"0,0","0,0",0,0,1,Estrada sem separador,Seco e limpo,Coimbra,Coimbra,"União das freguesias de Coimbra (Sé Nova, Santa Cruz, Almedina e São Bartolomeu)",Coimbra,Avenida Sá da Bandeira                                                                              ,Arruamento,0,Em estado regular,,Bom tempo,Sentido único,Fora da intersecção,Dentro das localidades,Em pleno dia,Com marcas - separadoras de sentido e de vias de trânsito,Atropelamento de peões,NÃO DEFINIDO,Inexistentes,NÃO DEFINIDO,Outros,Inexistentes,Betuminoso,Recta,Em patamar,Sem berma ou impraticável,Em plena via,Esquerda
20191665281,2019:03:07 13:30:00,01/07/00,03/01/00,01/01/00,Polícia de Segurança Pública,50.0,50.0,Quinta-Feira ,"0,0","0,0",0,0,1,Estrada sem separador,Seco e limpo,Setúbal,Setubal,"União das freguesias de Setúbal (São Julião, Nossa Senhora da Anunciada e Santa Maria da Graça)",Setúbal,Avenida Manuel Maria Portela                                                                        ,Arruamento,0,Em estado regular,,Bom tempo,Sentido único,Fora da intersecção,Dentro das localidades,Em pleno dia,Sem marcas rodoviárias ou pouco visíveis,Colisão com veiculo ou obstáculo na faixa de rodagem,NÃO DEFINIDO,Inexistentes,NÃO DEFINIDO,Passagem de peões,Inexistentes,Betuminoso,Recta,Em patamar,Berma pavimentada,Em plena via,Esquerda
2010452618,2010:03:01 08:00:00,01/01/00,03/01/00,01/01/00,Guarda Nacional Republicana,50.0,50.0,Segunda-Feira,,,0,0,2,Estrada sem separador,Seco e limpo,Beja,Alvito,Alvito,,R 15 MAIO,Arruamento,0,Em bom estado,,Bom tempo,Dois sentidos,Fora da intersecção,Dentro das localidades,Em pleno dia,Sem marcas rodoviárias ou pouco visíveis,Colisão lateral com outro veículo em movimento,NÃO DEFINIDO,Inexistentes,NÃO DEFINIDO,Outros,Inexistentes,Betuminoso,Recta,Em patamar,Sem berma ou impraticável,Em plena via,Direita
2015947598,2015:03:11 14:45:00,01/11/00,03/01/00,01/01/00,Guarda Nacional Republicana,70.0,90.0,Quarta-Feira ,"40,336680","-8,337919",1,0,3,Estrada sem separador,Seco e limpo,Aveiro,Oliveira do Bairro,Oiã,Oiã,,EN - Estrada Nacional,EN235,Em estado regular,11.45,Bom tempo,Dois sentidos,Fora da intersecção,Fora das localidades,Em pleno dia,Com marcas - separadoras de sentido de trânsito,Colisão frontal,NÃO DEFINIDO,Inexistentes,NÃO DEFINIDO,NÃO DEFINIDO,Inexistentes,Betuminoso,Recta,Em patamar,Berma pavimentada,Em plena via,Direita
20181390897,2018:03:24 13:45:00,01/24/00,03/01/00,01/01/00,Guarda Nacional Republicana,50.0,50.0,Sábado       ,"39,422946","-8,833538",0,0,2,Estrada sem separador,Seco e limpo,Santarém,Santarem,Alcanede,Alcanede,Rua do Ribatejo,Arruamento,0,Em bom estado,,Bom tempo,Dois sentidos,Fora da intersecção,Dentro das localidades,Em pleno dia,Com marcas - separadoras de sentido de trânsito,Colisão traseira com outro veículo em movimento,NÃO DEFINIDO,Inexistentes,NÃO DEFINIDO,NÃO DEFINIDO,Inexistentes,Betuminoso,Recta,Em patamar,Sem berma ou impraticável,Em plena via,Direita
2014817112,2014:03:06 20:20:00,01/06/00,03/01/00,01/01/00,Guarda Nacional Republicana,50.0,50.0,Quinta-Feira ,"40,588427","-8,322008",0,0,1,Estrada sem separador,Seco e limpo,Aveiro,Santa Maria da Feira,Lourosa,Lourosa,Rua João Paulo II,Arruamento,0,Em estado regular,,Bom tempo,Dois sentidos,Em entroncamento,Dentro das localidades,"Noite, com iluminação",Com marcas - separadoras de sentido de trânsito,Atropelamento de peões,NÃO DEFINIDO,Inexistentes,NÃO DEFINIDO,Stop,Inexistentes,Betuminoso,Recta,Em patamar,Berma pavimentada,Em plena via,Direita
2011516989,2011:03:09 09:40:00,01/09/00,03/01/00,01/01/00,Polícia de Segurança Pública,50.0,50.0,Quarta-Feira ,"0,00","0,00",0,1,0,Estrada sem separador,Húmido,Setúbal,Almada,Cova da Piedade,,Largo da Romeira                                                                                    ,Arruamento,0,Em estado regular,,Bom tempo,Dois sentidos,Em entroncamento,Dentro das localidades,Em pleno dia,Sem marcas rodoviárias ou pouco visíveis,Atropelamento de peões,NÃO DEFINIDO,Inexistentes,NÃO DEFINIDO,NÃO DEFINIDO,Inexistentes,Betuminoso,Curva,Em patamar,Berma pavimentada,Em plena via,Direita
20181388029,2018:03:12 11:45:00,01/12/00,03/01/00,01/01/00,Guarda Nacional Republicana,90.0,90.0,Segunda-Feira,"39,760017","-7,868847",0,0,1,Estrada sem separador,Seco e limpo,Castelo Branco,Proenca-a-Nova,União das freguesias de Sobreira Formosa e Alvito da Beira,Pucariço,,EN - Estrada Nacional,EN233,Em bom estado,"152,8",Bom tempo,Dois sentidos,Fora da intersecção,Fora das localidades,Em pleno dia,Com marcas - separadoras de sentido de trânsito,Despiste simples,NÃO DEFINIDO,Inexistentes,NÃO DEFINIDO,NÃO DEFINIDO,Inexistentes,Betuminoso,Recta,Com inclinação,Berma não pavimentada,Na berma,Direita
20161141281,2016:03:29 16:30:00,01/29/00,03/01/00,01/01/00,Guarda Nacional Republicana,50.0,50.0,Terça-Feira  ,"41,156008","-8,368899",0,0,1,Estrada sem separador,Húmido,Porto,Maia,Castêlo da Maia,CASTELO DA MAIA,,Outra Via,0,Em estado regular,,Bom tempo,Dois sentidos,Fora da intersecção,Dentro das localidades,Em pleno dia,Com marcas - separadoras de sentido e de vias de trânsito,Colisão frontal,NÃO DEFINIDO,Correctamente sinalizados,NÃO DEFINIDO,NÃO DEFINIDO,Inexistentes,Betuminoso,Recta,Com inclinação,Berma pavimentada,Em plena via,Direita
20161032671,2016:03:02 09:45:00,01/02/00,03/01/00,01/01/00,Polícia de Segurança Pública,50.0,50.0,Quarta-Feira ,"37,024606","-7,920489",0,0,1,Estrada sem separador,Seco e limpo,Faro,Faro,União das freguesias de Faro (Sé e São Pedro),,Estrada São Luís                                                                                    ,Arruamento,0,Em estado regular,,Bom tempo,Dois sentidos,Em entroncamento,Dentro das localidades,Em pleno dia,Sem marcas rodoviárias ou pouco visíveis,Colisão lateral com outro veículo em movimento,NÃO DEFINIDO,Inexistentes,NÃO DEFINIDO,NÃO DEFINIDO,Inexistentes,Betuminoso,Recta,Em patamar,Berma pavimentada,Em plena via,Direita
2015917808,2015:03:31 13:00:00,01/31/00,03/01/00,01/01/00,Polícia de Segurança Pública,50.0,50.0,Terça-Feira  ,"38,784104","-9,191790",0,0,1,Estrada sem separador,Seco e limpo,Lisboa,Odivelas,Odivelas,Odivelas,Avenida Miguel Torga                                                                                ,Arruamento,0,Em estado regular,,Bom tempo,Sentido único,Em rotunda,Dentro das localidades,Em pleno dia,Com marcas - separadoras de sentido e de vias de trânsito,Colisão lateral com outro veículo em movimento,NÃO DEFINIDO,Inexistentes,NÃO DEFINIDO,NÃO DEFINIDO,Inexistentes,Betuminoso,Curva,Com inclinação,Berma pavimentada,Em plena via,Central
2010451545,2010:03:07 16:15:00,01/07/00,03/01/00,01/01/00,Guarda Nacional Republicana,50.0,50.0,Domingo      ,"40,895006","-8,480048",0,0,1,Outra via,Húmido,Aveiro,Sao Joao da Madeira,São João da Madeira,S JOAO MADEIRA,,IC - Itinerário Complementar,IC2,Em bom estado,271.8,Bom tempo,Dois sentidos,Fora da intersecção,Dentro das localidades,Em pleno dia,Com marcas - separadoras de sentido de trânsito,Colisão traseira com outro veículo em movimento,NÃO DEFINIDO,Inexistentes,No sentido crescente da quilometragem,Cedência de passagem,Inexistentes,Betuminoso,Recta,Em patamar,Berma pavimentada,Em plena via,Direita
20191695979,2019:03:25 15:30:00,01/25/00,03/01/00,01/01/00,Guarda Nacional Republicana,50.0,90.0,Segunda-Feira,"39,698380","-8,877103",0,1,0,Estrada sem separador,Seco e limpo,Leiria,Leiria,Maceira,Alcogulhe de Cima,,Outra Via,0,Em bom estado,,Bom tempo,Dois sentidos,Fora da intersecção,Dentro das localidades,Em pleno dia,Com marcas - separadoras de sentido de trânsito,Despiste simples,NÃO DEFINIDO,Inexistentes,NÃO DEFINIDO,NÃO DEFINIDO,Inexistentes,Betuminoso,Recta,Em patamar,Sem berma ou impraticável,Em plena via,Direita
2012592383,2012:03:01 16:30:00,01/01/00,03/01/00,01/01/00,Polícia de Segurança Pública,60.0,60.0,Quinta-Feira ,"0,00","0,00",0,0,2,Estrada sem separador,Húmido,Lisboa,Lisboa,Campolide,,Acesso Avenida Engenheiro Duarte Pacheco à Ponte 25 de Abril,Arruamento,0,Em estado regular,,Chuva,Sentido único,Fora da intersecção,Dentro das localidades,Em pleno dia,Com marcas - separadoras de sentido e de vias de trânsito,Colisão com veiculo ou obstáculo na faixa de rodagem,NÃO DEFINIDO,Inexistentes,NÃO DEFINIDO,NÃO DEFINIDO,Inexistentes,Betuminoso,Recta,Em patamar,Berma pavimentada,Em plena via,Direita
2012599351,2012:03:30 18:35:00,01/30/00,03/01/00,01/01/00,Polícia de Segurança Pública,50.0,50.0,Sexta-Feira  ,"0,00","0,00",0,0,2,Auto-estrada,Húmido,Setúbal,Setubal,Setúbal (São Sebastião),,,A  - Auto-Estrada,A12,Em estado regular,,Bom tempo,Sentido único,Fora da intersecção,Fora das localidades,Em pleno dia,Com marcas - separadoras de sentido e de vias de trânsito,Despiste sem dispositivo de retenção,NÃO DEFINIDO,Inexistentes,NÃO DEFINIDO,NÃO DEFINIDO,A funcionar normalmente,Betuminoso,Curva,Com inclinação,Berma pavimentada,Em plena via,Direita
2013670292,2013:03:06 21:10:00,01/06/00,03/01/00,01/01/00,Polícia de Segurança Pública,50.0,50.0,Quarta-Feira ,"0,00","0,00",0,0,1,Estrada sem separador,Molhado,Lisboa,Lisboa,Penha de França,,Avenida General Roçadas,Arruamento,0,Em bom estado,,Chuva,Dois sentidos,Fora da intersecção,Dentro das localidades,"Noite, com iluminação",Com marcas - separadoras de sentido e de vias de trânsito,Colisão lateral com outro veículo em movimento,NÃO DEFINIDO,Inexistentes,NÃO DEFINIDO,Outros,Inexistentes,Betuminoso,Recta,Em patamar,Sem berma ou impraticável,Em plena via,Direita
2010438380,2010:03:07 10:00:00,01/07/00,03/01/00,01/01/00,Polícia de Segurança Pública,50.0,50.0,Domingo      ,"0,00","0,00",0,0,2,Estrada sem separador,Seco e limpo,Porto,Gondomar,Rio Tinto,,Rua Fernão de Magalhães,Arruamento,0,Em bom estado,,Chuva,Dois sentidos,Fora da intersecção,Dentro das localidades,Em pleno dia,Sem marcas rodoviárias ou pouco visíveis,Colisão lateral com outro veículo em movimento,NÃO DEFINIDO,Inexistentes,NÃO DEFINIDO,NÃO DEFINIDO,Inexistentes,Betuminoso,Recta,Em patamar,Berma pavimentada,Em plena via,Direita
20181371727,2018:03:14 12:15:00,01/14/00,03/01/00,01/01/00,Polícia de Segurança Pública,90.0,90.0,Quarta-Feira ,"41,545448","-8,426507",0,0,1,Outra via,Molhado,Braga,Braga,União das freguesias de Braga (São José de São Lázaro e São João do Souto),Braga,,VAR - Variante,VAR-CAV,Em bom estado,,Chuva,Sentido único,Fora da intersecção,Fora das localidades,Em pleno dia,Com marcas - separadoras de sentido e de vias de trânsito,Despiste com dispositivo de retenção,NÃO DEFINIDO,Inexistentes,No sentido crescente da quilometragem,NÃO DEFINIDO,Inexistentes,Betuminoso,Curva,Com inclinação,Berma pavimentada,Em plena via,Central
20161037583,2016:03:09 13:15:00,01/09/00,03/01/00,01/01/00,Polícia de Segurança Pública,50.0,50.0,Quarta-Feira ,"38,629552","-9,157572",0,0,1,Estrada sem separador,Molhado,Setúbal,Seixal,Corroios,Vale de Milhaços,Avenida Fábrica da Pólvora                                                                          ,Arruamento,0,Em estado regular,,Chuva,Dois sentidos,Em entroncamento,Dentro das localidades,Em pleno dia,Sem marcas rodoviárias ou pouco visíveis,Colisão frontal,NÃO DEFINIDO,Inexistentes,NÃO DEFINIDO,NÃO DEFINIDO,Inexistentes,Betuminoso,Recta,Em patamar,Sem berma ou impraticável,Em plena via,Direita
2010441136,2010:03:07 10:30:00,01/07/00,03/01/00,01/01/00,Polícia de Segurança Pública,50.0,50.0,Domingo      ,"0,00","0,00",0,0,1,Estrada sem separador,Seco e limpo,Porto,Porto,Santo Ildefonso,,Avenida Aliados,Arruamento,0,Em bom estado,,Chuva,Sentido único,Em cruzamento,Dentro das localidades,Em pleno dia,Com marcas - separadoras de sentido e de vias de trânsito,Colisão frontal,NÃO DEFINIDO,Inexistentes,NÃO DEFINIDO,Outros,A funcionar normalmente,Betão de cimento,Recta,Com inclinação,Berma pavimentada,Em plena via,Esquerda
20161135898,2016:03:05 15:10:00,01/05/00,03/01/00,01/01/00,Guarda Nacional Republicana,40.0,50.0,Sábado       ,"41,289446","-8,105147",0,0,2,Estrada sem separador,Húmido,Braga,Fafe,Vinhós,FAFE,Rua outeiro da linha - Vinhós,Arruamento,0,Em bom estado,,Chuva,Sentido único,Fora da intersecção,Dentro das localidades,Em pleno dia,Sem marcas rodoviárias ou pouco visíveis,Despiste simples,NÃO DEFINIDO,Inexistentes,NÃO DEFINIDO,NÃO DEFINIDO,Inexistentes,Betuminoso,Curva,Em patamar,Sem berma ou impraticável,Na berma,Direita