Id. Acidente,Datahora,Dia,Mês,Hora,Entidades Fiscalizadoras,Velocidade local,Velocidade geral,Dia da Semana,Latitude GPS,Longitude GPS,Num. Mortos a 30 dias,Num. Feridos graves a 30 dias,Num. Feridos ligeiros a 30 dias,Características Tecnicas1,Cond Aderência,Distrito,Concelho,Freguesia,Pov. Proxima,Nome arruamento,Tipos Vias,Cod Via,Estado Conservação,Km,Factores Atmosféricos,Reg Circulação1,Intersecção Vias,Localizações,Luminosidade,Marca Via,Natureza,Obras Arte,Obstáculos,Sentidos,Sinais,Sinais Luminosos,Tipo Piso,Traçado 1,Traçado 2,Traçado 3,Traçado 4,Via Trânsito
2010451596,2010:03:25 08:10:00,01/25/00,03/01/00,01/01/00,Guarda Nacional Republicana,50.0,50.0,Quinta-Feira ,,,0,0,1,Estrada sem separador,Molhado,Castelo Branco,Idanha-a-Nova,Proença-a-Velha,PRONECA A VELHA,,EM - Estrada Municipal,EM557,Em estado regular,6.0,Chuva,Dois sentidos,Fora da intersecção,Dentro das localidades,Em pleno dia,Sem marcas rodoviárias ou pouco visíveis,Atropelamento de peões,NÃO DEFINIDO,Inexistentes,NÃO DEFINIDO,NÃO DEFINIDO,NÃO DEFINIDO,Calçada,Curva,Em patamar,Berma pavimentada,Em plena via,Direita
20161136584,2016:03:08 14:35:00,01/08/00,03/01/00,01/01/00,Guarda Nacional Republicana,100.0,100.0,Terça-Feira  ,"40,342591","-8,021301",0,4,2,Estrada sem separador,Seco e limpo,Viseu,Tondela,União das freguesias de São Miguel do Outeiro e Sabugosa,SAGUGOSA,,IP- Itinerário Principal,IP3,Em estado regular,"108,24",Bom tempo,Dois sentidos,Fora da intersecção,Fora das localidades,Em pleno dia,Com marcas - separadoras de sentido de trânsito,Colisão frontal,NÃO DEFINIDO,Inexistentes,NÃO DEFINIDO,Outros,Inexistentes,Betuminoso,Recta,Em patamar,Sem berma ou impraticável,Em plena via,Direita
2014816103,2014:03:01 23:40:00,01/01/00,03/01/00,01/01/00,Guarda Nacional Republicana,50.0,50.0,Sábado       ,"38,547779","-9,042628",0,0,2,Estrada sem separador,Molhado,Setúbal,Sesimbra,Quinta do Conde,Quinta do Conde,Estrada Quinta do Peru,Arruamento,0,Em estado regular,,Chuva,Dois sentidos,Fora da intersecção,Dentro das localidades,"Noite, sem iluminação",Sem marcas rodoviárias ou pouco visíveis,Despiste simples,NÃO DEFINIDO,Inexistentes,NÃO DEFINIDO,NÃO DEFINIDO,Inexistentes,Betuminoso,Curva,Em patamar,Berma não pavimentada,Na berma,Direita
2013672469,2013:03:05 06:00:00,01/05/00,03/01/00,01/01/00,Polícia de Segurança Pública,50.0,50.0,Terça-Feira  ,"0,00","0,00",0,0,1,Estrada sem separador,Húmido,Lisboa,Amadora,Venteira,,"Estrada Velha de Queluz, acesso Hospital",Arruamento,0,Em estado regular,,Chuva,Dois sentidos,Fora da intersecção,Dentro das localidades,"Noite, com iluminação",Com marcas - separadoras de sentido e de vias de trânsito,Despiste com colisão com veículo imobil. ou obstáculo,NÃO DEFINIDO,Inexistentes,NÃO DEFINIDO,NÃO DEFINIDO,Inexistentes,Betuminoso,Recta,Em patamar,Berma pavimentada,Em plena via,Direita
2015949078,2015:03:14 09:10:00,01/14/00,03/01/00,01/01/00,Guarda Nacional Republicana,,50.0,Sábado       ,"42,045256","-8,296059",0,0,1,Estrada sem separador,Seco e limpo,Viana do Castelo,Moncao,União das freguesias de Mazedo e Cortes,Cortes,Avª da Galicia,Arruamento,0,Em bom estado,,Bom tempo,Dois sentidos,Em entroncamento,Dentro das localidades,Em pleno dia,Sem marcas rodoviárias ou pouco visíveis,Colisão frontal,NÃO DEFINIDO,Inexistentes,NÃO DEFINIDO,Stop,Inexistentes,Betuminoso,Recta,Com inclinação,Berma pavimentada,Em plena via,Direita
2014776184,2014:03:10 09:00:00,01/10/00,03/01/00,01/01/00,Polícia de Segurança Pública,30.0,50.0,Segunda-Feira,"40,200890","-8,433228",0,0,1,Estrada sem separador,Seco e limpo,Coimbra,Coimbra,Santa Clara,,Estrada das Lágrimas,Arruamento,0,Em bom estado,,Bom tempo,Dois sentidos,Fora da intersecção,Dentro das localidades,Em pleno dia,Sem marcas rodoviárias ou pouco visíveis,Atropelamento de peões,NÃO DEFINIDO,Inexistentes,NÃO DEFINIDO,Passagem de peões,Inexistentes,Betuminoso,Recta,Em patamar,Berma pavimentada,Em plena via,Direita
20171251063,2017:03:09 08:55:00,01/09/00,03/01/00,01/01/00,Guarda Nacional Republicana,50.0,50.0,Quinta-Feira ,"40,577479","-8,077745",0,0,2,Estrada sem separador,Seco e limpo,Viseu,Tondela,União das freguesias de Vilar de Besteiros e Mosteiro de Fráguas,Vilar de Besteiros,,EM - Estrada Municipal,0,Em bom estado,652,Bom tempo,Dois sentidos,Em entroncamento,Dentro das localidades,Em pleno dia,Com marcas - separadoras de sentido e de vias de trânsito,Colisão lateral com outro veículo em movimento,NÃO DEFINIDO,Inexistentes,NÃO DEFINIDO,Stop,Inexistentes,Betuminoso,Recta,Em patamar,Sem berma ou impraticável,Em plena via,Direita
2015908663,2015:03:09 08:30:00,01/09/00,03/01/00,01/01/00,Polícia de Segurança Pública,100.0,100.0,Segunda-Feira,"38,750725","-9,286311",0,0,1,Outra via,Seco e limpo,Lisboa,Sintra,União das freguesias de Massamá e Monte Abraão,,,IC - Itinerário Complementar,IC19,Em estado regular,6.5,Bom tempo,Sentido único,Fora da intersecção,Fora das localidades,Em pleno dia,Com marcas - separadoras de sentido de trânsito,Colisão choque em cadeia,NÃO DEFINIDO,Inexistentes,No sentido crescente da quilometragem,Outros,Inexistentes,Betuminoso,Recta,Em patamar,Berma pavimentada,Em plena via,Esquerda
20181379038,2018:03:08 12:00:00,01/08/00,03/01/00,01/01/00,Polícia de Segurança Pública,80.0,90.0,Quinta-Feira ,"0,0","0,0",0,0,1,Estrada sem separador,Molhado,Leiria,Leiria,União das freguesias de Marrazes e Barosa,Leiria,,EN - Estrada Nacional,EN242,Em bom estado,0,Chuva,Dois sentidos,Em rotunda,Fora das localidades,Em pleno dia,Com marcas - separadoras de sentido e de vias de trânsito,Colisão com outras situações,NÃO DEFINIDO,Inexistentes,NÃO DEFINIDO,Outros,Inexistentes,Betuminoso,Curva,Em patamar,Berma pavimentada,Em plena via,Direita
20171221907,2017:03:10 15:00:00,01/10/00,03/01/00,01/01/00,Polícia de Segurança Pública,50.0,50.0,Sexta-Feira  ,"38,772610","-9,203847",0,0,1,Estrada sem separador,Seco e limpo,Lisboa,Odivelas,União das freguesias de Pontinha e Famões,Pontinha,Rua Pedro Álvares Cabral                                                                            ,Arruamento,0,Em estado regular,,Bom tempo,Dois sentidos,Fora da intersecção,Dentro das localidades,Em pleno dia,Com marcas - separadoras de sentido de trânsito,Colisão choque em cadeia,NÃO DEFINIDO,Inexistentes,NÃO DEFINIDO,Passagem de peões,A funcionar normalmente,Betuminoso,Recta,Com inclinação,Berma pavimentada,Em plena via,Direita
2014816033,2014:03:14 10:00:00,01/14/00,03/01/00,01/01/00,Guarda Nacional Republicana,50.0,50.0,Sexta-Feira  ,"40,300818","-8,049280",0,0,1,Estrada sem separador,Seco e limpo,Viseu,Tondela,União das freguesias de Tondela e Nandufe,Tondela,Avª Doutor Francisco Sá Carneiro,Arruamento,0,Em bom estado,,Bom tempo,Sentido único,Fora da intersecção,Dentro das localidades,Em pleno dia,Com marcas - separadoras de sentido de trânsito,Colisão traseira com outro veículo em movimento,NÃO DEFINIDO,Inexistentes,NÃO DEFINIDO,Outros,Inexistentes,Betuminoso,Curva,Em patamar,Berma pavimentada,Em plena via,Direita
20171221648,2017:03:19 17:45:00,01/19/00,03/01/00,01/01/00,Polícia de Segurança Pública,50.0,50.0,Domingo      ,"41,375680","-8,541910",0,0,2,Estrada sem separador,Seco e limpo,Braga,Vila Nova de Famalicao,União das freguesias de Vila Nova de Famalicão e Calendário,Vila Nova de Famalicão,Rua Manuel Simões Nogueira                                                                          ,Arruamento,0,Em bom estado,,Bom tempo,Dois sentidos,Em entroncamento,Dentro das localidades,Em pleno dia,Com marcas - separadoras de sentido de trânsito,Colisão traseira com outro veículo em movimento,NÃO DEFINIDO,Inexistentes,NÃO DEFINIDO,Stop,Inexistentes,Betuminoso,Recta,Em patamar,Berma pavimentada,Em plena via,Direita
20171223303,2017:03:24 09:00:00,01/24/00,03/01/00,01/01/00,Polícia de Segurança Pública,50.0,50.0,Sexta-Feira  ,"38,767768","-9,158895",0,0,1,Estrada sem separador,Seco e limpo,Lisboa,Lisboa,Lumiar,,Avenida Rainha Dona Leonor                                                                          ,Arruamento,0,Em bom estado,,Bom tempo,Sentido único,NÃO DEFINIDO,Dentro das localidades,Em pleno dia,Sem marcas rodoviárias ou pouco visíveis,Colisão traseira com outro veículo em movimento,NÃO DEFINIDO,Inexistentes,NÃO DEFINIDO,Outros,Inexistentes,Betuminoso,Recta,Com inclinação,Berma pavimentada,Em plena via,Direita
2015948142,2015:03:13 14:10:00,01/13/00,03/01/00,01/01/00,Guarda Nacional Republicana,50.0,50.0,Sexta-Feira  ,"40,411964","-8,288820",0,0,1,Estrada sem separador,Seco e limpo,Aveiro,Albergaria-a-Velha,Albergaria-a-Velha e Valmaior,,Rua José Nunes Alves,Arruamento,0,Em bom estado,,Bom tempo,Dois sentidos,Fora da intersecção,Dentro das localidades,Em pleno dia,Com marcas - separadoras de sentido de trânsito,Despiste simples,NÃO DEFINIDO,Inexistentes,NÃO DEFINIDO,Outros,Inexistentes,Betuminoso,Recta,Em patamar,Berma pavimentada,Em plena via,Direita
2011526966,2011:03:07 18:20:00,01/07/00,03/01/00,01/01/00,Guarda Nacional Republicana,50.0,50.0,Segunda-Feira,,,1,0,0,Estrada sem separador,Seco e limpo,Porto,Amarante,Fregim,FREGIM,R DA MÓ,Arruamento,0,Em bom estado,,Bom tempo,Dois sentidos,Em entroncamento,Dentro das localidades,Em pleno dia,Sem marcas rodoviárias ou pouco visíveis,Despiste simples,NÃO DEFINIDO,Inexistentes,NÃO DEFINIDO,Outros,Inexistentes,Betuminoso,Curva,Em patamar,Berma pavimentada,Na berma,Direita
2010453734,2010:03:10 18:15:00,01/10/00,03/01/00,01/01/00,Guarda Nacional Republicana,50.0,50.0,Quarta-Feira ,,,0,0,1,Estrada sem separador,Seco e limpo,Braga,Braga,Crespos,CRESPOS,,EN - Estrada Nacional,EN205-4,Em estado regular,,Bom tempo,Dois sentidos,Em cruzamento,Dentro das localidades,Em pleno dia,Com marcas - separadoras de sentido e de vias de trânsito,Colisão lateral com outro veículo em movimento,NÃO DEFINIDO,Inexistentes,NÃO DEFINIDO,Outros,Inexistentes,Betuminoso,Recta,Em patamar,Berma não pavimentada,Em plena via,Esquerda
20161139271,2016:03:19 14:30:00,01/19/00,03/01/00,01/01/00,Guarda Nacional Republicana,70.0,70.0,Sábado       ,"40,484555","-8,218722",0,0,1,Estrada sem separador,Húmido,Aveiro,Vale de Cambra,Junqueira,CHÃ,,EM - Estrada Municipal,EM552,Em bom estado,5,Chuva,Dois sentidos,Fora da intersecção,Fora das localidades,Em pleno dia,Com marcas - separadoras de sentido de trânsito,Colisão frontal,NÃO DEFINIDO,Inexistentes,NÃO DEFINIDO,NÃO DEFINIDO,Inexistentes,Betuminoso,Recta,Em patamar,Berma pavimentada,Em plena via,Direita
20161038576,2016:03:15 15:20:00,01/15/00,03/01/00,01/01/00,Polícia de Segurança Pública,50.0,50.0,Terça-Feira  ,"41,380561","-8,766606",0,0,1,Estrada sem separador,Molhado,Porto,Povoa de Varzim,"União das freguesias da Póvoa de Varzim, Beiriz e Argivai",Póvoa de Varzim,Avenida Mouzinho de Albuquerque                                                                     ,Arruamento,0,Em bom estado,,Chuva,Dois sentidos,Fora da intersecção,Dentro das localidades,Em pleno dia,Com marcas - separadoras de sentido de trânsito,Atropelamento de peões,NÃO DEFINIDO,Inexistentes,NÃO DEFINIDO,Passagem de peões,Inexistentes,Betuminoso,Recta,Com inclinação,Sem berma ou impraticável,Em plena via,Direita
2012605459,2012:03:24 16:45:00,01/24/00,03/01/00,01/01/00,Polícia de Segurança Pública,50.0,50.0,Sábado       ,"0,00","0,00",0,0,2,Outra via,Seco e limpo,Lisboa,Lisboa,Santa Maria dos Olivais,,Rua Polo Norte                                                                                      ,Arruamento,0,Em estado regular,,Bom tempo,Dois sentidos,Fora da intersecção,Dentro das localidades,Em pleno dia,Com marcas - separadoras de sentido e de vias de trânsito,Colisão com outras situações,NÃO DEFINIDO,Inexistentes,NÃO DEFINIDO,Outros,Inexistentes,Betuminoso,Recta,Em patamar,Berma pavimentada,Em plena via,Direita
20171218982,2017:03:04 09:20:00,01/04/00,03/01/00,01/01/00,Polícia de Segurança Pública,50.0,50.0,Sábado       ,"41,534994","-8,614859",0,0,1,Estrada sem separador,NÃO DEFINIDO,Braga,Barcelos,"União das freguesias de Barcelos, Vila Boa e Vila Frescainha (São Martinho e São Pedro)",Barcelos,Rua Elias Garcia                                                                                    ,Arruamento,0,NÃO DEFINIDO,,NÃO DEFINIDO,Dois sentidos,NÃO DEFINIDO,Dentro das localidades,NÃO DEFINIDO,NÃO DEFINIDO,Despiste sem dispositivo de retenção,NÃO DEFINIDO,NÃO DEFINIDO,NÃO DEFINIDO,NÃO DEFINIDO,NÃO DEFINIDO,NÃO DEFINIDO,NÃO DEFINIDO,NÃO DEFINIDO,NÃO DEFINIDO,NÃO DEFINIDO,Direita
20171251246,2017:03:10 01:20:00,01/10/00,03/01/00,01/01/00,Guarda Nacional Republicana,50.0,50.0,Sexta-Feira  ,"39,572347","-8,996499",0,0,1,Estrada sem separador,Seco e limpo,Leiria,Alcobaca,Maiorga,Fervença,,EN - Estrada Nacional,EN8-5,Em estado regular,"3,5",Bom tempo,Dois sentidos,Fora da intersecção,Dentro das localidades,"Noite, com iluminação",Com marcas - separadoras de sentido de trânsito,Despiste simples,NÃO DEFINIDO,Inexistentes,NÃO DEFINIDO,NÃO DEFINIDO,Inexistentes,Betuminoso,Recta,Em patamar,Berma não pavimentada,Na berma,Direita
20161141656,2016:03:31 16:46:00,01/31/00,03/01/00,01/01/00,Guarda Nacional Republicana,50.0,50.0,Quinta-Feira ,"40,094970","-8,240971",0,0,1,Estrada sem separador,Com gravilha ou areia,Coimbra,Coimbra,Almalaguês,VALE DE CABRAS,Rua da Fonte,Arruamento,0,Em estado regular,,Bom tempo,Dois sentidos,Fora da intersecção,Dentro das localidades,Em pleno dia,Sem marcas rodoviárias ou pouco visíveis,Despiste simples,NÃO DEFINIDO,Inexistentes,NÃO DEFINIDO,NÃO DEFINIDO,Inexistentes,Betuminoso,Curva,Com inclinação,Sem berma ou impraticável,Em plena via,Direita
20161033766,2016:03:01 17:20:00,01/01/00,03/01/00,01/01/00,Polícia de Segurança Pública,50.0,50.0,Terça-Feira  ,"38,522086","-8,865046",0,0,1,Estrada sem separador,Seco e limpo,Setúbal,Setubal,Setúbal (São Sebastião),Setúbal,Avenida Soeiro Pereira Gomes                                                                        ,Arruamento,0,Em bom estado,,Bom tempo,Sentido único,Em cruzamento,Dentro das localidades,Em pleno dia,Com marcas - separadoras de sentido e de vias de trânsito,Colisão lateral com outro veículo em movimento,NÃO DEFINIDO,Inexistentes,NÃO DEFINIDO,Outros,Inexistentes,Betuminoso,Recta,Com inclinação,Sem berma ou impraticável,Em plena via,Esquerda
20191664460,2019:03:01 19:30:00,01/01/00,03/01/00,01/01/00,Polícia de Segurança Pública,50.0,50.0,Sexta-Feira  ,"0,0","0,0",0,0,1,Estrada sem separador,Seco e limpo,Faro,Olhao,Olhão,Olhão,Rua Dâmaso da Encarnação,Arruamento,0,Em estado regular,,Bom tempo,Dois sentidos,Em entroncamento,Dentro das localidades,"Noite, com iluminação",Com marcas - separadoras de sentido e de vias de trânsito,Colisão lateral com outro veículo em movimento,NÃO DEFINIDO,Inexistentes,NÃO DEFINIDO,Stop,Inexistentes,Betuminoso,Recta,Em patamar,Berma pavimentada,Em plena via,Direita
2014815017,2014:03:30 21:00:00,01/30/00,03/01/00,01/01/00,Guarda Nacional Republicana,50.0,50.0,Domingo      ,"41,169515","-8,128701",0,0,1,Estrada sem separador,Molhado,Porto,Lousada,Vilar do Torno e Alentém,,Rua dos Casais,Arruamento,0,Em estado regular,,Chuva,Dois sentidos,Fora da intersecção,Dentro das localidades,"Noite, com iluminação",Com marcas - separadoras de sentido de trânsito,Atropelamento de peões,NÃO DEFINIDO,Inexistentes,NÃO DEFINIDO,NÃO DEFINIDO,Inexistentes,Betuminoso,Recta,Em patamar,Berma não pavimentada,Em plena via,Direita
2010456171,2010:03:28 15:59:00,01/28/00,03/01/00,01/01/00,Guarda Nacional Republicana,50.0,50.0,Domingo      ,,,0,0,2,Estrada sem separador,Seco e limpo,Porto,Marco de Canaveses,Fornos,TORRE,R SANDE,Arruamento,0,Em bom estado,,Bom tempo,Dois sentidos,Em entroncamento,Dentro das localidades,Em pleno dia,Com marcas - separadoras de sentido de trânsito,Colisão lateral com outro veículo em movimento,NÃO DEFINIDO,Inexistentes,NÃO DEFINIDO,Outros,Inexistentes,Betuminoso,Curva,Com inclinação,Berma pavimentada,Em plena via,Direita
2013693726,2013:03:17 09:50:00,01/17/00,03/01/00,01/01/00,Guarda Nacional Republicana,50.0,50.0,Domingo      ,"37,191500","-08,203700",0,0,1,Estrada sem separador,Com gravilha ou areia,Faro,Silves,São Marcos da Serra,São Marcos da Serra,,EM - Estrada Municipal,0,Em mau estado,,Chuva,Dois sentidos,Fora da intersecção,Fora das localidades,Em pleno dia,Sem marcas rodoviárias ou pouco visíveis,Despiste com capotamento,NÃO DEFINIDO,Inexistentes,NÃO DEFINIDO,Outros,Inexistentes,Terra batida,Recta,Com inclinação,Sem berma ou impraticável,Na berma,Direita
2012609233,2012:03:28 10:00:00,01/28/00,03/01/00,01/01/00,Guarda Nacional Republicana,90.0,90.0,Quarta-Feira ,"37,553919","-8,070934",0,0,3,Estrada sem separador,Seco e limpo,Beja,Almodovar,Almodôvar,ALMODOVAR,,EN - Estrada Nacional,EN2,Em bom estado,657.9,Bom tempo,Dois sentidos,Fora da intersecção,Fora das localidades,Em pleno dia,Com marcas - separadoras de sentido de trânsito,Colisão choque em cadeia,NÃO DEFINIDO,Inexistentes,NÃO DEFINIDO,Outros,Inexistentes,Betuminoso,Recta,Em patamar,Berma não pavimentada,Em plena via,Direita
2013693592,2013:03:15 21:00:00,01/15/00,03/01/00,01/01/00,Guarda Nacional Republicana,90.0,90.0,Sexta-Feira  ,,,0,1,0,Estrada sem separador,Seco e limpo,Portalegre,Crato,Aldeia da Mata,Aldeia da Mata,,EM - Estrada Municipal,EM1022,Em estado regular,,Bom tempo,Dois sentidos,Fora da intersecção,Fora das localidades,"Noite, sem iluminação",Sem marcas rodoviárias ou pouco visíveis,Despiste simples,NÃO DEFINIDO,Inexistentes,NÃO DEFINIDO,NÃO DEFINIDO,Inexistentes,Betuminoso,Recta,Em patamar,Sem berma ou impraticável,Em plena via,Direita
2012607659,2012:03:22 15:50:00,01/22/00,03/01/00,01/01/00,Guarda Nacional Republicana,50.0,50.0,Quinta-Feira ,"38,944191","-9,261618",0,0,1,Estrada sem separador,Seco e limpo,Lisboa,Mafra,Malveira,MALVEIRA,,EN - Estrada Nacional,EN116,Em estado regular,16.0,Bom tempo,Dois sentidos,Fora da intersecção,Dentro das localidades,Em pleno dia,Sem marcas rodoviárias ou pouco visíveis,Despiste simples,Passagem estreita,Inexistentes,NÃO DEFINIDO,NÃO DEFINIDO,Inexistentes,Betuminoso,Recta,Com inclinação,Berma não pavimentada,Em plena via,Direita
20161141212,2016:03:29 11:10:00,01/29/00,03/01/00,01/01/00,Guarda Nacional Republicana,50.0,50.0,Terça-Feira  ,"38,311473","-9,007844",0,0,1,Estrada sem separador,Seco e limpo,Setúbal,Setubal,União das freguesias de Azeitão (São Lourenço e São Simão),VILA NOGUEIRA DE AZEITÃO,Praça da Républica - Vila Nogueira de Azeitão,Arruamento,0,Em estado regular,,Bom tempo,Sentido único,Fora da intersecção,Dentro das localidades,Em pleno dia,Sem marcas rodoviárias ou pouco visíveis,Atropelamento de peões,NÃO DEFINIDO,Correctamente sinalizados,NÃO DEFINIDO,NÃO DEFINIDO,Inexistentes,Betuminoso,Recta,Em patamar,Sem berma ou impraticável,Em plena via,Direita
20171249917,2017:03:03 14:55:00,01/03/00,03/01/00,01/01/00,Guarda Nacional Republicana,50.0,50.0,Sexta-Feira  ,"40,084909","-8,824361",0,0,1,Estrada sem separador,Molhado,Coimbra,Figueira da Foz,Paião,Bairro Alto,Estrada do Bairro Alto,Arruamento,0,Em bom estado,,Chuva,Dois sentidos,Em cruzamento,Dentro das localidades,Em pleno dia,Com marcas - separadoras de sentido de trânsito,Colisão lateral com outro veículo em movimento,NÃO DEFINIDO,Inexistentes,NÃO DEFINIDO,NÃO DEFINIDO,Inexistentes,Betuminoso,Recta,Em patamar,Sem berma ou impraticável,Em plena via,Direita
2013695729,2013:03:08 22:15:00,01/08/00,03/01/00,01/01/00,Guarda Nacional Republicana,50.0,50.0,Sexta-Feira  ,,,0,0,1,Estrada sem separador,Húmido,Porto,Porto,Bonfim,,Alameda de Carlos,Arruamento,0,Em bom estado,,Chuva,Dois sentidos,Fora da intersecção,Dentro das localidades,"Noite, com iluminação",Sem marcas rodoviárias ou pouco visíveis,Atropelamento de peões,NÃO DEFINIDO,Inexistentes,NÃO DEFINIDO,Outros,Inexistentes,Betuminoso,Recta,Em patamar,Sem berma ou impraticável,Em plena via,Direita
2012594101,2012:03:12 10:20:00,01/12/00,03/01/00,01/01/00,Polícia de Segurança Pública,50.0,50.0,Segunda-Feira,"0,00","0,00",0,0,1,Estrada sem separador,Húmido,Lisboa,Lisboa,Prazeres,,Rua Prior Crato                                                                                     ,Arruamento,0,Em estado regular,,Bom tempo,Dois sentidos,Fora da intersecção,Dentro das localidades,Em pleno dia,Com marcas - separadoras de sentido e de vias de trânsito,Atropelamento de peões,NÃO DEFINIDO,Inexistentes,NÃO DEFINIDO,Passagem de peões,Inexistentes,Betuminoso,Recta,Com inclinação,Berma pavimentada,Em plena via,Direita
20181586415,2018:03:21 15:50:00,01/21/00,03/01/00,01/01/00,Polícia de Segurança Pública,50.0,50.0,Quarta-Feira ,41.2167052,-8.5516387,0,0,1,Estrada sem separador,Seco e limpo,Porto,Valongo,Ermesinde,Ermesinde,Rua José Joaquim Ribeiro Teles,Arruamento,0,Em bom estado,,Bom tempo,Dois sentidos,NÃO DEFINIDO,Dentro das localidades,Em pleno dia,Com marcas - separadoras de sentido de trânsito,Atropelamento de peões,NÃO DEFINIDO,Inexistentes,NÃO DEFINIDO,NÃO DEFINIDO,Inexistentes,Betuminoso,Recta,Com inclinação,Berma pavimentada,Em plena via,Direita
20171223337,2017:03:23 09:10:00,01/23/00,03/01/00,01/01/00,Polícia de Segurança Pública,50.0,50.0,Quinta-Feira ,"38,620123","-9,106407",0,0,1,Estrada sem separador,Húmido,Setúbal,Seixal,"União das freguesias do Seixal, Arrentela e Aldeia de Paio Pires",Torre da Marinha,Avenida República                                                                                   ,Arruamento,0,Em estado regular,,Bom tempo,Dois sentidos,Fora da intersecção,Dentro das localidades,Em pleno dia,Sem marcas rodoviárias ou pouco visíveis,Colisão traseira com outro veículo em movimento,NÃO DEFINIDO,Inexistentes,NÃO DEFINIDO,Cedência de passagem,Inexistentes,Betuminoso,Curva,Com inclinação,Berma pavimentada,Em plena via,Esquerda
2014784917,2014:03:31 10:30:00,01/31/00,03/01/00,01/01/00,Polícia de Segurança Pública,50.0,50.0,Segunda-Feira,"38,756423","-9,254363",0,0,1,Estrada sem separador,Molhado,Lisboa,Sintra,União das freguesias de Queluz e Belas,Queluz,Avenida José Elias Garcia                                                                           ,Arruamento,0,Em estado regular,,Chuva,Dois sentidos,Fora da intersecção,Dentro das localidades,Em pleno dia,Com marcas - separadoras de sentido de trânsito,Colisão traseira com outro veículo em movimento,NÃO DEFINIDO,Inexistentes,NÃO DEFINIDO,Outros,Inexistentes,Betuminoso,Recta,Em patamar,Berma pavimentada,Em plena via,Direita
2012606948,2012:03:03 21:40:00,01/03/00,03/01/00,01/01/00,Guarda Nacional Republicana,90.0,90.0,Sábado       ,"37,152043","-7,755735",0,0,1,Estrada sem separador,Seco e limpo,Faro,Tavira,Santa Catarina da Fonte do Bispo,FONTE BISPO,,EN - Estrada Nacional,EN270,Em bom estado,55.7,Bom tempo,Dois sentidos,Fora da intersecção,Fora das localidades,"Noite, com iluminação",Com marcas - separadoras de sentido de trânsito,Despiste com capotamento,NÃO DEFINIDO,Inexistentes,NÃO DEFINIDO,NÃO DEFINIDO,Inexistentes,Betuminoso,Recta,Com inclinação,Sem berma ou impraticável,Na berma,Direita
2013694822,2013:03:19 18:00:00,01/19/00,03/01/00,01/01/00,Guarda Nacional Republicana,50.0,50.0,Terça-Feira  ,"40,242767","-08,149564",0,0,3,Estrada sem separador,Húmido,Viseu,Mortagua,Vale de Remígio,Póvoa,Rua da Associação,Arruamento,0,Em bom estado,,Bom tempo,Dois sentidos,Fora da intersecção,Dentro das localidades,Em pleno dia,Com marcas - separadoras de sentido de trânsito,Colisão frontal,NÃO DEFINIDO,Inexistentes,NÃO DEFINIDO,Outros,Inexistentes,Betuminoso,Recta,Em patamar,Sem berma ou impraticável,Em plena via,Direita
20191694833,2019:03:27 17:10:00,01/27/00,03/01/00,01/01/00,Guarda Nacional Republicana,50.0,50.0,Quarta-Feira ,"39,038380","-8,931735",0,0,1,Estrada sem separador,Seco e limpo,Lisboa,Azambuja,Vila Nova da Rainha,VILA NOVA DA RAINHA,,EN - Estrada Nacional,EN3,Em bom estado,"4,6",Bom tempo,Dois sentidos,Em entroncamento,Dentro das localidades,Em pleno dia,Com marcas - separadoras de sentido de trânsito,Colisão lateral com outro veículo em movimento,NÃO DEFINIDO,Inexistentes,NÃO DEFINIDO,NÃO DEFINIDO,Inexistentes,Betuminoso,Recta,Em patamar,Sem berma ou impraticável,Em plena via,Direita
20171251037,2017:03:08 18:45:00,01/08/00,03/01/00,01/01/00,Guarda Nacional Republicana,120.0,120.0,Quarta-Feira ,"38,941237","-9,267078",0,0,3,Auto-estrada,Seco e limpo,Lisboa,Mafra,União das freguesias de Venda do Pinheiro e Santo Estêvão das Galés,venda do pinheiro,,A  - Auto-Estrada,A21,Em bom estado,"16,2",Bom tempo,Sentido único,Fora da intersecção,Fora das localidades,Em pleno dia,Com marcas - separadoras de sentido e de vias de trânsito,Colisão traseira com outro veículo em movimento,NÃO DEFINIDO,Inexistentes,No sentido decrescente da quilometragem,NÃO DEFINIDO,Inexistentes,Betuminoso,Recta,Com inclinação,Berma pavimentada,Em plena via,Direita
2013672421,2013:03:14 02:55:00,01/14/00,03/01/00,01/01/00,Polícia de Segurança Pública,50.0,50.0,Quinta-Feira ,"0,00","0,00",0,0,1,Estrada sem separador,Húmido,Faro,Lagos,Lagos (Santa Maria),Lagos,Estrada Ponta da Piedade                                                                            ,Arruamento,0,Em estado regular,,Bom tempo,Dois sentidos,Em entroncamento,Dentro das localidades,"Noite, com iluminação",Sem marcas rodoviárias ou pouco visíveis,Despiste com colisão com veículo imobil. ou obstáculo,NÃO DEFINIDO,Inexistentes,NÃO DEFINIDO,Outros,Inexistentes,Betuminoso,Curva,Com inclinação,Berma pavimentada,Em plena via,Direita
2013693949,2013:03:02 16:30:00,01/02/00,03/01/00,01/01/00,Guarda Nacional Republicana,90.0,90.0,Sábado       ,,,0,0,1,Estrada sem separador,Seco e limpo,Beja,Mertola,Mértola,Mertola,,ER - Estrada Regional,ER265,Em estado regular,68.0,Bom tempo,Dois sentidos,Fora da intersecção,Fora das localidades,Em pleno dia,Com marcas - separadoras de sentido de trânsito,Despiste simples,NÃO DEFINIDO,Inexistentes,NÃO DEFINIDO,Outros,Inexistentes,Betuminoso,Curva,Em patamar,Sem berma ou impraticável,Em plena via,Direita