Id. Acidente,Datahora,Dia,Mês,Hora,Entidades Fiscalizadoras,Velocidade local,Velocidade geral,Dia da Semana,Latitude GPS,Longitude GPS,Num. Mortos a 30 dias,Num. Feridos graves a 30 dias,Num. Feridos ligeiros a 30 dias,Características Tecnicas1,Cond Aderência,Distrito,Concelho,Freguesia,Pov. Proxima,Nome arruamento,Tipos Vias,Cod Via,Estado Conservação,Km,Factores Atmosféricos,Reg Circulação1,Intersecção Vias,Localizações,Luminosidade,Marca Via,Natureza,Obras Arte,Obstáculos,Sentidos,Sinais,Sinais Luminosos,Tipo Piso,Traçado 1,Traçado 2,Traçado 3,Traçado 4,Via Trânsito
20171250209,2017:03:04 07:40:00,01/04/00,03/01/00,01/01/00,Guarda Nacional Republicana,120.0,120.0,Sábado       ,"41,131371","-8,522253",0,0,1,Auto-estrada,Molhado,Porto,Gondomar,"União das freguesias de Gondomar (São Cosme), Valbom e Jovim",s.cosme,,A  - Auto-Estrada,A43,Em estado regular,"7,45",Chuva,Sentido único,Fora da intersecção,Fora das localidades,Em pleno dia,Com marcas - separadoras de sentido e de vias de trânsito,Despiste simples,NÃO DEFINIDO,Inexistentes,No sentido decrescente da quilometragem,Outros,Inexistentes,Betuminoso,Curva,Em patamar,Berma pavimentada,Em plena via,Direita
20191699965,2019:03:08 10:15:00,01/08/00,03/01/00,01/01/00,Guarda Nacional Republicana,50.0,50.0,Sexta-Feira  ,"39,335980","-8,936109",0,0,1,Estrada sem separador,Seco e limpo,Santarém,Rio Maior,Rio Maior,Rio Maior,Rua Doutor Francisco Barbosa,Arruamento,0,Em bom estado,,Bom tempo,Dois sentidos,Fora da intersecção,Dentro das localidades,Em pleno dia,Com marcas - separadoras de sentido de trânsito,Atropelamento de peões,NÃO DEFINIDO,Inexistentes,NÃO DEFINIDO,Passagem de peões,Inexistentes,Betuminoso,Recta,Em patamar,Berma pavimentada,Em plena via,Direita
20171222527,2017:03:16 17:40:00,01/16/00,03/01/00,01/01/00,Polícia de Segurança Pública,50.0,50.0,Quinta-Feira ,"38,654280","-9,154829",0,0,1,Estrada sem separador,Seco e limpo,Setúbal,Almada,União das freguesias de Laranjeiro e Feijó,,Praça Lopes Graça                                                                                   ,Arruamento,0,Em bom estado,,Bom tempo,Sentido único,Em ramo de ligação - entrada,Dentro das localidades,Em pleno dia,Com marcas - separadoras de sentido e de vias de trânsito,Colisão com outras situações,NÃO DEFINIDO,Inexistentes,NÃO DEFINIDO,Outros,Inexistentes,Betuminoso,Recta,Em patamar,Berma pavimentada,Em plena via,Esquerda
2014776676,2014:03:08 16:50:00,01/08/00,03/01/00,01/01/00,Polícia de Segurança Pública,50.0,50.0,Sábado       ,"39,606007","-8,406805",0,0,1,Estrada sem separador,Seco e limpo,Santarém,Tomar,Tomar (Santa Maria dos Olivais),,Avenida Ângela Tamagnini                                                                            ,Arruamento,0,Em bom estado,,Bom tempo,Dois sentidos,Fora da intersecção,Dentro das localidades,Em pleno dia,Sem marcas rodoviárias ou pouco visíveis,Atropelamento de peões,NÃO DEFINIDO,Inexistentes,NÃO DEFINIDO,Passagem de peões,Inexistentes,Betuminoso,Recta,Em patamar,Berma pavimentada,Em plena via,Direita
20191664455,2019:03:01 20:05:00,01/01/00,03/01/00,01/01/00,Polícia de Segurança Pública,50.0,50.0,Sexta-Feira  ,"38,711778","-9,243424",0,0,1,Outra via,Seco e limpo,Lisboa,Oeiras,"União das freguesias de Algés, Linda-a-Velha e Cruz Quebrada-Dafundo",Linda a Velha,Avenida Tomás Ribeiro                                                                               ,Arruamento,0,Em estado regular,,Bom tempo,Sentido único,Fora da intersecção,Dentro das localidades,"Noite, com iluminação",Sem marcas rodoviárias ou pouco visíveis,Colisão com outras situações,NÃO DEFINIDO,Inexistentes,No sentido crescente da quilometragem,Outros,Inexistentes,Betuminoso,Recta,Com inclinação,Sem berma ou impraticável,Em plena via,Direita
20171253289,2017:03:21 08:00:00,01/21/00,03/01/00,01/01/00,Guarda Nacional Republicana,50.0,50.0,Terça-Feira  ,"38,805191","-9,379646",0,0,1,Estrada sem separador,Húmido,Lisboa,Sintra,"União das freguesias de Sintra (Santa Maria e São Miguel, São Martinho e São Pedro de Penaferrim)",Sintra,Rua António Cunha,Arruamento,0,Em bom estado,,Chuva,Sentido único,Fora da intersecção,Dentro das localidades,Em pleno dia,Sem marcas rodoviárias ou pouco visíveis,Atropelamento de peões,NÃO DEFINIDO,Inexistentes,NÃO DEFINIDO,NÃO DEFINIDO,Inexistentes,Betuminoso,Curva,Em patamar,Berma pavimentada,Em plena via,Direita
2012608535,2012:03:22 12:05:00,01/22/00,03/01/00,01/01/00,Guarda Nacional Republicana,50.0,50.0,Quinta-Feira ,"39,26367","8,11798",0,0,1,Estrada sem separador,Seco e limpo,Santarém,Abrantes,Rossio ao Sul do Tejo,ROSSIO AO SUL DO TEJO,AV ANTONIO AUGUSTO DA SILVA MARTINS,Arruamento,0,Em bom estado,,Bom tempo,Dois sentidos,Em cruzamento,Dentro das localidades,Em pleno dia,Com marcas - separadoras de sentido de trânsito,Colisão lateral com outro veículo em movimento,NÃO DEFINIDO,Inexistentes,NÃO DEFINIDO,NÃO DEFINIDO,Inexistentes,Betuminoso,Recta,Em patamar,Berma pavimentada,Em plena via,Direita
2014815535,2014:03:16 16:20:00,01/16/00,03/01/00,01/01/00,Guarda Nacional Republicana,50.0,50.0,Domingo      ,"40,253488","-7,299442",0,0,1,Estrada sem separador,Seco e limpo,Castelo Branco,Covilha,Boidobra,Boidobra,Rua das Cerzideiras,Arruamento,0,Em bom estado,,Bom tempo,Dois sentidos,Fora da intersecção,Dentro das localidades,Em pleno dia,Com marcas - separadoras de sentido de trânsito,Atropelamento com fuga,NÃO DEFINIDO,Inexistentes,NÃO DEFINIDO,NÃO DEFINIDO,Inexistentes,Betuminoso,Recta,Com inclinação,Berma pavimentada,Em plena via,Direita
20161035481,2016:03:09 08:20:00,01/09/00,03/01/00,01/01/00,Polícia de Segurança Pública,50.0,50.0,Quarta-Feira ,"41,195741","-8,698414",0,0,1,Estrada sem separador,Molhado,Porto,Matosinhos,União das freguesias de Matosinhos e Leça da Palmeira,Matosinhos,Rua General Humberto Delgado                                                                        ,Arruamento,0,Em bom estado,,Chuva,Dois sentidos,Em cruzamento,Dentro das localidades,Em pleno dia,Sem marcas rodoviárias ou pouco visíveis,Colisão lateral com outro veículo em movimento,NÃO DEFINIDO,Inexistentes,NÃO DEFINIDO,Stop,Desligada,Calçada,Recta,Em patamar,Berma pavimentada,Em plena via,Direita
2011527943,2011:03:18 04:20:00,01/18/00,03/01/00,01/01/00,Guarda Nacional Republicana,50.0,50.0,Sexta-Feira  ,"38,55155","9,11309",0,0,2,Estrada sem separador,Com gravilha ou areia,Lisboa,Mafra,Milharado,POVOA D GALEGA - PRESINHEIRA,R DAS CANCELAS - PRESINHEIRA - MILHARADA,Arruamento,0,Em estado regular,,Bom tempo,Dois sentidos,NÃO DEFINIDO,Dentro das localidades,"Noite, sem iluminação",Sem marcas rodoviárias ou pouco visíveis,Despiste sem dispositivo de retenção,NÃO DEFINIDO,Inexistentes,NÃO DEFINIDO,NÃO DEFINIDO,Inexistentes,Betuminoso,Curva,Com inclinação,Sem berma ou impraticável,Na berma,Direita
2012608883,2012:03:03 18:00:00,01/03/00,03/01/00,01/01/00,Guarda Nacional Republicana,50.0,50.0,Sábado       ,"39,52523","8,47625",0,0,1,Estrada sem separador,Molhado,Leiria,Leiria,Monte Redondo,CASAL NOVO,R PRINCIPAL CASAL NOVO,Arruamento,0,Em estado regular,,Chuva,Dois sentidos,Fora da intersecção,Dentro das localidades,Aurora ou crepúsculo,Com marcas - separadoras de sentido de trânsito,Colisão frontal,NÃO DEFINIDO,Inexistentes,NÃO DEFINIDO,NÃO DEFINIDO,Inexistentes,Betuminoso,Curva,Com inclinação,Sem berma ou impraticável,Em plena via,Direita
20181388848,2018:03:15 12:05:00,01/15/00,03/01/00,01/01/00,Guarda Nacional Republicana,120.0,120.0,Quinta-Feira ,"38,723769","-9,177879",0,0,1,Auto-estrada,Molhado,Lisboa,Lisboa,Alcântara,Lisboa,,A  - Auto-Estrada,A5,Em bom estado,"0,2",Chuva,Sentido único,Fora da intersecção,Fora das localidades,Em pleno dia,Com marcas - separadoras de sentido e de vias de trânsito,Despiste simples,NÃO DEFINIDO,Inexistentes,No sentido crescente da quilometragem,NÃO DEFINIDO,Inexistentes,Betuminoso,Recta,Com inclinação,Berma pavimentada,Em plena via,Esquerda
2015948803,2015:03:13 18:10:00,01/13/00,03/01/00,01/01/00,Guarda Nacional Republicana,50.0,90.0,Sexta-Feira  ,"41,214108","-8,330724",0,0,1,Estrada sem separador,Seco e limpo,Braga,Vila Nova de Famalicao,Ribeirão,,,EN - Estrada Nacional,EN14,Em bom estado,21.5,Bom tempo,Dois sentidos,Fora da intersecção,Dentro das localidades,Em pleno dia,Com marcas - separadoras de sentido de trânsito,Colisão traseira com outro veículo em movimento,NÃO DEFINIDO,Inexistentes,NÃO DEFINIDO,Proibição de ultrapassagem,Inexistentes,Betuminoso,Recta,Com inclinação,Berma pavimentada,Em plena via,Direita
20191695898,2019:03:24 18:56:00,01/24/00,03/01/00,01/01/00,Guarda Nacional Republicana,90.0,90.0,Domingo      ,"37,953610","-7,582068",0,0,1,Estrada sem separador,Molhado,Beja,Serpa,União das freguesias de Serpa (Salvador e Santa Maria),Serpa,,EN - Estrada Nacional,EN255,Em bom estado,123,Chuva,Dois sentidos,Fora da intersecção,Fora das localidades,Aurora ou crepúsculo,Com marcas - separadoras de sentido de trânsito,Despiste com capotamento,NÃO DEFINIDO,Inexistentes,NÃO DEFINIDO,Outros,Inexistentes,Betuminoso,Recta,Em patamar,Sem berma ou impraticável,Na berma,Direita
20161036170,2016:03:13 21:25:00,01/13/00,03/01/00,01/01/00,Polícia de Segurança Pública,90.0,90.0,Domingo      ,"41,155956","-8,645769",1,0,0,Auto-estrada,Seco e limpo,Porto,Porto,União das freguesias de Lordelo do Ouro e Massarelos,Porto,,A  - Auto-Estrada,A28,Em bom estado,"0,8",Bom tempo,Sentido único,Fora da intersecção,Fora das localidades,"Noite, com iluminação",Com marcas - separadoras de sentido de trânsito,Colisão com outras situações,NÃO DEFINIDO,Inexistentes,No sentido decrescente da quilometragem,Outros,Inexistentes,Betuminoso,Recta,Com inclinação,Berma pavimentada,Em plena via,Direita
2013693565,2013:03:08 12:10:00,01/08/00,03/01/00,01/01/00,Guarda Nacional Republicana,50.0,50.0,Sexta-Feira  ,,,0,1,0,Estrada sem separador,Molhado,Guarda,Seia,São Romão,São Romão,,EN - Estrada Nacional,EN231,Em estado regular,44.5,Chuva,Dois sentidos,Fora da intersecção,Dentro das localidades,Em pleno dia,Com marcas - separadoras de sentido de trânsito,Despiste simples,NÃO DEFINIDO,Inexistentes,NÃO DEFINIDO,NÃO DEFINIDO,Inexistentes,Betuminoso,Curva,Com inclinação,Berma pavimentada,Na berma,Direita
2012596084,2012:03:21 07:50:00,01/21/00,03/01/00,01/01/00,Polícia de Segurança Pública,50.0,50.0,Quarta-Feira ,"0,00","0,00",0,0,1,Outra via,Seco e limpo,Vila Real,Vila Real,Vila Real (São Dinis),,Avenida Carvalho Araújo,Arruamento,0,Em bom estado,,Bom tempo,Sentido único,Em entroncamento,Dentro das localidades,Em pleno dia,Sem marcas rodoviárias ou pouco visíveis,Atropelamento de peões,NÃO DEFINIDO,Inexistentes,No sentido decrescente da quilometragem,NÃO DEFINIDO,Inexistentes,Calçada,Recta,Em patamar,Berma pavimentada,Em plena via,Direita
2011520855,2011:03:28 23:30:00,01/28/00,03/01/00,01/01/00,Polícia de Segurança Pública,80.0,50.0,Segunda-Feira,"0,00","0,00",0,0,1,Outra via,Húmido,Lisboa,Lisboa,Benfica,,Avenida General Norton de Matos,Arruamento,0,Em estado regular,,Chuva,Sentido único,Fora da intersecção,Dentro das localidades,"Noite, com iluminação",Com marcas - separadoras de sentido e de vias de trânsito,Despiste com dispositivo de retenção,NÃO DEFINIDO,Inexistentes,No sentido crescente da quilometragem,Outros,Inexistentes,Betuminoso,Recta,Com inclinação,Berma pavimentada,Em plena via,Direita
2012599224,2012:03:23 08:10:00,01/23/00,03/01/00,01/01/00,Polícia de Segurança Pública,50.0,50.0,Sexta-Feira  ,"0,00","0,00",0,0,1,Estrada sem separador,Húmido,Lisboa,Odivelas,Odivelas,Odivelas,Rua Alfredo da Costa                                                                                ,Arruamento,0,Em estado regular,,Bom tempo,Dois sentidos,Em entroncamento,Dentro das localidades,Em pleno dia,Com marcas - separadoras de sentido de trânsito,Colisão com fuga,NÃO DEFINIDO,Inexistentes,NÃO DEFINIDO,Stop,Inexistentes,Betuminoso,Recta,Com inclinação,Sem berma ou impraticável,Em plena via,Direita
2012607348,2012:03:05 12:00:00,01/05/00,03/01/00,01/01/00,Guarda Nacional Republicana,50.0,50.0,Segunda-Feira,,,0,0,1,Estrada sem separador,Seco e limpo,Setúbal,Grandola,Grândola,GRANDOLA,R GENERAL HUMBERTO DELGADO,Arruamento,0,Em bom estado,,Bom tempo,Dois sentidos,Fora da intersecção,Dentro das localidades,Em pleno dia,Sem marcas rodoviárias ou pouco visíveis,Atropelamento de peões,NÃO DEFINIDO,Inexistentes,NÃO DEFINIDO,Outros,Inexistentes,Calçada,Recta,Em patamar,Berma pavimentada,Em plena via,Direita
2015906417,2015:03:04 09:45:00,01/04/00,03/01/00,01/01/00,Polícia de Segurança Pública,50.0,50.0,Quarta-Feira ,"38,768840","-9,296958",0,0,1,Outra via,Seco e limpo,Lisboa,Sintra,União das freguesias de Agualva e Mira-Sintra,Agualva-Cacém,Avenida Bons Amigos                                                                                 ,Arruamento,0,Em estado regular,,Bom tempo,Sentido único,Fora da intersecção,Dentro das localidades,Em pleno dia,Com marcas - separadoras de sentido de trânsito,Atropelamento de peões,NÃO DEFINIDO,Inexistentes,NÃO DEFINIDO,NÃO DEFINIDO,A funcionar normalmente,Betuminoso,Recta,Com inclinação,Berma pavimentada,Em plena via,Direita
20191699549,2019:03:09 23:10:00,01/09/00,03/01/00,01/01/00,Guarda Nacional Republicana,90.0,90.0,Sábado       ,"37,656460","-8,545180",1,0,0,Estrada sem separador,Seco e limpo,Beja,Odemira,Relíquias,Relíquias,,EN - Estrada Nacional,EN263,Em mau estado,"8,6",Bom tempo,Dois sentidos,Fora da intersecção,Fora das localidades,"Noite, sem iluminação",Com marcas - separadoras de sentido de trânsito,Despiste com capotamento,NÃO DEFINIDO,Inexistentes,NÃO DEFINIDO,NÃO DEFINIDO,Inexistentes,Betuminoso,Curva,Em patamar,Berma não pavimentada,Na berma,Direita
20181392368,2018:03:30 18:35:00,01/30/00,03/01/00,01/01/00,Guarda Nacional Republicana,120.0,120.0,Sexta-Feira  ,"41,444150","-8,089319",0,0,2,Auto-estrada,"Com gelo, geada ou neve",Braga,Celorico de Basto,Basto (São Clemente),Basto S. Clemente,,A  - Auto-Estrada,A7,Em estado regular,"65,5",Granizo,Sentido único,Fora da intersecção,Fora das localidades,Em pleno dia,Com marcas - separadoras de sentido e de vias de trânsito,Despiste com capotamento,NÃO DEFINIDO,Inexistentes,No sentido crescente da quilometragem,NÃO DEFINIDO,Inexistentes,Betuminoso,Curva,Com inclinação,Berma pavimentada,Em plena via,Esquerda
20171250593,2017:03:06 14:05:00,01/06/00,03/01/00,01/01/00,Guarda Nacional Republicana,50.0,50.0,Segunda-Feira,"41,305661","-8,093032",0,0,3,Estrada sem separador,Húmido,Braga,Fafe,Fafe,QUEIMADELA,,EM - Estrada Municipal,0,Em bom estado,,Bom tempo,Dois sentidos,Fora da intersecção,Fora das localidades,Em pleno dia,Com marcas - separadoras de sentido de trânsito,Colisão frontal,NÃO DEFINIDO,Inexistentes,NÃO DEFINIDO,NÃO DEFINIDO,Inexistentes,Betuminoso,Curva,Com inclinação,Berma não pavimentada,Em plena via,Direita
2014816561,2014:03:17 09:50:00,01/17/00,03/01/00,01/01/00,Guarda Nacional Republicana,50.0,50.0,Segunda-Feira,"38,422231","-8,566971",0,0,1,Estrada sem separador,Seco e limpo,Setúbal,Montijo,União das freguesias de Montijo e Afonsoeiro,Afonsoeiro (acesso aos armazéns Aki e Decathlon),,Outra Via,0,Em bom estado,,Bom tempo,Sentido único,Fora da intersecção,Dentro das localidades,Em pleno dia,Sem marcas rodoviárias ou pouco visíveis,Colisão lateral com outro veículo em movimento,NÃO DEFINIDO,Inexistentes,NÃO DEFINIDO,Passagem de peões,Inexistentes,Betuminoso,Curva,Com inclinação,Sem berma ou impraticável,Em via ou pista reservada,Direita
20171253581,2017:03:22 16:40:00,01/22/00,03/01/00,01/01/00,Guarda Nacional Republicana,120.0,120.0,Quarta-Feira ,"41,030645","-8,571726",0,0,1,Auto-estrada,"Com gelo, geada ou neve",Porto,Vila Nova de Gaia,União das freguesias de Grijó e Sermonde,Grijó,,A  - Auto-Estrada,A1,Em bom estado,"287,1",Granizo,Sentido único,Fora da intersecção,Fora das localidades,Em pleno dia,Com marcas - separadoras de sentido e de vias de trânsito,Despiste simples,NÃO DEFINIDO,Inexistentes,No sentido crescente da quilometragem,NÃO DEFINIDO,Inexistentes,Betuminoso,Recta,Em patamar,Berma pavimentada,Em plena via,Direita
2011528879,2011:03:12 07:30:00,01/12/00,03/01/00,01/01/00,Guarda Nacional Republicana,90.0,90.0,Sábado       ,"39,746795","-8,778233",0,0,1,Outra via,Molhado,Leiria,Leiria,Pousos,POUSOS,,Outra Via,0,Em bom estado,1.45,Chuva,Sentido único,Fora da intersecção,Fora das localidades,Em pleno dia,Com marcas - separadoras de sentido e de vias de trânsito,Despiste com capotamento,NÃO DEFINIDO,Inexistentes,No sentido crescente da quilometragem,NÃO DEFINIDO,Inexistentes,Betuminoso,Recta,Em patamar,Berma pavimentada,Em plena via,Direita
2011521177,2011:03:31 19:45:00,01/31/00,03/01/00,01/01/00,Polícia de Segurança Pública,50.0,50.0,Quinta-Feira ,"0,00","0,00",0,0,1,Outra via,Húmido,Porto,Porto,Paranhos,Porto,Rua Professor Bento de Jesus Caraça                                                                 ,Arruamento,0,Em estado regular,,Bom tempo,Dois sentidos,Em entroncamento,Dentro das localidades,Em pleno dia,Sem marcas rodoviárias ou pouco visíveis,Despiste sem dispositivo de retenção,NÃO DEFINIDO,Inexistentes,NÃO DEFINIDO,Outros,Inexistentes,Betuminoso,Curva,Em patamar,Sem berma ou impraticável,Em plena via,Direita
20161036542,2016:03:14 23:30:00,01/14/00,03/01/00,01/01/00,Polícia de Segurança Pública,50.0,50.0,Segunda-Feira,"41,187571","-8,632429",0,0,1,Estrada sem separador,Seco e limpo,Porto,Matosinhos,"União das freguesias de Custóias, Leça do Balio e Guifões",Custóias,Rua Nova do Seixo                                                                                   ,Arruamento,0,Em bom estado,,Bom tempo,Dois sentidos,Fora da intersecção,Dentro das localidades,"Noite, com iluminação",Com marcas - separadoras de sentido de trânsito,Despiste com colisão com veículo imobil. ou obstáculo,NÃO DEFINIDO,Inexistentes,NÃO DEFINIDO,Outros,Inexistentes,Betuminoso,Recta,Com inclinação,Berma pavimentada,Em plena via,Direita
2015951512,2015:03:06 13:20:00,01/06/00,03/01/00,01/01/00,Guarda Nacional Republicana,50.0,50.0,Sexta-Feira  ,"41,199258","-8,041574",0,0,1,Estrada sem separador,Seco e limpo,Porto,Amarante,"União das freguesias de Vila Garcia, Aboim e Chapa",,Rua de São Pedro,Arruamento,0,Em estado regular,,Bom tempo,Dois sentidos,Em cruzamento,Dentro das localidades,Em pleno dia,Sem marcas rodoviárias ou pouco visíveis,Colisão lateral com outro veículo em movimento,NÃO DEFINIDO,Inexistentes,NÃO DEFINIDO,Outros,Inexistentes,Calçada,Recta,Com inclinação,Berma pavimentada,Em plena via,Direita
2013693599,2013:03:16 20:26:00,01/16/00,03/01/00,01/01/00,Guarda Nacional Republicana,90.0,90.0,Sábado       ,"38,83415","-07,509278",0,1,0,Estrada sem separador,Molhado,Évora,Estremoz,Arcos,Arcos,,EN - Estrada Nacional,EN4,Em bom estado,151.9,Chuva,Dois sentidos,Fora da intersecção,Fora das localidades,"Noite, sem iluminação",Com marcas - separadoras de sentido e de vias de trânsito,Despiste com capotamento,NÃO DEFINIDO,Inexistentes,NÃO DEFINIDO,Outros,Inexistentes,Betuminoso,Recta,Em patamar,Berma pavimentada,Em plena via,Direita
20161038536,2016:03:16 16:15:00,01/16/00,03/01/00,01/01/00,Polícia de Segurança Pública,50.0,50.0,Quarta-Feira ,"40,897199","-8,496731",0,0,1,Estrada sem separador,Seco e limpo,Aveiro,Sao Joao da Madeira,São João da Madeira,São João da Madeira,Avenida Brasil                                                                                      ,Arruamento,0,Em estado regular,,Bom tempo,Dois sentidos,Em cruzamento,Dentro das localidades,Em pleno dia,Sem marcas rodoviárias ou pouco visíveis,Colisão com veiculo ou obstáculo na faixa de rodagem,NÃO DEFINIDO,Inexistentes,NÃO DEFINIDO,Cedência de passagem,Inexistentes,Betuminoso,Recta,Em patamar,Berma pavimentada,Em plena via,Direita
20191699381,2019:03:09 19:00:00,01/09/00,03/01/00,01/01/00,Guarda Nacional Republicana,50.0,50.0,Sábado       ,"41,366410","-8,197197",0,0,1,Estrada sem separador,Seco e limpo,Porto,Felgueiras,"União das freguesias de Margaride (Santa Eulália), Várzea, Lagares, Varziela e Moure",Felgueiras,Rua do Monte das Ruas,Arruamento,0,Em estado regular,,Bom tempo,Sentido único,Fora da intersecção,Dentro das localidades,"Noite, com iluminação",Sem marcas rodoviárias ou pouco visíveis,Atropelamento com fuga,NÃO DEFINIDO,Inexistentes,NÃO DEFINIDO,NÃO DEFINIDO,A funcionar normalmente,Betuminoso,Recta,Com inclinação,Berma pavimentada,Na berma,Direita
20181381272,2018:03:29 21:30:00,01/29/00,03/01/00,01/01/00,Polícia de Segurança Pública,50.0,50.0,Quinta-Feira ,"0,0","0,0",0,0,1,Estrada sem separador,Molhado,Lisboa,Cascais,São Domingos de Rana,São Domingos de Rana,Avenida Aristides de Sousa Mendes                                                                   ,Arruamento,0,Em bom estado,,Chuva,Sentido único,Fora da intersecção,Dentro das localidades,"Noite, com iluminação",Sem marcas rodoviárias ou pouco visíveis,Despiste sem dispositivo de retenção,NÃO DEFINIDO,Inexistentes,NÃO DEFINIDO,Outros,Inexistentes,Betuminoso,Curva,Com inclinação,Berma pavimentada,Em plena via,Direita
2013693705,2013:03:27 21:00:00,01/27/00,03/01/00,01/01/00,Guarda Nacional Republicana,90.0,90.0,Quarta-Feira ,"37,052878","-08,008866",0,0,1,Estrada sem separador,Molhado,Faro,Loule,Almancil,São Lourenço,,EN - Estrada Nacional,EN125,Em mau estado,93.2,Chuva,Dois sentidos,Fora da intersecção,Fora das localidades,"Noite, sem iluminação",Com marcas - separadoras de sentido e de vias de trânsito,Colisão lateral com outro veículo em movimento,NÃO DEFINIDO,Inexistentes,NÃO DEFINIDO,NÃO DEFINIDO,Inexistentes,Betuminoso,Recta,Em patamar,Berma pavimentada,Em plena via,Direita
20191699273,2019:03:10 21:00:00,01/10/00,03/01/00,01/01/00,Guarda Nacional Republicana,70.0,70.0,Domingo      ,"40,101140","-8,408704",0,3,1,Estrada sem separador,Seco e limpo,Coimbra,Condeixa-a-Nova,União das freguesias de Condeixa-a-Velha e Condeixa-a-Nova,Vila Seca,,EN - Estrada Nacional,EN342,Em estado regular,"45,1",Bom tempo,Dois sentidos,Fora da intersecção,Fora das localidades,"Noite, sem iluminação",Sem marcas rodoviárias ou pouco visíveis,Colisão frontal,NÃO DEFINIDO,Inexistentes,NÃO DEFINIDO,NÃO DEFINIDO,Inexistentes,Betuminoso,Recta,Em patamar,Berma não pavimentada,Em plena via,Direita
2015912675,2015:03:17 20:20:00,01/17/00,03/01/00,01/01/00,Polícia de Segurança Pública,50.0,50.0,Terça-Feira  ,"38,721143","-9,152514",0,0,1,Estrada sem separador,Molhado,Lisboa,Lisboa,Santo António,Lisboa,Rua Alexandre Herculano                                                                             ,Arruamento,0,Em bom estado,,Bom tempo,Dois sentidos,Em entroncamento,Dentro das localidades,"Noite, com iluminação",Com marcas - separadoras de sentido e de vias de trânsito,Despiste sem dispositivo de retenção,NÃO DEFINIDO,Inexistentes,NÃO DEFINIDO,Outros,A funcionar normalmente,Betuminoso,Recta,Em patamar,Sem berma ou impraticável,Em plena via,Esquerda
20171253266,2017:03:21 13:10:00,01/21/00,03/01/00,01/01/00,Guarda Nacional Republicana,50.0,50.0,Terça-Feira  ,"41,264006","-8,081622",0,0,1,Estrada sem separador,Seco e limpo,Porto,Amarante,"União das freguesias de Amarante (São Gonçalo), Madalena, Cepelos e Gatão",Cepelos,Rua das Carvalhinhas,Arruamento,0,Em estado regular,,Bom tempo,Dois sentidos,Em entroncamento,Dentro das localidades,Em pleno dia,Sem marcas rodoviárias ou pouco visíveis,Colisão lateral com outro veículo em movimento,NÃO DEFINIDO,Inexistentes,NÃO DEFINIDO,NÃO DEFINIDO,Inexistentes,Betuminoso,Recta,Com inclinação,Berma pavimentada,Em plena via,Direita
20181390444,2018:03:22 17:30:00,01/22/00,03/01/00,01/01/00,Guarda Nacional Republicana,90.0,90.0,Quinta-Feira ,"37,143784","-7,621532",0,0,1,Estrada sem separador,Seco e limpo,Faro,Tavira,União das freguesias de Tavira (Santa Maria e Santiago),Tavira,,EN - Estrada Nacional,EN125,Em estado regular,"138,4",Bom tempo,Dois sentidos,Em entroncamento,Fora das localidades,Em pleno dia,Com marcas - separadoras de sentido de trânsito,Colisão choque em cadeia,NÃO DEFINIDO,Inexistentes,NÃO DEFINIDO,Outros,Inexistentes,Betuminoso,Curva,Em patamar,Berma pavimentada,Em plena via,Direita
20191700152,2019:03:06 19:15:00,01/06/00,03/01/00,01/01/00,Guarda Nacional Republicana,90.0,90.0,Quarta-Feira ,"37,122900","-8,176300",0,1,0,Estrada sem separador,Húmido,Faro,Loule,Boliqueime,Patã - Boliqueime,,EN - Estrada Nacional,EN125,Em bom estado,"77,7",Bom tempo,Dois sentidos,Fora da intersecção,Fora das localidades,"Noite, sem iluminação",Com marcas - separadoras de sentido de trânsito,Atropelamento de peões,NÃO DEFINIDO,Inexistentes,NÃO DEFINIDO,NÃO DEFINIDO,Inexistentes,Betuminoso,Recta,Com inclinação,Berma pavimentada,Em plena via,Direita
20161040552,2016:03:22 19:00:00,01/22/00,03/01/00,01/01/00,Polícia de Segurança Pública,50.0,50.0,Terça-Feira  ,"37,021285","-7,937296",0,0,1,Estrada sem separador,Seco e limpo,Faro,Faro,União das freguesias de Faro (Sé e São Pedro),Faro,Rua Aboim Ascensão                                                                                  ,Arruamento,0,Em bom estado,,Bom tempo,Dois sentidos,Fora da intersecção,Dentro das localidades,"Noite, com iluminação",Sem marcas rodoviárias ou pouco visíveis,Atropelamento de peões,NÃO DEFINIDO,Inexistentes,NÃO DEFINIDO,Passagem de peões,Inexistentes,Betuminoso,Recta,Com inclinação,Sem berma ou impraticável,Em plena via,Direita
20191666904,2019:03:18 08:05:00,01/18/00,03/01/00,01/01/00,Polícia de Segurança Pública,50.0,50.0,Segunda-Feira,"41,388416","-8,759169",0,0,1,Estrada sem separador,Seco e limpo,Porto,Povoa de Varzim,"União das freguesias da Póvoa de Varzim, Beiriz e Argivai",Póvoa de Varzim,Rua Dona Maria I                                                                                    ,Arruamento,0,Em bom estado,,Bom tempo,Dois sentidos,Fora da intersecção,Dentro das localidades,Sol escandeante,Com marcas - separadoras de sentido e de vias de trânsito,Atropelamento de peões,NÃO DEFINIDO,Inexistentes,NÃO DEFINIDO,Passagem de peões,Inexistentes,Betuminoso,Recta,Em patamar,Berma pavimentada,Em plena via,Direita