Id. Acidente,Datahora,Dia,Mês,Hora,Entidades Fiscalizadoras,Velocidade local,Velocidade geral,Dia da Semana,Latitude GPS,Longitude GPS,Num. Mortos a 30 dias,Num. Feridos graves a 30 dias,Num. Feridos ligeiros a 30 dias,Características Tecnicas1,Cond Aderência,Distrito,Concelho,Freguesia,Pov. Proxima,Nome arruamento,Tipos Vias,Cod Via,Estado Conservação,Km,Factores Atmosféricos,Reg Circulação1,Intersecção Vias,Localizações,Luminosidade,Marca Via,Natureza,Obras Arte,Obstáculos,Sentidos,Sinais,Sinais Luminosos,Tipo Piso,Traçado 1,Traçado 2,Traçado 3,Traçado 4,Via Trânsito
2010451122,2010:03:22 16:30:00,01/22/00,03/01/00,01/01/00,Guarda Nacional Republicana,50.0,50.0,Segunda-Feira,,,1,0,0,Estrada sem separador,Seco e limpo,Aveiro,Agueda,Travassô,TRAVASSO,R JOAO BATISTA,Arruamento,0,Em bom estado,,Bom tempo,Dois sentidos,Em entroncamento,Dentro das localidades,Em pleno dia,Com marcas - separadoras de sentido de trânsito,Atropelamento de peões,NÃO DEFINIDO,Inexistentes,NÃO DEFINIDO,NÃO DEFINIDO,Inexistentes,Betuminoso,Recta,Em patamar,Berma pavimentada,Em plena via,Direita
2015915007,2015:03:25 11:45:00,01/25/00,03/01/00,01/01/00,Polícia de Segurança Pública,50.0,50.0,Quarta-Feira ,"38,727624","-9,161165",0,0,1,Outra via,Seco e limpo,Lisboa,Lisboa,Campolide,Lisboa,Rua Marquês Fronteira                                                                               ,Arruamento,0,Em estado regular,,Bom tempo,Dois sentidos,Fora da intersecção,Dentro das localidades,Em pleno dia,Com marcas - separadoras de sentido e de vias de trânsito,Atropelamento de peões,NÃO DEFINIDO,Inexistentes,No sentido decrescente da quilometragem,Outros,A funcionar normalmente,Betuminoso,Curva,Com inclinação,Sem berma ou impraticável,Em plena via,Esquerda
20171251802,2017:03:13 01:50:00,01/13/00,03/01/00,01/01/00,Guarda Nacional Republicana,120.0,120.0,Segunda-Feira,"39,682375","-8,684887",0,0,2,Auto-estrada,Seco e limpo,Leiria,Leiria,"União das freguesias de Leiria, Pousos, Barreira e Cortes",Sta. Catarina da Serra,,A  - Auto-Estrada,A1,Em bom estado,"123,8",Bom tempo,Sentido único,Fora da intersecção,Fora das localidades,"Noite, sem iluminação",Com marcas - separadoras de sentido e de vias de trânsito,Despiste simples,NÃO DEFINIDO,Inexistentes,No sentido crescente da quilometragem,NÃO DEFINIDO,Inexistentes,Betuminoso,Recta,Em patamar,Berma pavimentada,Em plena via,Direita
20171219031,2017:03:03 10:25:00,01/03/00,03/01/00,01/01/00,Polícia de Segurança Pública,50.0,50.0,Sexta-Feira  ,"41,191903","-8,699567",0,0,1,Estrada sem separador,Molhado,Porto,Matosinhos,União das freguesias de Matosinhos e Leça da Palmeira,Matosinhos,Rua Jorge Bento                                                                                     ,Arruamento,0,Em bom estado,,Chuva,Dois sentidos,Em cruzamento,Dentro das localidades,Em pleno dia,Sem marcas rodoviárias ou pouco visíveis,Colisão lateral com outro veículo em movimento,NÃO DEFINIDO,Inexistentes,NÃO DEFINIDO,Stop,Inexistentes,Calçada,Recta,Em patamar,Berma pavimentada,Em plena via,Direita
20171228494,2017:03:28 12:30:00,01/28/00,03/01/00,01/01/00,Polícia de Segurança Pública,50.0,50.0,Terça-Feira  ,"38,786067","-9,340202",0,0,1,Estrada sem separador,Seco e limpo,Lisboa,Sintra,Rio de Mouro,Rio de Mouro,Rua António Aleixo,Arruamento,0,Em estado regular,,Bom tempo,Dois sentidos,Fora da intersecção,Dentro das localidades,Em pleno dia,Com marcas - separadoras de sentido de trânsito,Atropelamento de peões,NÃO DEFINIDO,Inexistentes,NÃO DEFINIDO,NÃO DEFINIDO,Inexistentes,Betuminoso,Recta,Em patamar,Berma pavimentada,Em plena via,Direita
20181371691,2018:03:09 12:10:00,01/09/00,03/01/00,01/01/00,Polícia de Segurança Pública,50.0,50.0,Sexta-Feira  ,"0,0","0,0",0,0,1,Estrada sem separador,Molhado,Braga,Guimaraes,"União das freguesias de Oliveira, São Paio e São Sebastião",Guimarães,Alameda São Dâmaso                                                                                  ,Arruamento,0,Em bom estado,,Chuva,Dois sentidos,Fora da intersecção,Dentro das localidades,Em pleno dia,Com marcas - separadoras de sentido de trânsito,Atropelamento de peões,NÃO DEFINIDO,Inexistentes,NÃO DEFINIDO,Passagem de peões,Inexistentes,Calçada,Curva,Com inclinação,Berma pavimentada,Em plena via,Direita
2010453436,2010:03:28 15:20:00,01/28/00,03/01/00,01/01/00,Guarda Nacional Republicana,50.0,50.0,Domingo      ,,,0,0,2,Estrada sem separador,Seco e limpo,Porto,Amarante,Telões,AGRACAO,R PONTE POGO,Arruamento,0,Em estado regular,,Bom tempo,Dois sentidos,Fora da intersecção,Dentro das localidades,Em pleno dia,Com marcas - separadoras de sentido de trânsito,Colisão traseira com outro veículo em movimento,NÃO DEFINIDO,Inexistentes,NÃO DEFINIDO,Outros,Desligada,Betuminoso,Recta,Em patamar,Sem berma ou impraticável,Em plena via,Direita
20161032790,2016:03:01 07:55:00,01/01/00,03/01/00,01/01/00,Polícia de Segurança Pública,50.0,50.0,Terça-Feira  ,"41,177362","-8,559457",0,0,1,Estrada sem separador,Seco e limpo,Porto,Gondomar,Rio Tinto,Rio Tinto,Avenida Doutor Domingos Gonçalves de Sá                                                             ,Arruamento,0,Em estado regular,,Bom tempo,Dois sentidos,Em cruzamento,Dentro das localidades,Em pleno dia,Com marcas - separadoras de sentido de trânsito,Colisão com outras situações,NÃO DEFINIDO,Inexistentes,NÃO DEFINIDO,NÃO DEFINIDO,Inexistentes,Betuminoso,Recta,Com inclinação,Berma pavimentada,Em plena via,Direita
2013693997,2013:03:13 09:15:00,01/13/00,03/01/00,01/01/00,Guarda Nacional Republicana,120.0,120.0,Quarta-Feira ,,,0,0,1,Auto-estrada,Seco e limpo,Castelo Branco,Castelo Branco,Alcains,Alcains,,A  - Auto-Estrada,A23,Em bom estado,128.3,Bom tempo,Sentido único,Fora da intersecção,Fora das localidades,Em pleno dia,Com marcas - separadoras de sentido e de vias de trânsito,Despiste simples,NÃO DEFINIDO,Inexistentes,No sentido crescente da quilometragem,NÃO DEFINIDO,Inexistentes,Betuminoso,Recta,Em patamar,Berma pavimentada,Em plena via,Esquerda
2013673513,2013:03:16 15:35:00,01/16/00,03/01/00,01/01/00,Polícia de Segurança Pública,50.0,50.0,Sábado       ,"0,00","0,00",0,0,2,Estrada sem separador,Molhado,Lisboa,Lisboa,Nossa Senhora de Fátima,Lisboa,Avenida Marquês Tomar                                                                               ,Arruamento,0,Em estado regular,,Chuva,Sentido único,Em cruzamento,Dentro das localidades,Em pleno dia,Sem marcas rodoviárias ou pouco visíveis,Colisão com veiculo ou obstáculo na faixa de rodagem,NÃO DEFINIDO,Inexistentes,NÃO DEFINIDO,Passagem de peões,A funcionar normalmente,Betuminoso,Recta,Em patamar,Berma pavimentada,Em plena via,Direita
2013695687,2013:03:02 06:50:00,01/02/00,03/01/00,01/01/00,Guarda Nacional Republicana,50.0,50.0,Sábado       ,"41,188565","-09,096518",0,0,1,Estrada sem separador,Seco e limpo,Porto,Felgueiras,Vila Cova da Lixa,,,EN - Estrada Nacional,EN15,Em estado regular,49.9,Bom tempo,Dois sentidos,Fora da intersecção,Dentro das localidades,Aurora ou crepúsculo,Sem marcas rodoviárias ou pouco visíveis,Despiste simples,NÃO DEFINIDO,Inexistentes,NÃO DEFINIDO,NÃO DEFINIDO,Inexistentes,Betuminoso,Recta,Em patamar,Berma pavimentada,Na berma,Direita
2010453772,2010:03:24 09:50:00,01/24/00,03/01/00,01/01/00,Guarda Nacional Republicana,50.0,90.0,Quarta-Feira ,,,0,0,1,Outra via,Molhado,Porto,Penafiel,Penafiel,PENAFIEL,,VAR - Variante,VAR-CAVALU,Em estado regular,,Chuva,Dois sentidos,Fora da intersecção,Fora das localidades,Em pleno dia,Com marcas - separadoras de sentido e de vias de trânsito,Despiste com colisão com veículo imobil. ou obstáculo,NÃO DEFINIDO,Correctamente sinalizados,No sentido decrescente da quilometragem,Outros,Inexistentes,Betuminoso,Curva,Com inclinação,Berma não pavimentada,Na berma,Direita
2012607597,2012:03:28 17:00:00,01/28/00,03/01/00,01/01/00,Guarda Nacional Republicana,,90.0,Quarta-Feira ,"39,221009","-8,969381",0,0,1,Estrada sem separador,Seco e limpo,Lisboa,Azambuja,Alcoentre,ALCOENTRE,,IC - Itinerário Complementar,IC2,Em bom estado,57.25,Bom tempo,Dois sentidos,Fora da intersecção,Fora das localidades,Em pleno dia,Com marcas - separadoras de sentido de trânsito,Colisão traseira com outro veículo em movimento,NÃO DEFINIDO,Inexistentes,NÃO DEFINIDO,NÃO DEFINIDO,Inexistentes,Betuminoso,Recta,Em patamar,Sem berma ou impraticável,Em plena via,Direita
20171251090,2017:03:09 11:23:00,01/09/00,03/01/00,01/01/00,Guarda Nacional Republicana,50.0,50.0,Quinta-Feira ,"39,541421","-8,711311",0,1,0,Estrada sem separador,Seco e limpo,Leiria,Porto de Mos,Mira de Aire,Mira de Aire,Rua General Trindade,Arruamento,0,Em estado regular,,Bom tempo,Dois sentidos,Fora da intersecção,Dentro das localidades,Em pleno dia,Com marcas - separadoras de sentido de trânsito,Atropelamento de peões,NÃO DEFINIDO,Inexistentes,NÃO DEFINIDO,NÃO DEFINIDO,Inexistentes,Betuminoso,Recta,Com inclinação,Berma pavimentada,Em plena via,Direita
20181392080,2018:03:30 22:10:00,01/30/00,03/01/00,01/01/00,Guarda Nacional Republicana,70.0,70.0,Sexta-Feira  ,"40,951895","-8,519563",0,0,1,Estrada sem separador,Molhado,Aveiro,Santa Maria da Feira,União das freguesias de Caldas de São Jorge e Pigeiros,Santa Maria da Feira,,EN - Estrada Nacional,EN1,Em bom estado,"280,5",Chuva,Dois sentidos,Em cruzamento,Dentro das localidades,"Noite, com iluminação",Com marcas - separadoras de sentido de trânsito,Colisão lateral com outro veículo em movimento,NÃO DEFINIDO,Inexistentes,NÃO DEFINIDO,NÃO DEFINIDO,A funcionar normalmente,Betuminoso,Recta,Em patamar,Berma pavimentada,Em plena via,Direita
20171220647,2017:03:06 14:30:00,01/06/00,03/01/00,01/01/00,Polícia de Segurança Pública,50.0,50.0,Segunda-Feira,"40,972895","-8,629999",0,0,1,Estrada sem separador,Seco e limpo,Aveiro,Espinho,Paramos,Espinho,Rua Igreja                                                                                          ,Arruamento,0,Em estado regular,,Bom tempo,Dois sentidos,NÃO DEFINIDO,Dentro das localidades,Em pleno dia,Com marcas - separadoras de sentido e de vias de trânsito,Colisão com outras situações,NÃO DEFINIDO,Inexistentes,NÃO DEFINIDO,NÃO DEFINIDO,Inexistentes,Betuminoso,Recta,Com inclinação,Berma pavimentada,Em plena via,Direita
2012607139,2012:03:04 07:50:00,01/04/00,03/01/00,01/01/00,Guarda Nacional Republicana,60.0,120.0,Domingo      ,,,0,0,1,Outra via,Molhado,Porto,Porto,Paranhos,,,Outra Via,0,Em estado regular,,Chuva,Sentido único,Em ramo de ligação - entrada,Fora das localidades,Em pleno dia,Com marcas - separadoras de sentido e de vias de trânsito,Despiste com dispositivo de retenção,NÃO DEFINIDO,Inexistentes,No sentido crescente da quilometragem,Outros,Inexistentes,Betuminoso,Curva,Em patamar,Berma pavimentada,Em plena via,Direita
20181390299,2018:03:21 17:50:00,01/21/00,03/01/00,01/01/00,Guarda Nacional Republicana,90.0,90.0,Quarta-Feira ,"40,949864","-8,089042",0,0,1,Estrada sem separador,Seco e limpo,Viseu,Castro Daire,União das freguesias de Parada de Ester e Ester,PARADA DE ESTER,,EN - Estrada Nacional,EN225,Em mau estado,"46,8",Bom tempo,Dois sentidos,Em via de aceleração,Fora das localidades,Em pleno dia,Com marcas - separadoras de sentido de trânsito,Despiste simples,NÃO DEFINIDO,Inexistentes,NÃO DEFINIDO,NÃO DEFINIDO,Inexistentes,Betuminoso,Recta,Em patamar,Sem berma ou impraticável,Na berma,Direita
20161136382,2016:03:08 08:30:00,01/08/00,03/01/00,01/01/00,Guarda Nacional Republicana,50.0,50.0,Terça-Feira  ,"41,242955","-8,248224",0,0,2,Estrada sem separador,Seco e limpo,Braga,Vila Nova de Famalicao,Oliveira (Santa Maria),OLIVEIRA SANTA MARIA,Avenida da Liberdade,Arruamento,0,Em bom estado,,Bom tempo,Dois sentidos,Fora da intersecção,Dentro das localidades,Em pleno dia,Com marcas - separadoras de sentido de trânsito,Colisão traseira com outro veículo em movimento,NÃO DEFINIDO,Inexistentes,NÃO DEFINIDO,NÃO DEFINIDO,Inexistentes,Betuminoso,Recta,Com inclinação,Berma não pavimentada,Em plena via,Direita
20161138206,2016:03:14 19:15:00,01/14/00,03/01/00,01/01/00,Guarda Nacional Republicana,50.0,90.0,Segunda-Feira,"41,403935","-7,209069",0,1,0,Estrada sem separador,Seco e limpo,Vila Real,Valpacos,Ervões,SÁ,,EN - Estrada Nacional,EN213,Em bom estado,"17,45",Bom tempo,Dois sentidos,Fora da intersecção,Dentro das localidades,Em pleno dia,Com marcas - separadoras de sentido de trânsito,Atropelamento de peões,NÃO DEFINIDO,Inexistentes,NÃO DEFINIDO,Passagem de peões,Inexistentes,Betuminoso,Recta,Em patamar,Sem berma ou impraticável,Em plena via,Direita
2013670833,2013:03:01 08:25:00,01/01/00,03/01/00,01/01/00,Polícia de Segurança Pública,50.0,50.0,Sexta-Feira  ,"0,00","0,00",0,0,1,Estrada sem separador,Seco e limpo,Setúbal,Seixal,Arrentela,Cavaquinhas,Avenida José Afonso,Arruamento,0,Em estado regular,,Bom tempo,Dois sentidos,Em entroncamento,Dentro das localidades,Em pleno dia,Com marcas - separadoras de sentido de trânsito,Colisão lateral com outro veículo em movimento,NÃO DEFINIDO,Inexistentes,NÃO DEFINIDO,Passagem de peões,Inexistentes,Betuminoso,Recta,Em patamar,Sem berma ou impraticável,Em plena via,Direita
2010452106,2010:03:26 15:45:00,01/26/00,03/01/00,01/01/00,Guarda Nacional Republicana,90.0,90.0,Sexta-Feira  ,"38,279431","-8,293214",0,0,2,Estrada sem separador,Seco e limpo,Setúbal,Alcacer do Sal,Torrão,TORRAO,,EN - Estrada Nacional,EN5-2,Em estado regular,2.45,Bom tempo,Dois sentidos,Fora da intersecção,Fora das localidades,Em pleno dia,Com marcas - separadoras de sentido de trânsito,Despiste simples,NÃO DEFINIDO,Inexistentes,NÃO DEFINIDO,Outros,Inexistentes,Betuminoso,Recta,Com inclinação,Sem berma ou impraticável,Na berma,Direita
2012608677,2012:03:05 20:10:00,01/05/00,03/01/00,01/01/00,Guarda Nacional Republicana,50.0,50.0,Segunda-Feira,,,0,0,2,Estrada sem separador,Seco e limpo,Braga,Amares,Ferreiros,,R DA CINTURA,Arruamento,0,Em bom estado,,Bom tempo,Dois sentidos,Em entroncamento,Dentro das localidades,"Noite, com iluminação",Com marcas - separadoras de sentido de trânsito,Colisão com outras situações,NÃO DEFINIDO,Inexistentes,NÃO DEFINIDO,Stop,Inexistentes,Betão de cimento,Recta,Em patamar,Berma pavimentada,Em plena via,Direita
20161044269,2016:03:16 06:15:00,01/16/00,03/01/00,01/01/00,Polícia de Segurança Pública,50.0,50.0,Quarta-Feira ,"39,749017","-8,924080",0,1,0,Estrada sem separador,Seco e limpo,Leiria,Marinha Grande,Marinha Grande,Marinha Grande,Avenida Vitor Gallo                                                                                 ,Arruamento,0,Em bom estado,,Bom tempo,Dois sentidos,Fora da intersecção,Dentro das localidades,"Noite, com iluminação",Com marcas - separadoras de sentido de trânsito,Colisão com fuga,NÃO DEFINIDO,Inexistentes,NÃO DEFINIDO,Passagem de peões,A funcionar normalmente,Betuminoso,Recta,Em patamar,Berma não pavimentada,Em plena via,Direita
20191668048,2019:03:18 17:54:00,01/18/00,03/01/00,01/01/00,Polícia de Segurança Pública,50.0,50.0,Segunda-Feira,"39,081217","-9,255699",0,0,1,Estrada sem separador,Seco e limpo,Lisboa,Torres Vedras,"União das freguesias de Torres Vedras (São Pedro, Santiago, Santa Maria do Castelo e São Miguel) e Matacães",Torres Vedras,Avenida Carlos Lopes                                                                                ,Arruamento,0,Em bom estado,,Bom tempo,Dois sentidos,NÃO DEFINIDO,Dentro das localidades,Em pleno dia,Sem marcas rodoviárias ou pouco visíveis,Atropelamento de peões,NÃO DEFINIDO,Inexistentes,NÃO DEFINIDO,Passagem de peões,Inexistentes,Betuminoso,Recta,Em patamar,Berma pavimentada,Em plena via,Direita
2011527921,2011:03:20 10:30:00,01/20/00,03/01/00,01/01/00,Guarda Nacional Republicana,50.0,90.0,Domingo      ,"38,772995","-9,475923",0,0,1,Estrada sem separador,Seco e limpo,Lisboa,Sintra,Colares,AZOIA - ULGEIRA,,EN - Estrada Nacional,EN247,Em bom estado,87.5,Bom tempo,Dois sentidos,Fora da intersecção,Fora das localidades,Em pleno dia,Com marcas - separadoras de sentido de trânsito,Colisão lateral com outro veículo em movimento,NÃO DEFINIDO,NÃO DEFINIDO,NÃO DEFINIDO,Proibição de ultrapassagem,Inexistentes,Betuminoso,Curva,Com inclinação,Berma não pavimentada,Em plena via,Direita
20171221670,2017:03:19 17:26:00,01/19/00,03/01/00,01/01/00,Polícia de Segurança Pública,50.0,50.0,Domingo      ,"41,680249","-8,805122",0,0,1,Estrada sem separador,Seco e limpo,Viana do Castelo,Viana do Castelo,Darque,Viana do Castelo,Avenida 1º de Maio,Arruamento,0,Em bom estado,,Bom tempo,Dois sentidos,Fora da intersecção,Dentro das localidades,Em pleno dia,Com marcas - separadoras de sentido e de vias de trânsito,Atropelamento de peões,NÃO DEFINIDO,Inexistentes,NÃO DEFINIDO,Outros,Inexistentes,Betuminoso,Curva,Com inclinação,Berma não pavimentada,Em plena via,Direita
20181385972,2018:03:03 16:35:00,01/03/00,03/01/00,01/01/00,Guarda Nacional Republicana,90.0,90.0,Sábado       ,"39,653727","-8,535501",0,0,1,Estrada sem separador,Húmido,Santarém,Ourem,Alburitel,Alburitel,,EN - Estrada Nacional,EN113,Em bom estado,"31,3",Chuva,Dois sentidos,Fora da intersecção,Fora das localidades,Em pleno dia,Sem marcas rodoviárias ou pouco visíveis,Despiste com capotamento,NÃO DEFINIDO,Inexistentes,NÃO DEFINIDO,NÃO DEFINIDO,Inexistentes,Betuminoso,Recta,Em patamar,Sem berma ou impraticável,Em plena via,Direita
20191667480,2019:03:19 15:30:00,01/19/00,03/01/00,01/01/00,Polícia de Segurança Pública,50.0,50.0,Terça-Feira  ,"0,0","0,0",0,0,1,Estrada sem separador,Seco e limpo,Lisboa,Odivelas,União das freguesias de Póvoa de Santo Adrião e Olival Basto,Póvoa de Santo Adrião,Rua Bartolomeu Dias                                                                                 ,Arruamento,0,Em estado regular,,Bom tempo,Sentido único,Fora da intersecção,Dentro das localidades,Em pleno dia,Sem marcas rodoviárias ou pouco visíveis,Atropelamento de peões,NÃO DEFINIDO,Inexistentes,NÃO DEFINIDO,Outros,Inexistentes,Betuminoso,Recta,Em patamar,Berma pavimentada,Em plena via,Direita
2013673605,2013:03:18 08:15:00,01/18/00,03/01/00,01/01/00,Polícia de Segurança Pública,50.0,50.0,Segunda-Feira,"0,00","0,00",0,0,3,Outra via,Seco e limpo,Lisboa,Lisboa,Santa Maria dos Olivais,,Avenida Infante Dom Henrique                                                                        ,Arruamento,0,Em estado regular,,Bom tempo,Sentido único,Fora da intersecção,Dentro das localidades,Em pleno dia,Com marcas - separadoras de sentido de trânsito,Colisão choque em cadeia,NÃO DEFINIDO,Inexistentes,NÃO DEFINIDO,Outros,A funcionar normalmente,Betuminoso,Recta,Em patamar,Berma pavimentada,Em plena via,Esquerda
20171250166,2017:03:03 15:00:00,01/03/00,03/01/00,01/01/00,Guarda Nacional Republicana,50.0,50.0,Sexta-Feira  ,"41,264529","-8,664245",0,0,1,Estrada sem separador,Molhado,Porto,Vila do Conde,Vilar de Pinheiro,VILAR DO PINHEIRO,VIA JOSÉ REGIO,Arruamento,0,Em estado regular,,Chuva,Dois sentidos,Em entroncamento,Dentro das localidades,Em pleno dia,Com marcas - separadoras de sentido de trânsito,Colisão frontal,NÃO DEFINIDO,Inexistentes,NÃO DEFINIDO,Stop,Inexistentes,Betuminoso,Recta,Em patamar,Berma não pavimentada,Em plena via,Direita
20161035950,2016:03:09 04:00:00,01/09/00,03/01/00,01/01/00,Polícia de Segurança Pública,70.0,90.0,Quarta-Feira ,"39,472492","-8,587531",0,0,1,Estrada sem separador,Seco e limpo,Santarém,Torres Novas,"União das freguesias de Torres Novas (Santa Maria, Salvador e Santiago)",Barreira Alva,,EN - Estrada Nacional,EN3,Em bom estado,72,Bom tempo,Dois sentidos,Fora da intersecção,Dentro das localidades,"Noite, sem iluminação",Com marcas - separadoras de sentido de trânsito,Despiste com capotamento,NÃO DEFINIDO,Inexistentes,NÃO DEFINIDO,Proibição de ultrapassagem,Inexistentes,Betuminoso,Curva,Em patamar,Sem berma ou impraticável,Na berma,Direita
20161137400,2016:03:12 15:30:00,01/12/00,03/01/00,01/01/00,Guarda Nacional Republicana,120.0,120.0,Sábado       ,"40,367563","-8,327623",0,0,1,Auto-estrada,Seco e limpo,Aveiro,Aveiro,Eixo e Eirol,EIROL,,A  - Auto-Estrada,A1,Em estado regular,"237,965",Bom tempo,Sentido único,Fora da intersecção,Fora das localidades,Em pleno dia,Com marcas - separadoras de sentido e de vias de trânsito,Despiste simples,NÃO DEFINIDO,Inexistentes,No sentido crescente da quilometragem,NÃO DEFINIDO,Inexistentes,Betuminoso,Recta,Com inclinação,Berma pavimentada,Em plena via,Esquerda
20161137309,2016:03:12 03:30:00,01/12/00,03/01/00,01/01/00,Guarda Nacional Republicana,50.0,50.0,Sábado       ,"39,432833","-8,309342",0,0,1,Estrada sem separador,Seco e limpo,Santarém,Ourem,Caxarias,PISÕES,,EN - Estrada Nacional,EN356,Em estado regular,"49,55",Bom tempo,Dois sentidos,Fora da intersecção,Dentro das localidades,"Noite, com iluminação",Sem marcas rodoviárias ou pouco visíveis,Despiste simples,NÃO DEFINIDO,Inexistentes,NÃO DEFINIDO,NÃO DEFINIDO,Inexistentes,Betuminoso,Recta,Em patamar,Sem berma ou impraticável,Em plena via,Direita
2012607531,2012:03:09 14:50:00,01/09/00,03/01/00,01/01/00,Guarda Nacional Republicana,90.0,90.0,Sexta-Feira  ,"39,01736","9,13402",0,0,1,Estrada sem separador,Seco e limpo,Lisboa,Torres Vedras,Dois Portos,FURADOURO,,EM - Estrada Municipal,EM1092,Em estado regular,,Bom tempo,Dois sentidos,Fora da intersecção,Fora das localidades,Em pleno dia,Sem marcas rodoviárias ou pouco visíveis,Despiste com capotamento,NÃO DEFINIDO,Inexistentes,NÃO DEFINIDO,NÃO DEFINIDO,Inexistentes,Betuminoso,Recta,Com inclinação,Berma não pavimentada,Na berma,Direita
20161140226,2016:03:24 17:15:00,01/24/00,03/01/00,01/01/00,Guarda Nacional Republicana,50.0,50.0,Quinta-Feira ,"41,291354","-8,061150",0,0,1,Estrada sem separador,Seco e limpo,Braga,Fafe,União de freguesias de Moreira do Rei e Várzea Cova,MOREIRA DO REI,Rua da Bouça,Arruamento,0,Em estado regular,,Bom tempo,Dois sentidos,Fora da intersecção,Dentro das localidades,Em pleno dia,Sem marcas rodoviárias ou pouco visíveis,Despiste simples,NÃO DEFINIDO,Inexistentes,NÃO DEFINIDO,NÃO DEFINIDO,Inexistentes,Betuminoso,Curva,Com inclinação,Sem berma ou impraticável,Na berma,Direita
20161037460,2016:03:15 07:25:00,01/15/00,03/01/00,01/01/00,Polícia de Segurança Pública,50.0,50.0,Terça-Feira  ,"41,205749","-8,590323",0,0,5,Estrada sem separador,Seco e limpo,Porto,Maia,Águas Santas,,Rua Manuel Gonçalves Lage                                                                           ,Arruamento,0,Em estado regular,,Bom tempo,Dois sentidos,Fora da intersecção,Dentro das localidades,Em pleno dia,Com marcas - separadoras de sentido de trânsito,Colisão frontal,NÃO DEFINIDO,Inexistentes,NÃO DEFINIDO,NÃO DEFINIDO,Inexistentes,Betuminoso,Curva,Com inclinação,Sem berma ou impraticável,Em plena via,Direita
20161136890,2016:03:09 21:30:00,01/09/00,03/01/00,01/01/00,Guarda Nacional Republicana,50.0,50.0,Quarta-Feira ,"41,389145","-8,424101",0,0,1,Estrada sem separador,Seco e limpo,Viana do Castelo,Viana do Castelo,União das freguesias de Barroselas e Carvoeiro,BARROSELAS,,EN - Estrada Nacional,EN308,Em bom estado,"4,85",Bom tempo,Dois sentidos,Fora da intersecção,Dentro das localidades,"Noite, com iluminação",Com marcas - separadoras de sentido de trânsito,Colisão com outras situações,NÃO DEFINIDO,Inexistentes,NÃO DEFINIDO,Outros,Inexistentes,Betuminoso,Curva,Em patamar,Berma pavimentada,Em plena via,Direita
20191794175,2019:03:31 22:45:00,01/31/00,03/01/00,01/01/00,Polícia de Segurança Pública,50.0,50.0,Domingo      ,0,0,0,0,1,Estrada sem separador,Seco e limpo,Lisboa,Oeiras,União das freguesias de Carnaxide e Queijas,Carnaxide,Rua Manuel Teixeira Gomes                                                                           ,Arruamento,0,Em estado regular,,Bom tempo,Reversível,Fora da intersecção,Dentro das localidades,"Noite, com iluminação",Sem marcas rodoviárias ou pouco visíveis,Atropelamento de peões,NÃO DEFINIDO,Inexistentes,NÃO DEFINIDO,Outros,Inexistentes,Betuminoso,Recta,Em patamar,Sem berma ou impraticável,Em parque de estacionamento,Direita
2012606827,2012:03:10 21:45:00,01/10/00,03/01/00,01/01/00,Guarda Nacional Republicana,90.0,90.0,Sábado       ,"40,315597","-7,446188",0,0,1,Estrada sem separador,Seco e limpo,Castelo Branco,Covilha,Tortosendo,TORTOSENDO,,EN - Estrada Nacional,EN18,Em bom estado,44.4,Bom tempo,Sentido único,Fora da intersecção,Fora das localidades,"Noite, com iluminação",Com marcas - separadoras de sentido e de vias de trânsito,Despiste simples,NÃO DEFINIDO,Inexistentes,NÃO DEFINIDO,NÃO DEFINIDO,Inexistentes,Betuminoso,Recta,Em patamar,Berma pavimentada,Em plena via,Direita
2011528878,2011:03:13 16:40:00,01/13/00,03/01/00,01/01/00,Guarda Nacional Republicana,120.0,120.0,Domingo      ,"39,747208","-8,747194",0,0,2,Auto-estrada,Molhado,Leiria,Leiria,Santa Eufémia,CASAL DA GARCIA,,A  - Auto-Estrada,A1,Em bom estado,130.5,Chuva,Sentido único,Fora da intersecção,Fora das localidades,Em pleno dia,Com marcas - separadoras de sentido e de vias de trânsito,Despiste com capotamento,NÃO DEFINIDO,Inexistentes,No sentido decrescente da quilometragem,NÃO DEFINIDO,Inexistentes,Betuminoso,Recta,Com inclinação,Sem berma ou impraticável,Na berma,Direita
20161046628,2016:03:28 17:15:00,01/28/00,03/01/00,01/01/00,Polícia de Segurança Pública,50.0,50.0,Segunda-Feira,"38,630273","-9,118061",0,0,2,Estrada sem separador,Seco e limpo,Setúbal,Seixal,Amora,Amora,Avenida Baía Natural do Seixal                                                                      ,Arruamento,0,Em estado regular,,Bom tempo,Sentido único,Fora da intersecção,Dentro das localidades,Em pleno dia,Sem marcas rodoviárias ou pouco visíveis,Colisão lateral com outro veículo em movimento,NÃO DEFINIDO,Inexistentes,NÃO DEFINIDO,Cedência de passagem,Inexistentes,Betuminoso,Curva,Em patamar,Sem berma ou impraticável,Em plena via,Direita
20181372508,2018:03:11 19:10:00,01/11/00,03/01/00,01/01/00,Polícia de Segurança Pública,50.0,50.0,Domingo      ,"38,650617","-9,067222",0,0,2,Outra via,Molhado,Setúbal,Barreiro,"União das freguesias de Alto do Seixalinho, Santo André e Verderena",Barreiro,Avenida Liberdade                                                                                   ,Arruamento,0,Em bom estado,,Chuva,Dois sentidos,Em cruzamento,Dentro das localidades,"Noite, com iluminação",Com marcas - separadoras de sentido de trânsito,Colisão lateral com outro veículo em movimento,NÃO DEFINIDO,Inexistentes,No sentido crescente da quilometragem,Outros,A funcionar normalmente,Betuminoso,Recta,Em patamar,Berma pavimentada,Em plena via,Direita