Id. Acidente,Datahora,Dia,Mês,Hora,Entidades Fiscalizadoras,Velocidade local,Velocidade geral,Dia da Semana,Latitude GPS,Longitude GPS,Num. Mortos a 30 dias,Num. Feridos graves a 30 dias,Num. Feridos ligeiros a 30 dias,Características Tecnicas1,Cond Aderência,Distrito,Concelho,Freguesia,Pov. Proxima,Nome arruamento,Tipos Vias,Cod Via,Estado Conservação,Km,Factores Atmosféricos,Reg Circulação1,Intersecção Vias,Localizações,Luminosidade,Marca Via,Natureza,Obras Arte,Obstáculos,Sentidos,Sinais,Sinais Luminosos,Tipo Piso,Traçado 1,Traçado 2,Traçado 3,Traçado 4,Via Trânsito
20171252045,2017:03:14 11:44:00,01/14/00,03/01/00,01/01/00,Guarda Nacional Republicana,50.0,50.0,Terça-Feira  ,"39,236422","-8,680555",0,0,1,Estrada sem separador,Seco e limpo,Santarém,Torres Novas,Pedrógão,Alqueidão,"Rua de Santo António,Alqueidão",Arruamento,0,Em estado regular,,Bom tempo,Dois sentidos,Fora da intersecção,Dentro das localidades,Em pleno dia,Sem marcas rodoviárias ou pouco visíveis,Despiste simples,NÃO DEFINIDO,Inexistentes,NÃO DEFINIDO,NÃO DEFINIDO,Inexistentes,Terra batida,Recta,Em patamar,Berma não pavimentada,Em plena via,Direita
20171251383,2017:03:10 18:00:00,01/10/00,03/01/00,01/01/00,Guarda Nacional Republicana,50.0,50.0,Sexta-Feira  ,"40,617830","-8,424006",0,0,2,Estrada sem separador,Seco e limpo,Aveiro,Agueda,Valongo do Vouga,Arrancada do Vouga,Rua de Santo António,Arruamento,0,Em estado regular,,Bom tempo,Dois sentidos,Fora da intersecção,Dentro das localidades,Aurora ou crepúsculo,Sem marcas rodoviárias ou pouco visíveis,Colisão frontal,NÃO DEFINIDO,Inexistentes,NÃO DEFINIDO,NÃO DEFINIDO,Inexistentes,Betuminoso,Recta,Com inclinação,Sem berma ou impraticável,Em plena via,Esquerda
20171250743,2017:03:07 09:30:00,01/07/00,03/01/00,01/01/00,Guarda Nacional Republicana,50.0,90.0,Terça-Feira  ,"40,114277","-8,503261",0,1,0,Estrada sem separador,Seco e limpo,Coimbra,Condeixa-a-Nova,União das freguesias de Condeixa-a-Velha e Condeixa-a-Nova,Condeixa-a-Nova,,IC - Itinerário Complementar,IC2,Em bom estado,"175,452",Bom tempo,Sentido único,Fora da intersecção,Fora das localidades,Em pleno dia,Com marcas - separadoras de sentido de trânsito,Despiste simples,NÃO DEFINIDO,Inexistentes,NÃO DEFINIDO,Outros,Inexistentes,Betuminoso,Recta,Em patamar,Berma pavimentada,Em plena via,Direita
2011527316,2011:03:27 06:00:00,01/27/00,03/01/00,01/01/00,Guarda Nacional Republicana,50.0,50.0,Domingo      ,,,0,0,1,Estrada sem separador,Molhado,Aveiro,Santa Maria da Feira,Lobão,LOBAO,R DA PONTE,Arruamento,0,Em estado regular,,Chuva,Dois sentidos,Em cruzamento,Dentro das localidades,"Noite, com iluminação",Com marcas - separadoras de sentido de trânsito,Despiste simples,NÃO DEFINIDO,Inexistentes,NÃO DEFINIDO,Stop,Inexistentes,Betuminoso,Curva,Em patamar,Berma pavimentada,Em plena via,Direita
20181371275,2018:03:03 23:50:00,01/03/00,03/01/00,01/01/00,Polícia de Segurança Pública,50.0,50.0,Sábado       ,38.728515,-9.1904553,0,0,1,Estrada sem separador,Molhado,Lisboa,Lisboa,Benfica,,Estrada Bela Vista,Arruamento,0,Em estado regular,,Chuva,Sentido único,Fora da intersecção,Dentro das localidades,"Noite, sem iluminação",Sem marcas rodoviárias ou pouco visíveis,Colisão frontal,NÃO DEFINIDO,Inexistentes,NÃO DEFINIDO,NÃO DEFINIDO,Inexistentes,Betuminoso,Curva,Em patamar,Berma não pavimentada,Em plena via,Direita
20171220067,2017:03:07 09:15:00,01/07/00,03/01/00,01/01/00,Polícia de Segurança Pública,50.0,50.0,Terça-Feira  ,"39,596656","-8,377409",0,0,2,Estrada sem separador,Seco e limpo,Santarém,Tomar,União das freguesias de Tomar (São João Baptista) e Santa Maria dos Olivais,Valdonas,Rua de Tomar,Arruamento,0,Em estado regular,,Bom tempo,Dois sentidos,Fora da intersecção,Dentro das localidades,Em pleno dia,Sem marcas rodoviárias ou pouco visíveis,Colisão traseira com outro veículo em movimento,NÃO DEFINIDO,Inexistentes,NÃO DEFINIDO,NÃO DEFINIDO,Inexistentes,Betuminoso,Recta,Com inclinação,Berma pavimentada,Em plena via,Direita
2013674058,2013:03:25 19:50:00,01/25/00,03/01/00,01/01/00,Polícia de Segurança Pública,50.0,50.0,Segunda-Feira,"0,00","0,00",0,0,2,Estrada sem separador,Molhado,Setúbal,Seixal,Amora,Fogueteiro,AVENIDA LIBERTADORES DE TIMOR LOROSAE,Arruamento,0,Em bom estado,,Chuva,Dois sentidos,Fora da intersecção,Dentro das localidades,"Noite, com iluminação",Com marcas - separadoras de sentido e de vias de trânsito,Colisão frontal,NÃO DEFINIDO,Inexistentes,NÃO DEFINIDO,Outros,Inexistentes,Betuminoso,Recta,Com inclinação,Berma pavimentada,Em plena via,Central
2012608890,2012:03:03 16:19:00,01/03/00,03/01/00,01/01/00,Guarda Nacional Republicana,30.0,50.0,Sábado       ,,,0,0,1,Estrada sem separador,Molhado,Leiria,Pombal,Pombal,ESTRADA,R PRESIDENTE GRANJA,Arruamento,0,Em bom estado,,Chuva,Dois sentidos,Fora da intersecção,Dentro das localidades,Em pleno dia,Sem marcas rodoviárias ou pouco visíveis,Colisão lateral com outro veículo em movimento,NÃO DEFINIDO,Inexistentes,NÃO DEFINIDO,Passagem de peões,Inexistentes,Betuminoso,Curva,Em patamar,Berma pavimentada,Em plena via,Direita
20191669369,2019:03:31 15:30:00,01/31/00,03/01/00,01/01/00,Polícia de Segurança Pública,50.0,50.0,Domingo      ,"38,703854","-9,383999",0,0,3,Estrada sem separador,Seco e limpo,Lisboa,Cascais,União das freguesias de Cascais e Estoril,São João do Estoril,Rua Engenheiro Alfredo Vaz Pinto                                                                    ,Arruamento,0,Em bom estado,,Bom tempo,Dois sentidos,Fora da intersecção,Dentro das localidades,Em pleno dia,Com marcas - separadoras de sentido de trânsito,Colisão frontal,NÃO DEFINIDO,Inexistentes,NÃO DEFINIDO,Outros,A funcionar normalmente,Betão de cimento,Recta,Com inclinação,Sem berma ou impraticável,Em plena via,Direita
2012599037,2012:03:28 14:15:00,01/28/00,03/01/00,01/01/00,Polícia de Segurança Pública,50.0,50.0,Quarta-Feira ,"0,00","0,00",0,0,1,Outra via,Seco e limpo,Faro,Tavira,Tavira (Santa Maria),Tavira,Rua António Pinheiro                                                                                ,Arruamento,0,Em bom estado,,Bom tempo,Dois sentidos,Fora da intersecção,Dentro das localidades,Em pleno dia,Sem marcas rodoviárias ou pouco visíveis,Atropelamento de peões,Passagem estreita,Inexistentes,NÃO DEFINIDO,Passagem de peões,Inexistentes,Betuminoso,Curva,Em patamar,Sem berma ou impraticável,Em plena via,Direita
20161044004,2016:03:17 13:00:00,01/17/00,03/01/00,01/01/00,Polícia de Segurança Pública,50.0,50.0,Quinta-Feira ,"41,479228","-7,213513",0,1,0,Estrada sem separador,Seco e limpo,Bragança,Mirandela,Mirandela,Mirandela,,EN - Estrada Nacional,EN15,Em bom estado,,Bom tempo,Dois sentidos,Fora da intersecção,Dentro das localidades,Em pleno dia,Com marcas - separadoras de sentido de trânsito,Colisão traseira com outro veículo em movimento,NÃO DEFINIDO,Inexistentes,NÃO DEFINIDO,NÃO DEFINIDO,Inexistentes,Betuminoso,Recta,Com inclinação,Berma não pavimentada,Em plena via,Direita
2014814585,2014:03:25 17:10:00,01/25/00,03/01/00,01/01/00,Guarda Nacional Republicana,50.0,50.0,Terça-Feira  ,"41,104804","-7,027972",0,1,0,Outra via,Seco e limpo,Bragança,Torre de Moncorvo,Torre de Moncorvo,Torre de Moncorvo (em frente ao centro de saúde),Avª das Amedoeiras,Arruamento,0,Em bom estado,,Bom tempo,Dois sentidos,Fora da intersecção,Dentro das localidades,Em pleno dia,Com marcas - separadoras de sentido e de vias de trânsito,Colisão com outras situações,NÃO DEFINIDO,Inexistentes,No sentido crescente da quilometragem,Passagem de peões,Inexistentes,Betuminoso,Curva,Com inclinação,Berma pavimentada,Em plena via,Direita
2011501541,2010:03:26 19:50:00,01/26/00,03/01/00,01/01/00,Polícia de Segurança Pública,60.0,60.0,Sexta-Feira  ,"41,413989","-8,313192",0,0,2,Outra via,Seco e limpo,Braga,Guimaraes,Polvoreira,,,EN - Estrada Nacional,EN105,Em bom estado,42.0,Chuva,Dois sentidos,Fora da intersecção,Dentro das localidades,"Noite, com iluminação",Com marcas - separadoras de sentido de trânsito,Colisão traseira com outro veículo em movimento,NÃO DEFINIDO,Inexistentes,No sentido crescente da quilometragem,NÃO DEFINIDO,Inexistentes,Betuminoso,Recta,Em patamar,Berma pavimentada,Em plena via,Direita
20161137506,2016:03:13 08:20:00,01/13/00,03/01/00,01/01/00,Guarda Nacional Republicana,50.0,50.0,Domingo      ,"41,437525","-8,168333",0,0,1,Estrada sem separador,Seco e limpo,Braga,Terras de Bouro,União das freguesias de Chamoim e Vilar,VILAR,,EN - Estrada Nacional,EN307,Em bom estado,"33,1",Bom tempo,Dois sentidos,Fora da intersecção,Dentro das localidades,Em pleno dia,Com marcas - separadoras de sentido de trânsito,Despiste simples,NÃO DEFINIDO,Inexistentes,NÃO DEFINIDO,Outros,Inexistentes,Betuminoso,Recta,Em patamar,Berma não pavimentada,Na berma,Direita
20171252979,2017:03:19 12:45:00,01/19/00,03/01/00,01/01/00,Guarda Nacional Republicana,90.0,90.0,Domingo      ,"40,399119","-8,213661",0,0,1,Estrada sem separador,Seco e limpo,Viseu,Mortagua,"União das freguesias de Mortágua, Vale de Remígio, Cortegaça e Almaça",Barril,,EN - Estrada Nacional,EN228,Em bom estado,"75,21",Bom tempo,Dois sentidos,Fora da intersecção,Fora das localidades,Em pleno dia,Com marcas - separadoras de sentido de trânsito,Despiste simples,NÃO DEFINIDO,Inexistentes,NÃO DEFINIDO,NÃO DEFINIDO,Inexistentes,Betuminoso,Recta,Em patamar,Sem berma ou impraticável,Em plena via,Direita
2012594204,2012:03:13 09:10:00,01/13/00,03/01/00,01/01/00,Polícia de Segurança Pública,50.0,50.0,Terça-Feira  ,"0,00","0,00",0,1,0,Outra via,Seco e limpo,Lisboa,Lisboa,Santa Maria dos Olivais,,Avenida Cidade de Lourenço Marques,Arruamento,0,Em estado regular,,Bom tempo,Dois sentidos,NÃO DEFINIDO,Dentro das localidades,Em pleno dia,Com marcas - separadoras de sentido e de vias de trânsito,Atropelamento de peões,NÃO DEFINIDO,Inexistentes,NÃO DEFINIDO,NÃO DEFINIDO,A funcionar normalmente,Betuminoso,Recta,Em patamar,Berma pavimentada,Em plena via,Esquerda
2011539253,2011:03:17 16:10:00,01/17/00,03/01/00,01/01/00,Guarda Nacional Republicana,50.0,50.0,Quinta-Feira ,"39,198645","-9,228932",0,0,1,Estrada sem separador,Seco e limpo,Lisboa,Torres Vedras,Campelos,,,EN - Estrada Nacional,EN361-1,Em bom estado,6.1,Bom tempo,Dois sentidos,Fora da intersecção,Dentro das localidades,Em pleno dia,Com marcas - separadoras de sentido e de vias de trânsito,Atropelamento de peões,NÃO DEFINIDO,Inexistentes,NÃO DEFINIDO,Passagem de peões,Desligada,Betuminoso,Recta,Em patamar,Berma pavimentada,Em plena via,Direita
20181387116,2018:03:08 15:50:00,01/08/00,03/01/00,01/01/00,Guarda Nacional Republicana,50.0,50.0,Quinta-Feira ,"40,443530","-8,728638",0,0,1,Estrada sem separador,Molhado,Coimbra,Mira,Mira,Mira,,EN - Estrada Nacional,EN109,Em estado regular,"82,6",Chuva,Dois sentidos,Em entroncamento,Dentro das localidades,Em pleno dia,Com marcas - separadoras de sentido de trânsito,Colisão lateral com outro veículo em movimento,NÃO DEFINIDO,Inexistentes,NÃO DEFINIDO,NÃO DEFINIDO,Inexistentes,Betuminoso,Curva,Em patamar,Berma pavimentada,Em plena via,Direita
2013676477,2013:03:24 17:35:00,01/24/00,03/01/00,01/01/00,Polícia de Segurança Pública,50.0,50.0,Domingo      ,"0,00","0,00",0,0,1,Outra via,Seco e limpo,Santarém,Abrantes,Abrantes (São Vicente),,Avenida Aljubarrota                                                                                 ,Arruamento,0,Em bom estado,,Bom tempo,Dois sentidos,NÃO DEFINIDO,Dentro das localidades,Em pleno dia,Com marcas - separadoras de sentido e de vias de trânsito,Despiste com capotamento,NÃO DEFINIDO,Inexistentes,NÃO DEFINIDO,Stop,Inexistentes,Betuminoso,Curva,Em patamar,Berma pavimentada,Na berma,Direita
2014781841,2014:03:14 22:00:00,01/14/00,03/01/00,01/01/00,Polícia de Segurança Pública,50.0,50.0,Sexta-Feira  ,"38,704046","-9,238320",0,0,1,Estrada sem separador,Seco e limpo,Lisboa,Oeiras,Linda-a-Velha,Linda a Velha,Avenida João Chagas,Arruamento,0,Em bom estado,,Bom tempo,Dois sentidos,Em entroncamento,Dentro das localidades,"Noite, com iluminação",Com marcas - separadoras de sentido de trânsito,Colisão com outras situações,NÃO DEFINIDO,Inexistentes,NÃO DEFINIDO,NÃO DEFINIDO,Inexistentes,Betuminoso,Recta,Em patamar,Sem berma ou impraticável,Em plena via,Direita
20171253982,2017:03:20 14:10:00,01/20/00,03/01/00,01/01/00,Guarda Nacional Republicana,50.0,50.0,Segunda-Feira,"39,196673","-9,237725",0,0,1,Estrada sem separador,Seco e limpo,Lisboa,Torres Vedras,União das freguesias de Campelos e Outeiro da Cabeça,campelos,rua do pinheirinho,Arruamento,0,Em bom estado,,Bom tempo,Dois sentidos,Fora da intersecção,Dentro das localidades,Em pleno dia,Sem marcas rodoviárias ou pouco visíveis,Despiste simples,NÃO DEFINIDO,Inexistentes,NÃO DEFINIDO,NÃO DEFINIDO,Inexistentes,Betuminoso,Recta,Em patamar,Sem berma ou impraticável,Em plena via,Direita
20171255022,2017:03:29 17:40:00,01/29/00,03/01/00,01/01/00,Guarda Nacional Republicana,50.0,50.0,Quarta-Feira ,"39,785548","-8,846520",0,0,1,Estrada sem separador,Seco e limpo,Leiria,Leiria,Amor,Amor,Rua Dona Maria Elisa,Arruamento,0,Em bom estado,,Bom tempo,Dois sentidos,Em cruzamento,Dentro das localidades,Em pleno dia,Sem marcas rodoviárias ou pouco visíveis,Colisão lateral com outro veículo em movimento,NÃO DEFINIDO,Inexistentes,NÃO DEFINIDO,NÃO DEFINIDO,Inexistentes,Betuminoso,Recta,Em patamar,Sem berma ou impraticável,Em plena via,Direita
20181387632,2018:03:10 14:50:00,01/10/00,03/01/00,01/01/00,Guarda Nacional Republicana,50.0,50.0,Sábado       ,"39,538441","-8,458478",0,0,2,Estrada sem separador,Molhado,Santarém,Tomar,Paialvo,Carrazede,,EN - Estrada Nacional,EN358,Em estado regular,"9,25",Chuva,Dois sentidos,Fora da intersecção,Dentro das localidades,Em pleno dia,Sem marcas rodoviárias ou pouco visíveis,Colisão frontal,NÃO DEFINIDO,Inexistentes,NÃO DEFINIDO,NÃO DEFINIDO,Inexistentes,Betuminoso,Recta,Em patamar,Sem berma ou impraticável,Em plena via,Direita
2015949152,2015:03:23 19:15:00,01/23/00,03/01/00,01/01/00,Guarda Nacional Republicana,50.0,50.0,Segunda-Feira,"39,164845","-9,040117",0,0,1,Estrada sem separador,Seco e limpo,Lisboa,Cadaval,Peral,Casais do Entrudo,Rua Principal,Arruamento,0,Em estado regular,,Bom tempo,Dois sentidos,Fora da intersecção,Dentro das localidades,"Noite, sem iluminação",Sem marcas rodoviárias ou pouco visíveis,Atropelamento de peões,NÃO DEFINIDO,Inexistentes,NÃO DEFINIDO,NÃO DEFINIDO,Inexistentes,Betuminoso,Recta,Em patamar,Sem berma ou impraticável,Em plena via,Direita
2011558758,2011:03:21 11:45:00,01/21/00,03/01/00,01/01/00,Polícia de Segurança Pública,50.0,50.0,Segunda-Feira,"0,00","0,00",0,0,1,Estrada sem separador,Húmido,Lisboa,Sintra,Belas,,Rua Alexandre Herculano                                                                             ,Arruamento,0,Em estado regular,,Bom tempo,Dois sentidos,Em via de desaceleração,Dentro das localidades,Em pleno dia,Com marcas - separadoras de sentido de trânsito,Atropelamento de peões,NÃO DEFINIDO,Inexistentes,NÃO DEFINIDO,NÃO DEFINIDO,Inexistentes,Betuminoso,Recta,Em patamar,Sem berma ou impraticável,Em plena via,Direita
2013693638,2013:03:27 20:51:00,01/27/00,03/01/00,01/01/00,Guarda Nacional Republicana,90.0,90.0,Quarta-Feira ,"41,343948","-08,431269",1,0,0,Estrada sem separador,Molhado,Braga,Barcelos,Palme,Palme,,EN - Estrada Nacional,EN103,Em estado regular,9.251,Chuva,Dois sentidos,Fora da intersecção,Fora das localidades,"Noite, sem iluminação",Com marcas - separadoras de sentido de trânsito,Despiste com colisão com veículo imobil. ou obstáculo,NÃO DEFINIDO,Inexistentes,NÃO DEFINIDO,NÃO DEFINIDO,Inexistentes,Betuminoso,Curva,Em patamar,Berma pavimentada,Em plena via,Direita
2015917015,2015:03:30 18:25:00,01/30/00,03/01/00,01/01/00,Polícia de Segurança Pública,50.0,50.0,Segunda-Feira,"39,039636","-9,264071",0,0,1,Estrada sem separador,Seco e limpo,Lisboa,Torres Vedras,"União das freguesias de Torres Vedras (São Pedro, Santiago, Santa Maria do Castelo e São Miguel) e Matacães",Torres Vedras,Rua Heitor Bernardes Botado                                                                         ,Arruamento,0,Em bom estado,,Bom tempo,Dois sentidos,NÃO DEFINIDO,Dentro das localidades,Em pleno dia,Sem marcas rodoviárias ou pouco visíveis,Atropelamento com fuga,NÃO DEFINIDO,Correctamente sinalizados,NÃO DEFINIDO,NÃO DEFINIDO,Inexistentes,Betuminoso,Recta,Com inclinação,Berma não pavimentada,Em plena via,Direita
2014816557,2014:03:24 12:40:00,01/24/00,03/01/00,01/01/00,Guarda Nacional Republicana,50.0,50.0,Segunda-Feira,"38,227711","-8,305994",0,0,1,Estrada sem separador,Molhado,Setúbal,Alcacer do Sal,União das freguesias de Alcácer do Sal (Santa Maria do Castelo e Santiago) e Santa Susana,Alcácer do Sal,Avª João Soares Branco,Arruamento,0,Em bom estado,,Chuva,Sentido único,Fora da intersecção,Dentro das localidades,Em pleno dia,Sem marcas rodoviárias ou pouco visíveis,Despiste simples,NÃO DEFINIDO,Inexistentes,NÃO DEFINIDO,NÃO DEFINIDO,Inexistentes,Calçada,Recta,Em patamar,Sem berma ou impraticável,Em plena via,Direita
20181388300,2018:03:13 15:00:00,01/13/00,03/01/00,01/01/00,Guarda Nacional Republicana,50.0,50.0,Terça-Feira  ,"41,221710","-8,361844",0,0,1,Outra via,Seco e limpo,Porto,Paredes,Cristelo,Cristelo,"Rua Doutor Bernardo Pacheco Pereira Leite, Cristelo",Arruamento,0,Em estado regular,,Bom tempo,Dois sentidos,Fora da intersecção,Dentro das localidades,Em pleno dia,Com marcas - separadoras de sentido de trânsito,Colisão traseira com outro veículo em movimento,NÃO DEFINIDO,Inexistentes,No sentido crescente da quilometragem,NÃO DEFINIDO,A funcionar normalmente,Betuminoso,Recta,Em patamar,Sem berma ou impraticável,Em plena via,Direita
2012606902,2012:03:02 10:20:00,01/02/00,03/01/00,01/01/00,Guarda Nacional Republicana,50.0,50.0,Sexta-Feira  ,"41,787529","-7,423258",0,0,2,Estrada sem separador,Seco e limpo,Vila Real,Chaves,Vila Verde da Raia,VILA VERDE DA RAIA,,EN - Estrada Nacional,EN103-5,Em estado regular,5.6,Bom tempo,Dois sentidos,Fora da intersecção,Dentro das localidades,Em pleno dia,Com marcas - separadoras de sentido de trânsito,Despiste simples,NÃO DEFINIDO,Inexistentes,NÃO DEFINIDO,Proibição de ultrapassagem,Inexistentes,Betuminoso,Recta,Em patamar,Berma não pavimentada,Em plena via,Direita
2015951614,2015:03:13 18:30:00,01/13/00,03/01/00,01/01/00,Guarda Nacional Republicana,80.0,120.0,Sexta-Feira  ,"41,054305","-8,352205",0,0,1,Auto-estrada,Seco e limpo,Porto,Vila Nova de Gaia,União das freguesias de Pedroso e Seixezelo,Jaca,,A  - Auto-Estrada,A1,Em estado regular,294.3,Bom tempo,Sentido único,Fora da intersecção,Fora das localidades,Aurora ou crepúsculo,Com marcas - separadoras de sentido e de vias de trânsito,Colisão com veiculo ou obstáculo na faixa de rodagem,NÃO DEFINIDO,Correctamente sinalizados,No sentido decrescente da quilometragem,Outros,Inexistentes,Betuminoso,Recta,Com inclinação,Sem berma ou impraticável,Em plena via,Esquerda
20161135359,2016:03:02 23:00:00,01/02/00,03/01/00,01/01/00,Guarda Nacional Republicana,50.0,50.0,Quarta-Feira ,"38,618193","-9,047199",0,0,1,Estrada sem separador,Seco e limpo,Setúbal,Barreiro,União das freguesias de Palhais e Coina,PALHAIS,,EN - Estrada Nacional,EN10-3,Em bom estado,"3,2",Bom tempo,Dois sentidos,Fora da intersecção,Dentro das localidades,"Noite, sem iluminação",Com marcas - separadoras de sentido de trânsito,Colisão frontal,NÃO DEFINIDO,Inexistentes,NÃO DEFINIDO,NÃO DEFINIDO,Inexistentes,Betuminoso,Recta,Em patamar,Berma pavimentada,Em plena via,Direita
20161043834,2016:03:29 13:15:00,01/29/00,03/01/00,01/01/00,Polícia de Segurança Pública,50.0,50.0,Terça-Feira  ,"39,361106","-9,370891",0,0,2,Estrada sem separador,Seco e limpo,Leiria,Peniche,Peniche,Peniche,Rua Fialho,Arruamento,0,Em bom estado,,Bom tempo,Dois sentidos,Fora da intersecção,Dentro das localidades,Em pleno dia,Sem marcas rodoviárias ou pouco visíveis,Colisão com veiculo ou obstáculo na faixa de rodagem,NÃO DEFINIDO,Inexistentes,NÃO DEFINIDO,NÃO DEFINIDO,Inexistentes,Betuminoso,Recta,Em patamar,Sem berma ou impraticável,Em plena via,Direita
2013695018,2013:03:03 05:00:00,01/03/00,03/01/00,01/01/00,Guarda Nacional Republicana,50.0,50.0,Domingo      ,,,0,0,1,Estrada sem separador,Seco e limpo,Lisboa,Mafra,Mafra,Quintal,,EM - Estrada Municipal,EM549,Em estado regular,1.3,Bom tempo,Dois sentidos,Fora da intersecção,Dentro das localidades,"Noite, com iluminação",Sem marcas rodoviárias ou pouco visíveis,Despiste simples,NÃO DEFINIDO,Inexistentes,NÃO DEFINIDO,NÃO DEFINIDO,Inexistentes,Betuminoso,Recta,Em patamar,Berma não pavimentada,Em plena via,Direita
20161033202,2016:03:03 06:30:00,01/03/00,03/01/00,01/01/00,Polícia de Segurança Pública,50.0,50.0,Quinta-Feira ,"38,841008","-9,164108",0,0,1,Estrada sem separador,Com óleo,Lisboa,Loures,Loures,,Rua Funchal                                                                                         ,Arruamento,0,Em estado regular,,Bom tempo,Sentido único,Fora da intersecção,Dentro das localidades,Aurora ou crepúsculo,Sem marcas rodoviárias ou pouco visíveis,Despiste sem dispositivo de retenção,NÃO DEFINIDO,Inexistentes,NÃO DEFINIDO,Outros,Inexistentes,Betuminoso,Curva,Em patamar,Berma pavimentada,Em plena via,Direita
2010443560,2010:03:20 11:30:00,01/20/00,03/01/00,01/01/00,Polícia de Segurança Pública,50.0,50.0,Sábado       ,"0,00","0,00",0,0,1,Estrada sem separador,Seco e limpo,Lisboa,Oeiras,Oeiras e São Julião da Barra,Oeiras,Avenida Pedro Álvares Cabral,Arruamento,0,Em bom estado,,Bom tempo,Dois sentidos,Em entroncamento,Dentro das localidades,Em pleno dia,Com marcas - separadoras de sentido e de vias de trânsito,Colisão com outras situações,NÃO DEFINIDO,Inexistentes,NÃO DEFINIDO,NÃO DEFINIDO,Inexistentes,Betuminoso,Recta,Em patamar,Sem berma ou impraticável,Em plena via,Direita
2015908654,2015:03:05 18:55:00,01/05/00,03/01/00,01/01/00,Polícia de Segurança Pública,50.0,50.0,Quinta-Feira ,"41,335211","-8,479147",0,0,1,Estrada sem separador,Seco e limpo,Porto,Santo Tirso,"União das freguesias de Santo Tirso, Couto (Santa Cristina e São Miguel) e Burgães",Santo Tirso,Rua Rãs                                                                                             ,Arruamento,0,Em estado regular,,Bom tempo,Dois sentidos,Fora da intersecção,Dentro das localidades,"Noite, com iluminação",Com marcas - separadoras de sentido de trânsito,Atropelamento de peões,NÃO DEFINIDO,Inexistentes,NÃO DEFINIDO,Passagem de peões,Inexistentes,Betuminoso,Recta,Com inclinação,Berma pavimentada,Em plena via,Direita
2015951875,2015:03:28 01:00:00,01/28/00,03/01/00,01/01/00,Guarda Nacional Republicana,100.0,120.0,Sábado       ,"41,159874","-8,421149",0,0,4,Auto-estrada,Seco e limpo,Porto,Matosinhos,"União das freguesias de Perafita, Lavra e Santa Cruz do Bispo",,,A  - Auto-Estrada,A28,Em bom estado,15.835,Bom tempo,Sentido único,Fora da intersecção,Fora das localidades,"Noite, sem iluminação",Com marcas - separadoras de sentido e de vias de trânsito,Atropelamento de peões,NÃO DEFINIDO,Correctamente sinalizados,No sentido decrescente da quilometragem,Outros,Inexistentes,Betuminoso,Recta,Em patamar,Berma pavimentada,Em plena via,Direita
2011515158,2011:03:03 19:10:00,01/03/00,03/01/00,01/01/00,Polícia de Segurança Pública,50.0,50.0,Quinta-Feira ,"0,00","0,00",0,0,1,Estrada sem separador,Húmido,Lisboa,Cascais,Carcavelos,Carcavelos,Rua Doutor Baltazar Cabral                                                                          ,Arruamento,0,Em estado regular,,Bom tempo,Dois sentidos,Em entroncamento,Dentro das localidades,"Noite, com iluminação",Sem marcas rodoviárias ou pouco visíveis,Colisão lateral com outro veículo em movimento,NÃO DEFINIDO,Inexistentes,NÃO DEFINIDO,Outros,Inexistentes,Betuminoso,Recta,Com inclinação,Berma pavimentada,Em plena via,Direita
20181392480,2018:03:31 16:30:00,01/31/00,03/01/00,01/01/00,Guarda Nacional Republicana,50.0,50.0,Sábado       ,"41,822444","-8,871147",0,0,1,Estrada sem separador,Seco e limpo,Viana do Castelo,Caminha,Vila Praia de Âncora,Vila Praia de Âncora,Rua 5 de Outubro,Arruamento,0,Em bom estado,,Bom tempo,Dois sentidos,Em entroncamento,Dentro das localidades,Em pleno dia,Com marcas - separadoras de sentido de trânsito,Colisão lateral com outro veículo em movimento,NÃO DEFINIDO,Inexistentes,NÃO DEFINIDO,Stop,Inexistentes,Betuminoso,Recta,Em patamar,Berma pavimentada,Em plena via,Direita
2015949189,2015:03:04 08:40:00,01/04/00,03/01/00,01/01/00,Guarda Nacional Republicana,50.0,50.0,Quarta-Feira ,"37,017394","-7,544942",0,0,1,Estrada sem separador,Seco e limpo,Faro,Faro,União das freguesias de Faro (Sé e São Pedro),Faro,,EN - Estrada Nacional,EN125,Em bom estado,107.5,Bom tempo,Dois sentidos,Fora da intersecção,Fora das localidades,Em pleno dia,Com marcas - separadoras de sentido de trânsito,Despiste sem dispositivo de retenção,NÃO DEFINIDO,Correctamente sinalizados,NÃO DEFINIDO,Outros,Inexistentes,Betuminoso,Recta,Em patamar,Berma pavimentada,Em plena via,Direita
2014817121,2014:03:14 14:50:00,01/14/00,03/01/00,01/01/00,Guarda Nacional Republicana,50.0,50.0,Sexta-Feira  ,"40,465107","-8,290772",0,0,1,Estrada sem separador,Seco e limpo,Aveiro,Oliveira de Azemeis,"União das freguesias de Pinheiro da Bemposta, Travanca e Palmaz",Curval,,EN - Estrada Nacional,EN1,Em estado regular,256.8,Bom tempo,Dois sentidos,Em entroncamento,Dentro das localidades,Em pleno dia,Com marcas - separadoras de sentido de trânsito,Colisão traseira com outro veículo em movimento,NÃO DEFINIDO,Inexistentes,NÃO DEFINIDO,Proibição de ultrapassagem,Inexistentes,Betuminoso,Recta,Em patamar,Berma pavimentada,Em plena via,Direita