Id. Acidente,Datahora,Dia,Mês,Hora,Entidades Fiscalizadoras,Velocidade local,Velocidade geral,Dia da Semana,Latitude GPS,Longitude GPS,Num. Mortos a 30 dias,Num. Feridos graves a 30 dias,Num. Feridos ligeiros a 30 dias,Características Tecnicas1,Cond Aderência,Distrito,Concelho,Freguesia,Pov. Proxima,Nome arruamento,Tipos Vias,Cod Via,Estado Conservação,Km,Factores Atmosféricos,Reg Circulação1,Intersecção Vias,Localizações,Luminosidade,Marca Via,Natureza,Obras Arte,Obstáculos,Sentidos,Sinais,Sinais Luminosos,Tipo Piso,Traçado 1,Traçado 2,Traçado 3,Traçado 4,Via Trânsito
2011529087,2011:03:12 12:30:00,01/12/00,03/01/00,01/01/00,Guarda Nacional Republicana,50.0,50.0,Sábado       ,,,0,0,2,Estrada sem separador,Molhado,Santarém,Almeirim,Almeirim,ALMEIRIM,LARGO RODRIGUES PISCO - ALMEIRIM,Arruamento,0,Em bom estado,,Chuva,Dois sentidos,Em cruzamento,Dentro das localidades,Em pleno dia,Sem marcas rodoviárias ou pouco visíveis,Colisão lateral com outro veículo em movimento,NÃO DEFINIDO,Correctamente sinalizados,NÃO DEFINIDO,Cedência de passagem,Intermitente,Betuminoso,Recta,Em patamar,Sem berma ou impraticável,Em plena via,Direita
20191699267,2019:03:10 15:25:00,01/10/00,03/01/00,01/01/00,Guarda Nacional Republicana,90.0,90.0,Domingo      ,"39,273750","-9,281304",0,0,1,Estrada sem separador,Seco e limpo,Lisboa,Lourinha,União das freguesias de São Bartolomeu dos Galegos e Moledo,Lourinhã,Rua 24 de Agosto 71,Arruamento,0,Em bom estado,,Bom tempo,Dois sentidos,Fora da intersecção,Dentro das localidades,Em pleno dia,Sem marcas rodoviárias ou pouco visíveis,Colisão lateral com outro veículo em movimento,NÃO DEFINIDO,Inexistentes,NÃO DEFINIDO,NÃO DEFINIDO,Inexistentes,Betuminoso,Curva,Em patamar,Sem berma ou impraticável,Em plena via,Direita
2012607687,2012:03:03 07:20:00,01/03/00,03/01/00,01/01/00,Guarda Nacional Republicana,50.0,50.0,Sábado       ,,,0,0,1,Outra via,Molhado,Porto,Pacos de Ferreira,Ferreira,FREAMUNDE,TV DE LAMAIS,Arruamento,0,Em mau estado,,Chuva,Dois sentidos,Fora da intersecção,Dentro das localidades,Em pleno dia,Sem marcas rodoviárias ou pouco visíveis,Colisão frontal,NÃO DEFINIDO,Inexistentes,No sentido decrescente da quilometragem,Outros,Inexistentes,Betuminoso,Curva,Em patamar,Berma pavimentada,Em plena via,Direita
2014815151,2014:03:02 17:30:00,01/02/00,03/01/00,01/01/00,Guarda Nacional Republicana,50.0,50.0,Domingo      ,"41,064129","-8,640936",0,0,1,NÃO DEFINIDO,Molhado,Porto,Vila Nova de Gaia,Arcozelo,Arcozelo,Avª João Paulo II,Arruamento,0,Em bom estado,,Chuva,Sentido único,Em rotunda,Dentro das localidades,Em pleno dia,Com marcas - separadoras de sentido de trânsito,Atropelamento de peões,NÃO DEFINIDO,Inexistentes,NÃO DEFINIDO,Outros,Inexistentes,Betuminoso,Curva,Com inclinação,Berma pavimentada,No passeio,Direita
2013675663,2013:03:26 22:00:00,01/26/00,03/01/00,01/01/00,Polícia de Segurança Pública,50.0,50.0,Terça-Feira  ,"0,00","0,00",0,0,2,Outra via,Molhado,Coimbra,Coimbra,Coimbra (Santa Cruz),,Avenida Fernão de Magalhães                                                                         ,Arruamento,0,Em bom estado,,Chuva,Dois sentidos,Fora da intersecção,Dentro das localidades,"Noite, com iluminação",Com marcas - separadoras de sentido e de vias de trânsito,Atropelamento de peões,NÃO DEFINIDO,Inexistentes,NÃO DEFINIDO,Passagem de peões,Inexistentes,Betuminoso,Recta,Em patamar,Berma pavimentada,Em plena via,Esquerda
2013694278,2013:03:04 11:00:00,01/04/00,03/01/00,01/01/00,Guarda Nacional Republicana,50.0,50.0,Segunda-Feira,"38,561676",,0,0,1,Estrada sem separador,Molhado,Santarém,Benavente,Samora Correia,Samora Correia,,EN - Estrada Nacional,EN118,Em bom estado,35.1,Chuva,Dois sentidos,Fora da intersecção,Fora das localidades,Em pleno dia,Com marcas - separadoras de sentido de trânsito,Despiste com colisão com veículo imobil. ou obstáculo,NÃO DEFINIDO,Inexistentes,NÃO DEFINIDO,Cedência de passagem,Inexistentes,Betuminoso,Curva,Em patamar,Berma pavimentada,Na berma,Direita
20181390890,2018:03:24 15:30:00,01/24/00,03/01/00,01/01/00,Guarda Nacional Republicana,70.0,70.0,Sábado       ,"38,517461","-8,974547",0,0,1,Estrada sem separador,Seco e limpo,Setúbal,Setubal,União das freguesias de Azeitão (São Lourenço e São Simão),Setúbal,,EN - Estrada Nacional,EN10,Em bom estado,"29,7",Bom tempo,Sentido único,Fora da intersecção,Fora das localidades,Em pleno dia,Sem marcas rodoviárias ou pouco visíveis,Despiste simples,NÃO DEFINIDO,Inexistentes,NÃO DEFINIDO,NÃO DEFINIDO,Inexistentes,Betuminoso,Recta,Em patamar,Sem berma ou impraticável,Em plena via,Direita
2015907194,2015:03:06 12:15:00,01/06/00,03/01/00,01/01/00,Polícia de Segurança Pública,50.0,50.0,Sexta-Feira  ,"38,730831","-9,134150",0,0,1,Outra via,Seco e limpo,Lisboa,Lisboa,Arroios,Lisboa,Avenida Almirante Reis                                                                              ,Arruamento,0,Em bom estado,,Bom tempo,Dois sentidos,NÃO DEFINIDO,Dentro das localidades,Em pleno dia,Com marcas - separadoras de sentido de trânsito,Colisão lateral com outro veículo em movimento,NÃO DEFINIDO,Inexistentes,No sentido decrescente da quilometragem,Outros,A funcionar normalmente,Betuminoso,Recta,Com inclinação,Berma pavimentada,Em plena via,Direita
20191699013,2019:03:09 21:20:00,01/09/00,03/01/00,01/01/00,Guarda Nacional Republicana,50.0,50.0,Sábado       ,"41,458690","-8,163344",0,0,2,Estrada sem separador,Seco e limpo,Braga,Fafe,Fafe,Cumieira,Rua da Cumieira,Arruamento,0,Em bom estado,,Bom tempo,Dois sentidos,Fora da intersecção,Dentro das localidades,"Noite, com iluminação",Com marcas - separadoras de sentido de trânsito,Colisão lateral com outro veículo em movimento,NÃO DEFINIDO,Inexistentes,NÃO DEFINIDO,NÃO DEFINIDO,A funcionar normalmente,Betuminoso,Recta,Em patamar,Berma pavimentada,Em plena via,Direita
20191697841,2019:03:11 19:05:00,01/11/00,03/01/00,01/01/00,Guarda Nacional Republicana,100.0,100.0,Segunda-Feira,"41,088350","-8,630490",0,0,1,Auto-estrada,Seco e limpo,Porto,Vila Nova de Gaia,União das freguesias de Mafamude e Vilar do Paraíso,Gulpilhares,,A  - Auto-Estrada,A44,Em estado regular,"0,916",Bom tempo,Sentido único,Em via de aceleração,Fora das localidades,"Noite, sem iluminação",Com marcas - separadoras de sentido e de vias de trânsito,Colisão traseira com outro veículo em movimento,NÃO DEFINIDO,Inexistentes,No sentido crescente da quilometragem,NÃO DEFINIDO,Inexistentes,Betuminoso,Recta,Em patamar,Berma pavimentada,Em plena via,Direita
20171229417,2016:03:19 15:00:00,01/19/00,03/01/00,01/01/00,Guarda Nacional Republicana,50.0,90.0,Sábado       ,"41,378192","-8,490788",0,0,1,Estrada sem separador,Molhado,Braga,Vila Nova de Famalicao,União das freguesias de Avidos e Lagoa,Avidos,,EN - Estrada Nacional,EN204,Em estado regular,"42,4",Chuva,Dois sentidos,Em entroncamento,Fora das localidades,Em pleno dia,Com marcas - separadoras de sentido de trânsito,Colisão lateral com outro veículo em movimento,NÃO DEFINIDO,Inexistentes,NÃO DEFINIDO,NÃO DEFINIDO,Inexistentes,Betuminoso,Recta,Em patamar,Sem berma ou impraticável,Em plena via,Direita
20191701481,2019:03:02 10:50:00,01/02/00,03/01/00,01/01/00,Guarda Nacional Republicana,50.0,50.0,Sábado       ,"41,572530","-8,261297",0,0,2,Estrada sem separador,Seco e limpo,Braga,Povoa de Lanhoso,Póvoa de Lanhoso (N Senhora do Ampa,Amparo - Póvoa de Lanhoso,Rua Ponte de Pereiros - Ponte de Pereiros,Arruamento,0,Em estado regular,,Bom tempo,Sentido único,Fora da intersecção,Dentro das localidades,Em pleno dia,Com marcas - separadoras de sentido de trânsito,Colisão lateral com outro veículo em movimento,NÃO DEFINIDO,Inexistentes,NÃO DEFINIDO,NÃO DEFINIDO,Inexistentes,Betuminoso,Recta,Em patamar,Sem berma ou impraticável,Em parque de estacionamento,Direita
2015947593,2015:03:09 08:05:00,01/09/00,03/01/00,01/01/00,Guarda Nacional Republicana,50.0,90.0,Segunda-Feira,"39,061156","-9,207475",0,1,1,Estrada sem separador,Seco e limpo,Lisboa,Torres Vedras,Silveira,Casalinhos de Alfaiata,,ER - Estrada Regional,ER247,Em estado regular,32.7,Bom tempo,Dois sentidos,Em entroncamento,Dentro das localidades,Em pleno dia,Com marcas - separadoras de sentido de trânsito,Colisão lateral com outro veículo em movimento,NÃO DEFINIDO,Inexistentes,NÃO DEFINIDO,NÃO DEFINIDO,Inexistentes,Betuminoso,Recta,Em patamar,Berma não pavimentada,Em plena via,Direita
2015910853,2015:03:16 20:45:00,01/16/00,03/01/00,01/01/00,Polícia de Segurança Pública,50.0,50.0,Segunda-Feira,"38,701106","-9,176909",0,0,2,Estrada sem separador,Seco e limpo,Lisboa,Lisboa,Alcântara,,Avenida Índia                                                                                       ,Arruamento,0,Em bom estado,,Bom tempo,Dois sentidos,Fora da intersecção,Dentro das localidades,"Noite, com iluminação",Com marcas - separadoras de sentido e de vias de trânsito,Colisão lateral com outro veículo em movimento,NÃO DEFINIDO,Inexistentes,NÃO DEFINIDO,Outros,Inexistentes,Betuminoso,Recta,Em patamar,Berma pavimentada,Em plena via,Esquerda
20171222851,2017:03:22 15:50:00,01/22/00,03/01/00,01/01/00,Polícia de Segurança Pública,50.0,50.0,Quarta-Feira ,"41,382806","-8,762798",0,0,1,Estrada sem separador,Molhado,Porto,Povoa de Varzim,"União das freguesias da Póvoa de Varzim, Beiriz e Argivai",Póvoa de Varzim,Rua Gomes de Amorim                                                                                 ,Arruamento,0,Em estado regular,,Chuva,Dois sentidos,Em entroncamento,Dentro das localidades,Em pleno dia,Sem marcas rodoviárias ou pouco visíveis,Colisão lateral com outro veículo em movimento,NÃO DEFINIDO,Inexistentes,NÃO DEFINIDO,Outros,A funcionar normalmente,Betuminoso,Recta,Em patamar,Sem berma ou impraticável,Em plena via,Direita
20191668546,2019:03:19 19:15:00,01/19/00,03/01/00,01/01/00,Polícia de Segurança Pública,50.0,50.0,Terça-Feira  ,"38,631468","-9,105412",0,0,1,Estrada sem separador,Seco e limpo,Setúbal,Seixal,"União das freguesias do Seixal, Arrentela e Aldeia de Paio Pires",Seixal,Avenida República                                                                                   ,Arruamento,0,Em estado regular,,Bom tempo,Dois sentidos,Em rotunda,Dentro das localidades,"Noite, com iluminação",Sem marcas rodoviárias ou pouco visíveis,Despiste com capotamento,NÃO DEFINIDO,Inexistentes,NÃO DEFINIDO,NÃO DEFINIDO,Inexistentes,Betuminoso,Recta,Com inclinação,Berma pavimentada,Em plena via,Direita
2014814604,2014:03:29 18:45:00,01/29/00,03/01/00,01/01/00,Guarda Nacional Republicana,50.0,50.0,Sábado       ,"41,303209","-8,072058",0,2,1,Estrada sem separador,Seco e limpo,Braga,Fafe,Pedraído,Pedraído,,EM - Estrada Municipal,EM614,Em bom estado,8.2,Bom tempo,Dois sentidos,Fora da intersecção,Dentro das localidades,Em pleno dia,Com marcas - separadoras de sentido de trânsito,Atropelamento de peões,NÃO DEFINIDO,Inexistentes,NÃO DEFINIDO,NÃO DEFINIDO,Inexistentes,Betuminoso,Curva,Com inclinação,Sem berma ou impraticável,Em plena via,Direita
20171222025,2017:03:17 09:55:00,01/17/00,03/01/00,01/01/00,Polícia de Segurança Pública,60.0,100.0,Sexta-Feira  ,"40,215705","-8,439767",0,0,1,Outra via,Seco e limpo,Coimbra,Coimbra,"União das freguesias de Coimbra (Sé Nova, Santa Cruz, Almedina e São Bartolomeu)",Coimbra,,IC - Itinerário Complementar,IC2,Em estado regular,"190,3",Bom tempo,Dois sentidos,Fora da intersecção,Dentro das localidades,Em pleno dia,Com marcas - separadoras de sentido e de vias de trânsito,Colisão lateral com outro veículo em movimento,Viaduto/Ponte,Inexistentes,No sentido crescente da quilometragem,Outros,Inexistentes,Betuminoso,Recta,Em patamar,Berma pavimentada,Em plena via,Esquerda
2015910216,2015:03:11 10:30:00,01/11/00,03/01/00,01/01/00,Polícia de Segurança Pública,50.0,50.0,Quarta-Feira ,"40,194961","-8,401126",0,0,3,Estrada sem separador,Seco e limpo,Coimbra,Coimbra,Santo António dos Olivais,Coimbra,Rua Dom Ernesto Sena de Oliveira                                                                    ,Arruamento,0,Em estado regular,,Bom tempo,Dois sentidos,Em rotunda,Dentro das localidades,Em pleno dia,Sem marcas rodoviárias ou pouco visíveis,Colisão lateral com outro veículo em movimento,NÃO DEFINIDO,Inexistentes,NÃO DEFINIDO,Cedência de passagem,Inexistentes,Betuminoso,Recta,Em patamar,Berma pavimentada,Em plena via,Direita
20161141074,2016:03:28 17:20:00,01/28/00,03/01/00,01/01/00,Guarda Nacional Republicana,90.0,90.0,Segunda-Feira,"39,062609","-9,208922",0,0,1,Estrada sem separador,Seco e limpo,Lisboa,Torres Vedras,Silveira,"ER 247 KM 32,300 CASALINHOS DE ALFAIATA",,ER - Estrada Regional,0,Em estado regular,"32,3",Bom tempo,Dois sentidos,Em entroncamento,Dentro das localidades,Em pleno dia,Com marcas - separadoras de sentido de trânsito,Colisão traseira com outro veículo em movimento,NÃO DEFINIDO,Inexistentes,NÃO DEFINIDO,Outros,Inexistentes,Betuminoso,Recta,Com inclinação,Sem berma ou impraticável,Em plena via,Direita
2011501523,2010:03:19 11:30:00,01/19/00,03/01/00,01/01/00,Polícia de Segurança Pública,50.0,50.0,Sexta-Feira  ,"0,00","0,00",0,0,1,Estrada sem separador,Seco e limpo,Porto,Santo Tirso,Santo Tirso,,Rua São Bento da Batalha,Arruamento,0,Em bom estado,,Chuva,Dois sentidos,Em via de desaceleração,Dentro das localidades,Em pleno dia,Com marcas - separadoras de sentido e de vias de trânsito,Colisão frontal,NÃO DEFINIDO,Inexistentes,NÃO DEFINIDO,Passagem de peões,Inexistentes,Betuminoso,Recta,Em patamar,Berma pavimentada,Em plena via,Direita
2011517783,2011:03:10 11:55:00,01/10/00,03/01/00,01/01/00,Polícia de Segurança Pública,50.0,50.0,Quinta-Feira ,"0,00","0,00",0,0,1,Estrada sem separador,Húmido,Lisboa,Lisboa,Santa Maria dos Olivais,,Rua Padre Joaquim Alves Correia                                                                     ,Arruamento,0,Em estado regular,,Bom tempo,Dois sentidos,Em entroncamento,Dentro das localidades,Em pleno dia,Sem marcas rodoviárias ou pouco visíveis,Colisão lateral com outro veículo em movimento,NÃO DEFINIDO,Inexistentes,NÃO DEFINIDO,NÃO DEFINIDO,Inexistentes,Betuminoso,Recta,Em patamar,Berma pavimentada,Em plena via,Direita
20171252248,2017:03:15 17:00:00,01/15/00,03/01/00,01/01/00,Guarda Nacional Republicana,50.0,50.0,Quarta-Feira ,"40,637095","-8,712086",0,0,1,Estrada sem separador,Seco e limpo,Aveiro,Ilhavo,Gafanha da Nazaré,Gafanha da Nazaré,Rua Prior Guerra,Arruamento,0,Em bom estado,,Bom tempo,Sentido único,Fora da intersecção,Dentro das localidades,Em pleno dia,Sem marcas rodoviárias ou pouco visíveis,Colisão lateral com outro veículo em movimento,NÃO DEFINIDO,Inexistentes,NÃO DEFINIDO,NÃO DEFINIDO,Inexistentes,Terra batida,Recta,Em patamar,Sem berma ou impraticável,Em plena via,Direita
2014815125,2014:03:11 18:00:00,01/11/00,03/01/00,01/01/00,Guarda Nacional Republicana,50.0,50.0,Terça-Feira  ,"41,298106","-8,728573",0,0,1,Estrada sem separador,Seco e limpo,Porto,Vila do Conde,Vila Chã,,Rua de Merenses,Arruamento,0,Em estado regular,,Bom tempo,Dois sentidos,Fora da intersecção,Dentro das localidades,Aurora ou crepúsculo,Sem marcas rodoviárias ou pouco visíveis,Atropelamento de peões,NÃO DEFINIDO,Inexistentes,NÃO DEFINIDO,Outros,Inexistentes,Calçada,Curva,Em patamar,Berma não pavimentada,Em plena via,Direita
20181385986,2018:03:03 17:15:00,01/03/00,03/01/00,01/01/00,Guarda Nacional Republicana,90.0,90.0,Sábado       ,"40,608990","-7,922551",0,0,1,Estrada sem separador,Molhado,Viseu,Viseu,São João de Lourosa,São João de Lourosa,,EN - Estrada Nacional,EN231,Em bom estado,"4,755",Chuva,Dois sentidos,Fora da intersecção,Fora das localidades,Em pleno dia,Com marcas - separadoras de sentido de trânsito,Colisão com outras situações,NÃO DEFINIDO,Inexistentes,NÃO DEFINIDO,Outros,Inexistentes,Betuminoso,Recta,Com inclinação,Berma pavimentada,Em plena via,Direita
2012606542,2012:03:22 20:20:00,01/22/00,03/01/00,01/01/00,Guarda Nacional Republicana,80.0,80.0,Quinta-Feira ,"39,55807","1,14127",0,1,0,Estrada sem separador,Seco e limpo,Castelo Branco,Idanha-a-Nova,Idanha-a-Nova,IDANHA A NOVA,,VAR - Variante,0,Em bom estado,,Bom tempo,Sentido único,Em entroncamento,Dentro das localidades,"Noite, com iluminação",Com marcas - separadoras de sentido de trânsito,Colisão lateral com outro veículo em movimento,NÃO DEFINIDO,Inexistentes,NÃO DEFINIDO,NÃO DEFINIDO,Inexistentes,Betuminoso,Recta,Com inclinação,Sem berma ou impraticável,Em plena via,Direita
2015909839,2015:03:11 15:00:00,01/11/00,03/01/00,01/01/00,Polícia de Segurança Pública,50.0,50.0,Quarta-Feira ,"41,154699","-8,630866",0,0,1,Estrada sem separador,Seco e limpo,Porto,Porto,União das freguesias de Lordelo do Ouro e Massarelos,Porto,Rua Gonçalo Sampaio                                                                                 ,Arruamento,0,Em estado regular,,Bom tempo,Dois sentidos,Fora da intersecção,Dentro das localidades,Em pleno dia,Com marcas - separadoras de sentido e de vias de trânsito,Atropelamento de peões,NÃO DEFINIDO,Inexistentes,NÃO DEFINIDO,Passagem de peões,Inexistentes,Betuminoso,Recta,Em patamar,Sem berma ou impraticável,Em plena via,Direita
20181371184,2018:03:03 21:00:00,01/03/00,03/01/00,01/01/00,Polícia de Segurança Pública,50.0,50.0,Sábado       ,"0,0","0,0",0,0,1,Outra via,Molhado,Lisboa,Lisboa,Carnide,Lisboa,Avenida Condes de Carnide                                                                           ,Arruamento,0,Em estado regular,,Chuva,Dois sentidos,Fora da intersecção,Dentro das localidades,"Noite, com iluminação",Com marcas - separadoras de sentido e de vias de trânsito,Despiste com dispositivo de retenção,NÃO DEFINIDO,Inexistentes,NÃO DEFINIDO,Outros,Inexistentes,Betuminoso,Recta,Em patamar,Berma pavimentada,Em plena via,Direita
20171253559,2017:03:22 17:30:00,01/22/00,03/01/00,01/01/00,Guarda Nacional Republicana,50.0,50.0,Quarta-Feira ,"40,240409","-8,482878",0,0,1,Estrada sem separador,Húmido,Coimbra,Coimbra,União das freguesias de Antuzede e Vil de Matos,Coimbra,,EN - Estrada Nacional,EN111,Em bom estado,"35,5",Chuva,Dois sentidos,Em rotunda,Dentro das localidades,Em pleno dia,Com marcas - separadoras de sentido de trânsito,Colisão lateral com outro veículo em movimento,NÃO DEFINIDO,Inexistentes,NÃO DEFINIDO,Cedência de passagem,Inexistentes,Betuminoso,Curva,Em patamar,Berma pavimentada,Em plena via,Direita
2011527605,2011:03:31 07:55:00,01/31/00,03/01/00,01/01/00,Guarda Nacional Republicana,50.0,50.0,Quinta-Feira ,"39,27543","8,58197",0,0,1,Estrada sem separador,Seco e limpo,Leiria,Alcobaca,Turquel,TURQUEL,R MANUEL COELHO GUERRA - TURQUEL,Arruamento,0,Em bom estado,,Bom tempo,Dois sentidos,Fora da intersecção,Dentro das localidades,Em pleno dia,Sem marcas rodoviárias ou pouco visíveis,Atropelamento de peões,NÃO DEFINIDO,Inexistentes,NÃO DEFINIDO,Outros,Inexistentes,Betuminoso,Recta,Em patamar,Berma não pavimentada,Na berma,Direita
20171224129,2017:03:30 18:15:00,01/30/00,03/01/00,01/01/00,Polícia de Segurança Pública,50.0,50.0,Quinta-Feira ,"40,277526","-7,498344",0,0,1,Estrada sem separador,Seco e limpo,Castelo Branco,Covilha,União das freguesias de Covilhã e Canhoso,Covilhã,Rua Mateus Fernandes                                                                                ,Arruamento,0,Em bom estado,,Bom tempo,Dois sentidos,Fora da intersecção,Dentro das localidades,Em pleno dia,Com marcas - separadoras de sentido de trânsito,Atropelamento de peões,NÃO DEFINIDO,Inexistentes,NÃO DEFINIDO,Passagem de peões,Inexistentes,Betuminoso,Recta,Com inclinação,Sem berma ou impraticável,Em plena via,Direita
20181388045,2018:03:12 14:00:00,01/12/00,03/01/00,01/01/00,Guarda Nacional Republicana,50.0,50.0,Segunda-Feira,"41,085802","-8,530801",0,0,1,Estrada sem separador,Seco e limpo,Porto,Vila Nova de Gaia,Avintes,Porto,Av. Vasco da Gama,Arruamento,0,Em bom estado,,Bom tempo,Dois sentidos,Fora da intersecção,Dentro das localidades,Em pleno dia,Sem marcas rodoviárias ou pouco visíveis,Despiste simples,NÃO DEFINIDO,Inexistentes,NÃO DEFINIDO,NÃO DEFINIDO,Inexistentes,Betuminoso,Recta,Em patamar,Berma pavimentada,Em plena via,Direita
20191744367,2019:03:15 18:30:00,01/15/00,03/01/00,01/01/00,Polícia de Segurança Pública,50.0,50.0,Sexta-Feira  ,"0,0","0,0",0,0,1,Estrada sem separador,Seco e limpo,Lisboa,Sintra,União das freguesias de Massamá e Monte Abraão,Queluz,Avenida Agostinho Neto                                                                              ,Arruamento,0,Em estado regular,,Bom tempo,Reversível,NÃO DEFINIDO,Dentro das localidades,Em pleno dia,Sem marcas rodoviárias ou pouco visíveis,Colisão com fuga,NÃO DEFINIDO,NÃO DEFINIDO,NÃO DEFINIDO,NÃO DEFINIDO,NÃO DEFINIDO,Betuminoso,Curva,Em patamar,Berma pavimentada,Em plena via,Direita
2015918255,2015:03:29 02:10:00,01/29/00,03/01/00,01/01/00,Polícia de Segurança Pública,50.0,50.0,Domingo      ,"38,770114","-9,128468",0,0,1,Estrada sem separador,Seco e limpo,Lisboa,Lisboa,Santa Maria dos Olivais,,Aeroporto de Lisboa                                                                                 ,Arruamento,0,Em bom estado,,Bom tempo,Sentido único,Fora da intersecção,Dentro das localidades,"Noite, com iluminação",Com marcas - separadoras de sentido e de vias de trânsito,Atropelamento de peões,NÃO DEFINIDO,Inexistentes,NÃO DEFINIDO,Outros,Inexistentes,Betuminoso,Recta,Em patamar,Berma pavimentada,Em plena via,Direita
20161135716,2016:03:04 12:25:00,01/04/00,03/01/00,01/01/00,Guarda Nacional Republicana,50.0,50.0,Sexta-Feira  ,"37,048926","-8,067958",0,0,1,Estrada sem separador,Seco e limpo,Faro,Loule,Quarteira,VILAMOURA,estrada de quarteira,Arruamento,0,Em bom estado,,Bom tempo,Sentido único,Fora da intersecção,Dentro das localidades,Em pleno dia,Com marcas - separadoras de sentido de trânsito,Despiste simples,NÃO DEFINIDO,Inexistentes,NÃO DEFINIDO,NÃO DEFINIDO,Inexistentes,Betuminoso,Recta,Em patamar,Berma não pavimentada,Em plena via,Direita
2014815512,2014:03:19 00:30:00,01/19/00,03/01/00,01/01/00,Guarda Nacional Republicana,50.0,90.0,Quarta-Feira ,"41,299849","-7,410705",0,0,1,Estrada sem separador,Seco e limpo,Vila Real,Vila Pouca de Aguiar,Alvão,Paredes do Alvão,,EN - Estrada Nacional,EN206,Em estado regular,112.113,Bom tempo,Dois sentidos,Fora da intersecção,Dentro das localidades,"Noite, com iluminação",Com marcas - separadoras de sentido de trânsito,Despiste com colisão com veículo imobil. ou obstáculo,NÃO DEFINIDO,Inexistentes,NÃO DEFINIDO,NÃO DEFINIDO,Inexistentes,Betuminoso,Curva,Em patamar,Berma não pavimentada,Na berma,Direita
2014816668,2014:03:24 21:20:00,01/24/00,03/01/00,01/01/00,Guarda Nacional Republicana,50.0,50.0,Segunda-Feira,"40,019472","-8,273045",0,0,1,Estrada sem separador,Seco e limpo,Coimbra,Penela,"União das freguesias de São Miguel, Santa Eufémia e Rabaçal",Rabaçal,,EN - Estrada Nacional,EN347-1,Em estado regular,,Bom tempo,Dois sentidos,Fora da intersecção,Dentro das localidades,"Noite, com iluminação",Sem marcas rodoviárias ou pouco visíveis,Despiste simples,NÃO DEFINIDO,Inexistentes,NÃO DEFINIDO,NÃO DEFINIDO,Inexistentes,Betuminoso,Recta,Em patamar,Berma pavimentada,Em plena via,Direita
20181391107,2018:03:25 13:00:00,01/25/00,03/01/00,01/01/00,Guarda Nacional Republicana,50.0,50.0,Domingo      ,"39,252236","-8,141190",0,1,0,Estrada sem separador,Com gravilha ou areia,Portalegre,Ponte de Sor,Foros de Arrão,Portalegre,,EF - Estrada Florestal,0,Em mau estado,,Bom tempo,Dois sentidos,Fora da intersecção,Fora das localidades,Em pleno dia,Sem marcas rodoviárias ou pouco visíveis,Colisão frontal,NÃO DEFINIDO,Inexistentes,NÃO DEFINIDO,NÃO DEFINIDO,Inexistentes,Terra batida,Curva,Com inclinação,Sem berma ou impraticável,Em plena via,Direita
20191698830,2019:03:12 18:00:00,01/12/00,03/01/00,01/01/00,Guarda Nacional Republicana,50.0,50.0,Terça-Feira  ,"37,122330","-7,662006",0,0,1,Estrada sem separador,Seco e limpo,Faro,Tavira,União das freguesias de Tavira (Santa Maria e Santiago),Tavira,,EM - Estrada Municipal,0,Em estado regular,"0,1",Bom tempo,Dois sentidos,Fora da intersecção,Fora das localidades,"Noite, com iluminação",Sem marcas rodoviárias ou pouco visíveis,Despiste simples,NÃO DEFINIDO,Inexistentes,NÃO DEFINIDO,NÃO DEFINIDO,Inexistentes,Betuminoso,Recta,Em patamar,Berma não pavimentada,Na berma,Direita
2015951940,2015:03:14 16:00:00,01/14/00,03/01/00,01/01/00,Guarda Nacional Republicana,70.0,90.0,Sábado       ,"38,664868","-9,177133",0,0,2,Outra via,Seco e limpo,Setúbal,Almada,"União das freguesias de Almada, Cova da Piedade, Pragal e Cacilhas",Pragal,,IC - Itinerário Complementar,IC20,Em bom estado,1.55,Bom tempo,Sentido único,Fora da intersecção,Fora das localidades,Em pleno dia,Com marcas - separadoras de sentido e de vias de trânsito,Colisão com veiculo ou obstáculo na faixa de rodagem,NÃO DEFINIDO,Inexistentes,No sentido decrescente da quilometragem,Outros,Inexistentes,Betuminoso,Recta,Em patamar,Berma pavimentada,Em plena via,Central
2010440598,2010:03:13 17:10:00,01/13/00,03/01/00,01/01/00,Polícia de Segurança Pública,50.0,50.0,Sábado       ,"0,00","0,00",0,0,1,Estrada sem separador,Húmido,Setúbal,Setubal,Setúbal (São Sebastião),,Avenida Antero de Quental,Arruamento,0,Em estado regular,,Bom tempo,Sentido único,Em entroncamento,Dentro das localidades,Em pleno dia,Sem marcas rodoviárias ou pouco visíveis,Colisão traseira com outro veículo em movimento,NÃO DEFINIDO,Inexistentes,NÃO DEFINIDO,Cedência de passagem,A funcionar normalmente,Betuminoso,Curva,Com inclinação,Berma pavimentada,Em plena via,Direita
2013695023,2013:03:02 18:30:00,01/02/00,03/01/00,01/01/00,Guarda Nacional Republicana,50.0,50.0,Sábado       ,,,0,0,1,Estrada sem separador,Seco e limpo,Lisboa,Mafra,Ericeira,Ericeira,Estrada do Rego,Arruamento,0,Em bom estado,,Bom tempo,Dois sentidos,Fora da intersecção,Dentro das localidades,Em pleno dia,Sem marcas rodoviárias ou pouco visíveis,Colisão lateral com outro veículo em movimento,NÃO DEFINIDO,Inexistentes,NÃO DEFINIDO,Outros,Inexistentes,Betuminoso,Recta,Em patamar,Berma pavimentada,Em plena via,Direita
2014776166,2014:03:12 10:50:00,01/12/00,03/01/00,01/01/00,Polícia de Segurança Pública,50.0,50.0,Quarta-Feira ,"41,405400","-8,516502",0,0,1,Outra via,Seco e limpo,Braga,Vila Nova de Famalicao,Antas,,,EN - Estrada Nacional,EN204,Em bom estado,37.96,Bom tempo,Dois sentidos,Em entroncamento,Dentro das localidades,Em pleno dia,Com marcas - separadoras de sentido e de vias de trânsito,Colisão lateral com outro veículo em movimento,NÃO DEFINIDO,Inexistentes,NÃO DEFINIDO,NÃO DEFINIDO,Inexistentes,Betuminoso,Recta,Em patamar,Berma pavimentada,Em plena via,Central