Id. Acidente,Datahora,Dia,Mês,Hora,Entidades Fiscalizadoras,Velocidade local,Velocidade geral,Dia da Semana,Latitude GPS,Longitude GPS,Num. Mortos a 30 dias,Num. Feridos graves a 30 dias,Num. Feridos ligeiros a 30 dias,Características Tecnicas1,Cond Aderência,Distrito,Concelho,Freguesia,Pov. Proxima,Nome arruamento,Tipos Vias,Cod Via,Estado Conservação,Km,Factores Atmosféricos,Reg Circulação1,Intersecção Vias,Localizações,Luminosidade,Marca Via,Natureza,Obras Arte,Obstáculos,Sentidos,Sinais,Sinais Luminosos,Tipo Piso,Traçado 1,Traçado 2,Traçado 3,Traçado 4,Via Trânsito
20191666501,2019:03:06 10:00:00,01/06/00,03/01/00,01/01/00,Polícia de Segurança Pública,40.0,50.0,Quarta-Feira ,"0,0","0,0",0,0,3,Outra via,Molhado,Lisboa,Lisboa,Alvalade,,Acesso da Av.ª Marechal Gomes da Costa à 2.ª Circular,Arruamento,0,Em estado regular,,Bom tempo,Sentido único,Fora da intersecção,Dentro das localidades,Em pleno dia,Com marcas - separadoras de sentido e de vias de trânsito,Despiste com dispositivo de retenção,NÃO DEFINIDO,Inexistentes,NÃO DEFINIDO,NÃO DEFINIDO,Inexistentes,Betuminoso,Curva,Com inclinação,Berma pavimentada,Em plena via,Direita
2012594601,2012:03:15 07:55:00,01/15/00,03/01/00,01/01/00,Polícia de Segurança Pública,50.0,50.0,Quinta-Feira ,"41,224486","-8,626355",0,0,3,Outra via,Seco e limpo,Porto,Matosinhos,Leça do Bailio,Leça do Balio,,EN - Estrada Nacional,EN14,Em bom estado,5.7,Bom tempo,Dois sentidos,Fora da intersecção,Fora das localidades,Em pleno dia,Com marcas - separadoras de sentido de trânsito,Colisão traseira com outro veículo em movimento,NÃO DEFINIDO,Inexistentes,No sentido decrescente da quilometragem,Outros,Inexistentes,Betuminoso,Recta,Em patamar,Sem berma ou impraticável,Em plena via,Central
2011516504,2011:03:05 11:30:00,01/05/00,03/01/00,01/01/00,Polícia de Segurança Pública,50.0,50.0,Sábado       ,"0,00","0,00",0,0,2,Estrada sem separador,Seco e limpo,Lisboa,Odivelas,Famões,Famões,Rua Santo Estevão,Arruamento,0,Em bom estado,,Bom tempo,Dois sentidos,Em entroncamento,Dentro das localidades,Em pleno dia,Com marcas - separadoras de sentido e de vias de trânsito,Colisão traseira com outro veículo em movimento,NÃO DEFINIDO,Inexistentes,NÃO DEFINIDO,Passagem de peões,Inexistentes,Betuminoso,Recta,Em patamar,Berma pavimentada,Em plena via,Direita
20161136396,2016:03:08 08:40:00,01/08/00,03/01/00,01/01/00,Guarda Nacional Republicana,120.0,120.0,Terça-Feira  ,"38,428506","-9,159057",0,0,1,Auto-estrada,Seco e limpo,Lisboa,Oeiras,União das freguesias de Carnaxide e Queijas,QUEIJAS,,A  - Auto-Estrada,A5,Em bom estado,"8,3",Bom tempo,Sentido único,Fora da intersecção,Fora das localidades,Em pleno dia,Com marcas - separadoras de sentido e de vias de trânsito,Colisão lateral com outro veículo em movimento,NÃO DEFINIDO,Inexistentes,No sentido crescente da quilometragem,Outros,Inexistentes,Betuminoso,Recta,Em patamar,Berma pavimentada,Em plena via,Direita
20161041487,2016:03:21 09:25:00,01/21/00,03/01/00,01/01/00,Polícia de Segurança Pública,50.0,50.0,Segunda-Feira,"41,147640","-8,621876",0,0,1,Estrada sem separador,Seco e limpo,Porto,Porto,"União das freguesias de Cedofeita, Santo Ildefonso, Sé, Miragaia, São Nicolau e Vitória",Porto,Rua Dom Manuel II                                                                                   ,Arruamento,0,Em bom estado,,Bom tempo,Dois sentidos,Fora da intersecção,Dentro das localidades,Em pleno dia,Com marcas - separadoras de sentido de trânsito,Colisão lateral com outro veículo em movimento,NÃO DEFINIDO,Inexistentes,NÃO DEFINIDO,Outros,Inexistentes,Betuminoso,Recta,Em patamar,Sem berma ou impraticável,Em plena via,Direita
2014815654,2014:03:05 13:15:00,01/05/00,03/01/00,01/01/00,Guarda Nacional Republicana,50.0,50.0,Quarta-Feira ,"41,446659","-8,121365",0,0,1,Estrada sem separador,Seco e limpo,Braga,Terras de Bouro,Covide,Covide,,EN - Estrada Nacional,EN307,Em bom estado,37.15,Bom tempo,Dois sentidos,Fora da intersecção,Dentro das localidades,Em pleno dia,Com marcas - separadoras de sentido de trânsito,Despiste sem dispositivo de retenção,NÃO DEFINIDO,Inexistentes,NÃO DEFINIDO,Outros,Inexistentes,Betuminoso,Curva,Com inclinação,Sem berma ou impraticável,Na berma,Direita
2012607203,2012:03:31 18:00:00,01/31/00,03/01/00,01/01/00,Guarda Nacional Republicana,50.0,50.0,Sábado       ,"41,161949","-8,501791",0,0,1,Estrada sem separador,Seco e limpo,Porto,Gondomar,São Pedro da Cova,,,EN - Estrada Nacional,EN209,Em bom estado,10.6,Bom tempo,Dois sentidos,Fora da intersecção,Dentro das localidades,Em pleno dia,Com marcas - separadoras de sentido de trânsito,Despiste simples,NÃO DEFINIDO,Inexistentes,NÃO DEFINIDO,NÃO DEFINIDO,Inexistentes,Betuminoso,Curva,Com inclinação,Sem berma ou impraticável,Em plena via,Direita
2014815577,2014:03:02 17:20:00,01/02/00,03/01/00,01/01/00,Guarda Nacional Republicana,50.0,50.0,Domingo      ,"41,283361","-8,325715",0,0,3,Estrada sem separador,Molhado,Braga,Vila Nova de Famalicao,Nine,,Rua das Dálias,Arruamento,0,Em estado regular,,Chuva,Dois sentidos,Em cruzamento,Dentro das localidades,Em pleno dia,Sem marcas rodoviárias ou pouco visíveis,Colisão frontal,NÃO DEFINIDO,Inexistentes,NÃO DEFINIDO,Outros,Inexistentes,Calçada,Curva,Com inclinação,Sem berma ou impraticável,Em plena via,NÃO DEFINIDO
2013696145,2013:03:18 08:00:00,01/18/00,03/01/00,01/01/00,Guarda Nacional Republicana,110.0,120.0,Segunda-Feira,"38,361344","-08,395639",0,0,1,Auto-estrada,Seco e limpo,Setúbal,Palmela,Marateca,Marateca,,A  - Auto-Estrada,A2,Em bom estado,56.056,Bom tempo,Sentido único,Fora da intersecção,Fora das localidades,Em pleno dia,Com marcas - separadoras de sentido e de vias de trânsito,Despiste simples,NÃO DEFINIDO,Inexistentes,No sentido decrescente da quilometragem,NÃO DEFINIDO,Inexistentes,Betuminoso,Recta,Em patamar,Berma pavimentada,Em plena via,Esquerda
2013695038,2013:03:07 18:00:00,01/07/00,03/01/00,01/01/00,Guarda Nacional Republicana,120.0,120.0,Quinta-Feira ,,,0,0,1,Auto-estrada,Molhado,Lisboa,Odivelas,Caneças,Caneças,,A  - Auto-Estrada,A9,Em bom estado,15.2,Chuva,Sentido único,Fora da intersecção,Fora das localidades,Aurora ou crepúsculo,Com marcas - separadoras de sentido e de vias de trânsito,Despiste simples,NÃO DEFINIDO,Inexistentes,No sentido crescente da quilometragem,Outros,Inexistentes,Betuminoso,Recta,Com inclinação,Berma pavimentada,Em plena via,Direita
20161040665,2016:03:02 17:45:00,01/02/00,03/01/00,01/01/00,Polícia de Segurança Pública,50.0,50.0,Quarta-Feira ,"41,562559","-8,407727",0,0,1,Estrada sem separador,Seco e limpo,Braga,Braga,Braga (São Vítor),Braga,Avenida Padre Julio Fragata,Arruamento,0,Em bom estado,,Bom tempo,Sentido único,NÃO DEFINIDO,Dentro das localidades,Em pleno dia,Com marcas - separadoras de sentido de trânsito,Colisão lateral com outro veículo em movimento,NÃO DEFINIDO,Inexistentes,NÃO DEFINIDO,Outros,Inexistentes,Betuminoso,Curva,Com inclinação,Berma pavimentada,Em plena via,Direita
2010453534,2010:03:26 08:00:00,01/26/00,03/01/00,01/01/00,Guarda Nacional Republicana,120.0,120.0,Sexta-Feira  ,"41,112202","-8,612746",0,0,1,Auto-estrada,Seco e limpo,Porto,Vila Nova de Gaia,Vila Nova de Gaia (Santa Marinha),,,A  - Auto-Estrada,A1,Em estado regular,297.5,Bom tempo,Sentido único,Fora da intersecção,Fora das localidades,Em pleno dia,Com marcas - separadoras de sentido e de vias de trânsito,Colisão choque em cadeia,NÃO DEFINIDO,Inexistentes,No sentido crescente da quilometragem,Outros,Inexistentes,Betuminoso,Recta,Em patamar,Berma pavimentada,Em plena via,Esquerda
2010441448,2010:03:19 14:30:00,01/19/00,03/01/00,01/01/00,Polícia de Segurança Pública,80.0,80.0,Sexta-Feira  ,"0,00","0,00",0,0,2,Outra via,Seco e limpo,Lisboa,Lisboa,Lumiar,,,IP- Itinerário Principal,IP7,Em bom estado,,Chuva,Sentido único,Em entroncamento,Dentro das localidades,Em pleno dia,Com marcas - separadoras de sentido e de vias de trânsito,Despiste com dispositivo de retenção,NÃO DEFINIDO,Inexistentes,NÃO DEFINIDO,Outros,Inexistentes,Betuminoso,Curva,Com inclinação,Berma não pavimentada,Em plena via,Central
20161137503,2016:03:13 10:30:00,01/13/00,03/01/00,01/01/00,Guarda Nacional Republicana,50.0,50.0,Domingo      ,"39,412937","-8,576925",0,0,1,Estrada sem separador,Seco e limpo,Leiria,Alcobaca,União das freguesias de Pataias e Martingança,MARTINGANÇA,,EN - Estrada Nacional,EN242,Em bom estado,"20,2",Bom tempo,Dois sentidos,Em entroncamento,Dentro das localidades,Em pleno dia,Com marcas - separadoras de sentido de trânsito,Colisão lateral com outro veículo em movimento,NÃO DEFINIDO,Inexistentes,NÃO DEFINIDO,Outros,A funcionar normalmente,Betuminoso,Recta,Em patamar,Berma pavimentada,Em plena via,Direita
20181390494,2018:03:22 23:55:00,01/22/00,03/01/00,01/01/00,Guarda Nacional Republicana,50.0,50.0,Quinta-Feira ,"41,209235","-8,338111",0,0,1,Estrada sem separador,Seco e limpo,Porto,Paredes,Paredes,Longra,Rua Doutor José Leite Vasconcelos,Arruamento,0,Em bom estado,,Bom tempo,Sentido único,Fora da intersecção,Dentro das localidades,"Noite, com iluminação",Sem marcas rodoviárias ou pouco visíveis,Atropelamento de peões,NÃO DEFINIDO,Inexistentes,NÃO DEFINIDO,Passagem de peões,Inexistentes,Betuminoso,Recta,Em patamar,Berma pavimentada,Em plena via,Direita
20161136700,2016:03:08 23:30:00,01/08/00,03/01/00,01/01/00,Guarda Nacional Republicana,40.0,50.0,Terça-Feira  ,"40,324956","-7,530925",0,0,1,Estrada sem separador,Seco e limpo,Viseu,Nelas,União das freguesias de Carvalhal Redondo e Aguieira,CARVALHAL REDONDO,avenida do milenio nº 5 carvalhal redondo,Arruamento,0,Em estado regular,,Bom tempo,Dois sentidos,Fora da intersecção,Dentro das localidades,"Noite, com iluminação",Sem marcas rodoviárias ou pouco visíveis,Despiste com capotamento,NÃO DEFINIDO,Inexistentes,NÃO DEFINIDO,Outros,Inexistentes,Betuminoso,Recta,Em patamar,Berma não pavimentada,Na berma,Direita
2013672742,2013:03:13 23:00:00,01/13/00,03/01/00,01/01/00,Polícia de Segurança Pública,50.0,50.0,Quarta-Feira ,"0,00","0,00",0,0,1,Estrada sem separador,Seco e limpo,Guarda,Guarda,Guarda (São Vicente),,Avenida Doutor Francisco Sá Carneiro                                                                ,Arruamento,0,Em bom estado,,Bom tempo,Dois sentidos,Fora da intersecção,Dentro das localidades,"Noite, com iluminação",Com marcas - separadoras de sentido de trânsito,Atropelamento de peões,NÃO DEFINIDO,Inexistentes,NÃO DEFINIDO,Outros,Inexistentes,Betuminoso,Recta,Em patamar,Berma pavimentada,Em plena via,Direita
20191699278,2019:03:10 15:25:00,01/10/00,03/01/00,01/01/00,Guarda Nacional Republicana,120.0,120.0,Domingo      ,"38,617310","-9,125004",0,0,1,Auto-estrada,Seco e limpo,Setúbal,Seixal,"União das freguesias do Seixal, Arrentela e Aldeia de Paio Pires",Seixal,,A  - Auto-Estrada,A2,Em bom estado,"14,4",Bom tempo,Sentido único,Fora da intersecção,Fora das localidades,Em pleno dia,Com marcas - separadoras de sentido e de vias de trânsito,Despiste com capotamento,NÃO DEFINIDO,Inexistentes,No sentido decrescente da quilometragem,NÃO DEFINIDO,Inexistentes,Betuminoso,Recta,Em patamar,Berma pavimentada,Em plena via,Direita
2015949073,2015:03:02 14:30:00,01/02/00,03/01/00,01/01/00,Guarda Nacional Republicana,50.0,50.0,Segunda-Feira,"41,428344","-8,465944",0,0,2,Estrada sem separador,Molhado,Viana do Castelo,Viana do Castelo,Portuzelo,Perre,Rua Santa Martinha,Arruamento,0,Em bom estado,,Chuva,Dois sentidos,Em cruzamento,Dentro das localidades,Em pleno dia,Sem marcas rodoviárias ou pouco visíveis,Colisão lateral com outro veículo em movimento,NÃO DEFINIDO,Inexistentes,NÃO DEFINIDO,Stop,Inexistentes,Betuminoso,Recta,Em patamar,Berma pavimentada,Em plena via,Direita
2010437189,2010:03:03 16:00:00,01/03/00,03/01/00,01/01/00,Polícia de Segurança Pública,50.0,50.0,Quarta-Feira ,"0,00","0,00",0,0,1,Estrada sem separador,Seco e limpo,Lisboa,Oeiras,Porto Salvo,Porto Salvo,Avenida Engenheiro Valente de Oliveira,Arruamento,0,Em bom estado,,Bom tempo,Dois sentidos,Em cruzamento,Dentro das localidades,Em pleno dia,Com marcas - separadoras de sentido de trânsito,Colisão frontal,NÃO DEFINIDO,Inexistentes,NÃO DEFINIDO,Stop,Inexistentes,Betuminoso,Recta,Com inclinação,Sem berma ou impraticável,Em plena via,Direita
2010453856,2010:03:07 12:20:00,01/07/00,03/01/00,01/01/00,Guarda Nacional Republicana,50.0,50.0,Domingo      ,"41,566418","-8,665853",0,0,1,Estrada sem separador,Molhado,Braga,Barcelos,Tamel (Santa Leocádia),BARCELOS,,EN - Estrada Nacional,EN103,Em bom estado,14.1,Chuva,Dois sentidos,Fora da intersecção,Dentro das localidades,Em pleno dia,Com marcas - separadoras de sentido de trânsito,Despiste com capotamento,NÃO DEFINIDO,Inexistentes,NÃO DEFINIDO,Outros,Inexistentes,Betuminoso,Curva,Com inclinação,Sem berma ou impraticável,Na berma,Direita
2014778540,2014:03:18 15:00:00,01/18/00,03/01/00,01/01/00,Polícia de Segurança Pública,50.0,50.0,Terça-Feira  ,"38,705971","-9,140102",0,0,2,Outra via,Seco e limpo,Lisboa,Lisboa,Encarnação,,Avenida Ribeira das Naus,Arruamento,0,Em estado regular,,Bom tempo,Dois sentidos,NÃO DEFINIDO,Dentro das localidades,Em pleno dia,Com marcas - separadoras de sentido e de vias de trânsito,Colisão choque em cadeia,NÃO DEFINIDO,Correctamente sinalizados,No sentido decrescente da quilometragem,Outros,Inexistentes,Calçada,Recta,Em patamar,Berma pavimentada,Em plena via,Direita
2015916344,2015:03:30 19:20:00,01/30/00,03/01/00,01/01/00,Polícia de Segurança Pública,50.0,50.0,Segunda-Feira,"39,733682","-8,761846",0,0,1,Estrada sem separador,Seco e limpo,Leiria,Leiria,"União das freguesias de Leiria, Pousos, Barreira e Cortes",Touria,,EN - Estrada Nacional,EN113,Em bom estado,6.0,Bom tempo,Dois sentidos,Fora da intersecção,Dentro das localidades,Aurora ou crepúsculo,Com marcas - separadoras de sentido e de vias de trânsito,Colisão traseira com outro veículo em movimento,NÃO DEFINIDO,Inexistentes,NÃO DEFINIDO,NÃO DEFINIDO,Inexistentes,Betuminoso,Recta,Em patamar,Berma pavimentada,Em plena via,Direita
20161043924,2016:03:16 07:30:00,01/16/00,03/01/00,01/01/00,Polícia de Segurança Pública,50.0,50.0,Quarta-Feira ,"38,686989","-9,311292",0,0,1,Estrada sem separador,Seco e limpo,Lisboa,Oeiras,"União das freguesias de Oeiras e São Julião da Barra, Paço de Arcos e Caxias",Oeiras,Avenida Pedro Álvares Cabral                                                                        ,Arruamento,0,Em estado regular,,Bom tempo,Dois sentidos,Fora da intersecção,Dentro das localidades,Em pleno dia,Com marcas - separadoras de sentido de trânsito,Atropelamento de peões,NÃO DEFINIDO,Inexistentes,NÃO DEFINIDO,Passagem de peões,Inexistentes,Betuminoso,Recta,Em patamar,Sem berma ou impraticável,Em plena via,Direita
2014782518,2014:03:31 09:30:00,01/31/00,03/01/00,01/01/00,Polícia de Segurança Pública,50.0,50.0,Segunda-Feira,"38,711122","-9,213559",0,0,1,Estrada sem separador,Molhado,Lisboa,Lisboa,São Francisco Xavier,,Rua Gregório Lopes                                                                                  ,Arruamento,0,Em estado regular,,Chuva,Dois sentidos,Fora da intersecção,Dentro das localidades,Em pleno dia,Sem marcas rodoviárias ou pouco visíveis,Colisão frontal,NÃO DEFINIDO,Inexistentes,NÃO DEFINIDO,Outros,Inexistentes,Betuminoso,Recta,Em patamar,Sem berma ou impraticável,Em plena via,Direita
20181584654,2018:03:09 14:00:00,01/09/00,03/01/00,01/01/00,Polícia de Segurança Pública,50.0,50.0,Sexta-Feira  ,38.7828048,-9.3471612,0,0,2,Estrada sem separador,Seco e limpo,Lisboa,Sintra,Algueirão-Mem Martins,,Estrada de Mem Martins,Arruamento,0,Em estado regular,,Bom tempo,Dois sentidos,Em entroncamento,Dentro das localidades,Em pleno dia,Sem marcas rodoviárias ou pouco visíveis,Atropelamento de peões,NÃO DEFINIDO,Inexistentes,NÃO DEFINIDO,Outros,Inexistentes,Betuminoso,Curva,Em patamar,Berma pavimentada,Em plena via,Direita
20161138224,2016:03:14 19:30:00,01/14/00,03/01/00,01/01/00,Guarda Nacional Republicana,70.0,70.0,Segunda-Feira,"37,059861","-7,763438",0,0,1,Estrada sem separador,Seco e limpo,Faro,Olhao,União das freguesias de Moncarapacho e Fuseta,FUSETA,,EN - Estrada Nacional,EN125,Em bom estado,121,Bom tempo,Reversível,Em entroncamento,Fora das localidades,"Noite, com iluminação",Sem marcas rodoviárias ou pouco visíveis,Colisão traseira com outro veículo em movimento,NÃO DEFINIDO,Inexistentes,NÃO DEFINIDO,NÃO DEFINIDO,Inexistentes,Betuminoso,Recta,Em patamar,Berma não pavimentada,Em plena via,Direita
2014815075,2014:03:21 15:30:00,01/21/00,03/01/00,01/01/00,Guarda Nacional Republicana,50.0,50.0,Sexta-Feira  ,"41,153837","-8,388797",0,0,3,Estrada sem separador,Molhado,Porto,Maia,Gemunde,,Rua Engº Frederico Ulrich,Arruamento,0,Em estado regular,,Chuva,Dois sentidos,Fora da intersecção,Dentro das localidades,Em pleno dia,Sem marcas rodoviárias ou pouco visíveis,Colisão frontal,NÃO DEFINIDO,Inexistentes,NÃO DEFINIDO,NÃO DEFINIDO,Inexistentes,Calçada,Recta,Com inclinação,Sem berma ou impraticável,Em plena via,Direita
2013694397,2013:03:23 16:00:00,01/23/00,03/01/00,01/01/00,Guarda Nacional Republicana,90.0,90.0,Sábado       ,"41,591866","-08,591777",0,0,1,Estrada sem separador,Seco e limpo,Viana do Castelo,Valenca,São Pedro da Torre,São Pedro da Torre,,EN - Estrada Nacional,EN13,Em bom estado,113.2,Bom tempo,Sentido único,Fora da intersecção,Fora das localidades,Em pleno dia,Sem marcas rodoviárias ou pouco visíveis,Colisão com veiculo ou obstáculo na faixa de rodagem,NÃO DEFINIDO,Inexistentes,NÃO DEFINIDO,NÃO DEFINIDO,Inexistentes,Betuminoso,Recta,Em patamar,Sem berma ou impraticável,Em plena via,Direita
2011529269,2011:03:24 21:45:00,01/24/00,03/01/00,01/01/00,Guarda Nacional Republicana,,50.0,Quinta-Feira ,,,0,0,1,Estrada sem separador,Seco e limpo,Setúbal,Setubal,Gâmbia-Pontes-Alto da Guerra,FARALHAO - SETUBAL,R ALVES REDOL - FARALHAO,Arruamento,0,Em bom estado,,Bom tempo,Dois sentidos,Em entroncamento,Dentro das localidades,"Noite, com iluminação",Sem marcas rodoviárias ou pouco visíveis,Colisão com fuga,NÃO DEFINIDO,Inexistentes,NÃO DEFINIDO,NÃO DEFINIDO,Inexistentes,Betão de cimento,Recta,Em patamar,Berma pavimentada,Em plena via,Direita
20191667030,2019:03:16 00:10:00,01/16/00,03/01/00,01/01/00,Polícia de Segurança Pública,50.0,50.0,Sábado       ,"41,548934","-8,415532",0,0,1,Estrada sem separador,Seco e limpo,Braga,Braga,União das freguesias de Braga (São José de São Lázaro e São João do Souto),,Avenida 31 de Janeiro                                                                               ,Arruamento,0,Em bom estado,,Bom tempo,Sentido único,Em cruzamento,Dentro das localidades,"Noite, com iluminação",Com marcas - separadoras de sentido de trânsito,Colisão lateral com outro veículo em movimento,NÃO DEFINIDO,Inexistentes,NÃO DEFINIDO,Stop,Inexistentes,Betuminoso,Recta,Com inclinação,Berma pavimentada,Em plena via,Direita
2010453555,2010:03:17 11:00:00,01/17/00,03/01/00,01/01/00,Guarda Nacional Republicana,50.0,50.0,Quarta-Feira ,"41,221689","-8,240903",0,0,1,Estrada sem separador,Seco e limpo,Porto,Penafiel,Croca,CROCA,,EN - Estrada Nacional,EN15,Em bom estado,35.8,Bom tempo,Dois sentidos,Fora da intersecção,Dentro das localidades,Em pleno dia,Com marcas - separadoras de sentido de trânsito,Colisão traseira com outro veículo em movimento,NÃO DEFINIDO,Inexistentes,NÃO DEFINIDO,Proibição de ultrapassagem,Inexistentes,Betuminoso,Curva,Em patamar,Berma não pavimentada,Em plena via,Direita
20191664871,2019:03:07 19:50:00,01/07/00,03/01/00,01/01/00,Polícia de Segurança Pública,50.0,50.0,Quinta-Feira ,"38,726843","-9,155398",0,0,1,Estrada sem separador,Seco e limpo,Lisboa,Lisboa,Avenidas Novas,Lisboa,Rua Castilho                                                                                        ,Arruamento,0,Em estado regular,,Bom tempo,Dois sentidos,Fora da intersecção,Dentro das localidades,"Noite, com iluminação",Com marcas - separadoras de sentido e de vias de trânsito,Atropelamento de peões,NÃO DEFINIDO,Inexistentes,NÃO DEFINIDO,Passagem de peões,Inexistentes,Betuminoso,Recta,Em patamar,Berma pavimentada,Em plena via,Direita
2015910474,2015:03:15 09:45:00,01/15/00,03/01/00,01/01/00,Polícia de Segurança Pública,50.0,50.0,Domingo      ,"38,651080","-9,057654",0,0,1,Outra via,Seco e limpo,Setúbal,Barreiro,"União das freguesias de Alto do Seixalinho, Santo André e Verderena",Barreiro,Rua José Saramago,Arruamento,0,Em estado regular,,Bom tempo,Sentido único,Fora da intersecção,Dentro das localidades,Em pleno dia,Sem marcas rodoviárias ou pouco visíveis,Colisão lateral com outro veículo em movimento,NÃO DEFINIDO,NÃO DEFINIDO,NÃO DEFINIDO,Outros,Inexistentes,Betuminoso,Curva,Em patamar,Berma pavimentada,Em plena via,Direita
2011527231,2011:03:20 11:50:00,01/20/00,03/01/00,01/01/00,Guarda Nacional Republicana,50.0,50.0,Domingo      ,,,0,0,1,Estrada sem separador,Seco e limpo,Braga,Cabeceiras de Basto,Refojos de Basto,ACACIAS,R DR AGOSTINHO MOUTINHO,Arruamento,0,Em bom estado,,Bom tempo,Dois sentidos,Fora da intersecção,Dentro das localidades,Em pleno dia,Com marcas - separadoras de sentido de trânsito,Atropelamento de peões,NÃO DEFINIDO,Inexistentes,NÃO DEFINIDO,Passagem de peões,Inexistentes,Terra batida,Recta,Em patamar,Sem berma ou impraticável,Em plena via,Direita
20171250180,2017:03:04 10:50:00,01/04/00,03/01/00,01/01/00,Guarda Nacional Republicana,50.0,50.0,Sábado       ,"38,657562","-8,812867",0,0,1,Estrada sem separador,Seco e limpo,Setúbal,Montijo,União das freguesias de Atalaia e Alto Estanqueiro-Jardia,Jardia,,EN - Estrada Nacional,EN5,Em bom estado,5,Bom tempo,Dois sentidos,Fora da intersecção,Dentro das localidades,Em pleno dia,Com marcas - separadoras de sentido e de vias de trânsito,Atropelamento de peões,NÃO DEFINIDO,Inexistentes,NÃO DEFINIDO,NÃO DEFINIDO,Inexistentes,Betuminoso,Recta,Em patamar,Berma não pavimentada,Na berma,Direita
2011527772,2011:03:11 20:20:00,01/11/00,03/01/00,01/01/00,Guarda Nacional Republicana,50.0,50.0,Sexta-Feira  ,"41,165559","-8,385298",0,0,1,Estrada sem separador,Molhado,Porto,Paredes,Parada de Todeia,PARADA DE TODEIA - PAREDES,,EN - Estrada Nacional,EN319,Em estado regular,31.4,Chuva,Dois sentidos,Fora da intersecção,Dentro das localidades,"Noite, sem iluminação",Com marcas - separadoras de sentido de trânsito,Despiste simples,NÃO DEFINIDO,Inexistentes,NÃO DEFINIDO,Outros,Inexistentes,Betuminoso,Curva,Em patamar,Sem berma ou impraticável,Na berma,Direita
2013694827,2013:03:21 09:30:00,01/21/00,03/01/00,01/01/00,Guarda Nacional Republicana,30.0,50.0,Quinta-Feira ,"40,321638","-08,033936",0,0,1,Estrada sem separador,Seco e limpo,Viseu,Tondela,Canas de Santa Maria,Valverde,Rua do Estoril,Arruamento,0,Em bom estado,,Bom tempo,Dois sentidos,Em cruzamento,Dentro das localidades,Em pleno dia,Com marcas - separadoras de sentido de trânsito,Colisão lateral com outro veículo em movimento,NÃO DEFINIDO,Inexistentes,NÃO DEFINIDO,Outros,Inexistentes,Betuminoso,Recta,Com inclinação,Sem berma ou impraticável,Em plena via,Direita
2012608969,2012:03:15 18:00:00,01/15/00,03/01/00,01/01/00,Guarda Nacional Republicana,50.0,50.0,Quinta-Feira ,,,0,0,1,Estrada sem separador,Seco e limpo,Braga,Vila Nova de Famalicao,Seide (São Paio),SEIDE SAO PAIO,R SEIDE SAO PAIO,Arruamento,0,Em bom estado,,Bom tempo,Dois sentidos,Em entroncamento,Dentro das localidades,Em pleno dia,Com marcas - separadoras de sentido de trânsito,Colisão com outras situações,NÃO DEFINIDO,Inexistentes,NÃO DEFINIDO,Stop,Inexistentes,Betuminoso,Recta,Em patamar,Berma pavimentada,Em plena via,Direita
2010453302,2010:03:02 15:40:00,01/02/00,03/01/00,01/01/00,Guarda Nacional Republicana,50.0,50.0,Terça-Feira  ,"41,151470","-8,509700",0,0,1,Estrada sem separador,Seco e limpo,Porto,Gondomar,São Pedro da Cova,S PEDRO DA COVA,,EN - Estrada Nacional,EN209,Em bom estado,8.4,Bom tempo,NÃO DEFINIDO,Em entroncamento,Dentro das localidades,Em pleno dia,Com marcas - separadoras de sentido de trânsito,Colisão lateral com outro veículo em movimento,NÃO DEFINIDO,Inexistentes,NÃO DEFINIDO,Stop,Inexistentes,Betuminoso,Recta,Com inclinação,Sem berma ou impraticável,Em plena via,Direita
20181372392,2018:03:07 08:10:00,01/07/00,03/01/00,01/01/00,Polícia de Segurança Pública,90.0,90.0,Quarta-Feira ,"0,0","0,0",0,0,1,Outra via,Húmido,Lisboa,Amadora,Alfragide,Amadora,,EN - Estrada Nacional,EN117,Em estado regular,"3,2",Bom tempo,Dois sentidos,Fora da intersecção,Fora das localidades,Em pleno dia,Com marcas - separadoras de sentido e de vias de trânsito,Colisão com outras situações,NÃO DEFINIDO,Inexistentes,No sentido crescente da quilometragem,Outros,Inexistentes,Betuminoso,Recta,Em patamar,Sem berma ou impraticável,Em plena via,Direita
2014814602,2014:03:29 11:20:00,01/29/00,03/01/00,01/01/00,Guarda Nacional Republicana,50.0,50.0,Sábado       ,"41,155225","-8,264748",1,0,0,Estrada sem separador,Seco e limpo,Porto,Pacos de Ferreira,Seroa,Paços de Ferreira,Avª Central de Seroa,Arruamento,0,Em estado regular,,Bom tempo,Sentido único,Em entroncamento,Dentro das localidades,Em pleno dia,Com marcas - separadoras de sentido de trânsito,Colisão frontal,NÃO DEFINIDO,Inexistentes,NÃO DEFINIDO,Stop,Inexistentes,Betuminoso,Recta,Em patamar,Berma pavimentada,Em plena via,Direita
20171223742,2017:03:18 21:30:00,01/18/00,03/01/00,01/01/00,Polícia de Segurança Pública,50.0,50.0,Sábado       ,"38,703892","-9,179023",0,0,1,Estrada sem separador,Seco e limpo,Lisboa,Lisboa,Alcântara,Lisboa,Rua 1º de Maio                                                                                      ,Arruamento,0,Em bom estado,,Bom tempo,Dois sentidos,Em entroncamento,Dentro das localidades,"Noite, com iluminação",Com marcas - separadoras de sentido e de vias de trânsito,Colisão com outras situações,NÃO DEFINIDO,Inexistentes,NÃO DEFINIDO,Outros,Inexistentes,Betuminoso,Recta,Em patamar,Berma pavimentada,Em plena via,Direita