Id. Acidente,Datahora,Dia,Mês,Hora,Entidades Fiscalizadoras,Velocidade local,Velocidade geral,Dia da Semana,Latitude GPS,Longitude GPS,Num. Mortos a 30 dias,Num. Feridos graves a 30 dias,Num. Feridos ligeiros a 30 dias,Características Tecnicas1,Cond Aderência,Distrito,Concelho,Freguesia,Pov. Proxima,Nome arruamento,Tipos Vias,Cod Via,Estado Conservação,Km,Factores Atmosféricos,Reg Circulação1,Intersecção Vias,Localizações,Luminosidade,Marca Via,Natureza,Obras Arte,Obstáculos,Sentidos,Sinais,Sinais Luminosos,Tipo Piso,Traçado 1,Traçado 2,Traçado 3,Traçado 4,Via Trânsito
20171222916,2017:03:18 22:40:00,01/18/00,03/01/00,01/01/00,Polícia de Segurança Pública,50.0,50.0,Sábado       ,"38,702678","-9,379333",0,0,1,Estrada sem separador,Seco e limpo,Lisboa,Cascais,União das freguesias de Cascais e Estoril,São João do Estoril,Rua Alexandre Herculano                                                                             ,Arruamento,0,Em bom estado,,Bom tempo,Dois sentidos,Fora da intersecção,Dentro das localidades,"Noite, com iluminação",Com marcas - separadoras de sentido de trânsito,Atropelamento de peões,NÃO DEFINIDO,Inexistentes,NÃO DEFINIDO,Passagem de peões,Inexistentes,Betão de cimento,Recta,Em patamar,Sem berma ou impraticável,Em plena via,Direita
2012593452,2012:03:03 16:20:00,01/03/00,03/01/00,01/01/00,Polícia de Segurança Pública,50.0,50.0,Sábado       ,"0,00","0,00",0,0,1,Estrada sem separador,Seco e limpo,Porto,Valongo,Ermesinde,Ermesinde,Avenida Engenheiro Duarte Pacheco                                                                   ,Arruamento,0,Em bom estado,,Bom tempo,Dois sentidos,Fora da intersecção,Dentro das localidades,Em pleno dia,Com marcas - separadoras de sentido e de vias de trânsito,Atropelamento de peões,NÃO DEFINIDO,Inexistentes,NÃO DEFINIDO,Outros,Inexistentes,Betuminoso,Curva,Em patamar,Berma não pavimentada,Na berma,Direita
2010437028,2010:03:03 08:50:00,01/03/00,03/01/00,01/01/00,Polícia de Segurança Pública,50.0,50.0,Quarta-Feira ,"0,00","0,00",0,0,1,Estrada sem separador,Húmido,Porto,Porto,Paranhos,,Via Estruturante da Faculdade de Engenharia do Porto,Arruamento,0,Em estado regular,,Bom tempo,Dois sentidos,Fora da intersecção,Dentro das localidades,Em pleno dia,Sem marcas rodoviárias ou pouco visíveis,Atropelamento de peões,NÃO DEFINIDO,Inexistentes,NÃO DEFINIDO,Outros,Desligada,Betuminoso,Recta,Em patamar,Sem berma ou impraticável,Em plena via,Direita
2012608289,2012:03:18 14:20:00,01/18/00,03/01/00,01/01/00,Guarda Nacional Republicana,90.0,90.0,Domingo      ,"40,240099","-8,481600",0,0,1,Estrada sem separador,Seco e limpo,Coimbra,Coimbra,Antuzede,CIDREIRA,,EN - Estrada Nacional,EN111-1,Em bom estado,0.15,Bom tempo,Dois sentidos,Fora da intersecção,Fora das localidades,Em pleno dia,Com marcas - separadoras de sentido e de vias de trânsito,Colisão traseira com outro veículo em movimento,NÃO DEFINIDO,Inexistentes,NÃO DEFINIDO,Outros,Inexistentes,Betuminoso,Recta,Em patamar,Berma pavimentada,Em plena via,Direita
2014817260,2014:03:31 16:20:00,01/31/00,03/01/00,01/01/00,Guarda Nacional Republicana,50.0,50.0,Segunda-Feira,"39,340550","-9,012602",0,0,1,Estrada sem separador,Molhado,Leiria,Alcobaca,Bárrio,Bárrio,Rua da Carrasqueira,Arruamento,0,Em estado regular,,Chuva,Sentido único,Fora da intersecção,Dentro das localidades,Em pleno dia,Sem marcas rodoviárias ou pouco visíveis,Colisão lateral com outro veículo em movimento,NÃO DEFINIDO,Inexistentes,NÃO DEFINIDO,Outros,Inexistentes,Betuminoso,Curva,Em patamar,Sem berma ou impraticável,Em plena via,Direita
2010451945,2010:03:29 21:25:00,01/29/00,03/01/00,01/01/00,Guarda Nacional Republicana,90.0,90.0,Segunda-Feira,"37,308737","-8,558764",0,0,1,Estrada sem separador,Seco e limpo,Faro,Portimao,Portimão,RAMALHO,,EN - Estrada Nacional,EN266,Em bom estado,55.0,Bom tempo,Dois sentidos,Fora da intersecção,Fora das localidades,"Noite, sem iluminação",Com marcas - separadoras de sentido de trânsito,Despiste com capotamento,NÃO DEFINIDO,Inexistentes,NÃO DEFINIDO,NÃO DEFINIDO,Inexistentes,Betuminoso,Recta,Em patamar,Sem berma ou impraticável,Na berma,Direita
20181386236,2018:03:04 16:15:00,01/04/00,03/01/00,01/01/00,Guarda Nacional Republicana,90.0,90.0,Domingo      ,"37,279741","-8,550405",0,0,1,Estrada sem separador,Molhado,Faro,Monchique,Monchique,Monchique,,EN - Estrada Nacional,EN266,Em estado regular,"49,9",Chuva,Dois sentidos,Fora da intersecção,Fora das localidades,Em pleno dia,Com marcas - separadoras de sentido e de vias de trânsito,Despiste simples,NÃO DEFINIDO,Inexistentes,NÃO DEFINIDO,NÃO DEFINIDO,Inexistentes,Betuminoso,Curva,Em patamar,Sem berma ou impraticável,Em plena via,Direita
20171252458,2017:03:16 23:15:00,01/16/00,03/01/00,01/01/00,Guarda Nacional Republicana,50.0,50.0,Quinta-Feira ,"40,961446","-8,532303",0,0,1,Estrada sem separador,Seco e limpo,Aveiro,Santa Maria da Feira,São João de Ver,São João Ver,Rua de Albarrada,Arruamento,0,Em bom estado,,Bom tempo,Dois sentidos,Fora da intersecção,Dentro das localidades,"Noite, sem iluminação",Sem marcas rodoviárias ou pouco visíveis,Colisão com veiculo ou obstáculo na faixa de rodagem,NÃO DEFINIDO,Inexistentes,NÃO DEFINIDO,NÃO DEFINIDO,Inexistentes,Betuminoso,Recta,Em patamar,Sem berma ou impraticável,Em plena via,Direita
2011519139,2011:03:22 17:15:00,01/22/00,03/01/00,01/01/00,Polícia de Segurança Pública,50.0,50.0,Terça-Feira  ,"0,00","0,00",0,0,1,Estrada sem separador,Seco e limpo,Lisboa,Lisboa,Alvalade,,AVENIDA DA IGREJA,Arruamento,0,Em bom estado,,Chuva,Dois sentidos,Fora da intersecção,Dentro das localidades,Em pleno dia,Com marcas - separadoras de sentido e de vias de trânsito,Colisão lateral com outro veículo em movimento,NÃO DEFINIDO,Inexistentes,NÃO DEFINIDO,Outros,Inexistentes,Betuminoso,Recta,Com inclinação,Berma pavimentada,Em plena via,Direita
2013695026,2013:03:09 05:23:00,01/09/00,03/01/00,01/01/00,Guarda Nacional Republicana,50.0,50.0,Sábado       ,,,0,0,1,Estrada sem separador,Molhado,Lisboa,Sintra,Terrugem,Ral,,EN - Estrada Nacional,EN9,Em bom estado,17.0,Chuva,Dois sentidos,Em cruzamento,Fora das localidades,"Noite, com iluminação",Com marcas - separadoras de sentido de trânsito,Colisão lateral com outro veículo em movimento,NÃO DEFINIDO,Inexistentes,NÃO DEFINIDO,Stop,Inexistentes,Betuminoso,Recta,Em patamar,Sem berma ou impraticável,Em plena via,Direita
20181386985,2018:03:05 07:40:00,01/05/00,03/01/00,01/01/00,Guarda Nacional Republicana,50.0,50.0,Segunda-Feira,"41,254506","-8,226938",0,0,1,Estrada sem separador,Molhado,Porto,Lousada,Caíde de Rei,Meinedo,Avenida de S. Pedro - Caíde de Rei,Arruamento,0,Em estado regular,,Chuva,Dois sentidos,Fora da intersecção,Dentro das localidades,Em pleno dia,Sem marcas rodoviárias ou pouco visíveis,Despiste simples,NÃO DEFINIDO,Inexistentes,NÃO DEFINIDO,Outros,Inexistentes,Betuminoso,Recta,Em patamar,Sem berma ou impraticável,Em plena via,Direita
20181380603,2018:03:20 21:15:00,01/20/00,03/01/00,01/01/00,Polícia de Segurança Pública,50.0,50.0,Terça-Feira  ,"38,785591","-9,291929",0,0,1,Estrada sem separador,Molhado,Lisboa,Sintra,União das freguesias de Queluz e Belas,Belas,,EN - Estrada Nacional,EN250-1,Em estado regular,,Chuva,Dois sentidos,Fora da intersecção,Dentro das localidades,"Noite, com iluminação",Com marcas - separadoras de sentido de trânsito,Despiste com dispositivo de retenção,NÃO DEFINIDO,Inexistentes,NÃO DEFINIDO,Outros,A funcionar normalmente,Betuminoso,Recta,Em patamar,Sem berma ou impraticável,Em plena via,Direita
2014815531,2014:03:13 08:08:00,01/13/00,03/01/00,01/01/00,Guarda Nacional Republicana,50.0,50.0,Quinta-Feira ,"39,500478","-8,117647",0,0,3,Estrada sem separador,Seco e limpo,Castelo Branco,Serta,"União das freguesias de Cernache do Bonjardim, Nesperal e Palhais",Moinho de Vento,,EM - Estrada Municipal,0,Em bom estado,,Bom tempo,Dois sentidos,Fora da intersecção,Dentro das localidades,Em pleno dia,Sem marcas rodoviárias ou pouco visíveis,Despiste simples,NÃO DEFINIDO,Inexistentes,NÃO DEFINIDO,NÃO DEFINIDO,Inexistentes,Betuminoso,Curva,Em patamar,Sem berma ou impraticável,Em plena via,Direita
2012595365,2012:03:19 09:30:00,01/19/00,03/01/00,01/01/00,Polícia de Segurança Pública,50.0,50.0,Segunda-Feira,"0,00","0,00",0,0,1,Estrada sem separador,Seco e limpo,Porto,Valongo,Ermesinde,Ermesinde,Rua Dom Afonso Henriques                                                                            ,Arruamento,0,Em bom estado,,Bom tempo,Dois sentidos,Fora da intersecção,Dentro das localidades,Em pleno dia,Com marcas - separadoras de sentido de trânsito,Atropelamento de peões,NÃO DEFINIDO,Inexistentes,NÃO DEFINIDO,Passagem de peões,Inexistentes,Betuminoso,Recta,Com inclinação,Berma pavimentada,Em plena via,Direita
20171252780,2017:03:18 17:50:00,01/18/00,03/01/00,01/01/00,Guarda Nacional Republicana,50.0,50.0,Sábado       ,"40,663668","-8,611457",0,0,1,Estrada sem separador,Seco e limpo,Aveiro,Aveiro,Cacia,Cacia,rua da Republica,Arruamento,0,Em estado regular,,Bom tempo,Dois sentidos,Em rotunda,Dentro das localidades,Em pleno dia,Com marcas - separadoras de sentido de trânsito,Colisão lateral com outro veículo em movimento,NÃO DEFINIDO,Correctamente sinalizados,NÃO DEFINIDO,Cedência de passagem,Desligada,Betuminoso,Recta,Em patamar,Berma pavimentada,Em plena via,Direita
20181380276,2018:03:21 08:40:00,01/21/00,03/01/00,01/01/00,Polícia de Segurança Pública,50.0,50.0,Quarta-Feira ,"0,0","0,0",0,0,1,Estrada sem separador,Seco e limpo,Setúbal,Setubal,Setúbal (São Sebastião),Setúbal,,EN - Estrada Nacional,EN10-4,Em estado regular,13,Bom tempo,Dois sentidos,Fora da intersecção,Dentro das localidades,Em pleno dia,Com marcas - separadoras de sentido e de vias de trânsito,Despiste sem dispositivo de retenção,NÃO DEFINIDO,Inexistentes,NÃO DEFINIDO,Outros,Inexistentes,Betuminoso,Recta,Em patamar,Berma pavimentada,Em plena via,Direita
2014781924,2014:03:30 12:50:00,01/30/00,03/01/00,01/01/00,Polícia de Segurança Pública,50.0,50.0,Domingo      ,"41,143317","-8,609144",0,0,1,Estrada sem separador,Molhado,Porto,Porto,Sé,,Rua General Sousa Dias                                                                              ,Arruamento,0,Em bom estado,,Chuva,Dois sentidos,Em cruzamento,Dentro das localidades,Em pleno dia,Com marcas - separadoras de sentido e de vias de trânsito,Atropelamento de peões,NÃO DEFINIDO,Inexistentes,NÃO DEFINIDO,Passagem de peões,Intermitente,Betuminoso,Recta,Em patamar,Sem berma ou impraticável,Em plena via,Esquerda
2010453727,2010:03:07 15:25:00,01/07/00,03/01/00,01/01/00,Guarda Nacional Republicana,50.0,50.0,Domingo      ,,,0,0,4,Estrada sem separador,Molhado,Braga,Braga,Vilaça,,,EM - Estrada Municipal,0,Em bom estado,2.7,Chuva,Dois sentidos,Em entroncamento,Dentro das localidades,Em pleno dia,Com marcas - separadoras de sentido e de vias de trânsito,Colisão lateral com outro veículo em movimento,NÃO DEFINIDO,Inexistentes,NÃO DEFINIDO,Stop,Inexistentes,Betuminoso,Curva,Com inclinação,Sem berma ou impraticável,Em plena via,Direita
20191696223,2019:03:23 18:00:00,01/23/00,03/01/00,01/01/00,Guarda Nacional Republicana,120.0,120.0,Sábado       ,"41,222110","-8,237987",0,1,0,Auto-estrada,Seco e limpo,Porto,Penafiel,Croca,Croca,,A  - Auto-Estrada,A4,Em bom estado,"41,9",Bom tempo,Sentido único,Fora da intersecção,Fora das localidades,Em pleno dia,Com marcas - separadoras de sentido e de vias de trânsito,Colisão traseira com outro veículo em movimento,NÃO DEFINIDO,Inexistentes,No sentido crescente da quilometragem,NÃO DEFINIDO,Inexistentes,Betuminoso,Recta,Em patamar,Berma pavimentada,Em plena via,Esquerda
2013696013,2013:03:27 16:30:00,01/27/00,03/01/00,01/01/00,Guarda Nacional Republicana,50.0,50.0,Quarta-Feira ,"41,272910","-08,032085",0,0,1,Estrada sem separador,Molhado,Braga,Celorico de Basto,Ribas,Gandarela Basto (São Clemente),,EN - Estrada Nacional,EN206,Em bom estado,66.65,Chuva,Dois sentidos,Fora da intersecção,Dentro das localidades,Em pleno dia,Com marcas - separadoras de sentido de trânsito,Despiste com capotamento,NÃO DEFINIDO,Inexistentes,NÃO DEFINIDO,NÃO DEFINIDO,Inexistentes,Betuminoso,Recta,Com inclinação,Berma não pavimentada,Em plena via,Direita
2014785628,2014:03:27 12:00:00,01/27/00,03/01/00,01/01/00,Polícia de Segurança Pública,50.0,50.0,Quinta-Feira ,"38,767877","-9,314828",0,0,2,Estrada sem separador,Seco e limpo,Lisboa,Sintra,União das freguesias do Cacém e São Marcos,,Rotunda Sob IC-19 - Paiões,Arruamento,0,Em estado regular,,Bom tempo,Sentido único,Fora da intersecção,Dentro das localidades,Em pleno dia,Com marcas - separadoras de sentido de trânsito,Colisão traseira com outro veículo em movimento,NÃO DEFINIDO,Inexistentes,NÃO DEFINIDO,Cedência de passagem,Inexistentes,Betuminoso,Recta,Em patamar,Berma pavimentada,Em plena via,Direita
2014814629,2014:03:01 19:00:00,01/01/00,03/01/00,01/01/00,Guarda Nacional Republicana,50.0,50.0,Sábado       ,"38,555624","-9,085214",0,0,1,Estrada sem separador,Molhado,Lisboa,Loures,Bucelas,Vila Nova,,EN - Estrada Nacional,EN115,Em bom estado,69.6,Chuva,Dois sentidos,Fora da intersecção,Dentro das localidades,"Noite, sem iluminação",Com marcas - separadoras de sentido e de vias de trânsito,Despiste com capotamento,NÃO DEFINIDO,Inexistentes,NÃO DEFINIDO,Outros,Inexistentes,Betão de cimento,Recta,Em patamar,Berma não pavimentada,Em plena via,Direita
20171251154,2017:03:09 13:45:00,01/09/00,03/01/00,01/01/00,Guarda Nacional Republicana,50.0,50.0,Quinta-Feira ,"40,591322","-8,122921",1,0,0,Estrada sem separador,Seco e limpo,Viseu,Tondela,Santiago de Besteiros,Muna,,EN - Estrada Nacional,EN228,Em bom estado,45,Bom tempo,Dois sentidos,Fora da intersecção,Dentro das localidades,Em pleno dia,Com marcas - separadoras de sentido de trânsito,Colisão frontal,NÃO DEFINIDO,Inexistentes,NÃO DEFINIDO,NÃO DEFINIDO,Inexistentes,Betuminoso,Recta,Em patamar,Sem berma ou impraticável,Na berma,Direita
2013694320,2013:03:24 17:35:00,01/24/00,03/01/00,01/01/00,Guarda Nacional Republicana,50.0,50.0,Domingo      ,"39,201784",,0,0,1,Estrada sem separador,Seco e limpo,Santarém,Rio Maior,Rio Maior,Rio Maior,Rua Nova do Outeiro,Arruamento,0,Em bom estado,,Bom tempo,Dois sentidos,Fora da intersecção,Dentro das localidades,Em pleno dia,Sem marcas rodoviárias ou pouco visíveis,Atropelamento de peões,NÃO DEFINIDO,Inexistentes,NÃO DEFINIDO,NÃO DEFINIDO,Inexistentes,Betuminoso,Recta,Em patamar,Berma pavimentada,Em plena via,Direita
2013674250,2013:03:26 21:00:00,01/26/00,03/01/00,01/01/00,Polícia de Segurança Pública,100.0,100.0,Terça-Feira  ,"0,00","0,00",0,0,1,Outra via,Molhado,Lisboa,Lisboa,Campolide,,,IP- Itinerário Principal,IP7,Em bom estado,10.7,Chuva,Dois sentidos,Fora da intersecção,Dentro das localidades,"Noite, com iluminação",Com marcas - separadoras de sentido e de vias de trânsito,Despiste com dispositivo de retenção,NÃO DEFINIDO,Inexistentes,No sentido decrescente da quilometragem,Outros,Inexistentes,Betuminoso,Curva,Em patamar,Berma pavimentada,Em plena via,Direita
2012607671,2012:03:08 21:30:00,01/08/00,03/01/00,01/01/00,Guarda Nacional Republicana,,50.0,Quinta-Feira ,"41,339469","-8,638545",0,0,1,Estrada sem separador,Seco e limpo,Porto,Vila do Conde,Fornelo,FORNELO,,EN - Estrada Nacional,EN104,Em bom estado,8.8,Bom tempo,Dois sentidos,Fora da intersecção,Dentro das localidades,"Noite, com iluminação",Com marcas - separadoras de sentido de trânsito,Despiste com dispositivo de retenção,NÃO DEFINIDO,Inexistentes,NÃO DEFINIDO,Outros,Inexistentes,Betuminoso,Recta,Em patamar,Berma pavimentada,Na berma,Direita
2012607598,2012:03:18 04:45:00,01/18/00,03/01/00,01/01/00,Guarda Nacional Republicana,120.0,120.0,Domingo      ,"38,929126","-9,010325",0,0,1,Auto-estrada,Molhado,Lisboa,Vila Franca de Xira,Alhandra,ALHANDRA,,A  - Auto-Estrada,A1,Em bom estado,19.4,Chuva,Sentido único,Fora da intersecção,Fora das localidades,"Noite, sem iluminação",Com marcas - separadoras de sentido e de vias de trânsito,Despiste com capotamento,NÃO DEFINIDO,Inexistentes,No sentido crescente da quilometragem,NÃO DEFINIDO,Inexistentes,Betuminoso,Recta,Em patamar,Sem berma ou impraticável,Em plena via,Direita
2011528888,2011:03:01 15:40:00,01/01/00,03/01/00,01/01/00,Guarda Nacional Republicana,50.0,50.0,Terça-Feira  ,,,0,0,1,Estrada sem separador,Seco e limpo,Leiria,Leiria,Amor,BARREIROS,R JOAQUIM DUARTE,Arruamento,0,Em bom estado,,Bom tempo,Dois sentidos,Em cruzamento,Dentro das localidades,Em pleno dia,NÃO DEFINIDO,Colisão com veiculo ou obstáculo na faixa de rodagem,NÃO DEFINIDO,Inexistentes,NÃO DEFINIDO,Stop,Inexistentes,Betuminoso,Recta,Em patamar,Sem berma ou impraticável,Em plena via,Direita
20191668900,2019:03:28 13:20:00,01/28/00,03/01/00,01/01/00,Polícia de Segurança Pública,50.0,50.0,Quinta-Feira ,"38,804649","-9,131761",0,0,1,Estrada sem separador,Seco e limpo,Lisboa,Loures,"União das freguesias de Camarate, Unhos e Apelação",Camarate,Rua Deficientes das Forças Armadas                                                                  ,Arruamento,0,Em bom estado,,Bom tempo,Dois sentidos,Fora da intersecção,Dentro das localidades,Em pleno dia,Com marcas - separadoras de sentido de trânsito,Colisão traseira com outro veículo em movimento,NÃO DEFINIDO,Inexistentes,NÃO DEFINIDO,Cedência de passagem,Inexistentes,Betuminoso,Curva,Com inclinação,Sem berma ou impraticável,Em plena via,Direita
2012594315,2012:03:12 13:35:00,01/12/00,03/01/00,01/01/00,Polícia de Segurança Pública,50.0,50.0,Segunda-Feira,"0,00","0,00",0,0,1,Outra via,Seco e limpo,Lisboa,Lisboa,Lumiar,,Avenida Rainha Dona Amélia                                                                          ,Arruamento,0,Em bom estado,,Bom tempo,Dois sentidos,Em cruzamento,Dentro das localidades,Em pleno dia,Com marcas - separadoras de sentido e de vias de trânsito,Colisão com outras situações,NÃO DEFINIDO,Inexistentes,NÃO DEFINIDO,Outros,A funcionar normalmente,Betuminoso,Recta,Em patamar,Sem berma ou impraticável,Em plena via,Direita
2013693555,2013:03:04 10:15:00,01/04/00,03/01/00,01/01/00,Guarda Nacional Republicana,90.0,90.0,Segunda-Feira,,,1,0,0,Estrada sem separador,Molhado,Leiria,Leiria,Maceira,Maceira,,EN - Estrada Nacional,EN356-1,Em bom estado,2.5,Chuva,Dois sentidos,Fora da intersecção,Fora das localidades,Em pleno dia,Com marcas - separadoras de sentido de trânsito,Colisão com veiculo ou obstáculo na faixa de rodagem,NÃO DEFINIDO,Inexistentes,NÃO DEFINIDO,NÃO DEFINIDO,Inexistentes,Betuminoso,Recta,Com inclinação,Sem berma ou impraticável,Em plena via,Esquerda
2015947675,2015:03:26 12:15:00,01/26/00,03/01/00,01/01/00,Guarda Nacional Republicana,90.0,90.0,Quinta-Feira ,"38,018835","-7,535166",0,1,2,Estrada sem separador,Seco e limpo,Beja,Beja,União das freguesias de Beja (Santiago Maior e São João Baptista),Beja,,EN - Estrada Nacional,EN121,Em estado regular,72.2,Bom tempo,Dois sentidos,Fora da intersecção,Fora das localidades,Em pleno dia,Com marcas - separadoras de sentido de trânsito,Colisão lateral com outro veículo em movimento,NÃO DEFINIDO,Inexistentes,NÃO DEFINIDO,NÃO DEFINIDO,Inexistentes,Betuminoso,Recta,Em patamar,Berma não pavimentada,Em plena via,Direita
2010451929,2010:03:26 19:20:00,01/26/00,03/01/00,01/01/00,Guarda Nacional Republicana,90.0,90.0,Sexta-Feira  ,,,0,0,1,Estrada sem separador,Seco e limpo,Faro,Lagoa (Algarve),Estômbar,ESTOMBAR,,EM - Estrada Municipal,0,Em bom estado,,Bom tempo,Dois sentidos,Em entroncamento,Fora das localidades,"Noite, sem iluminação",Sem marcas rodoviárias ou pouco visíveis,Colisão frontal,NÃO DEFINIDO,Inexistentes,NÃO DEFINIDO,NÃO DEFINIDO,Inexistentes,Betuminoso,Recta,Em patamar,Sem berma ou impraticável,Em plena via,Direita
2013674134,2013:03:20 14:00:00,01/20/00,03/01/00,01/01/00,Polícia de Segurança Pública,50.0,50.0,Quarta-Feira ,"0,00","0,00",0,0,1,Estrada sem separador,Seco e limpo,Lisboa,Lisboa,Alcântara,,Docas de Santo Amaro (Lisboa),Arruamento,0,Em bom estado,,Bom tempo,Dois sentidos,Fora da intersecção,Dentro das localidades,Em pleno dia,Com marcas - separadoras de sentido e de vias de trânsito,Atropelamento de peões,NÃO DEFINIDO,Inexistentes,NÃO DEFINIDO,Passagem de peões,Inexistentes,Calçada,Recta,Em patamar,Sem berma ou impraticável,Em plena via,Direita
20191697821,2019:03:16 12:45:00,01/16/00,03/01/00,01/01/00,Guarda Nacional Republicana,50.0,50.0,Sábado       ,"41,123870","-8,611785",0,1,0,Estrada sem separador,Seco e limpo,Porto,Vila Nova de Gaia,União das freguesias de Grijó e Sermonde,Grijó,Rua do Granhão,Arruamento,0,Em estado regular,,Bom tempo,Dois sentidos,Fora da intersecção,Dentro das localidades,Em pleno dia,Sem marcas rodoviárias ou pouco visíveis,Atropelamento de peões,NÃO DEFINIDO,Inexistentes,NÃO DEFINIDO,NÃO DEFINIDO,Inexistentes,Betuminoso,Curva,Com inclinação,Sem berma ou impraticável,Em plena via,Direita
2013693757,2013:03:05 14:12:00,01/05/00,03/01/00,01/01/00,Guarda Nacional Republicana,50.0,50.0,Terça-Feira  ,,,0,0,1,Estrada sem separador,Seco e limpo,Leiria,Porto de Mos,Calvaria de Cima,Amarela,,EN - Estrada Nacional,EN243,Em estado regular,1.8,Bom tempo,Dois sentidos,Em entroncamento,Dentro das localidades,Em pleno dia,Com marcas - separadoras de sentido de trânsito,Colisão traseira com outro veículo em movimento,NÃO DEFINIDO,Inexistentes,NÃO DEFINIDO,NÃO DEFINIDO,Inexistentes,Betuminoso,Recta,Em patamar,Sem berma ou impraticável,Em plena via,Direita
2011527985,2011:03:06 06:30:00,01/06/00,03/01/00,01/01/00,Guarda Nacional Republicana,50.0,90.0,Domingo      ,"41,506848","-8,454058",0,0,1,Estrada sem separador,Seco e limpo,Braga,Braga,Celeirós,CELEIROS,,EN - Estrada Nacional,EN14,Em bom estado,41.6,Bom tempo,Dois sentidos,Fora da intersecção,Dentro das localidades,Em pleno dia,Com marcas - separadoras de sentido de trânsito,Despiste simples,NÃO DEFINIDO,Inexistentes,NÃO DEFINIDO,NÃO DEFINIDO,Inexistentes,Betuminoso,Recta,Com inclinação,Berma pavimentada,Em plena via,Direita
2010441886,2010:03:21 16:00:00,01/21/00,03/01/00,01/01/00,Polícia de Segurança Pública,50.0,50.0,Domingo      ,"0,00","0,00",0,0,2,Outra via,Seco e limpo,Lisboa,Cascais,Carcavelos,,Avenida Doutor Francisco Sá Carneiro,Arruamento,0,Em bom estado,,Bom tempo,Dois sentidos,Em via de desaceleração,Dentro das localidades,Em pleno dia,Com marcas - separadoras de sentido e de vias de trânsito,Colisão traseira com outro veículo em movimento,NÃO DEFINIDO,Inexistentes,NÃO DEFINIDO,NÃO DEFINIDO,Inexistentes,Betuminoso,Recta,Com inclinação,Berma pavimentada,Em plena via,Direita
2011527333,2011:03:23 15:30:00,01/23/00,03/01/00,01/01/00,Guarda Nacional Republicana,50.0,50.0,Quarta-Feira ,,,0,0,2,Estrada sem separador,Seco e limpo,Aveiro,Oliveira de Azemeis,São Martinho da Gândara,PARPIEIRO,R DE S LAZARO,Arruamento,0,Em estado regular,,Bom tempo,Dois sentidos,Fora da intersecção,Dentro das localidades,Em pleno dia,Sem marcas rodoviárias ou pouco visíveis,Colisão frontal,NÃO DEFINIDO,Inexistentes,NÃO DEFINIDO,Outros,Inexistentes,Betuminoso,Recta,Em patamar,Sem berma ou impraticável,Em plena via,Direita
2011501578,2010:03:23 14:30:00,01/23/00,03/01/00,01/01/00,Polícia de Segurança Pública,50.0,50.0,Terça-Feira  ,"0,00","0,00",0,0,1,Outra via,Húmido,Lisboa,Sintra,Rio de Mouro,,Via de acesso à Estação da CP de Mira-Sintra/Meleças,Arruamento,0,Em estado regular,,Bom tempo,Dois sentidos,NÃO DEFINIDO,Dentro das localidades,Em pleno dia,Com marcas - separadoras de sentido e de vias de trânsito,Atropelamento de peões,NÃO DEFINIDO,Inexistentes,NÃO DEFINIDO,NÃO DEFINIDO,Inexistentes,Betuminoso,Recta,NÃO DEFINIDO,Berma pavimentada,Em plena via,Esquerda
2015949128,2015:03:12 22:30:00,01/12/00,03/01/00,01/01/00,Guarda Nacional Republicana,50.0,50.0,Quinta-Feira ,"38,564287","-9,113231",0,0,1,Estrada sem separador,Seco e limpo,Lisboa,Mafra,Milharado,Calvos,Rua do Valinho,Arruamento,0,Em estado regular,,Bom tempo,Dois sentidos,Fora da intersecção,Dentro das localidades,"Noite, sem iluminação",Sem marcas rodoviárias ou pouco visíveis,Colisão frontal,NÃO DEFINIDO,Inexistentes,NÃO DEFINIDO,NÃO DEFINIDO,Inexistentes,Betuminoso,Curva,Com inclinação,Sem berma ou impraticável,Em plena via,Direita
20161037914,2016:03:17 21:30:00,01/17/00,03/01/00,01/01/00,Polícia de Segurança Pública,50.0,50.0,Quinta-Feira ,"38,762131","-9,163420",0,0,1,Outra via,Seco e limpo,Lisboa,Lisboa,Lumiar,Lisboa,Avenida Padre Cruz                                                                                  ,Arruamento,0,Em bom estado,,Bom tempo,Sentido único,Fora da intersecção,Dentro das localidades,"Noite, com iluminação",Com marcas - separadoras de sentido e de vias de trânsito,Despiste sem dispositivo de retenção,NÃO DEFINIDO,Inexistentes,No sentido crescente da quilometragem,Outros,Inexistentes,Betuminoso,Recta,Com inclinação,Berma pavimentada,Em plena via,Direita
20161043954,2016:03:27 00:10:00,01/27/00,03/01/00,01/01/00,Polícia de Segurança Pública,50.0,50.0,Domingo      ,"38,816508","-9,156098",0,0,2,Outra via,Molhado,Lisboa,Loures,União das freguesias de Santo António dos Cavaleiros e Frielas,Santo António dos Cavaleiros,Viaduto Almirante                                                                                   ,Arruamento,0,Em bom estado,,Chuva,Sentido único,Fora da intersecção,Dentro das localidades,"Noite, com iluminação",Com marcas - separadoras de sentido de trânsito,Despiste com dispositivo de retenção,NÃO DEFINIDO,Inexistentes,No sentido crescente da quilometragem,Outros,Inexistentes,Betuminoso,Curva,Com inclinação,Berma pavimentada,Em plena via,Direita
2010451225,2010:03:27 17:35:00,01/27/00,03/01/00,01/01/00,Guarda Nacional Republicana,50.0,50.0,Sábado       ,,,1,0,0,Estrada sem separador,Seco e limpo,Porto,Vila Nova de Gaia,Perozinho,PEROZINHO,R 25 ABRIL,Arruamento,0,Em estado regular,,Bom tempo,Dois sentidos,Fora da intersecção,Dentro das localidades,Em pleno dia,Com marcas - separadoras de sentido de trânsito,Despiste simples,NÃO DEFINIDO,Inexistentes,NÃO DEFINIDO,NÃO DEFINIDO,A funcionar normalmente,Betuminoso,Recta,Em patamar,Berma pavimentada,Em plena via,Direita