Id. Acidente,Datahora,Dia,Mês,Hora,Entidades Fiscalizadoras,Velocidade local,Velocidade geral,Dia da Semana,Latitude GPS,Longitude GPS,Num. Mortos a 30 dias,Num. Feridos graves a 30 dias,Num. Feridos ligeiros a 30 dias,Características Tecnicas1,Cond Aderência,Distrito,Concelho,Freguesia,Pov. Proxima,Nome arruamento,Tipos Vias,Cod Via,Estado Conservação,Km,Factores Atmosféricos,Reg Circulação1,Intersecção Vias,Localizações,Luminosidade,Marca Via,Natureza,Obras Arte,Obstáculos,Sentidos,Sinais,Sinais Luminosos,Tipo Piso,Traçado 1,Traçado 2,Traçado 3,Traçado 4,Via Trânsito
2015948230,2015:03:08 13:15:00,01/08/00,03/01/00,01/01/00,Guarda Nacional Republicana,60.0,120.0,Domingo      ,"40,471319","-8,338388",0,0,1,Outra via,Seco e limpo,Aveiro,Estarreja,Avanca,Avanca,,Outra Via,0,Em bom estado,12.0,Bom tempo,Sentido único,Em ramo de ligação - saída,Fora das localidades,Em pleno dia,Com marcas - separadoras de sentido e de vias de trânsito,Despiste simples,NÃO DEFINIDO,Inexistentes,No sentido decrescente da quilometragem,Outros,Inexistentes,Betuminoso,Curva,Em patamar,Berma pavimentada,Na berma,Direita
2015913163,2015:03:11 17:25:00,01/11/00,03/01/00,01/01/00,Polícia de Segurança Pública,50.0,50.0,Quarta-Feira ,"41,205029","-8,557998",0,0,1,Estrada sem separador,Seco e limpo,Porto,Maia,Águas Santas,Maia,Avenida Lidador da Maia                                                                             ,Arruamento,0,Em estado regular,,Bom tempo,Dois sentidos,Fora da intersecção,Dentro das localidades,Em pleno dia,Com marcas - separadoras de sentido de trânsito,Atropelamento com fuga,NÃO DEFINIDO,Inexistentes,NÃO DEFINIDO,Passagem de peões,Inexistentes,Betuminoso,Recta,Com inclinação,Berma pavimentada,Em plena via,Direita
2011527766,2011:03:12 16:45:00,01/12/00,03/01/00,01/01/00,Guarda Nacional Republicana,50.0,50.0,Sábado       ,,,0,0,1,Estrada sem separador,Molhado,Porto,Penafiel,Luzim,LUZIM,R DE LOMAR,Arruamento,0,Em estado regular,,Chuva,Dois sentidos,Fora da intersecção,Dentro das localidades,Em pleno dia,Sem marcas rodoviárias ou pouco visíveis,Colisão frontal,NÃO DEFINIDO,Inexistentes,NÃO DEFINIDO,NÃO DEFINIDO,Inexistentes,Calçada,Curva,Com inclinação,Berma pavimentada,Em plena via,Direita
2011528049,2011:03:15 14:46:00,01/15/00,03/01/00,01/01/00,Guarda Nacional Republicana,90.0,90.0,Terça-Feira  ,"41,327025","-7,686451",0,0,2,Outra via,Seco e limpo,Vila Real,Vila Real,Mouçós,ALVITES,,IP- Itinerário Principal,IP4,Em estado regular,102.6,Bom tempo,Dois sentidos,Fora da intersecção,Fora das localidades,Em pleno dia,Com marcas - separadoras de sentido e de vias de trânsito,Colisão lateral com outro veículo em movimento,NÃO DEFINIDO,Inexistentes,No sentido crescente da quilometragem,Outros,Inexistentes,Betuminoso,Recta,Com inclinação,Sem berma ou impraticável,Em plena via,Direita
2015948158,2015:03:09 18:50:00,01/09/00,03/01/00,01/01/00,Guarda Nacional Republicana,50.0,50.0,Segunda-Feira,"40,328654","-8,327875",0,0,6,Estrada sem separador,Seco e limpo,Aveiro,Oliveira do Bairro,Oiã,,Rua Fonte do Lugar,Arruamento,0,Em bom estado,,Bom tempo,Dois sentidos,Em entroncamento,Dentro das localidades,"Noite, com iluminação",Sem marcas rodoviárias ou pouco visíveis,Colisão com outras situações,NÃO DEFINIDO,Inexistentes,NÃO DEFINIDO,Stop,Inexistentes,Betuminoso,Recta,Em patamar,Sem berma ou impraticável,Em plena via,Direita
20181385846,2018:03:03 07:00:00,01/03/00,03/01/00,01/01/00,Guarda Nacional Republicana,70.0,70.0,Sábado       ,"38,600904","-9,060360",1,0,2,Estrada sem separador,Molhado,Setúbal,Seixal,"União das freguesias do Seixal, Arrentela e Aldeia de Paio Pires",Setúbal,,EN - Estrada Nacional,EN10,Em bom estado,"18,85",Chuva,Dois sentidos,Fora da intersecção,Fora das localidades,Em pleno dia,Com marcas - separadoras de sentido de trânsito,Colisão frontal,NÃO DEFINIDO,Inexistentes,NÃO DEFINIDO,NÃO DEFINIDO,Inexistentes,Betuminoso,Recta,Em patamar,Sem berma ou impraticável,Em plena via,Esquerda
2013693776,2013:03:10 08:15:00,01/10/00,03/01/00,01/01/00,Guarda Nacional Republicana,90.0,90.0,Domingo      ,,,0,0,1,Estrada sem separador,Molhado,Leiria,Alcobaca,Alcobaça,Alcobaça,,Outra Via,0,Em bom estado,,Bom tempo,Dois sentidos,Em ramo de ligação - saída,Fora das localidades,Em pleno dia,Com marcas - separadoras de sentido de trânsito,Despiste com capotamento,NÃO DEFINIDO,Inexistentes,NÃO DEFINIDO,Outros,Inexistentes,Betuminoso,Curva,Com inclinação,Berma pavimentada,Em plena via,Direita
20161037902,2016:03:16 11:50:00,01/16/00,03/01/00,01/01/00,Polícia de Segurança Pública,50.0,50.0,Quarta-Feira ,"38,702849","-9,362164",0,0,2,Estrada sem separador,Seco e limpo,Lisboa,Cascais,União das freguesias de Carcavelos e Parede,Murtal,Avenida Maria Lamas                                                                                 ,Arruamento,0,Em bom estado,,Bom tempo,Dois sentidos,Em entroncamento,Dentro das localidades,Em pleno dia,Sem marcas rodoviárias ou pouco visíveis,Colisão com outras situações,NÃO DEFINIDO,Inexistentes,NÃO DEFINIDO,NÃO DEFINIDO,Inexistentes,Betuminoso,Recta,Com inclinação,Sem berma ou impraticável,Em plena via,Direita
2013693579,2013:03:09 22:00:00,01/09/00,03/01/00,01/01/00,Guarda Nacional Republicana,90.0,90.0,Sábado       ,,,0,1,0,Estrada sem separador,Seco e limpo,Faro,Faro,Conceição,Chelote,,EN - Estrada Nacional,EN2,Em bom estado,734.8,Bom tempo,Dois sentidos,Fora da intersecção,Fora das localidades,"Noite, com iluminação",Com marcas - separadoras de sentido de trânsito,Despiste com capotamento,NÃO DEFINIDO,Inexistentes,NÃO DEFINIDO,NÃO DEFINIDO,Inexistentes,Betão de cimento,Recta,Em patamar,Berma pavimentada,Em plena via,Direita
20191664579,2019:03:02 06:35:00,01/02/00,03/01/00,01/01/00,Polícia de Segurança Pública,50.0,50.0,Sábado       ,"41,159585","-8,601770",0,0,1,Estrada sem separador,Seco e limpo,Porto,Porto,Bonfim,Porto,Rua Latino Coelho                                                                                   ,Arruamento,0,Em bom estado,,Bom tempo,Dois sentidos,Em cruzamento,Dentro das localidades,"Noite, com iluminação",Com marcas - separadoras de sentido e de vias de trânsito,Colisão lateral com outro veículo em movimento,NÃO DEFINIDO,Inexistentes,NÃO DEFINIDO,NÃO DEFINIDO,Inexistentes,Betuminoso,Recta,Em patamar,Berma pavimentada,Em plena via,Direita
2011527412,2011:03:28 17:30:00,01/28/00,03/01/00,01/01/00,Guarda Nacional Republicana,50.0,50.0,Segunda-Feira,,,0,0,1,Estrada sem separador,Molhado,Santarém,Tomar,Alviobeira,TOUCO,,EM - Estrada Municipal,EM528,Em bom estado,,Chuva,Dois sentidos,Fora da intersecção,Dentro das localidades,Em pleno dia,Sem marcas rodoviárias ou pouco visíveis,Despiste simples,NÃO DEFINIDO,Inexistentes,NÃO DEFINIDO,NÃO DEFINIDO,Inexistentes,Betuminoso,Curva,Em patamar,Sem berma ou impraticável,Na berma,Direita
20161141645,2016:03:31 18:50:00,01/31/00,03/01/00,01/01/00,Guarda Nacional Republicana,50.0,50.0,Quinta-Feira ,"41,147266","-8,245253",0,0,1,Estrada sem separador,Seco e limpo,Porto,Paredes,Lordelo,LORDELO,,EN - Estrada Nacional,EN209,Em bom estado,"27,6",Bom tempo,Dois sentidos,Fora da intersecção,Dentro das localidades,Em pleno dia,Com marcas - separadoras de sentido e de vias de trânsito,Colisão traseira com outro veículo em movimento,NÃO DEFINIDO,Inexistentes,NÃO DEFINIDO,NÃO DEFINIDO,Inexistentes,Betuminoso,Recta,Em patamar,Berma pavimentada,Em plena via,Direita
2011527369,2011:03:13 18:00:00,01/13/00,03/01/00,01/01/00,Guarda Nacional Republicana,50.0,50.0,Domingo      ,,,0,0,1,Estrada sem separador,Seco e limpo,Aveiro,Santa Maria da Feira,São João de Ver,S JOAO DE VER,R DA GANDARA,Arruamento,0,Em estado regular,,Bom tempo,Dois sentidos,Fora da intersecção,Dentro das localidades,Aurora ou crepúsculo,Sem marcas rodoviárias ou pouco visíveis,Colisão frontal,NÃO DEFINIDO,Inexistentes,NÃO DEFINIDO,NÃO DEFINIDO,Inexistentes,Betuminoso,Recta,Em patamar,Berma pavimentada,Em plena via,Direita
20171222504,2017:03:11 18:00:00,01/11/00,03/01/00,01/01/00,Polícia de Segurança Pública,50.0,50.0,Sábado       ,"38,691629","-9,430282",0,0,1,Estrada sem separador,Seco e limpo,Lisboa,Cascais,União das freguesias de Cascais e Estoril,Cascais,Avenida Rei Humberto II de Itália                                                                   ,Arruamento,0,Em estado regular,,Bom tempo,Dois sentidos,Fora da intersecção,Dentro das localidades,Em pleno dia,Sem marcas rodoviárias ou pouco visíveis,Atropelamento de peões,NÃO DEFINIDO,Inexistentes,NÃO DEFINIDO,NÃO DEFINIDO,Inexistentes,Calçada,Recta,Com inclinação,Berma pavimentada,No passeio,Direita
20171220264,2017:03:12 21:30:00,01/12/00,03/01/00,01/01/00,Polícia de Segurança Pública,50.0,50.0,Domingo      ,"41,128265","-8,534622",0,0,1,Estrada sem separador,Seco e limpo,Porto,Gondomar,"União das freguesias de Gondomar (São Cosme), Valbom e Jovim",Gondomar,Rua Cavada                                                                                          ,Arruamento,0,Em estado regular,,Bom tempo,Dois sentidos,Fora da intersecção,Dentro das localidades,"Noite, com iluminação",Sem marcas rodoviárias ou pouco visíveis,Despiste com colisão com veículo imobil. ou obstáculo,NÃO DEFINIDO,Inexistentes,NÃO DEFINIDO,NÃO DEFINIDO,Inexistentes,Calçada,Recta,Com inclinação,Berma pavimentada,Em plena via,Direita
2014816086,2014:03:03 13:00:00,01/03/00,03/01/00,01/01/00,Guarda Nacional Republicana,50.0,50.0,Segunda-Feira,"37,574072","-8,508554",0,0,2,Estrada sem separador,Seco e limpo,Setúbal,Sines,Sines,Sines (zil II),Rua D,Arruamento,0,Em mau estado,,Bom tempo,Dois sentidos,Em cruzamento,Dentro das localidades,Em pleno dia,Sem marcas rodoviárias ou pouco visíveis,Colisão lateral com outro veículo em movimento,NÃO DEFINIDO,Inexistentes,NÃO DEFINIDO,Cedência de passagem,Inexistentes,Betuminoso,Recta,Em patamar,Berma não pavimentada,Em plena via,Direita
2010452114,2010:03:24 18:30:00,01/24/00,03/01/00,01/01/00,Guarda Nacional Republicana,50.0,50.0,Quarta-Feira ,,,0,0,1,Outra via,Seco e limpo,Setúbal,Seixal,Aldeia de Paio Pires,COINA,,Outra Via,0,Em bom estado,,Bom tempo,Sentido único,Em entroncamento,Fora das localidades,Sol escandeante,Com marcas - separadoras de sentido de trânsito,Colisão lateral com outro veículo em movimento,NÃO DEFINIDO,Inexistentes,No sentido crescente da quilometragem,Cedência de passagem,Inexistentes,Betuminoso,Recta,Com inclinação,Berma pavimentada,Em plena via,Direita
2011518675,2011:03:03 10:00:00,01/03/00,03/01/00,01/01/00,Polícia de Segurança Pública,50.0,50.0,Quinta-Feira ,"39,069206","-9,241785",0,0,1,Estrada sem separador,Seco e limpo,Lisboa,Torres Vedras,Torres Vedras (São Pedro e Santiago,,,EN - Estrada Nacional,EN8,Em bom estado,42.0,Bom tempo,Dois sentidos,Fora da intersecção,Dentro das localidades,Em pleno dia,Com marcas - separadoras de sentido de trânsito,Colisão traseira com outro veículo em movimento,NÃO DEFINIDO,Inexistentes,NÃO DEFINIDO,Outros,Inexistentes,Betuminoso,Recta,Com inclinação,Berma não pavimentada,Em plena via,Direita
2012606940,2012:03:01 09:30:00,01/01/00,03/01/00,01/01/00,Guarda Nacional Republicana,90.0,90.0,Quinta-Feira ,,,0,0,1,Estrada sem separador,Molhado,Faro,Portimao,Portimão,PENIMA,,EN - Estrada Nacional,EN125,Em estado regular,,Bom tempo,Dois sentidos,Fora da intersecção,Fora das localidades,Em pleno dia,Com marcas - separadoras de sentido de trânsito,Despiste simples,NÃO DEFINIDO,Inexistentes,NÃO DEFINIDO,NÃO DEFINIDO,Inexistentes,Betuminoso,Curva,Com inclinação,Berma pavimentada,Em plena via,Direita
20191696683,2019:03:18 09:50:00,01/18/00,03/01/00,01/01/00,Guarda Nacional Republicana,50.0,50.0,Segunda-Feira,"40,112100","-8,243643",0,0,1,Estrada sem separador,Seco e limpo,Coimbra,Lousa,União das freguesias de Lousã e Vilarinho,Lousã,Avenida São Silvestre,Arruamento,0,Em bom estado,,Bom tempo,Dois sentidos,Fora da intersecção,Dentro das localidades,Em pleno dia,Com marcas - separadoras de sentido de trânsito,Atropelamento de peões,NÃO DEFINIDO,Inexistentes,NÃO DEFINIDO,NÃO DEFINIDO,Inexistentes,Betuminoso,Recta,Em patamar,Berma pavimentada,Em plena via,Direita
2014782915,2014:03:29 04:05:00,01/29/00,03/01/00,01/01/00,Polícia de Segurança Pública,50.0,50.0,Sábado       ,"41,146966","-8,611141",0,0,1,Outra via,Molhado,Porto,Porto,"União das freguesias de Cedofeita, Santo Ildefonso, Sé, Miragaia, São Nicolau e Vitória",Porto,Avenida Aliados,Arruamento,0,Em bom estado,,Chuva,Sentido único,Em entroncamento,Dentro das localidades,"Noite, com iluminação",Com marcas - separadoras de sentido e de vias de trânsito,Atropelamento de peões,NÃO DEFINIDO,Inexistentes,No sentido crescente da quilometragem,Outros,A funcionar normalmente,Calçada,Curva,Em patamar,Sem berma ou impraticável,Em plena via,Direita
2011515594,2011:03:03 13:35:00,01/03/00,03/01/00,01/01/00,Polícia de Segurança Pública,50.0,50.0,Quinta-Feira ,"0,00","0,00",0,1,0,Outra via,Seco e limpo,Braga,Braga,Lomar,,Rua da Veiga,Arruamento,0,Em bom estado,,Bom tempo,Dois sentidos,Fora da intersecção,Dentro das localidades,Em pleno dia,Com marcas - separadoras de sentido e de vias de trânsito,Atropelamento de peões,NÃO DEFINIDO,Inexistentes,NÃO DEFINIDO,Outros,Inexistentes,Calçada,Recta,Em patamar,Berma pavimentada,Em plena via,Direita
2010451370,2010:03:17 09:55:00,01/17/00,03/01/00,01/01/00,Guarda Nacional Republicana,90.0,90.0,Quarta-Feira ,,,0,0,1,Estrada sem separador,Seco e limpo,Coimbra,Penacova,Friúmes,MIRO,,EM - Estrada Municipal,EM534,Em bom estado,,Bom tempo,Sentido único,Em ramo de ligação - entrada,Fora das localidades,Em pleno dia,Com marcas - separadoras de sentido de trânsito,Colisão com outras situações,Viaduto/Ponte,Inexistentes,NÃO DEFINIDO,Outros,Inexistentes,Betuminoso,Recta,Com inclinação,Berma pavimentada,Em plena via,Direita
20171222193,2017:03:18 11:00:00,01/18/00,03/01/00,01/01/00,Polícia de Segurança Pública,50.0,50.0,Sábado       ,"40,859203","-8,620928",0,0,2,Estrada sem separador,Seco e limpo,Aveiro,Ovar,"União das freguesias de Ovar, São João, Arada e São Vicente de Pereira Jusã",Ovar,Rua Elias Garcia                                                                                    ,Arruamento,0,Em bom estado,,Bom tempo,Dois sentidos,Em entroncamento,Dentro das localidades,Em pleno dia,Sem marcas rodoviárias ou pouco visíveis,Despiste sem dispositivo de retenção,NÃO DEFINIDO,Inexistentes,NÃO DEFINIDO,Outros,Inexistentes,Betuminoso,Recta,Com inclinação,Sem berma ou impraticável,Em plena via,Direita
2013693623,2013:03:21 08:40:00,01/21/00,03/01/00,01/01/00,Guarda Nacional Republicana,50.0,50.0,Quinta-Feira ,"37,053176","-08,155013",0,1,0,Estrada sem separador,Seco e limpo,Faro,Albufeira,Albufeira,Albufeira,Rua Vale de Santa Maria,Arruamento,0,Em estado regular,,Bom tempo,Dois sentidos,Fora da intersecção,Dentro das localidades,Em pleno dia,Com marcas - separadoras de sentido de trânsito,Despiste com colisão com veículo imobil. ou obstáculo,NÃO DEFINIDO,Inexistentes,NÃO DEFINIDO,NÃO DEFINIDO,Inexistentes,Betuminoso,Curva,Com inclinação,Berma pavimentada,Em plena via,Direita
20171250045,2017:03:03 17:30:00,01/03/00,03/01/00,01/01/00,Guarda Nacional Republicana,50.0,50.0,Sexta-Feira  ,"38,568675","-8,914340",0,0,3,Estrada sem separador,Húmido,Setúbal,Palmela,Palmela,palmela,Rua Dr. Bernardo Teixeira Botelho,Arruamento,0,Em bom estado,,Chuva,Dois sentidos,Fora da intersecção,Dentro das localidades,Em pleno dia,Com marcas - separadoras de sentido de trânsito,Colisão frontal,NÃO DEFINIDO,Inexistentes,NÃO DEFINIDO,NÃO DEFINIDO,Inexistentes,Betuminoso,Recta,Em patamar,Sem berma ou impraticável,Em plena via,Direita
2012594403,2012:03:01 14:20:00,01/01/00,03/01/00,01/01/00,Polícia de Segurança Pública,50.0,50.0,Quinta-Feira ,"0,00","0,00",0,0,1,Estrada sem separador,Húmido,Lisboa,Odivelas,Póvoa de Santo Adrião,Póvoa de Santo Adrião,Rua Luís de Camões                                                                                  ,Arruamento,0,Em estado regular,,Bom tempo,Dois sentidos,Em entroncamento,Dentro das localidades,Em pleno dia,Com marcas - separadoras de sentido de trânsito,Colisão lateral com outro veículo em movimento,NÃO DEFINIDO,Inexistentes,NÃO DEFINIDO,NÃO DEFINIDO,Inexistentes,Betuminoso,Recta,Com inclinação,Berma pavimentada,Em plena via,Direita
2010444587,2010:03:23 16:20:00,01/23/00,03/01/00,01/01/00,Polícia de Segurança Pública,50.0,50.0,Terça-Feira  ,"0,00","0,00",0,0,2,Estrada sem separador,Húmido,Lisboa,Lisboa,São Mamede,,Rua de São Bento,Arruamento,0,Em estado regular,,Bom tempo,Dois sentidos,Em entroncamento,Dentro das localidades,Em pleno dia,Com marcas - separadoras de sentido de trânsito,Colisão com outras situações,NÃO DEFINIDO,Não sinalizados,NÃO DEFINIDO,Outros,A funcionar normalmente,Betuminoso,Curva,Com inclinação,Berma pavimentada,Em plena via,Direita
20171251708,2017:03:12 14:00:00,01/12/00,03/01/00,01/01/00,Guarda Nacional Republicana,50.0,50.0,Domingo      ,"39,032391","-8,947585",0,2,0,Estrada sem separador,Seco e limpo,Lisboa,Alenquer,União das freguesias de Carregado e Cadafais,Casal Pinheiro,,EN - Estrada Nacional,EN3,Em estado regular,"2,9",Bom tempo,Dois sentidos,Fora da intersecção,Dentro das localidades,Em pleno dia,Com marcas - separadoras de sentido de trânsito,Colisão frontal,NÃO DEFINIDO,Inexistentes,NÃO DEFINIDO,NÃO DEFINIDO,Inexistentes,Betuminoso,Curva,Em patamar,Berma pavimentada,Em plena via,Direita
20181390327,2018:03:22 06:55:00,01/22/00,03/01/00,01/01/00,Guarda Nacional Republicana,50.0,50.0,Quinta-Feira ,"41,391504","-8,318286",0,0,1,Estrada sem separador,Seco e limpo,Braga,Vizela,Infias,Infias,,EN - Estrada Nacional,EN106,Em bom estado,10,Bom tempo,Dois sentidos,Fora da intersecção,Dentro das localidades,"Noite, com iluminação",Com marcas - separadoras de sentido de trânsito,Colisão lateral com outro veículo em movimento,NÃO DEFINIDO,Inexistentes,NÃO DEFINIDO,NÃO DEFINIDO,Inexistentes,Betuminoso,Recta,Em patamar,Sem berma ou impraticável,Em plena via,Direita
2011529112,2011:03:20 03:50:00,01/20/00,03/01/00,01/01/00,Guarda Nacional Republicana,50.0,50.0,Domingo      ,,,0,0,1,Estrada sem separador,Seco e limpo,Vila Real,Vila Real,Nogueira,NOGUEIRA,,EM - Estrada Municipal,EM313,Em bom estado,49.1,Bom tempo,Dois sentidos,Fora da intersecção,Fora das localidades,"Noite, sem iluminação",Com marcas - separadoras de sentido de trânsito,Despiste com capotamento,NÃO DEFINIDO,Inexistentes,NÃO DEFINIDO,Proibição de ultrapassagem,Inexistentes,Betuminoso,Recta,Em patamar,Sem berma ou impraticável,Na berma,Direita
20191700999,2019:03:03 01:15:00,01/03/00,03/01/00,01/01/00,Guarda Nacional Republicana,90.0,90.0,Domingo      ,"39,821370","-8,934438",0,3,0,Estrada sem separador,Seco e limpo,Leiria,Marinha Grande,Vieira de Leiria,Pilado,,EM - Estrada Municipal,0,Em bom estado,"8,5",Bom tempo,Dois sentidos,Fora da intersecção,Fora das localidades,"Noite, sem iluminação",Com marcas - separadoras de sentido e de vias de trânsito,Colisão frontal,NÃO DEFINIDO,Inexistentes,NÃO DEFINIDO,Outros,Inexistentes,Betão de cimento,Recta,Em patamar,Berma não pavimentada,Em plena via,Direita
20171250572,2017:03:06 13:30:00,01/06/00,03/01/00,01/01/00,Guarda Nacional Republicana,50.0,50.0,Segunda-Feira,"40,172255","-8,709834",0,0,2,Estrada sem separador,Molhado,Coimbra,Figueira da Foz,Ferreira-a-Nova,vila mota,,EN - Estrada Nacional,EN111,Em bom estado,"13,1",Bom tempo,Sentido único,Em cruzamento,Fora das localidades,Em pleno dia,Com marcas - separadoras de sentido de trânsito,Colisão frontal,NÃO DEFINIDO,Inexistentes,NÃO DEFINIDO,Outros,Desligada,Betuminoso,Recta,Em patamar,Sem berma ou impraticável,Em plena via,Direita
2010451739,2010:03:19 17:30:00,01/19/00,03/01/00,01/01/00,Guarda Nacional Republicana,50.0,50.0,Sexta-Feira  ,,,0,0,1,Estrada sem separador,Molhado,Bragança,Macedo de Cavaleiros,Macedo de Cavaleiros,GRADISSIMO,,EN - Estrada Nacional,EN15,Em bom estado,203.55,Chuva,Dois sentidos,Fora da intersecção,Dentro das localidades,Em pleno dia,Com marcas - separadoras de sentido de trânsito,Atropelamento de peões,NÃO DEFINIDO,Inexistentes,NÃO DEFINIDO,NÃO DEFINIDO,Inexistentes,Betuminoso,Curva,Em patamar,Berma pavimentada,Em plena via,Esquerda
20181380807,2018:03:30 00:30:00,01/30/00,03/01/00,01/01/00,Polícia de Segurança Pública,50.0,50.0,Sexta-Feira  ,"41,695241","-8,821394",0,0,1,Estrada sem separador,Molhado,Viana do Castelo,Viana do Castelo,União das freguesias de Viana do Castelo (Santa Maria Maior e Monserrate) e Meadela,Viana do Castelo,Rua Cidade do Cacheu                                                                                ,Arruamento,0,Em bom estado,,Chuva,Sentido único,Em via de aceleração,Dentro das localidades,"Noite, com iluminação",Com marcas - separadoras de sentido de trânsito,Atropelamento de peões,NÃO DEFINIDO,Inexistentes,NÃO DEFINIDO,Passagem de peões,Inexistentes,Betuminoso,Recta,Em patamar,Berma pavimentada,Em plena via,Esquerda
20181390279,2018:03:21 16:55:00,01/21/00,03/01/00,01/01/00,Guarda Nacional Republicana,90.0,90.0,Quarta-Feira ,"38,397098","-8,589714",0,0,2,Estrada sem separador,Seco e limpo,Setúbal,Alcacer do Sal,União das freguesias de Alcácer do Sal (Santa Maria do Castelo e Santiago) e Santa Susana,Setúbal,,EN - Estrada Nacional,EN253,Em estado regular,"18,83",Bom tempo,Dois sentidos,Fora da intersecção,Fora das localidades,Em pleno dia,Com marcas - separadoras de sentido de trânsito,Colisão lateral com outro veículo em movimento,NÃO DEFINIDO,Inexistentes,NÃO DEFINIDO,NÃO DEFINIDO,Inexistentes,Betuminoso,Curva,Em patamar,Sem berma ou impraticável,Em plena via,Direita
20171251131,2017:03:09 14:30:00,01/09/00,03/01/00,01/01/00,Guarda Nacional Republicana,90.0,90.0,Quinta-Feira ,"41,924654","-8,754456",0,0,2,Estrada sem separador,Seco e limpo,Viana do Castelo,Vila Nova de Cerveira,Gondarém,gondarem,,EN - Estrada Nacional,EN13,Em bom estado,"101,4",Bom tempo,Dois sentidos,Fora da intersecção,Fora das localidades,Em pleno dia,Com marcas - separadoras de sentido de trânsito,Colisão traseira com outro veículo em movimento,NÃO DEFINIDO,Inexistentes,NÃO DEFINIDO,Outros,Inexistentes,Betuminoso,Recta,Em patamar,Berma pavimentada,Em plena via,Direita
2015947657,2015:03:21 20:45:00,01/21/00,03/01/00,01/01/00,Guarda Nacional Republicana,50.0,50.0,Sábado       ,"40,313153","-7,348313",0,1,0,Estrada sem separador,Seco e limpo,Guarda,Gouveia,São Paio,,Rua das Cortes,Arruamento,0,Em bom estado,,Bom tempo,Dois sentidos,Fora da intersecção,Dentro das localidades,"Noite, com iluminação",Com marcas - separadoras de sentido de trânsito,Colisão com veiculo ou obstáculo na faixa de rodagem,NÃO DEFINIDO,Inexistentes,NÃO DEFINIDO,NÃO DEFINIDO,Inexistentes,Betuminoso,Recta,Com inclinação,Berma pavimentada,Em plena via,Direita
2014816566,2014:03:21 19:00:00,01/21/00,03/01/00,01/01/00,Guarda Nacional Republicana,50.0,50.0,Sexta-Feira  ,"38,294642","-8,554179",0,0,1,Estrada sem separador,Seco e limpo,Setúbal,Grandola,União das freguesias de Grândola e Santa Margarida da Serra,Albergaria,,EN - Estrada Nacional,EN120,Em estado regular,8.9,Bom tempo,Dois sentidos,Em entroncamento,Dentro das localidades,"Noite, sem iluminação",Com marcas - separadoras de sentido de trânsito,Atropelamento de peões,NÃO DEFINIDO,Inexistentes,NÃO DEFINIDO,NÃO DEFINIDO,Inexistentes,Betuminoso,Recta,Em patamar,Berma não pavimentada,Em plena via,Direita
2011516033,2011:03:02 19:30:00,01/02/00,03/01/00,01/01/00,Polícia de Segurança Pública,50.0,50.0,Quarta-Feira ,"0,00","0,00",0,0,1,Estrada sem separador,Húmido,Lisboa,Oeiras,Linda-a-Velha,Linda a Velha,Rua Marcelino Mesquita                                                                              ,Arruamento,0,Em estado regular,,Bom tempo,Sentido único,Em cruzamento,Dentro das localidades,"Noite, com iluminação",Sem marcas rodoviárias ou pouco visíveis,Colisão com fuga,NÃO DEFINIDO,Inexistentes,NÃO DEFINIDO,Stop,Inexistentes,Betuminoso,Recta,Em patamar,Sem berma ou impraticável,Em plena via,Direita
2015947655,2015:03:21 15:57:00,01/21/00,03/01/00,01/01/00,Guarda Nacional Republicana,50.0,50.0,Sábado       ,"41,556096","-8,783254",0,2,2,Estrada sem separador,Seco e limpo,Braga,Esposende,"União das freguesias de Esposende, Marinhas e Gandra",,,EN - Estrada Nacional,EN13,Em estado regular,46.7,Bom tempo,Dois sentidos,Fora da intersecção,Dentro das localidades,Em pleno dia,Com marcas - separadoras de sentido de trânsito,Colisão frontal,NÃO DEFINIDO,Inexistentes,NÃO DEFINIDO,NÃO DEFINIDO,Inexistentes,Betuminoso,Recta,Em patamar,Sem berma ou impraticável,Em plena via,Direita
20181387905,2018:03:11 19:00:00,01/11/00,03/01/00,01/01/00,Guarda Nacional Republicana,50.0,50.0,Domingo      ,"40,338673","-8,266659",0,0,2,Estrada sem separador,Molhado,Aveiro,Agueda,União das freguesias de Águeda e Borralha,Pampilhosa do Botão,Rua Arq. Filomeno Rocha Carneiro,Arruamento,0,Em estado regular,,Chuva,Dois sentidos,Fora da intersecção,Dentro das localidades,"Noite, com iluminação",Com marcas - separadoras de sentido de trânsito,Colisão frontal,NÃO DEFINIDO,Inexistentes,NÃO DEFINIDO,NÃO DEFINIDO,Inexistentes,Betuminoso,Recta,Em patamar,Berma pavimentada,Em plena via,Direita
2010451216,2010:03:29 15:09:00,01/29/00,03/01/00,01/01/00,Guarda Nacional Republicana,90.0,90.0,Segunda-Feira,,,1,0,0,Estrada sem separador,Seco e limpo,Guarda,Almeida,Amoreira,AMOREIRA,,EM - Estrada Municipal,EM532,Em bom estado,,Bom tempo,Dois sentidos,Fora da intersecção,Fora das localidades,Em pleno dia,Com marcas - separadoras de sentido de trânsito,Despiste simples,NÃO DEFINIDO,Inexistentes,NÃO DEFINIDO,NÃO DEFINIDO,Inexistentes,Betuminoso,Recta,Em patamar,Berma não pavimentada,Na berma,Direita
20191668939,2019:03:27 10:40:00,01/27/00,03/01/00,01/01/00,Polícia de Segurança Pública,70.0,70.0,Quarta-Feira ,"38,718218","-9,176124",0,0,1,Auto-estrada,Seco e limpo,Lisboa,Lisboa,Alcântara,Lisboa,,A  - Auto-Estrada,A2,Em estado regular,"2,5",Bom tempo,Sentido único,Fora da intersecção,Fora das localidades,Em pleno dia,Com marcas - separadoras de sentido e de vias de trânsito,Colisão choque em cadeia,Viaduto/Ponte,Inexistentes,No sentido decrescente da quilometragem,Outros,Inexistentes,Betuminoso,Recta,Em patamar,Berma pavimentada,Em plena via,Central