Id. Acidente,Datahora,Dia,Mês,Hora,Entidades Fiscalizadoras,Velocidade local,Velocidade geral,Dia da Semana,Latitude GPS,Longitude GPS,Num. Mortos a 30 dias,Num. Feridos graves a 30 dias,Num. Feridos ligeiros a 30 dias,Características Tecnicas1,Cond Aderência,Distrito,Concelho,Freguesia,Pov. Proxima,Nome arruamento,Tipos Vias,Cod Via,Estado Conservação,Km,Factores Atmosféricos,Reg Circulação1,Intersecção Vias,Localizações,Luminosidade,Marca Via,Natureza,Obras Arte,Obstáculos,Sentidos,Sinais,Sinais Luminosos,Tipo Piso,Traçado 1,Traçado 2,Traçado 3,Traçado 4,Via Trânsito
2011519106,2011:03:21 21:30:00,01/21/00,03/01/00,01/01/00,Polícia de Segurança Pública,50.0,50.0,Segunda-Feira,"0,00","0,00",0,0,1,Estrada sem separador,Seco e limpo,Leiria,Caldas da Rainha,Caldas da Rainha (N Senhora do Pópu,,Rotunda de São Cristovão,Arruamento,0,Em bom estado,,Bom tempo,Dois sentidos,Em rotunda,Dentro das localidades,"Noite, com iluminação",Com marcas - separadoras de sentido de trânsito,Atropelamento com fuga,NÃO DEFINIDO,Inexistentes,NÃO DEFINIDO,Cedência de passagem,Inexistentes,Betuminoso,Curva,Com inclinação,Berma pavimentada,Na berma,Direita
2015947570,2015:03:05 18:20:00,01/05/00,03/01/00,01/01/00,Guarda Nacional Republicana,40.0,50.0,Quinta-Feira ,"40,317859","-7,570789",0,1,0,Estrada sem separador,Seco e limpo,Viseu,Carregal do Sal,Beijós,Pardieiros,Rua Miguel Bombarda,Arruamento,0,Em bom estado,,Bom tempo,Dois sentidos,Fora da intersecção,Dentro das localidades,Em pleno dia,Com marcas - separadoras de sentido de trânsito,Colisão lateral com outro veículo em movimento,NÃO DEFINIDO,Inexistentes,NÃO DEFINIDO,Outros,Inexistentes,Betuminoso,Curva,Com inclinação,Berma pavimentada,Em plena via,Direita
2014814623,2014:03:11 22:06:00,01/11/00,03/01/00,01/01/00,Guarda Nacional Republicana,50.0,50.0,Terça-Feira  ,"38,503561","-9,255352",0,0,1,Estrada sem separador,Seco e limpo,Lisboa,Sintra,São João das Lampas,Gouveia,Avª Nossa Senhora da Esperança,Arruamento,0,Em estado regular,,Bom tempo,Dois sentidos,Fora da intersecção,Dentro das localidades,"Noite, com iluminação",Com marcas - separadoras de sentido de trânsito,Despiste simples,NÃO DEFINIDO,Inexistentes,NÃO DEFINIDO,NÃO DEFINIDO,Inexistentes,Betuminoso,Recta,Com inclinação,Sem berma ou impraticável,Em plena via,Direita
2010441487,2010:03:19 19:40:00,01/19/00,03/01/00,01/01/00,Polícia de Segurança Pública,50.0,50.0,Sexta-Feira  ,"0,00","0,00",0,0,1,Estrada sem separador,Húmido,Porto,Vila Nova de Gaia,Vilar do Paraíso,,Rua de Jardim,Arruamento,0,Em estado regular,,Chuva,Dois sentidos,Em cruzamento,Dentro das localidades,"Noite, com iluminação",Com marcas - separadoras de sentido e de vias de trânsito,Atropelamento de peões,NÃO DEFINIDO,Inexistentes,NÃO DEFINIDO,NÃO DEFINIDO,Inexistentes,Betuminoso,Recta,Com inclinação,Berma pavimentada,Em plena via,Direita
2013673583,2013:03:20 11:30:00,01/20/00,03/01/00,01/01/00,Polícia de Segurança Pública,50.0,50.0,Quarta-Feira ,"0,00","0,00",0,0,1,Estrada sem separador,Seco e limpo,Viseu,Lamego,Lamego (Sé),Sé,Avenida Visconde Guedes Teixeira,Arruamento,0,Em estado regular,,Bom tempo,Sentido único,Fora da intersecção,Dentro das localidades,Em pleno dia,Com marcas - separadoras de sentido e de vias de trânsito,Atropelamento de peões,NÃO DEFINIDO,Correctamente sinalizados,NÃO DEFINIDO,Outros,Inexistentes,Calçada,Recta,Em patamar,Berma pavimentada,Em plena via,Direita
2014816699,2014:03:25 15:10:00,01/25/00,03/01/00,01/01/00,Guarda Nacional Republicana,50.0,50.0,Terça-Feira  ,"40,0455","-8,4760",0,0,2,Estrada sem separador,Seco e limpo,Coimbra,Figueira da Foz,Paião,Vales,Rua Principal,Arruamento,0,Em mau estado,,Bom tempo,Dois sentidos,Fora da intersecção,Dentro das localidades,Em pleno dia,Sem marcas rodoviárias ou pouco visíveis,Colisão com veiculo ou obstáculo na faixa de rodagem,NÃO DEFINIDO,Inexistentes,NÃO DEFINIDO,NÃO DEFINIDO,Inexistentes,Betuminoso,Recta,Em patamar,Sem berma ou impraticável,Em plena via,Direita
20191667329,2019:03:12 18:49:00,01/12/00,03/01/00,01/01/00,Polícia de Segurança Pública,50.0,50.0,Terça-Feira  ,"0,0","0,0",0,0,1,Estrada sem separador,Seco e limpo,Lisboa,Oeiras,"União das freguesias de Algés, Linda-a-Velha e Cruz Quebrada-Dafundo",Algés,Avenida Bombeiros Voluntários de Algés                                                              ,Arruamento,0,Em estado regular,,Bom tempo,Dois sentidos,Fora da intersecção,Dentro das localidades,"Noite, com iluminação",Sem marcas rodoviárias ou pouco visíveis,Colisão lateral com outro veículo em movimento,NÃO DEFINIDO,Inexistentes,NÃO DEFINIDO,Passagem de peões,Inexistentes,Betuminoso,Recta,Em patamar,Berma pavimentada,Em plena via,Direita
20181391537,2018:03:27 18:05:00,01/27/00,03/01/00,01/01/00,Guarda Nacional Republicana,50.0,50.0,Terça-Feira  ,"40,495924","-8,140391",0,0,2,Estrada sem separador,Seco e limpo,Viseu,Tondela,União das freguesias de Barreiro de Besteiros e Tourigo,Tarrastal,Rua Central,Arruamento,0,Em estado regular,,Bom tempo,Dois sentidos,Fora da intersecção,Dentro das localidades,Em pleno dia,Sem marcas rodoviárias ou pouco visíveis,Despiste simples,NÃO DEFINIDO,Inexistentes,NÃO DEFINIDO,NÃO DEFINIDO,Inexistentes,Betuminoso,Recta,Com inclinação,Berma não pavimentada,Em plena via,Direita
2012608517,2012:03:03 15:10:00,01/03/00,03/01/00,01/01/00,Guarda Nacional Republicana,50.0,50.0,Sábado       ,,,0,0,1,Estrada sem separador,Molhado,Aveiro,Agueda,Agadão,ARADA,R DA MARTEIRA,Arruamento,0,Em estado regular,,Chuva,Dois sentidos,Fora da intersecção,Dentro das localidades,Em pleno dia,Sem marcas rodoviárias ou pouco visíveis,Colisão traseira com outro veículo em movimento,NÃO DEFINIDO,Inexistentes,NÃO DEFINIDO,NÃO DEFINIDO,Inexistentes,Betuminoso,Recta,Em patamar,Berma pavimentada,Em plena via,Direita
20171252980,2017:03:19 20:00:00,01/19/00,03/01/00,01/01/00,Guarda Nacional Republicana,120.0,120.0,Domingo      ,"39,177144","-8,836631",0,0,3,Auto-estrada,Seco e limpo,Santarém,Cartaxo,União das freguesias do Cartaxo e Vale da Pinta,vale da Pinta,,A  - Auto-Estrada,A1,Em bom estado,"53,5",Bom tempo,Sentido único,Fora da intersecção,Fora das localidades,"Noite, sem iluminação",Com marcas - separadoras de sentido e de vias de trânsito,Despiste simples,NÃO DEFINIDO,Inexistentes,No sentido decrescente da quilometragem,Outros,Inexistentes,Betuminoso,Recta,Em patamar,Berma pavimentada,Em plena via,Esquerda
20181380459,2018:03:28 18:00:00,01/28/00,03/01/00,01/01/00,Polícia de Segurança Pública,50.0,50.0,Quarta-Feira ,40.148378,-8.8612943,0,0,1,Estrada sem separador,Molhado,Coimbra,Figueira da Foz,Buarcos,Figueira da Foz,Avenida Foz do Mondego                                                                              ,Arruamento,0,Em estado regular,,Chuva,Dois sentidos,Fora da intersecção,Dentro das localidades,Em pleno dia,Com marcas - separadoras de sentido e de vias de trânsito,Colisão traseira com outro veículo em movimento,NÃO DEFINIDO,Inexistentes,NÃO DEFINIDO,Outros,A funcionar normalmente,Betuminoso,Recta,Em patamar,Sem berma ou impraticável,Em plena via,Esquerda
20181389734,2018:03:19 07:30:00,01/19/00,03/01/00,01/01/00,Guarda Nacional Republicana,50.0,50.0,Segunda-Feira,"41,530005","-8,490387",0,0,1,Estrada sem separador,Molhado,Braga,Braga,União das freguesias de Cabreiros e Passos (São Julião),SÃO JULIÃO DE PASSOS,,Outra Via,0,Em estado regular,,Chuva,Dois sentidos,Em entroncamento,Dentro das localidades,Em pleno dia,Sem marcas rodoviárias ou pouco visíveis,Despiste com colisão com veículo imobil. ou obstáculo,NÃO DEFINIDO,Inexistentes,NÃO DEFINIDO,NÃO DEFINIDO,Inexistentes,Calçada,Curva,Com inclinação,Sem berma ou impraticável,Em plena via,Direita
2011527270,2011:03:26 11:00:00,01/26/00,03/01/00,01/01/00,Guarda Nacional Republicana,50.0,50.0,Sábado       ,,,0,0,1,Estrada sem separador,Seco e limpo,Aveiro,Aveiro,Nariz,NARIZ,R DIREITA,Arruamento,0,Em bom estado,,Bom tempo,Dois sentidos,Em entroncamento,Dentro das localidades,Em pleno dia,Sem marcas rodoviárias ou pouco visíveis,Colisão traseira com outro veículo em movimento,NÃO DEFINIDO,Inexistentes,NÃO DEFINIDO,NÃO DEFINIDO,Inexistentes,Betuminoso,Recta,Em patamar,Sem berma ou impraticável,Em plena via,Direita
2013693977,2013:03:14 20:50:00,01/14/00,03/01/00,01/01/00,Guarda Nacional Republicana,90.0,90.0,Quinta-Feira ,,,0,0,2,Estrada sem separador,Seco e limpo,Bragança,Mirandela,Vale de Telhas,Vale Telhas (ER315),,EN - Estrada Nacional,EN315,Em estado regular,14.05,Bom tempo,Dois sentidos,Fora da intersecção,Dentro das localidades,"Noite, com iluminação",Com marcas - separadoras de sentido de trânsito,Atropelamento de animais,NÃO DEFINIDO,Inexistentes,NÃO DEFINIDO,Outros,Inexistentes,Betuminoso,Recta,Em patamar,Sem berma ou impraticável,Em plena via,Direita
20191694127,2019:03:31 15:10:00,01/31/00,03/01/00,01/01/00,Guarda Nacional Republicana,50.0,50.0,Domingo      ,"39,291950","-8,821035",0,0,1,Estrada sem separador,Com gravilha ou areia,Santarém,Rio Maior,União das freguesias de Azambujeira e Malaqueijo,Malaqueijo,Rua Porto Oliveira,Arruamento,0,Em mau estado,,Bom tempo,Reversível,Fora da intersecção,Dentro das localidades,Em pleno dia,Sem marcas rodoviárias ou pouco visíveis,Despiste com capotamento,NÃO DEFINIDO,Inexistentes,NÃO DEFINIDO,NÃO DEFINIDO,Inexistentes,Terra batida,Recta,Com inclinação,Sem berma ou impraticável,Em plena via,Direita
2013694647,2013:03:10 14:46:00,01/10/00,03/01/00,01/01/00,Guarda Nacional Republicana,90.0,90.0,Domingo      ,"40,397532","-08,285148",0,0,1,Estrada sem separador,Molhado,Aveiro,Agueda,Macinhata do Vouga,Serém Cima,,EN - Estrada Nacional,EN1,Em bom estado,243.7,Bom tempo,Dois sentidos,Em entroncamento,Fora das localidades,Em pleno dia,Com marcas - separadoras de sentido de trânsito,Colisão com veiculo ou obstáculo na faixa de rodagem,NÃO DEFINIDO,Inexistentes,NÃO DEFINIDO,Outros,Inexistentes,Betuminoso,Recta,Em patamar,Berma pavimentada,Em plena via,Direita
2012607183,2012:03:26 16:00:00,01/26/00,03/01/00,01/01/00,Guarda Nacional Republicana,50.0,50.0,Segunda-Feira,"41,125356","-7,978271",0,0,2,Estrada sem separador,Seco e limpo,Porto,Baiao,Covelas,COVELAS - BAIAO,,EN - Estrada Nacional,EN108,Em bom estado,85.2,Bom tempo,Dois sentidos,Fora da intersecção,Dentro das localidades,Em pleno dia,Com marcas - separadoras de sentido de trânsito,Atropelamento de peões,NÃO DEFINIDO,Inexistentes,NÃO DEFINIDO,Outros,Inexistentes,Betuminoso,Curva,Em patamar,Sem berma ou impraticável,Em plena via,Direita
2015951674,2015:03:19 19:00:00,01/19/00,03/01/00,01/01/00,Guarda Nacional Republicana,50.0,50.0,Quinta-Feira ,"41,193402","-8,418970",0,0,1,Estrada sem separador,Seco e limpo,Porto,Vila do Conde,Fajozes,,Rua Bernardino José Alves,Arruamento,0,Em estado regular,,Bom tempo,Dois sentidos,Fora da intersecção,Dentro das localidades,"Noite, com iluminação",Sem marcas rodoviárias ou pouco visíveis,Colisão lateral com outro veículo em movimento,NÃO DEFINIDO,Inexistentes,NÃO DEFINIDO,Outros,Inexistentes,Calçada,Curva,Em patamar,Sem berma ou impraticável,Em plena via,Direita
2012594371,2012:03:08 13:15:00,01/08/00,03/01/00,01/01/00,Polícia de Segurança Pública,50.0,50.0,Quinta-Feira ,"0,00","0,00",0,0,1,Estrada sem separador,Húmido,Setúbal,Setubal,Setúbal (São Julião),,Rua Doutor António Manuel Gamito                                                                    ,Arruamento,0,Em estado regular,,Bom tempo,Dois sentidos,Fora da intersecção,Dentro das localidades,Em pleno dia,Com marcas - separadoras de sentido e de vias de trânsito,Despiste com colisão com veículo imobil. ou obstáculo,NÃO DEFINIDO,Inexistentes,NÃO DEFINIDO,Passagem de peões,Inexistentes,Calçada,Curva,Em patamar,Berma pavimentada,No passeio,Direita
2011527504,2011:03:29 18:30:00,01/29/00,03/01/00,01/01/00,Guarda Nacional Republicana,90.0,90.0,Terça-Feira  ,,,0,0,1,NÃO DEFINIDO,Com gravilha ou areia,Beja,Almodovar,Almodôvar,MONTE BRANCANES,,EM - Estrada Municipal,0,Em bom estado,,Bom tempo,Dois sentidos,Fora da intersecção,Fora das localidades,Em pleno dia,Sem marcas rodoviárias ou pouco visíveis,Despiste com capotamento,NÃO DEFINIDO,Inexistentes,NÃO DEFINIDO,NÃO DEFINIDO,Inexistentes,Terra batida,Recta,Em patamar,Sem berma ou impraticável,Em plena via,NÃO DEFINIDO
20181392575,2018:03:31 22:30:00,01/31/00,03/01/00,01/01/00,Guarda Nacional Republicana,120.0,120.0,Sábado       ,"38,737076","-9,009419",0,0,1,Outra via,Seco e limpo,Setúbal,Montijo,União das freguesias de Montijo e Afonsoeiro,Alcochete,,IP- Itinerário Principal,IP1,Em bom estado,"16,45",Bom tempo,Sentido único,Fora da intersecção,Fora das localidades,"Noite, sem iluminação",Com marcas - separadoras de sentido e de vias de trânsito,Despiste com capotamento,Viaduto/Ponte,Inexistentes,No sentido decrescente da quilometragem,NÃO DEFINIDO,Inexistentes,Betuminoso,Recta,Em patamar,Berma pavimentada,Na berma,Esquerda
2012595651,2012:03:13 10:10:00,01/13/00,03/01/00,01/01/00,Polícia de Segurança Pública,50.0,50.0,Terça-Feira  ,"0,00","0,00",0,0,1,Estrada sem separador,Seco e limpo,Porto,Gondomar,Rio Tinto,Rio Tinto,Avenida Doutor Francisco Sá Carneiro                                                                ,Arruamento,0,Em bom estado,,Bom tempo,Dois sentidos,NÃO DEFINIDO,Dentro das localidades,Em pleno dia,Com marcas - separadoras de sentido de trânsito,Atropelamento de peões,NÃO DEFINIDO,Inexistentes,NÃO DEFINIDO,Passagem de peões,Inexistentes,Betuminoso,Recta,Com inclinação,Berma pavimentada,Em plena via,Direita
20181369331,2018:03:06 14:20:00,01/06/00,03/01/00,01/01/00,Polícia de Segurança Pública,80.0,80.0,Terça-Feira  ,"0,0","0,0",0,0,2,Outra via,Molhado,Lisboa,Oeiras,"União das freguesias de Algés, Linda-a-Velha e Cruz Quebrada-Dafundo",,,IC - Itinerário Complementar,IC17,Em bom estado,"0,95",Chuva,Sentido único,Fora da intersecção,Fora das localidades,Em pleno dia,Com marcas - separadoras de sentido e de vias de trânsito,Colisão lateral com outro veículo em movimento,NÃO DEFINIDO,Inexistentes,No sentido crescente da quilometragem,Outros,Inexistentes,Betuminoso,Recta,Em patamar,Sem berma ou impraticável,Em plena via,Direita
2013674572,2013:03:28 07:40:00,01/28/00,03/01/00,01/01/00,Polícia de Segurança Pública,50.0,50.0,Quinta-Feira ,"0,00","0,00",0,1,1,Estrada sem separador,Húmido,Braga,Braga,Braga (São José de São Lázaro),Braga,Avenida Doutor Porfirio da Silva,Arruamento,0,Em bom estado,,Bom tempo,Dois sentidos,Fora da intersecção,Dentro das localidades,Em pleno dia,Com marcas - separadoras de sentido e de vias de trânsito,Despiste com colisão com veículo imobil. ou obstáculo,NÃO DEFINIDO,Inexistentes,NÃO DEFINIDO,Outros,Inexistentes,Betuminoso,Recta,Com inclinação,Berma pavimentada,No passeio,Direita
20171254204,2017:03:25 19:00:00,01/25/00,03/01/00,01/01/00,Guarda Nacional Republicana,90.0,90.0,Sábado       ,"37,856487","-8,767548",0,0,1,Estrada sem separador,Húmido,Setúbal,Sines,Porto Covo,Porto Covo,,EM - Estrada Municipal,0,Em estado regular,,Bom tempo,Dois sentidos,Fora da intersecção,Fora das localidades,Aurora ou crepúsculo,Com marcas - separadoras de sentido de trânsito,Despiste simples,NÃO DEFINIDO,Inexistentes,NÃO DEFINIDO,NÃO DEFINIDO,Inexistentes,Betuminoso,Recta,Em patamar,Sem berma ou impraticável,Em plena via,Direita
20191668742,2019:03:24 13:00:00,01/24/00,03/01/00,01/01/00,Polícia de Segurança Pública,50.0,50.0,Domingo      ,"0,0","0,0",0,0,1,Estrada sem separador,Seco e limpo,Porto,Vila Nova de Gaia,União das freguesias de Gulpilhares e Valadares,Vila Nova de Gaia,Avenida Infante Sagres                                                                              ,Arruamento,0,Em bom estado,,Bom tempo,Dois sentidos,Fora da intersecção,Dentro das localidades,Em pleno dia,Com marcas - separadoras de sentido e de vias de trânsito,Colisão com outras situações,NÃO DEFINIDO,Inexistentes,NÃO DEFINIDO,Outros,Inexistentes,Betuminoso,Curva,Com inclinação,Sem berma ou impraticável,Em plena via,Direita
2014817239,2014:03:02 15:45:00,01/02/00,03/01/00,01/01/00,Guarda Nacional Republicana,90.0,90.0,Domingo      ,"39,489239","-8,556350",0,0,2,Estrada sem separador,NÃO DEFINIDO,Leiria,Marinha Grande,Marinha Grande,Pilado,,EF - Estrada Florestal,0,Em mau estado,,Chuva,Dois sentidos,Fora da intersecção,Fora das localidades,Em pleno dia,Sem marcas rodoviárias ou pouco visíveis,Despiste com colisão com veículo imobil. ou obstáculo,NÃO DEFINIDO,Inexistentes,NÃO DEFINIDO,NÃO DEFINIDO,Inexistentes,Betuminoso,Recta,Em patamar,Berma não pavimentada,Na berma,Direita
2013671714,2013:03:10 17:30:00,01/10/00,03/01/00,01/01/00,Polícia de Segurança Pública,90.0,90.0,Domingo      ,"0,00","0,00",0,0,1,Auto-estrada,Molhado,Porto,Porto,Paranhos,Porto,,A  - Auto-Estrada,A20,Em bom estado,13.5,Chuva,Sentido único,Fora da intersecção,Fora das localidades,"Noite, com iluminação",Com marcas - separadoras de sentido de trânsito,Despiste com dispositivo de retenção,NÃO DEFINIDO,Inexistentes,No sentido decrescente da quilometragem,Outros,Inexistentes,Betuminoso,Recta,Com inclinação,Berma pavimentada,Em plena via,Esquerda
2012606962,2012:03:29 16:45:00,01/29/00,03/01/00,01/01/00,Guarda Nacional Republicana,50.0,50.0,Quinta-Feira ,,,0,0,1,Estrada sem separador,Seco e limpo,Guarda,Guarda,Vila Fernando,VILA FERNANDO,R DO COMERCIO,Arruamento,0,Em bom estado,,Bom tempo,Dois sentidos,Em entroncamento,Dentro das localidades,Em pleno dia,Com marcas - separadoras de sentido de trânsito,Colisão lateral com outro veículo em movimento,NÃO DEFINIDO,Inexistentes,NÃO DEFINIDO,Outros,Inexistentes,Betuminoso,Recta,Em patamar,Berma pavimentada,Em plena via,Direita
2015948345,2015:03:06 09:30:00,01/06/00,03/01/00,01/01/00,Guarda Nacional Republicana,90.0,90.0,Sexta-Feira  ,"39,541517","-8,355717",0,0,1,Estrada sem separador,Seco e limpo,Leiria,Pombal,Pombal,Póvoa da Atalaia,,IC - Itinerário Complementar,IC8,Em bom estado,45.6,Bom tempo,Dois sentidos,Fora da intersecção,Fora das localidades,Em pleno dia,Com marcas - separadoras de sentido de trânsito,Colisão lateral com outro veículo em movimento,NÃO DEFINIDO,Inexistentes,NÃO DEFINIDO,Outros,Inexistentes,Betuminoso,Recta,Em patamar,Berma pavimentada,Em plena via,Direita
20171223325,2017:03:25 02:40:00,01/25/00,03/01/00,01/01/00,Polícia de Segurança Pública,50.0,50.0,Sábado       ,"37,149137","-8,540066",0,0,1,Outra via,Molhado,Faro,Portimao,Portimão,Portimão,,EN - Estrada Nacional,EN124,Em estado regular,,Chuva,Sentido único,Em ramo de ligação - entrada,Dentro das localidades,"Noite, com iluminação",Sem marcas rodoviárias ou pouco visíveis,Despiste com capotamento,Túnel,Inexistentes,NÃO DEFINIDO,Outros,Inexistentes,Betuminoso,Recta,Com inclinação,Sem berma ou impraticável,Em plena via,Esquerda
2011527431,2011:03:26 15:15:00,01/26/00,03/01/00,01/01/00,Guarda Nacional Republicana,,50.0,Sábado       ,,,0,0,1,Estrada sem separador,Seco e limpo,Setúbal,Almada,Charneca de Caparica,CHARNECA DA CAPARICA,ESTRADA PINHAL DOS MEDOS,Arruamento,0,Em estado regular,,Bom tempo,Dois sentidos,Fora da intersecção,Dentro das localidades,Em pleno dia,Sem marcas rodoviárias ou pouco visíveis,Atropelamento de peões,NÃO DEFINIDO,Inexistentes,NÃO DEFINIDO,Outros,Inexistentes,Betuminoso,Recta,Em patamar,Sem berma ou impraticável,Em plena via,Esquerda
2014780016,2014:03:22 09:45:00,01/22/00,03/01/00,01/01/00,Polícia de Segurança Pública,50.0,50.0,Sábado       ,"41,458055","-8,285882",0,0,1,Estrada sem separador,Seco e limpo,Braga,Guimaraes,Azurém,Guimarães,Rua 24 de Junho,Arruamento,0,Em estado regular,,Bom tempo,Dois sentidos,Em entroncamento,Dentro das localidades,Em pleno dia,Com marcas - separadoras de sentido de trânsito,Colisão com outras situações,NÃO DEFINIDO,Inexistentes,NÃO DEFINIDO,Stop,Inexistentes,Betuminoso,Recta,Em patamar,Berma pavimentada,Em plena via,Direita
2011528511,2011:03:24 14:00:00,01/24/00,03/01/00,01/01/00,Polícia de Segurança Pública,50.0,50.0,Quinta-Feira ,"0,00","0,00",0,0,1,Estrada sem separador,Seco e limpo,Lisboa,Lisboa,São Francisco Xavier,,Rua Gonçalves Zarco                                                                                 ,Arruamento,0,Em bom estado,,Bom tempo,Dois sentidos,Fora da intersecção,Dentro das localidades,Em pleno dia,Com marcas - separadoras de sentido de trânsito,Atropelamento de peões,NÃO DEFINIDO,Inexistentes,NÃO DEFINIDO,Outros,Inexistentes,Betuminoso,Recta,Com inclinação,Berma pavimentada,Em plena via,Direita
20191695967,2019:03:24 19:20:00,01/24/00,03/01/00,01/01/00,Guarda Nacional Republicana,50.0,50.0,Domingo      ,"40,490220","-8,684706",0,0,1,Estrada sem separador,Seco e limpo,Aveiro,Vagos,União das freguesias de Fonte de Angeão e Covão do Lobo,Covão do Lobo,Rua das Oliveiras,Arruamento,0,Em mau estado,,Bom tempo,Dois sentidos,Fora da intersecção,Dentro das localidades,"Noite, com iluminação",Sem marcas rodoviárias ou pouco visíveis,Despiste simples,NÃO DEFINIDO,Inexistentes,NÃO DEFINIDO,NÃO DEFINIDO,Inexistentes,Betuminoso,Curva,Em patamar,Berma não pavimentada,Em plena via,Direita
2013695784,2013:03:01 07:50:00,01/01/00,03/01/00,01/01/00,Guarda Nacional Republicana,50.0,50.0,Sexta-Feira  ,,,0,0,1,Estrada sem separador,Seco e limpo,Porto,Pacos de Ferreira,Ferreira,Ferreiró,Rua Nova Ferreiró,Arruamento,0,Em bom estado,,Bom tempo,Dois sentidos,Em cruzamento,Dentro das localidades,Em pleno dia,Sem marcas rodoviárias ou pouco visíveis,Colisão frontal,NÃO DEFINIDO,Inexistentes,NÃO DEFINIDO,Stop,Inexistentes,Calçada,Recta,Em patamar,Berma pavimentada,Em plena via,Direita
20191666818,2019:03:18 16:30:00,01/18/00,03/01/00,01/01/00,Polícia de Segurança Pública,80.0,80.0,Segunda-Feira,"0,0","0,0",0,1,0,Outra via,Seco e limpo,Lisboa,Odivelas,União das freguesias de Pontinha e Famões,,,IC - Itinerário Complementar,IC17,Em bom estado,"10,8",Bom tempo,Sentido único,Fora da intersecção,Fora das localidades,Em pleno dia,Com marcas - separadoras de sentido e de vias de trânsito,Colisão traseira com outro veículo em movimento,NÃO DEFINIDO,Inexistentes,No sentido decrescente da quilometragem,Outros,Inexistentes,Betuminoso,Recta,Em patamar,Berma pavimentada,Em plena via,Direita
2014814408,2014:03:11 09:05:00,01/11/00,03/01/00,01/01/00,Guarda Nacional Republicana,50.0,50.0,Terça-Feira  ,"40,096147","-8,392068",0,1,0,Estrada sem separador,Seco e limpo,Coimbra,Soure,Alfarelos,Alfarelos,,EN - Estrada Nacional,EN347,Em estado regular,18.2,Bom tempo,Dois sentidos,Em entroncamento,Dentro das localidades,Em pleno dia,Sem marcas rodoviárias ou pouco visíveis,Colisão traseira com outro veículo em movimento,NÃO DEFINIDO,Inexistentes,NÃO DEFINIDO,NÃO DEFINIDO,A funcionar normalmente,Betuminoso,Recta,Em patamar,Sem berma ou impraticável,Em plena via,Direita
20171252558,2017:03:17 14:15:00,01/17/00,03/01/00,01/01/00,Guarda Nacional Republicana,50.0,50.0,Sexta-Feira  ,"40,058440","-8,629762",0,0,1,Estrada sem separador,Seco e limpo,Coimbra,Soure,Soure,soure,Rua Evaristo Carvalho Filho,Arruamento,0,Em bom estado,,Bom tempo,Sentido único,Fora da intersecção,Dentro das localidades,Em pleno dia,Sem marcas rodoviárias ou pouco visíveis,Despiste simples,NÃO DEFINIDO,Inexistentes,NÃO DEFINIDO,NÃO DEFINIDO,Inexistentes,Terra batida,Recta,Em patamar,Berma pavimentada,Em parque de estacionamento,Direita
2012594760,2012:03:17 11:25:00,01/17/00,03/01/00,01/01/00,Polícia de Segurança Pública,50.0,50.0,Sábado       ,"0,00","0,00",0,0,1,Estrada sem separador,Seco e limpo,Porto,Porto,Lordelo do Ouro,Porto,Avenida Marechal Gomes da Costa                                                                     ,Arruamento,0,Em bom estado,,Bom tempo,Dois sentidos,Em cruzamento,Dentro das localidades,Em pleno dia,Com marcas - separadoras de sentido de trânsito,Colisão lateral com outro veículo em movimento,NÃO DEFINIDO,Inexistentes,NÃO DEFINIDO,Passagem de peões,Inexistentes,Betuminoso,Recta,Em patamar,Berma pavimentada,Em plena via,Central
20161035586,2016:03:07 12:58:00,01/07/00,03/01/00,01/01/00,Polícia de Segurança Pública,50.0,50.0,Segunda-Feira,"38,783906","-9,187315",0,0,1,Estrada sem separador,Seco e limpo,Lisboa,Odivelas,Odivelas,Odivelas,Avenida Dom Dinis                                                                                   ,Arruamento,0,Em bom estado,,Bom tempo,Dois sentidos,Fora da intersecção,Dentro das localidades,Em pleno dia,Sem marcas rodoviárias ou pouco visíveis,Colisão lateral com outro veículo em movimento,NÃO DEFINIDO,Inexistentes,NÃO DEFINIDO,NÃO DEFINIDO,Inexistentes,Betuminoso,Curva,Em patamar,Sem berma ou impraticável,Em plena via,Direita
2014780890,2014:03:21 10:15:00,01/21/00,03/01/00,01/01/00,Polícia de Segurança Pública,30.0,50.0,Sexta-Feira  ,"38,705052","-9,402791",0,0,1,Estrada sem separador,Seco e limpo,Lisboa,Cascais,Estoril,,Avenida Fausto de Figueiredo                                                                        ,Arruamento,0,Em bom estado,,Bom tempo,Dois sentidos,Fora da intersecção,Dentro das localidades,Em pleno dia,Sem marcas rodoviárias ou pouco visíveis,Colisão com outras situações,NÃO DEFINIDO,Inexistentes,NÃO DEFINIDO,Outros,Inexistentes,Betuminoso,Recta,Com inclinação,Berma pavimentada,Em plena via,Direita
2015912580,2015:03:15 18:45:00,01/15/00,03/01/00,01/01/00,Polícia de Segurança Pública,50.0,50.0,Domingo      ,"38,713842","-9,161271",0,0,2,Outra via,Seco e limpo,Lisboa,Lisboa,Estrela,Lisboa,Rua Domingos Sequeira                                                                               ,Arruamento,0,Em estado regular,,Bom tempo,Sentido único,Em cruzamento,Dentro das localidades,"Noite, com iluminação",Com marcas - separadoras de sentido e de vias de trânsito,Colisão frontal,NÃO DEFINIDO,Inexistentes,NÃO DEFINIDO,Outros,A funcionar normalmente,Betuminoso,Curva,Com inclinação,Berma pavimentada,Em plena via,Esquerda