Id. Acidente,Datahora,Dia,Mês,Hora,Entidades Fiscalizadoras,Velocidade local,Velocidade geral,Dia da Semana,Latitude GPS,Longitude GPS,Num. Mortos a 30 dias,Num. Feridos graves a 30 dias,Num. Feridos ligeiros a 30 dias,Características Tecnicas1,Cond Aderência,Distrito,Concelho,Freguesia,Pov. Proxima,Nome arruamento,Tipos Vias,Cod Via,Estado Conservação,Km,Factores Atmosféricos,Reg Circulação1,Intersecção Vias,Localizações,Luminosidade,Marca Via,Natureza,Obras Arte,Obstáculos,Sentidos,Sinais,Sinais Luminosos,Tipo Piso,Traçado 1,Traçado 2,Traçado 3,Traçado 4,Via Trânsito
2012609517,2012:03:06 19:30:00,01/06/00,03/01/00,01/01/00,Guarda Nacional Republicana,50.0,50.0,Terça-Feira  ,"40,930319","-8,515325",0,0,1,Estrada sem separador,Seco e limpo,Aveiro,Santa Maria da Feira,Sanfins,SANFINS,,EN - Estrada Nacional,EN223,Em bom estado,18.0,Bom tempo,Dois sentidos,Fora da intersecção,Dentro das localidades,"Noite, com iluminação",Com marcas - separadoras de sentido e de vias de trânsito,Colisão traseira com outro veículo em movimento,NÃO DEFINIDO,Inexistentes,NÃO DEFINIDO,NÃO DEFINIDO,A funcionar normalmente,Betuminoso,Recta,Em patamar,Berma pavimentada,Em plena via,Direita
2011528132,2011:03:14 13:00:00,01/14/00,03/01/00,01/01/00,Guarda Nacional Republicana,90.0,90.0,Segunda-Feira,,,0,0,1,Estrada sem separador,Molhado,Guarda,Aguiar da Beira,Sequeiros,PONTE DO ABADE,,EN - Estrada Nacional,EN229,Em bom estado,33.3,Chuva,Dois sentidos,Fora da intersecção,Fora das localidades,Em pleno dia,Com marcas - separadoras de sentido de trânsito,Despiste com capotamento,NÃO DEFINIDO,Inexistentes,NÃO DEFINIDO,Outros,Inexistentes,Betuminoso,Recta,Com inclinação,Berma pavimentada,Na berma,Direita
2015948209,2015:03:15 12:20:00,01/15/00,03/01/00,01/01/00,Guarda Nacional Republicana,50.0,50.0,Domingo      ,"40,570561","-8,369930",0,0,1,Estrada sem separador,Seco e limpo,Aveiro,Ovar,Esmoriz,,Rua das Cavadas,Arruamento,0,Em estado regular,,Bom tempo,Dois sentidos,Em cruzamento,Dentro das localidades,Em pleno dia,Sem marcas rodoviárias ou pouco visíveis,Colisão lateral com outro veículo em movimento,NÃO DEFINIDO,Inexistentes,NÃO DEFINIDO,Stop,Inexistentes,Betuminoso,Recta,Em patamar,Sem berma ou impraticável,Em plena via,Direita
20201825818,2019:03:22 19:25:00,01/22/00,03/01/00,01/01/00,Polícia de Segurança Pública,50.0,50.0,Sexta-Feira  ,0,0,0,0,1,Estrada sem separador,Seco e limpo,Leiria,Marinha Grande,Marinha Grande,Marinha Grande,Avenida Engenheiro Arala Pinto,Arruamento,0,Em bom estado,,Bom tempo,Dois sentidos,Em entroncamento,Dentro das localidades,"Noite, com iluminação",Com marcas - separadoras de sentido e de vias de trânsito,Colisão com veiculo ou obstáculo na faixa de rodagem,NÃO DEFINIDO,Inexistentes,NÃO DEFINIDO,NÃO DEFINIDO,A funcionar normalmente,Betuminoso,Recta,Em patamar,Berma pavimentada,Em plena via,Direita
2015909779,2015:03:08 04:45:00,01/08/00,03/01/00,01/01/00,Polícia de Segurança Pública,20.0,50.0,Domingo      ,"39,205966","-8,706954",0,0,1,Estrada sem separador,Seco e limpo,Santarém,Santarem,"União das freguesias de Santarém (Marvila), Santa Iria da Ribeira de Santarém, Santarém (São Salvador) e Santarém (São Nicolau)",Santarém,Rua Quinta da Ponte de Assêca,Arruamento,0,Em estado regular,,Bom tempo,Dois sentidos,Fora da intersecção,Dentro das localidades,"Noite, com iluminação",Sem marcas rodoviárias ou pouco visíveis,Despiste sem dispositivo de retenção,NÃO DEFINIDO,Inexistentes,NÃO DEFINIDO,Outros,Inexistentes,Betuminoso,Curva,Em patamar,Sem berma ou impraticável,Na berma,Direita
2015914377,2015:03:20 20:45:00,01/20/00,03/01/00,01/01/00,Polícia de Segurança Pública,70.0,70.0,Sexta-Feira  ,"41,559040","-8,407563",0,0,1,Outra via,Seco e limpo,Braga,Braga,Braga (São Vítor),Braga,Avenida Padre Júlio Fragata                                                                         ,Arruamento,0,Em bom estado,,Bom tempo,Sentido único,Fora da intersecção,Dentro das localidades,"Noite, com iluminação",Com marcas - separadoras de sentido e de vias de trânsito,Colisão com outras situações,Viaduto/Ponte,Inexistentes,No sentido crescente da quilometragem,NÃO DEFINIDO,Inexistentes,Betuminoso,Recta,Em Lomba,Berma pavimentada,Em plena via,Direita
2011527017,2011:03:19 14:40:00,01/19/00,03/01/00,01/01/00,Guarda Nacional Republicana,45.0,50.0,Sábado       ,"39,53446","8,01862",0,1,0,Outra via,Seco e limpo,Castelo Branco,Serta,Troviscal,VALE DE AGUA,,EM - Estrada Municipal,0,Em bom estado,0.001,Bom tempo,Dois sentidos,NÃO DEFINIDO,Fora das localidades,Em pleno dia,Sem marcas rodoviárias ou pouco visíveis,Despiste simples,NÃO DEFINIDO,Inexistentes,NÃO DEFINIDO,NÃO DEFINIDO,Inexistentes,Betuminoso,Recta,Com inclinação,Sem berma ou impraticável,Na berma,Direita
20161035181,2016:03:04 16:30:00,01/04/00,03/01/00,01/01/00,Polícia de Segurança Pública,50.0,50.0,Sexta-Feira  ,"41,188363","-8,684776",0,0,2,Outra via,Molhado,Porto,Matosinhos,União das freguesias de Matosinhos e Leça da Palmeira,,Avenida O Comercio de Leixões,Arruamento,0,Em bom estado,,Chuva,Sentido único,Fora da intersecção,Dentro das localidades,Em pleno dia,Com marcas - separadoras de sentido e de vias de trânsito,Despiste com transposição do dispositivo de retenção lateral,NÃO DEFINIDO,Inexistentes,NÃO DEFINIDO,Outros,Inexistentes,Betuminoso,Recta,Em patamar,Berma pavimentada,No passeio,Direita
2014779479,2014:03:08 06:50:00,01/08/00,03/01/00,01/01/00,Polícia de Segurança Pública,50.0,50.0,Sábado       ,"38,744019","-9,267012",0,0,1,Estrada sem separador,Seco e limpo,Lisboa,Oeiras,Barcarena,Queluz de Baixo,Estrada Consiglieri Pedroso                                                                         ,Arruamento,0,Em estado regular,,Bom tempo,Dois sentidos,Em entroncamento,Dentro das localidades,Em pleno dia,Sem marcas rodoviárias ou pouco visíveis,Colisão com outras situações,NÃO DEFINIDO,Inexistentes,NÃO DEFINIDO,NÃO DEFINIDO,A funcionar normalmente,Betuminoso,Recta,Em patamar,Sem berma ou impraticável,Em plena via,Direita
20181389697,2018:03:18 11:25:00,01/18/00,03/01/00,01/01/00,Guarda Nacional Republicana,90.0,90.0,Domingo      ,"39,365337","-7,393184",0,0,3,Estrada sem separador,Molhado,Portalegre,Marvao,São Salvador da Aramenha,Lisboa,,EN - Estrada Nacional,EN359,Em bom estado,"121,5",Chuva,Dois sentidos,Em via de desaceleração,Fora das localidades,Em pleno dia,Com marcas - separadoras de sentido de trânsito,Colisão frontal,NÃO DEFINIDO,Inexistentes,NÃO DEFINIDO,Proibição de ultrapassagem,Inexistentes,Betuminoso,Curva,Com inclinação,Sem berma ou impraticável,Em plena via,Direita
2012592425,2012:03:01 11:30:00,01/01/00,03/01/00,01/01/00,Polícia de Segurança Pública,50.0,50.0,Quinta-Feira ,"0,00","0,00",0,0,1,Outra via,Seco e limpo,Lisboa,Lisboa,Campo Grande,,Campo Grande                                                                                        ,Arruamento,0,Em bom estado,,Bom tempo,Dois sentidos,Fora da intersecção,Dentro das localidades,Em pleno dia,Com marcas - separadoras de sentido e de vias de trânsito,Colisão com outras situações,NÃO DEFINIDO,Inexistentes,NÃO DEFINIDO,Outros,A funcionar normalmente,Betuminoso,Recta,Em patamar,Sem berma ou impraticável,Em plena via,Esquerda
2013695052,2013:03:03 06:00:00,01/03/00,03/01/00,01/01/00,Guarda Nacional Republicana,50.0,50.0,Domingo      ,"38,522196","-09,053567",0,0,1,Estrada sem separador,Seco e limpo,Lisboa,Vila Franca de Xira,Vialonga,,Rua Coronel Lobo da Costa,Arruamento,0,Em bom estado,,Bom tempo,Dois sentidos,Fora da intersecção,Dentro das localidades,"Noite, com iluminação",Sem marcas rodoviárias ou pouco visíveis,Despiste com colisão com veículo imobil. ou obstáculo,NÃO DEFINIDO,Inexistentes,NÃO DEFINIDO,NÃO DEFINIDO,Inexistentes,Betuminoso,Recta,Em patamar,Berma pavimentada,Em plena via,Direita
2014815543,2014:03:28 18:30:00,01/28/00,03/01/00,01/01/00,Guarda Nacional Republicana,120.0,120.0,Sexta-Feira  ,"39,440366","-7,396347",0,0,1,Auto-estrada,"Com gelo, geada ou neve",Castelo Branco,Vila Velha de Rodao,Vila Velha de Ródão,Alvaiade,,A  - Auto-Estrada,A23,Em bom estado,102.0,Granizo,Sentido único,Fora da intersecção,Fora das localidades,Em pleno dia,Com marcas - separadoras de sentido e de vias de trânsito,Despiste com capotamento,NÃO DEFINIDO,Inexistentes,No sentido decrescente da quilometragem,NÃO DEFINIDO,Inexistentes,Betuminoso,Recta,Em patamar,Berma pavimentada,Na berma,Direita
2015908596,2015:03:05 19:45:00,01/05/00,03/01/00,01/01/00,Polícia de Segurança Pública,50.0,50.0,Quinta-Feira ,"38,536741","-8,877338",0,0,1,Estrada sem separador,Seco e limpo,Setúbal,Setubal,Setúbal (São Sebastião),Setúbal,Avenida Antero de Quental                                                                           ,Arruamento,0,Em estado regular,,Bom tempo,Dois sentidos,Fora da intersecção,Dentro das localidades,"Noite, com iluminação",Com marcas - separadoras de sentido de trânsito,Atropelamento de peões,NÃO DEFINIDO,Inexistentes,NÃO DEFINIDO,Passagem de peões,Inexistentes,Betuminoso,Recta,Com inclinação,Sem berma ou impraticável,Em plena via,Direita
20171254919,2017:03:29 13:30:00,01/29/00,03/01/00,01/01/00,Guarda Nacional Republicana,50.0,50.0,Quarta-Feira ,"37,090017","-8,246589",0,0,1,Estrada sem separador,Seco e limpo,Faro,Albufeira,Albufeira e Olhos de Água,Albufeira,Rua das Telecomunicações,Arruamento,0,Em estado regular,,Bom tempo,Sentido único,Fora da intersecção,Dentro das localidades,Em pleno dia,Com marcas - separadoras de sentido de trânsito,Colisão lateral com outro veículo em movimento,NÃO DEFINIDO,Inexistentes,NÃO DEFINIDO,NÃO DEFINIDO,Inexistentes,Betuminoso,Recta,Em patamar,Berma pavimentada,Em plena via,Direita
20181390849,2018:03:24 07:50:00,01/24/00,03/01/00,01/01/00,Guarda Nacional Republicana,60.0,90.0,Sábado       ,"38,608123","-9,202651",0,0,1,Estrada sem separador,Húmido,Setúbal,Almada,Costa da Caparica,Charneca de Caparica,,ER - Estrada Regional,0,Em mau estado,,Bom tempo,Dois sentidos,Fora da intersecção,Fora das localidades,Em pleno dia,Com marcas - separadoras de sentido de trânsito,Colisão lateral com outro veículo em movimento,NÃO DEFINIDO,Inexistentes,NÃO DEFINIDO,Outros,Inexistentes,Betuminoso,Recta,Com inclinação,Sem berma ou impraticável,Em plena via,Direita
2013695079,2013:03:16 17:20:00,01/16/00,03/01/00,01/01/00,Guarda Nacional Republicana,50.0,50.0,Sábado       ,"38,596115","-09,048212",0,0,1,Estrada sem separador,Seco e limpo,Lisboa,Arruda dos Vinhos,Arruda dos Vinhos,Arruda dos Vinhos  (recta da Fresca),,EN - Estrada Nacional,EN248,Em bom estado,18.15,Bom tempo,Dois sentidos,Em entroncamento,Dentro das localidades,Em pleno dia,Com marcas - separadoras de sentido de trânsito,Colisão com outras situações,NÃO DEFINIDO,Inexistentes,NÃO DEFINIDO,NÃO DEFINIDO,Intermitente,Betuminoso,Recta,Em patamar,Berma pavimentada,Em plena via,Direita
2010441178,2010:03:17 13:30:00,01/17/00,03/01/00,01/01/00,Polícia de Segurança Pública,50.0,50.0,Quarta-Feira ,"0,00","0,00",0,0,1,Estrada sem separador,Húmido,Porto,Povoa de Varzim,Póvoa de Varzim,,Rua Engenheito Ezequiel de Campos,Arruamento,0,Em estado regular,,Bom tempo,Dois sentidos,NÃO DEFINIDO,Dentro das localidades,Em pleno dia,Com marcas - separadoras de sentido de trânsito,Despiste sem dispositivo de retenção,NÃO DEFINIDO,Inexistentes,NÃO DEFINIDO,NÃO DEFINIDO,Inexistentes,Betuminoso,Curva,Em patamar,Berma não pavimentada,Na berma,Direita
20191700184,2019:03:07 15:10:00,01/07/00,03/01/00,01/01/00,Guarda Nacional Republicana,50.0,50.0,Quinta-Feira ,"41,678650","-7,104476",0,0,1,Estrada sem separador,Molhado,Bragança,Macedo de Cavaleiros,Lamalonga,Vila Nova da Rainha.,,ER - Estrada Regional,ER206,Em bom estado,"190,8",Chuva,Dois sentidos,Fora da intersecção,Dentro das localidades,Em pleno dia,Com marcas - separadoras de sentido de trânsito,Despiste simples,NÃO DEFINIDO,Inexistentes,NÃO DEFINIDO,Proibição de ultrapassagem,Inexistentes,Betuminoso,Curva,Em patamar,Berma não pavimentada,Na berma,Direita
20191699319,2019:03:08 14:30:00,01/08/00,03/01/00,01/01/00,Guarda Nacional Republicana,50.0,50.0,Sexta-Feira  ,"40,651150","-8,547285",0,0,1,Estrada sem separador,Seco e limpo,Aveiro,Albergaria-a-Velha,São João de Loure e Frossos,FROSSOS,Rua do Vale do Mouro - Vale de Mouro,Arruamento,0,Em mau estado,,Bom tempo,Dois sentidos,Fora da intersecção,Dentro das localidades,Em pleno dia,Com marcas - separadoras de sentido de trânsito,Despiste simples,NÃO DEFINIDO,Não sinalizados,NÃO DEFINIDO,NÃO DEFINIDO,Inexistentes,Betuminoso,Recta,Em patamar,Berma não pavimentada,Em plena via,Direita
2012607331,2012:03:27 12:20:00,01/27/00,03/01/00,01/01/00,Guarda Nacional Republicana,50.0,90.0,Terça-Feira  ,"38,614477","-9,047363",0,0,1,Outra via,Seco e limpo,Setúbal,Barreiro,Palhais,PALHAIS,,EN - Estrada Nacional,EN10-3,Em estado regular,2.6,Bom tempo,Dois sentidos,Fora da intersecção,Fora das localidades,Em pleno dia,Com marcas - separadoras de sentido de trânsito,Colisão lateral com outro veículo em movimento,NÃO DEFINIDO,Inexistentes,No sentido crescente da quilometragem,Outros,Inexistentes,Betuminoso,Recta,Com inclinação,Sem berma ou impraticável,Em plena via,Direita
2011529272,2011:03:13 01:00:00,01/13/00,03/01/00,01/01/00,Guarda Nacional Republicana,50.0,50.0,Domingo      ,,,0,0,1,Estrada sem separador,Molhado,Setúbal,Moita,Alhos Vedros,ALHOS VEDROS,R DA ESCOLA PRIMARIA,Arruamento,0,Em bom estado,,Chuva,Sentido único,Em rotunda,Dentro das localidades,"Noite, com iluminação",Sem marcas rodoviárias ou pouco visíveis,Despiste simples,NÃO DEFINIDO,Inexistentes,NÃO DEFINIDO,Outros,Inexistentes,Betuminoso,Curva,Em patamar,Berma pavimentada,No passeio,Direita
20191698983,2019:03:11 19:25:00,01/11/00,03/01/00,01/01/00,Guarda Nacional Republicana,50.0,50.0,Segunda-Feira,"41,220680","-8,249660",0,0,1,Estrada sem separador,Seco e limpo,Porto,Penafiel,Croca,Penafiel,,EN - Estrada Nacional,EN15,Em bom estado,"34,736",Bom tempo,Dois sentidos,Fora da intersecção,Dentro das localidades,"Noite, com iluminação",Com marcas - separadoras de sentido de trânsito,Colisão traseira com outro veículo em movimento,NÃO DEFINIDO,Inexistentes,NÃO DEFINIDO,NÃO DEFINIDO,Inexistentes,Betuminoso,Recta,Em patamar,Sem berma ou impraticável,Em plena via,Direita
2014814657,2014:03:11 08:00:00,01/11/00,03/01/00,01/01/00,Guarda Nacional Republicana,60.0,120.0,Terça-Feira  ,"38,429355","-9,161038",0,0,1,Auto-estrada,Seco e limpo,Lisboa,Oeiras,União das freguesias de Carnaxide e Queijas,Caxias,,A  - Auto-Estrada,A5,Em estado regular,8.6,Bom tempo,Sentido único,Em via de aceleração,Fora das localidades,Em pleno dia,Com marcas - separadoras de sentido e de vias de trânsito,Colisão lateral com outro veículo em movimento,NÃO DEFINIDO,Inexistentes,No sentido decrescente da quilometragem,Outros,Inexistentes,Betuminoso,Recta,Em patamar,Berma pavimentada,Em plena via,Direita
20181363932,2018:03:03 16:35:00,01/03/00,03/01/00,01/01/00,Polícia de Segurança Pública,40.0,40.0,Sábado       ,"0,0","0,0",0,0,2,Estrada sem separador,Molhado,Porto,Povoa de Varzim,"União das freguesias da Póvoa de Varzim, Beiriz e Argivai",Póvoa de Varzim,Rua Penalves                                                                                        ,Arruamento,0,Em estado regular,,Chuva,Dois sentidos,Em cruzamento,Dentro das localidades,Em pleno dia,Com marcas - separadoras de sentido de trânsito,Colisão lateral com outro veículo em movimento,NÃO DEFINIDO,Inexistentes,NÃO DEFINIDO,Outros,A funcionar normalmente,Betuminoso,Recta,Em patamar,Sem berma ou impraticável,Em plena via,Direita
20161037910,2016:03:15 13:10:00,01/15/00,03/01/00,01/01/00,Polícia de Segurança Pública,80.0,60.0,Terça-Feira  ,"38,744729","-9,164913",0,0,1,Outra via,Molhado,Lisboa,Lisboa,Campolide,,,IP- Itinerário Principal,IP7,Em estado regular,"8,4",Chuva,Sentido único,NÃO DEFINIDO,Dentro das localidades,Em pleno dia,Com marcas - separadoras de sentido de trânsito,Despiste com dispositivo de retenção,NÃO DEFINIDO,Inexistentes,No sentido decrescente da quilometragem,NÃO DEFINIDO,Inexistentes,Betuminoso,Recta,Em patamar,NÃO DEFINIDO,NÃO DEFINIDO,Esquerda
2011527604,2011:03:28 18:20:00,01/28/00,03/01/00,01/01/00,Guarda Nacional Republicana,90.0,90.0,Segunda-Feira,"39,28376","8,54350",0,0,1,Estrada sem separador,Molhado,Leiria,Alcobaca,Turquel,CASAL VALE DOS VENTOS,,EM - Estrada Municipal,0,Em estado regular,0.01,Chuva,Dois sentidos,Fora da intersecção,Fora das localidades,Em pleno dia,Sem marcas rodoviárias ou pouco visíveis,Colisão com fuga,NÃO DEFINIDO,Inexistentes,NÃO DEFINIDO,Outros,Inexistentes,Betuminoso,Curva,Com inclinação,Sem berma ou impraticável,Em plena via,Direita
2011515967,2011:03:04 17:10:00,01/04/00,03/01/00,01/01/00,Polícia de Segurança Pública,50.0,50.0,Sexta-Feira  ,"0,00","0,00",0,0,1,Estrada sem separador,Húmido,Coimbra,Coimbra,Santo António dos Olivais,,Rua do Brasil,Arruamento,0,Em estado regular,,Bom tempo,Dois sentidos,Fora da intersecção,Dentro das localidades,Em pleno dia,Com marcas - separadoras de sentido e de vias de trânsito,Colisão traseira com outro veículo em movimento,NÃO DEFINIDO,Inexistentes,NÃO DEFINIDO,Outros,Inexistentes,Betuminoso,Recta,Em patamar,Berma pavimentada,Em plena via,Direita
2012609331,2012:03:17 21:20:00,01/17/00,03/01/00,01/01/00,Polícia de Segurança Pública,50.0,50.0,Sábado       ,"0,00","0,00",0,0,2,Outra via,Molhado,Braga,Braga,Lamaçães,,Avª Robert Smith,Arruamento,0,Em mau estado,,Chuva,Dois sentidos,Em rotunda,Dentro das localidades,"Noite, com iluminação",Sem marcas rodoviárias ou pouco visíveis,Despiste sem dispositivo de retenção,NÃO DEFINIDO,Correctamente sinalizados,NÃO DEFINIDO,Cedência de passagem,Inexistentes,Betuminoso,Curva,Em patamar,Berma pavimentada,Em plena via,Esquerda
2012607365,2012:03:03 00:45:00,01/03/00,03/01/00,01/01/00,Guarda Nacional Republicana,50.0,120.0,Sábado       ,"38,650269","-9,200805",0,0,1,Auto-estrada,Seco e limpo,Setúbal,Almada,Charneca de Caparica,PALHAIS,,A  - Auto-Estrada,A33,Em bom estado,0.3,Bom tempo,Sentido único,Em rotunda,Fora das localidades,"Noite, com iluminação",Com marcas - separadoras de sentido de trânsito,Colisão lateral com outro veículo em movimento,NÃO DEFINIDO,Inexistentes,No sentido crescente da quilometragem,NÃO DEFINIDO,Inexistentes,Betuminoso,Curva,Em patamar,Berma pavimentada,Em plena via,Esquerda
20171253569,2017:03:22 17:40:00,01/22/00,03/01/00,01/01/00,Guarda Nacional Republicana,70.0,120.0,Quarta-Feira ,"41,156768","-8,571423",0,0,1,Auto-estrada,Molhado,Porto,Porto,Campanhã,Porto,,A  - Auto-Estrada,A43,Em mau estado,"1,5",Chuva,Sentido único,Fora da intersecção,Fora das localidades,Em pleno dia,Com marcas - separadoras de sentido e de vias de trânsito,Despiste simples,Viaduto/Ponte,Inexistentes,No sentido crescente da quilometragem,Outros,Inexistentes,Betuminoso,Curva,Com inclinação,Berma pavimentada,Em plena via,Esquerda
2015949035,2015:03:04 08:20:00,01/04/00,03/01/00,01/01/00,Guarda Nacional Republicana,50.0,50.0,Quarta-Feira ,"41,271444","-8,100797",0,0,1,Estrada sem separador,Seco e limpo,Braga,Fafe,Fafe,,Rua General Humberto Delgado,Arruamento,0,Em bom estado,,Bom tempo,Sentido único,Fora da intersecção,Dentro das localidades,Em pleno dia,Sem marcas rodoviárias ou pouco visíveis,Atropelamento de peões,NÃO DEFINIDO,Inexistentes,NÃO DEFINIDO,Passagem de peões,Inexistentes,Betuminoso,Recta,Em patamar,Berma pavimentada,Em plena via,Direita
2012607008,2012:03:09 15:50:00,01/09/00,03/01/00,01/01/00,Guarda Nacional Republicana,50.0,50.0,Sexta-Feira  ,"41,180677","-8,306318",0,0,1,Estrada sem separador,Seco e limpo,Porto,Penafiel,Marecos,PIERES,,EN - Estrada Nacional,EN106,Em bom estado,29.3,Bom tempo,Dois sentidos,Fora da intersecção,Dentro das localidades,Em pleno dia,Com marcas - separadoras de sentido e de vias de trânsito,Despiste com capotamento,NÃO DEFINIDO,Inexistentes,NÃO DEFINIDO,Proibição de ultrapassagem,Inexistentes,Betuminoso,Recta,Em patamar,Sem berma ou impraticável,No passeio,Direita
2011527483,2011:03:20 17:45:00,01/20/00,03/01/00,01/01/00,Guarda Nacional Republicana,50.0,50.0,Domingo      ,"39,562402","-8,883896",0,0,1,Estrada sem separador,Seco e limpo,Leiria,Alcobaca,Aljubarrota (São Vicente),CASAIS DE STA TERES,,IC - Itinerário Complementar,IC2,Em estado regular,100.1,Bom tempo,Dois sentidos,Fora da intersecção,Fora das localidades,Em pleno dia,Com marcas - separadoras de sentido de trânsito,Colisão traseira com outro veículo em movimento,Passagem estreita,Correctamente sinalizados,NÃO DEFINIDO,Proibição de ultrapassagem,Inexistentes,Betuminoso,Recta,Em patamar,Sem berma ou impraticável,Em plena via,Direita
2015951878,2015:03:31 20:40:00,01/31/00,03/01/00,01/01/00,Guarda Nacional Republicana,50.0,50.0,Terça-Feira  ,"41,024805","-8,388620",0,0,1,Estrada sem separador,Seco e limpo,Porto,Vila Nova de Gaia,São Félix da Marinha,Granja,,EN - Estrada Nacional,EN109,Em estado regular,12.85,Bom tempo,Dois sentidos,Em entroncamento,Dentro das localidades,"Noite, com iluminação",Com marcas - separadoras de sentido de trânsito,Colisão frontal,NÃO DEFINIDO,Inexistentes,NÃO DEFINIDO,Cedência de passagem,Inexistentes,Betuminoso,Recta,Em patamar,Sem berma ou impraticável,Em plena via,Direita
2011527222,2011:03:30 15:30:00,01/30/00,03/01/00,01/01/00,Guarda Nacional Republicana,60.0,120.0,Quarta-Feira ,"41,429389","-8,337894",0,0,2,Auto-estrada,Molhado,Braga,Guimaraes,Selho (São Lourenço),SELHO - S LOURENÇO,,A  - Auto-Estrada,A7,Em bom estado,37.675,Chuva,Sentido único,Fora da intersecção,Fora das localidades,Em pleno dia,Com marcas - separadoras de sentido e de vias de trânsito,Despiste com dispositivo de retenção,NÃO DEFINIDO,Inexistentes,No sentido crescente da quilometragem,Outros,Inexistentes,Betuminoso,Curva,Em patamar,Berma pavimentada,Em plena via,Direita
20161036246,2016:03:04 17:10:00,01/04/00,03/01/00,01/01/00,Polícia de Segurança Pública,50.0,50.0,Sexta-Feira  ,"38,528479","-8,900629",0,0,1,Estrada sem separador,Molhado,Setúbal,Setubal,"União das freguesias de Setúbal (São Julião, Nossa Senhora da Anunciada e Santa Maria da Graça)",Setúbal,Rua Brancanes                                                                                       ,Arruamento,0,Em estado regular,,Chuva,Dois sentidos,Fora da intersecção,Dentro das localidades,Em pleno dia,Sem marcas rodoviárias ou pouco visíveis,Colisão frontal,NÃO DEFINIDO,Inexistentes,NÃO DEFINIDO,NÃO DEFINIDO,Inexistentes,Betuminoso,Curva,Com inclinação,Berma pavimentada,Em plena via,Direita
2012607664,2012:03:12 17:30:00,01/12/00,03/01/00,01/01/00,Guarda Nacional Republicana,50.0,50.0,Segunda-Feira,,,0,0,1,Estrada sem separador,Seco e limpo,Porto,Matosinhos,Perafita,PERAFITA,AV MARIO BRITO,Arruamento,0,Em bom estado,,Bom tempo,Dois sentidos,Fora da intersecção,Dentro das localidades,Em pleno dia,Sem marcas rodoviárias ou pouco visíveis,Colisão lateral com outro veículo em movimento,NÃO DEFINIDO,Inexistentes,NÃO DEFINIDO,NÃO DEFINIDO,A funcionar normalmente,Betuminoso,Recta,Em patamar,Berma pavimentada,Em plena via,Direita
2015915477,2015:03:28 03:45:00,01/28/00,03/01/00,01/01/00,Polícia de Segurança Pública,50.0,50.0,Sábado       ,"41,143202","-8,602167",0,0,1,Outra via,Seco e limpo,Porto,Porto,"União das freguesias de Cedofeita, Santo Ildefonso, Sé, Miragaia, São Nicolau e Vitória",Porto,Rua Alexandre Herculano                                                                             ,Arruamento,0,Em estado regular,,Bom tempo,Sentido único,Fora da intersecção,Dentro das localidades,"Noite, com iluminação",Com marcas - separadoras de sentido e de vias de trânsito,Despiste com capotamento,Viaduto/Ponte,Inexistentes,No sentido decrescente da quilometragem,Outros,A funcionar normalmente,Betuminoso,Recta,Em patamar,Berma pavimentada,Em plena via,Esquerda
2012606582,2012:03:31 21:15:00,01/31/00,03/01/00,01/01/00,Guarda Nacional Republicana,90.0,90.0,Sábado       ,"37,231768","-7,966548",0,3,1,Estrada sem separador,Seco e limpo,Faro,Loule,Salir,EIRA DA CEVADA,,EN - Estrada Nacional,EN124,Em bom estado,67.0,Bom tempo,Dois sentidos,Fora da intersecção,Fora das localidades,"Noite, sem iluminação",Com marcas - separadoras de sentido de trânsito,Despiste com transposição do dispositivo de retenção lateral,NÃO DEFINIDO,Inexistentes,NÃO DEFINIDO,NÃO DEFINIDO,Inexistentes,Betuminoso,Curva,Em patamar,Berma não pavimentada,Em plena via,Direita
2011528130,2011:03:14 15:25:00,01/14/00,03/01/00,01/01/00,Guarda Nacional Republicana,90.0,90.0,Segunda-Feira,"40,932452","-6,934570",0,0,1,Estrada sem separador,Molhado,Guarda,Figueira de Castelo Rodrigo,Escalhão,ESCALHAO,,EN - Estrada Nacional,EN221,Em bom estado,126.76,Chuva,Dois sentidos,Fora da intersecção,Fora das localidades,Em pleno dia,Com marcas - separadoras de sentido de trânsito,Despiste simples,NÃO DEFINIDO,Inexistentes,NÃO DEFINIDO,Outros,Inexistentes,Betuminoso,Curva,Em patamar,Sem berma ou impraticável,Em plena via,Direita
20181372109,2018:03:16 15:00:00,01/16/00,03/01/00,01/01/00,Polícia de Segurança Pública,50.0,90.0,Sexta-Feira  ,"41,184683","-8,609648",0,0,2,Outra via,Seco e limpo,Porto,Porto,Paranhos,Porto,,EN - Estrada Nacional,EN12,Em bom estado,"7,8",Bom tempo,Sentido único,Fora da intersecção,Dentro das localidades,Em pleno dia,Com marcas - separadoras de sentido e de vias de trânsito,Despiste sem dispositivo de retenção,NÃO DEFINIDO,Inexistentes,No sentido decrescente da quilometragem,Outros,Inexistentes,Betuminoso,Recta,Em patamar,Berma pavimentada,Em plena via,Esquerda
2013670801,2013:03:06 09:55:00,01/06/00,03/01/00,01/01/00,Polícia de Segurança Pública,50.0,50.0,Quarta-Feira ,"0,00","0,00",0,0,1,Estrada sem separador,Molhado,Aveiro,Ovar,Ovar,Ovar,Rua Alexandre Herculano                                                                             ,Arruamento,0,Em bom estado,,Chuva,Sentido único,Fora da intersecção,Dentro das localidades,Em pleno dia,Sem marcas rodoviárias ou pouco visíveis,Atropelamento de peões,NÃO DEFINIDO,Inexistentes,NÃO DEFINIDO,Outros,Inexistentes,Calçada,Recta,Com inclinação,Berma pavimentada,No passeio,Direita