Id. Acidente,Datahora,Dia,Mês,Hora,Entidades Fiscalizadoras,Velocidade local,Velocidade geral,Dia da Semana,Latitude GPS,Longitude GPS,Num. Mortos a 30 dias,Num. Feridos graves a 30 dias,Num. Feridos ligeiros a 30 dias,Características Tecnicas1,Cond Aderência,Distrito,Concelho,Freguesia,Pov. Proxima,Nome arruamento,Tipos Vias,Cod Via,Estado Conservação,Km,Factores Atmosféricos,Reg Circulação1,Intersecção Vias,Localizações,Luminosidade,Marca Via,Natureza,Obras Arte,Obstáculos,Sentidos,Sinais,Sinais Luminosos,Tipo Piso,Traçado 1,Traçado 2,Traçado 3,Traçado 4,Via Trânsito
20191698341,2019:03:15 12:10:00,01/15/00,03/01/00,01/01/00,Guarda Nacional Republicana,50.0,50.0,Sexta-Feira  ,"40,416620","-8,579841",0,0,1,Estrada sem separador,Seco e limpo,Coimbra,Cantanhede,União das freguesias de Covões e Camarneira,Quinta da Alegria,Rua Central 1,Arruamento,0,Em estado regular,,Bom tempo,Dois sentidos,Fora da intersecção,Dentro das localidades,Em pleno dia,Sem marcas rodoviárias ou pouco visíveis,Colisão frontal,NÃO DEFINIDO,Inexistentes,NÃO DEFINIDO,NÃO DEFINIDO,Inexistentes,Betuminoso,Curva,Em patamar,Sem berma ou impraticável,Em plena via,Direita
2015907084,2015:03:06 10:15:00,01/06/00,03/01/00,01/01/00,Polícia de Segurança Pública,50.0,50.0,Sexta-Feira  ,"38,715880","-9,147213",0,0,1,Estrada sem separador,Seco e limpo,Lisboa,Lisboa,Santo António,Lisboa,Rua Dom Pedro V                                                                                     ,Arruamento,0,Em bom estado,,Bom tempo,Dois sentidos,NÃO DEFINIDO,Dentro das localidades,Em pleno dia,Com marcas - separadoras de sentido de trânsito,Atropelamento de peões,NÃO DEFINIDO,Inexistentes,NÃO DEFINIDO,Passagem de peões,Inexistentes,Betuminoso,Recta,Em patamar,Berma pavimentada,Em plena via,Direita
2014781258,2014:03:22 23:05:00,01/22/00,03/01/00,01/01/00,Polícia de Segurança Pública,50.0,50.0,Sábado       ,"41,097502","-8,618926",0,0,3,Estrada sem separador,Húmido,Porto,Vila Nova de Gaia,Vilar do Paraíso,Vila Nova de Gaia,Rua Florido Toscano,Arruamento,0,Em estado regular,,Bom tempo,Dois sentidos,Em cruzamento,Dentro das localidades,"Noite, com iluminação",Com marcas - separadoras de sentido de trânsito,Colisão lateral com outro veículo em movimento,NÃO DEFINIDO,Inexistentes,NÃO DEFINIDO,Stop,Intermitente,Betuminoso,Recta,Com inclinação,Berma pavimentada,Em plena via,Direita
20191700865,2019:03:01 18:35:00,01/01/00,03/01/00,01/01/00,Guarda Nacional Republicana,50.0,50.0,Sexta-Feira  ,"40,422740","-8,015110",0,0,1,Estrada sem separador,Seco e limpo,Viseu,Carregal do Sal,"União das freguesias de Currelos, Papízios e Sobral",Carregal do Sal,Parque Industrial de São Domingos,Arruamento,0,Em bom estado,,Bom tempo,Dois sentidos,Fora da intersecção,Dentro das localidades,"Noite, com iluminação",Com marcas - separadoras de sentido de trânsito,Despiste com colisão com veículo imobil. ou obstáculo,NÃO DEFINIDO,Inexistentes,NÃO DEFINIDO,Outros,Inexistentes,Betuminoso,Recta,Em patamar,Berma pavimentada,No passeio,Direita
2015910537,2015:03:05 15:15:00,01/05/00,03/01/00,01/01/00,Polícia de Segurança Pública,40.0,50.0,Quinta-Feira ,"40,890212","-8,492647",0,0,1,Outra via,Seco e limpo,Aveiro,Sao Joao da Madeira,São João da Madeira,,Avenida Doutor Renato Araújo                                                                        ,Arruamento,0,Em estado regular,,Bom tempo,Dois sentidos,Em rotunda,Dentro das localidades,Em pleno dia,Com marcas - separadoras de sentido e de vias de trânsito,Colisão lateral com outro veículo em movimento,NÃO DEFINIDO,Inexistentes,NÃO DEFINIDO,Cedência de passagem,Inexistentes,Betuminoso,Recta,Em patamar,Berma pavimentada,Em plena via,Esquerda
2011529018,2011:03:13 01:13:00,01/13/00,03/01/00,01/01/00,Guarda Nacional Republicana,50.0,50.0,Domingo      ,,,0,0,1,Estrada sem separador,Húmido,Braga,Barcelos,Panque,S PEDRO - ESTRADA DO ALVITO,,EM - Estrada Municipal,0,Em estado regular,,Chuva,Dois sentidos,Em via de desaceleração,Dentro das localidades,"Noite, sem iluminação",Com marcas - separadoras de sentido de trânsito,Despiste simples,NÃO DEFINIDO,Inexistentes,NÃO DEFINIDO,Outros,Inexistentes,Betuminoso,Curva,Com inclinação,Sem berma ou impraticável,Em plena via,Direita
2012597060,2012:03:24 12:15:00,01/24/00,03/01/00,01/01/00,Polícia de Segurança Pública,50.0,40.0,Sábado       ,"38,899706","-7,178103",0,0,1,Estrada sem separador,Húmido,Portalegre,Elvas,Alcáçova,,,EN - Estrada Nacional,EN246,Em estado regular,80.0,Bom tempo,Dois sentidos,Fora da intersecção,Dentro das localidades,Em pleno dia,Com marcas - separadoras de sentido de trânsito,Despiste sem dispositivo de retenção,NÃO DEFINIDO,Inexistentes,NÃO DEFINIDO,NÃO DEFINIDO,Inexistentes,Betão de cimento,Recta,Com inclinação,Berma pavimentada,Em plena via,Direita
20171251651,2017:03:12 05:40:00,01/12/00,03/01/00,01/01/00,Guarda Nacional Republicana,50.0,50.0,Domingo      ,"41,737164","-7,494389",0,0,4,Estrada sem separador,Seco e limpo,Vila Real,Chaves,Vale de Anta,Vale de Anta,Rua 25 de Abril,Arruamento,0,Em estado regular,,Bom tempo,Dois sentidos,Fora da intersecção,Dentro das localidades,"Noite, com iluminação",Sem marcas rodoviárias ou pouco visíveis,Despiste simples,NÃO DEFINIDO,Inexistentes,NÃO DEFINIDO,NÃO DEFINIDO,Inexistentes,Betuminoso,Recta,Em patamar,Berma não pavimentada,Na berma,Direita
2012608334,2012:03:11 17:00:00,01/11/00,03/01/00,01/01/00,Guarda Nacional Republicana,50.0,50.0,Domingo      ,,,0,0,1,Estrada sem separador,Seco e limpo,Santarém,Santarem,Moçarria,VILA NOVA DA BABECA,R E VILANOVA,Arruamento,0,Em estado regular,,Bom tempo,Dois sentidos,Fora da intersecção,Dentro das localidades,Em pleno dia,Sem marcas rodoviárias ou pouco visíveis,Colisão frontal,NÃO DEFINIDO,Inexistentes,NÃO DEFINIDO,NÃO DEFINIDO,Inexistentes,Betuminoso,Curva,Com inclinação,Berma não pavimentada,Em plena via,Direita
2010447459,2010:03:25 07:45:00,01/25/00,03/01/00,01/01/00,Polícia de Segurança Pública,50.0,50.0,Quinta-Feira ,"0,00","0,00",0,0,1,Outra via,Seco e limpo,Évora,Evora,Senhora da Saúde,,Rua Chafariz Del Rei,Arruamento,0,Em bom estado,,Chuva,Sentido único,Em rotunda,Dentro das localidades,Em pleno dia,Com marcas - separadoras de sentido de trânsito,Despiste com capotamento,NÃO DEFINIDO,Inexistentes,No sentido crescente da quilometragem,Cedência de passagem,Inexistentes,Calçada,Curva,Em patamar,Berma pavimentada,Em plena via,Direita
20171251625,2017:03:11 20:10:00,01/11/00,03/01/00,01/01/00,Guarda Nacional Republicana,60.0,90.0,Sábado       ,"39,492640","-8,931678",0,1,1,Estrada sem separador,Seco e limpo,Leiria,Alcobaca,Évora de Alcobaça,Carris,,EN - Estrada Nacional,EN1,Em bom estado,"91,3",Bom tempo,Dois sentidos,Fora da intersecção,Fora das localidades,"Noite, com iluminação",Sem marcas rodoviárias ou pouco visíveis,Colisão lateral com outro veículo em movimento,NÃO DEFINIDO,Inexistentes,NÃO DEFINIDO,NÃO DEFINIDO,Inexistentes,Betuminoso,Recta,Em patamar,Sem berma ou impraticável,Em plena via,Direita
2013694650,2013:03:04 02:00:00,01/04/00,03/01/00,01/01/00,Guarda Nacional Republicana,120.0,120.0,Segunda-Feira,"40,539424","-08,340464",0,0,3,Auto-estrada,Seco e limpo,Aveiro,Santa Maria da Feira,Travanca,Travanca,,A  - Auto-Estrada,A1,Em bom estado,271.415,Bom tempo,Sentido único,Fora da intersecção,Fora das localidades,"Noite, sem iluminação",Com marcas - separadoras de sentido e de vias de trânsito,Colisão traseira com outro veículo em movimento,NÃO DEFINIDO,Inexistentes,No sentido crescente da quilometragem,Outros,Inexistentes,Betuminoso,Recta,Com inclinação,Berma pavimentada,Em plena via,Direita
2011501552,2010:03:21 01:30:00,01/21/00,03/01/00,01/01/00,Polícia de Segurança Pública,90.0,90.0,Domingo      ,"0,00","0,00",0,0,1,Auto-estrada,Seco e limpo,Porto,Porto,Campanhã,,,A  - Auto-Estrada,A20,Em bom estado,,Chuva,Sentido único,NÃO DEFINIDO,Fora das localidades,"Noite, com iluminação",Com marcas - separadoras de sentido de trânsito,Despiste com dispositivo de retenção,NÃO DEFINIDO,Inexistentes,NÃO DEFINIDO,Outros,Inexistentes,Betuminoso,Recta,Com inclinação,Berma pavimentada,Em plena via,Direita
2015905358,2015:03:02 14:40:00,01/02/00,03/01/00,01/01/00,Polícia de Segurança Pública,50.0,50.0,Segunda-Feira,"38,724723","-9,153379",0,0,1,Estrada sem separador,Seco e limpo,Lisboa,Lisboa,Santo António,Lisboa,Rua Castilho                                                                                        ,Arruamento,0,NÃO DEFINIDO,,Bom tempo,Dois sentidos,Fora da intersecção,Dentro das localidades,Em pleno dia,Com marcas - separadoras de sentido e de vias de trânsito,Colisão lateral com outro veículo em movimento,NÃO DEFINIDO,NÃO DEFINIDO,NÃO DEFINIDO,NÃO DEFINIDO,Inexistentes,Betuminoso,Recta,Com inclinação,Sem berma ou impraticável,Em plena via,Direita
20161140193,2016:03:18 19:30:00,01/18/00,03/01/00,01/01/00,Guarda Nacional Republicana,90.0,90.0,Sexta-Feira  ,"39,206598","-9,099751",0,0,1,Estrada sem separador,Húmido,Leiria,Obidos,"Santa Maria, São Pedro e Sobral da Lagoa",A -DA-GORDA,,EN - Estrada Nacional,EN8,Em bom estado,"81,9",Chuva,Dois sentidos,Fora da intersecção,Fora das localidades,Aurora ou crepúsculo,Com marcas - separadoras de sentido de trânsito,Atropelamento de peões,NÃO DEFINIDO,Inexistentes,NÃO DEFINIDO,NÃO DEFINIDO,Inexistentes,Betuminoso,Recta,Em patamar,Sem berma ou impraticável,Em plena via,Esquerda
2014832774,2014:04:30 21:00:00,01/30/00,04/01/00,01/01/00,Guarda Nacional Republicana,90.0,90.0,Quarta-Feira ,"39,336518","-8,531201",0,0,1,Outra via,Seco e limpo,Leiria,Alcobaca,Aljubarrota,Casais Santa Teresa,,IC - Itinerário Complementar,IC2,Em bom estado,99.9,Bom tempo,Sentido único,Fora da intersecção,Fora das localidades,"Noite, com iluminação",Com marcas - separadoras de sentido e de vias de trânsito,Colisão lateral com outro veículo em movimento,NÃO DEFINIDO,Inexistentes,No sentido crescente da quilometragem,Outros,Inexistentes,Betuminoso,Recta,Com inclinação,Berma pavimentada,Em plena via,Esquerda
2010449494,2010:04:26 16:50:00,01/26/00,04/01/00,01/01/00,Polícia de Segurança Pública,50.0,50.0,Segunda-Feira,"0,00","0,00",0,0,1,Estrada sem separador,Húmido,Porto,Vila do Conde,Vila do Conde,,Avenida Brasil,Arruamento,0,Em estado regular,,Bom tempo,Dois sentidos,Fora da intersecção,Dentro das localidades,Em pleno dia,Com marcas - separadoras de sentido de trânsito,Colisão com outras situações,NÃO DEFINIDO,Inexistentes,NÃO DEFINIDO,NÃO DEFINIDO,Inexistentes,Betuminoso,Recta,Em patamar,Berma pavimentada,Em plena via,Direita
2014795364,2014:04:29 16:05:00,01/29/00,04/01/00,01/01/00,Polícia de Segurança Pública,50.0,50.0,Terça-Feira  ,"38,701299","-9,388063",0,0,1,Estrada sem separador,Seco e limpo,Lisboa,Cascais,União das freguesias de Cascais e Estoril,São João do Estoril,,EN - Estrada Nacional,EN6,Em estado regular,15.95,Bom tempo,Sentido único,Fora da intersecção,Dentro das localidades,Em pleno dia,Com marcas - separadoras de sentido de trânsito,Colisão com outras situações,NÃO DEFINIDO,Inexistentes,NÃO DEFINIDO,Passagem de peões,A funcionar normalmente,Betuminoso,Recta,Em patamar,Berma pavimentada,Em plena via,Esquerda
2015918749,2015:04:04 23:00:00,01/04/00,04/01/00,01/01/00,Polícia de Segurança Pública,50.0,50.0,Sábado       ,"37,155434","-8,537836",0,0,2,Estrada sem separador,Seco e limpo,Faro,Portimao,Portimão,Portimão,Estrada Monchique                                                                                   ,Arruamento,0,Em estado regular,,Bom tempo,Dois sentidos,Em cruzamento,Dentro das localidades,"Noite, com iluminação",Sem marcas rodoviárias ou pouco visíveis,Colisão com outras situações,NÃO DEFINIDO,Inexistentes,NÃO DEFINIDO,NÃO DEFINIDO,Inexistentes,Betuminoso,Recta,Com inclinação,Sem berma ou impraticável,Em plena via,Direita
20171255540,2017:04:01 11:40:00,01/01/00,04/01/00,01/01/00,Guarda Nacional Republicana,90.0,90.0,Sábado       ,"40,385339","-8,414546",0,0,1,Estrada sem separador,Seco e limpo,Aveiro,Mealhada,"União das freguesias da Mealhada, Ventosa do Bairro e Antes",Mealhada,,EN - Estrada Nacional,EN234,Em bom estado,27,Bom tempo,Dois sentidos,Fora da intersecção,Fora das localidades,Em pleno dia,Sem marcas rodoviárias ou pouco visíveis,Despiste simples,NÃO DEFINIDO,Inexistentes,NÃO DEFINIDO,NÃO DEFINIDO,Inexistentes,Betuminoso,Recta,Em patamar,Sem berma ou impraticável,Em plena via,Direita
2012613131,2012:04:05 10:30:00,01/05/00,04/01/00,01/01/00,Guarda Nacional Republicana,30.0,90.0,Quinta-Feira ,,,0,0,1,Estrada sem separador,Seco e limpo,Beja,Mertola,Alcaria Ruiva,VALE DE AÇOR DE CIMA,,EN - Estrada Nacional,EN122,Em estado regular,20.7,Bom tempo,Dois sentidos,Fora da intersecção,Fora das localidades,Em pleno dia,Com marcas - separadoras de sentido de trânsito,Colisão com outras situações,NÃO DEFINIDO,Correctamente sinalizados,NÃO DEFINIDO,NÃO DEFINIDO,A funcionar normalmente,Betuminoso,Recta,Com inclinação,Berma não pavimentada,Em plena via,Direita
2011533942,2011:04:16 16:15:00,01/16/00,04/01/00,01/01/00,Guarda Nacional Republicana,50.0,50.0,Sábado       ,,,0,0,1,Estrada sem separador,Seco e limpo,Faro,Loule,Quarteira,VILAMOURA,AV ENG JOAO MEIRELES,Arruamento,0,Em bom estado,,Bom tempo,Sentido único,Fora da intersecção,Dentro das localidades,Em pleno dia,Sem marcas rodoviárias ou pouco visíveis,Colisão lateral com outro veículo em movimento,NÃO DEFINIDO,Inexistentes,NÃO DEFINIDO,Passagem de peões,Desligada,Betuminoso,Recta,Em patamar,Berma pavimentada,Em plena via,Direita
2011536357,2011:04:03 00:30:00,01/03/00,04/01/00,01/01/00,Guarda Nacional Republicana,50.0,50.0,Domingo      ,"41,181981","-8,306549",0,0,1,Estrada sem separador,Seco e limpo,Porto,Penafiel,Marecos,,,EN - Estrada Nacional,EN106,Em bom estado,29.15,Bom tempo,Dois sentidos,Em entroncamento,Dentro das localidades,"Noite, com iluminação",Com marcas - separadoras de sentido de trânsito,Colisão lateral com outro veículo em movimento,NÃO DEFINIDO,Inexistentes,NÃO DEFINIDO,NÃO DEFINIDO,Inexistentes,Betuminoso,Curva,Em patamar,Berma pavimentada,Em plena via,Direita
2014831196,2014:04:15 14:10:00,01/15/00,04/01/00,01/01/00,Guarda Nacional Republicana,90.0,90.0,Terça-Feira  ,"39,179516","-7,391168",0,0,1,Estrada sem separador,Com gravilha ou areia,Portalegre,Crato,"União das freguesias de Crato e Mártires, Flor da Rosa e Vale do Peso",Crato (caminho público s/nº),,Outra Via,0,Em estado regular,,Bom tempo,Dois sentidos,Em cruzamento,Fora das localidades,Em pleno dia,Sem marcas rodoviárias ou pouco visíveis,Despiste simples,NÃO DEFINIDO,Inexistentes,NÃO DEFINIDO,NÃO DEFINIDO,Inexistentes,Terra batida,Recta,Em patamar,Sem berma ou impraticável,Em plena via,Direita
2015959280,2015:04:01 13:00:00,01/01/00,04/01/00,01/01/00,Guarda Nacional Republicana,90.0,90.0,Quarta-Feira ,"39,043416","-8,100724",0,0,2,Estrada sem separador,Seco e limpo,Portalegre,Ponte de Sor,Montargil,Montargil,,EN - Estrada Nacional,EN2,Em estado regular,459.2,Bom tempo,Dois sentidos,Em entroncamento,Fora das localidades,Em pleno dia,Com marcas - separadoras de sentido de trânsito,Colisão com veiculo ou obstáculo na faixa de rodagem,NÃO DEFINIDO,Inexistentes,NÃO DEFINIDO,Proibição de ultrapassagem,Inexistentes,Betuminoso,Recta,Em patamar,Berma pavimentada,Em plena via,Direita
20181429979,2018:04:10 15:40:00,01/10/00,04/01/00,01/01/00,Guarda Nacional Republicana,50.0,50.0,Terça-Feira  ,"40,380920","-8,449316",0,0,1,Estrada sem separador,Molhado,Aveiro,Mealhada,"União das freguesias da Mealhada, Ventosa do Bairro e Antes",Mealhada,,EN - Estrada Nacional,EN1,Em bom estado,"209,65",Chuva,Dois sentidos,Em rotunda,Dentro das localidades,Em pleno dia,Com marcas - separadoras de sentido de trânsito,Colisão lateral com outro veículo em movimento,NÃO DEFINIDO,Inexistentes,NÃO DEFINIDO,Outros,Inexistentes,Betuminoso,Curva,Em patamar,Berma pavimentada,Em plena via,Direita
20171227635,2017:04:27 08:20:00,01/27/00,04/01/00,01/01/00,Polícia de Segurança Pública,50.0,50.0,Quinta-Feira ,"38,899270","-9,037330",0,0,1,Estrada sem separador,Seco e limpo,Lisboa,Vila Franca de Xira,União das freguesias de Alverca do Ribatejo e Sobralinho,Alverca do Ribatejo,,EN - Estrada Nacional,EN10,Em estado regular,"128,4",Bom tempo,Dois sentidos,Fora da intersecção,Dentro das localidades,Em pleno dia,Com marcas - separadoras de sentido de trânsito,Colisão com veiculo ou obstáculo na faixa de rodagem,NÃO DEFINIDO,Inexistentes,NÃO DEFINIDO,Passagem de peões,Inexistentes,Betuminoso,Recta,Em patamar,Berma pavimentada,Na berma,Direita
2013678966,2013:04:21 19:00:00,01/21/00,04/01/00,01/01/00,Polícia de Segurança Pública,50.0,50.0,Domingo      ,"0,00","0,00",0,0,1,Outra via,Seco e limpo,Lisboa,Oeiras,Porto Salvo,Porto Salvo,,EN - Estrada Nacional,EN249-3,Em estado regular,3.0,Bom tempo,Sentido único,Em rotunda,Dentro das localidades,Em pleno dia,Com marcas - separadoras de sentido e de vias de trânsito,Despiste com capotamento,NÃO DEFINIDO,Inexistentes,No sentido crescente da quilometragem,Cedência de passagem,Desligada,Betuminoso,Curva,Em patamar,Berma pavimentada,Em plena via,Direita
2013711579,2013:04:03 10:40:00,01/03/00,04/01/00,01/01/00,Guarda Nacional Republicana,90.0,90.0,Quarta-Feira ,"37,052602","-07,468965",0,0,1,Estrada sem separador,Húmido,Faro,Olhao,Moncarapacho,Moncarapacho,,EM - Estrada Municipal,EM516,Em bom estado,,Chuva,Dois sentidos,Fora da intersecção,Fora das localidades,Em pleno dia,Sem marcas rodoviárias ou pouco visíveis,Despiste simples,NÃO DEFINIDO,Inexistentes,NÃO DEFINIDO,NÃO DEFINIDO,Inexistentes,Betuminoso,Recta,Em patamar,Berma não pavimentada,Em plena via,Direita
20171258889,2017:04:17 00:01:00,01/17/00,04/01/00,01/01/00,Guarda Nacional Republicana,100.0,100.0,Segunda-Feira,"41,596659","-8,442827",0,0,1,Outra via,Seco e limpo,Braga,Braga,Palmeira,Palmeira,,EN - Estrada Nacional,EN101,Em estado regular,"86,587",Bom tempo,Sentido único,Fora da intersecção,Dentro das localidades,"Noite, com iluminação",Com marcas - separadoras de sentido e de vias de trânsito,Colisão com fuga,NÃO DEFINIDO,Inexistentes,No sentido crescente da quilometragem,NÃO DEFINIDO,Inexistentes,Betuminoso,Recta,Em patamar,Berma pavimentada,Em plena via,Direita
2015960155,2015:04:20 07:30:00,01/20/00,04/01/00,01/01/00,Guarda Nacional Republicana,50.0,50.0,Segunda-Feira,"41,173412","-8,403031",0,0,1,Estrada sem separador,Seco e limpo,Porto,Vila do Conde,Vilar,,Rua Albino Moreira,Arruamento,0,Em estado regular,,Bom tempo,Dois sentidos,Fora da intersecção,Dentro das localidades,Em pleno dia,Sem marcas rodoviárias ou pouco visíveis,Despiste simples,NÃO DEFINIDO,Não sinalizados,NÃO DEFINIDO,Outros,Inexistentes,Calçada,Recta,Em patamar,Berma pavimentada,Em plena via,Direita
20191670784,2019:04:04 11:30:00,01/04/00,04/01/00,01/01/00,Polícia de Segurança Pública,50.0,50.0,Quinta-Feira ,"41,416641","-8,766327",0,0,1,Estrada sem separador,Seco e limpo,Porto,Povoa de Varzim,"União das freguesias de Aver-o-Mar, Amorim e Terroso",Póvoa de Varzim,Rua Gomes de Amorim                                                                                 ,Arruamento,0,Em estado regular,,Bom tempo,Dois sentidos,Fora da intersecção,Dentro das localidades,Em pleno dia,Com marcas - separadoras de sentido de trânsito,Despiste com colisão com veículo imobil. ou obstáculo,NÃO DEFINIDO,Inexistentes,NÃO DEFINIDO,Outros,Inexistentes,Betuminoso,Recta,Em patamar,Berma pavimentada,Em plena via,Direita
2012602276,2012:04:12 21:30:00,01/12/00,04/01/00,01/01/00,Polícia de Segurança Pública,50.0,50.0,Quinta-Feira ,"0,00","0,00",0,0,1,Estrada sem separador,Húmido,Lisboa,Sintra,Casal de Cambra,,Avenida Lisboa                                                                                      ,Arruamento,0,Em estado regular,,Chuva,Sentido único,Fora da intersecção,Dentro das localidades,"Noite, com iluminação",Sem marcas rodoviárias ou pouco visíveis,Atropelamento de peões,NÃO DEFINIDO,Inexistentes,NÃO DEFINIDO,Passagem de peões,Inexistentes,Betuminoso,Recta,Com inclinação,Berma pavimentada,Em plena via,Esquerda
20191652161,2018:04:07 19:45:00,01/07/00,04/01/00,01/01/00,Polícia de Segurança Pública,50.0,50.0,Sábado       ,"41,206336","-8,563816",0,0,1,Estrada sem separador,Seco e limpo,Porto,Maia,Águas Santas,,Avenida Lidador da Maia                                                                             ,Arruamento,0,Em bom estado,,Bom tempo,Dois sentidos,Em cruzamento,Dentro das localidades,"Noite, com iluminação",Com marcas - separadoras de sentido de trânsito,Colisão frontal,NÃO DEFINIDO,Inexistentes,NÃO DEFINIDO,Stop,Desligada,Betuminoso,Recta,Com inclinação,Berma pavimentada,Em plena via,Direita
2012611787,2012:04:08 00:45:00,01/08/00,04/01/00,01/01/00,Guarda Nacional Republicana,50.0,50.0,Domingo      ,,,0,0,1,Estrada sem separador,Seco e limpo,Porto,Felgueiras,Moure,,R MARGARIDE,Arruamento,0,Em estado regular,,Bom tempo,Dois sentidos,Fora da intersecção,Dentro das localidades,"Noite, com iluminação",Sem marcas rodoviárias ou pouco visíveis,Despiste simples,NÃO DEFINIDO,Inexistentes,NÃO DEFINIDO,Outros,Inexistentes,Betuminoso,Recta,Em patamar,Sem berma ou impraticável,Na berma,Direita
20181428998,2018:04:06 17:20:00,01/06/00,04/01/00,01/01/00,Guarda Nacional Republicana,50.0,50.0,Sexta-Feira  ,"39,375233","-9,093659",0,0,1,Estrada sem separador,Molhado,Leiria,Caldas da Rainha,"União das freguesias de Caldas da Rainha - Nossa Senhora do Pópulo, Coto e São Gregório",São Gregório da Fanadia,Rua Principal,Arruamento,0,Em estado regular,,Bom tempo,Dois sentidos,Fora da intersecção,Dentro das localidades,Em pleno dia,Sem marcas rodoviárias ou pouco visíveis,Despiste simples,NÃO DEFINIDO,Inexistentes,NÃO DEFINIDO,NÃO DEFINIDO,Inexistentes,Betuminoso,Curva,Em patamar,Berma pavimentada,Na berma,Direita
20161144601,2016:04:10 22:30:00,01/10/00,04/01/00,01/01/00,Guarda Nacional Republicana,90.0,90.0,Domingo      ,"38,074191","-8,391021",0,0,1,Estrada sem separador,Seco e limpo,Setúbal,Grandola,União das freguesias de Grândola e Santa Margarida da Serra,GRANDOLA,,IC - Itinerário Complementar,IC33,Em bom estado,"34,4",Chuva,Dois sentidos,Fora da intersecção,Fora das localidades,"Noite, sem iluminação",Com marcas - separadoras de sentido de trânsito,Despiste simples,NÃO DEFINIDO,Inexistentes,NÃO DEFINIDO,NÃO DEFINIDO,Inexistentes,Betuminoso,Recta,Em patamar,Berma pavimentada,Em plena via,Direita
2010456373,2010:04:15 17:30:00,01/15/00,04/01/00,01/01/00,Guarda Nacional Republicana,90.0,90.0,Quinta-Feira ,,,0,0,5,Estrada sem separador,Molhado,Beja,Ferreira do Alentejo,Figueira dos Cavaleiros,STA MARGARIDA,,EN - Estrada Nacional,EN259,Em bom estado,22.1,Chuva,Dois sentidos,Fora da intersecção,Fora das localidades,Em pleno dia,Com marcas - separadoras de sentido de trânsito,Colisão frontal,NÃO DEFINIDO,Inexistentes,NÃO DEFINIDO,NÃO DEFINIDO,Inexistentes,Betuminoso,Recta,Em patamar,Berma pavimentada,Em plena via,Esquerda
20191672808,2019:04:16 18:30:00,01/16/00,04/01/00,01/01/00,Polícia de Segurança Pública,50.0,50.0,Terça-Feira  ,"0,0","0,0",0,0,1,Estrada sem separador,Seco e limpo,Lisboa,Amadora,Alfragide,Amadora,Rua Irmãos Siemens,Arruamento,0,Em estado regular,,Bom tempo,Dois sentidos,Fora da intersecção,Dentro das localidades,Em pleno dia,Sem marcas rodoviárias ou pouco visíveis,Colisão lateral com outro veículo em movimento,NÃO DEFINIDO,Inexistentes,NÃO DEFINIDO,Outros,Desligada,Betuminoso,Recta,Em Lomba,Berma pavimentada,Na berma,Direita
20161044079,2016:04:02 17:30:00,01/02/00,04/01/00,01/01/00,Polícia de Segurança Pública,50.0,50.0,Sábado       ,"38,619764","-9,116932",0,0,1,Estrada sem separador,Seco e limpo,Setúbal,Seixal,Amora,Amora,Avenida 1º Maio,Arruamento,0,Em estado regular,,Bom tempo,Sentido único,Fora da intersecção,Dentro das localidades,Em pleno dia,Com marcas - separadoras de sentido e de vias de trânsito,Colisão traseira com outro veículo em movimento,NÃO DEFINIDO,Inexistentes,NÃO DEFINIDO,Passagem de peões,Inexistentes,Betuminoso,Recta,Em patamar,Berma pavimentada,Em plena via,Direita
2010457775,2010:04:28 21:50:00,01/28/00,04/01/00,01/01/00,Guarda Nacional Republicana,50.0,50.0,Quarta-Feira ,"38,57167","9,24751",0,0,1,Estrada sem separador,Seco e limpo,Lisboa,Mafra,Carvoeira,ERICEIRA,R LIBERDADE,Arruamento,0,Em bom estado,,Bom tempo,Dois sentidos,Fora da intersecção,Dentro das localidades,"Noite, com iluminação",Sem marcas rodoviárias ou pouco visíveis,Despiste com capotamento,NÃO DEFINIDO,Inexistentes,NÃO DEFINIDO,NÃO DEFINIDO,Inexistentes,Betuminoso,Recta,Em patamar,Berma pavimentada,Na berma,Direita
2014787979,2014:04:01 07:00:00,01/01/00,04/01/00,01/01/00,Polícia de Segurança Pública,50.0,50.0,Terça-Feira  ,"38,760376","-9,236483",0,0,2,Estrada sem separador,Molhado,Lisboa,Amadora,Mina de Água,,Avenida Cardoso Lopes                                                                               ,Arruamento,0,Em estado regular,,Chuva,Sentido único,Fora da intersecção,Dentro das localidades,Em pleno dia,Com marcas - separadoras de sentido de trânsito,Despiste com capotamento,NÃO DEFINIDO,Inexistentes,NÃO DEFINIDO,Outros,Inexistentes,Betuminoso,Recta,Em patamar,Berma pavimentada,Em plena via,Direita
2015959329,2015:04:07 09:00:00,01/07/00,04/01/00,01/01/00,Guarda Nacional Republicana,50.0,50.0,Terça-Feira  ,"39,086071","-9,217196",0,0,2,Estrada sem separador,Com gravilha ou areia,Lisboa,Torres Vedras,União das freguesias de A dos Cunhados e Maceira,Póvoa de Penafirme,Rua do Telefe,Arruamento,0,Em mau estado,,Bom tempo,Dois sentidos,Fora da intersecção,Dentro das localidades,Em pleno dia,Sem marcas rodoviárias ou pouco visíveis,Despiste simples,NÃO DEFINIDO,Inexistentes,NÃO DEFINIDO,NÃO DEFINIDO,Inexistentes,Betuminoso,Recta,Com inclinação,Sem berma ou impraticável,Em plena via,Direita
2010457604,2010:04:30 08:50:00,01/30/00,04/01/00,01/01/00,Guarda Nacional Republicana,50.0,50.0,Sexta-Feira  ,,,0,0,2,Outra via,Seco e limpo,Porto,Trofa,Guidões,TROFA,R 1 MAIO,Arruamento,0,Em estado regular,,Bom tempo,Dois sentidos,Fora da intersecção,Dentro das localidades,Em pleno dia,Sem marcas rodoviárias ou pouco visíveis,Atropelamento de peões,Passagem estreita,Inexistentes,No sentido crescente da quilometragem,NÃO DEFINIDO,Inexistentes,Betão de cimento,Recta,Com inclinação,Berma não pavimentada,Na berma,Direita