Id. Acidente,Datahora,Dia,Mês,Hora,Entidades Fiscalizadoras,Velocidade local,Velocidade geral,Dia da Semana,Latitude GPS,Longitude GPS,Num. Mortos a 30 dias,Num. Feridos graves a 30 dias,Num. Feridos ligeiros a 30 dias,Características Tecnicas1,Cond Aderência,Distrito,Concelho,Freguesia,Pov. Proxima,Nome arruamento,Tipos Vias,Cod Via,Estado Conservação,Km,Factores Atmosféricos,Reg Circulação1,Intersecção Vias,Localizações,Luminosidade,Marca Via,Natureza,Obras Arte,Obstáculos,Sentidos,Sinais,Sinais Luminosos,Tipo Piso,Traçado 1,Traçado 2,Traçado 3,Traçado 4,Via Trânsito
20171257692,2017:04:12 18:40:00,01/12/00,04/01/00,01/01/00,Guarda Nacional Republicana,50.0,50.0,Quarta-Feira ,"41,451505","-8,204507",0,0,1,Estrada sem separador,Seco e limpo,Braga,Fafe,Arões (São Romão),Arões (São Romão),Rua das Teixeiras,Arruamento,0,Em bom estado,,Bom tempo,Dois sentidos,Em cruzamento,Dentro das localidades,Em pleno dia,Com marcas - separadoras de sentido de trânsito,Colisão traseira com outro veículo em movimento,NÃO DEFINIDO,Inexistentes,NÃO DEFINIDO,NÃO DEFINIDO,Inexistentes,Betuminoso,Curva,Com inclinação,Sem berma ou impraticável,Em plena via,Direita
2012601897,2012:04:19 07:45:00,01/19/00,04/01/00,01/01/00,Polícia de Segurança Pública,50.0,50.0,Quinta-Feira ,"0,00","0,00",0,0,4,Estrada sem separador,Seco e limpo,Porto,Porto,Sé,Porto,Avenida Gustavo Eiffel,Arruamento,0,Em bom estado,,Chuva,Sentido único,Fora da intersecção,Dentro das localidades,Em pleno dia,Sem marcas rodoviárias ou pouco visíveis,Colisão traseira com outro veículo em movimento,NÃO DEFINIDO,Inexistentes,NÃO DEFINIDO,Passagem de peões,Inexistentes,Betuminoso,Recta,Em patamar,Sem berma ou impraticável,Em plena via,Direita
20181432289,2018:04:18 09:20:00,01/18/00,04/01/00,01/01/00,Guarda Nacional Republicana,120.0,120.0,Quarta-Feira ,"41,182852","-8,449766",0,0,1,Auto-estrada,Seco e limpo,Porto,Valongo,União das freguesias de Campo e Sobrado,Campo,,A  - Auto-Estrada,A4,Em estado regular,"20,495",Bom tempo,Sentido único,Fora da intersecção,Fora das localidades,Em pleno dia,Com marcas - separadoras de sentido e de vias de trânsito,Colisão com veiculo ou obstáculo na faixa de rodagem,NÃO DEFINIDO,Inexistentes,No sentido crescente da quilometragem,NÃO DEFINIDO,Inexistentes,Betuminoso,Recta,Em patamar,Berma pavimentada,Em plena via,Central
2015921448,2015:04:02 18:00:00,01/02/00,04/01/00,01/01/00,Polícia de Segurança Pública,50.0,50.0,Quinta-Feira ,"38,655037","-9,153992",0,0,1,Outra via,Seco e limpo,Setúbal,Almada,União das freguesias de Laranjeiro e Feijó,Almada,Avenida 23 de Julho                                                                                 ,Arruamento,0,Em estado regular,,Bom tempo,Dois sentidos,Fora da intersecção,Dentro das localidades,Em pleno dia,Com marcas - separadoras de sentido e de vias de trânsito,Colisão choque em cadeia,Passagem estreita,Inexistentes,No sentido crescente da quilometragem,Proibição de ultrapassagem,A funcionar normalmente,Betuminoso,Recta,Em patamar,Berma pavimentada,Em plena via,Central
2012613226,2012:04:14 18:15:00,01/14/00,04/01/00,01/01/00,Guarda Nacional Republicana,50.0,50.0,Sábado       ,,,0,0,3,Estrada sem separador,Seco e limpo,Porto,Vila do Conde,Macieira da Maia,VILA DO CONDE,R DA PIMENTA,Arruamento,0,Em estado regular,,Bom tempo,Dois sentidos,Fora da intersecção,Dentro das localidades,Em pleno dia,Com marcas - separadoras de sentido de trânsito,Despiste com colisão com veículo imobil. ou obstáculo,NÃO DEFINIDO,Inexistentes,NÃO DEFINIDO,NÃO DEFINIDO,Inexistentes,Betuminoso,Recta,Em patamar,Sem berma ou impraticável,Em plena via,Direita
2014793530,2014:04:25 14:30:00,01/25/00,04/01/00,01/01/00,Polícia de Segurança Pública,50.0,50.0,Sexta-Feira  ,"40,638180","-8,609130",0,0,1,Estrada sem separador,Seco e limpo,Aveiro,Aveiro,Santa Joana,Aveiro,Rua da Santa Joana,Arruamento,0,Em bom estado,,Bom tempo,Dois sentidos,Em cruzamento,Dentro das localidades,Em pleno dia,Sem marcas rodoviárias ou pouco visíveis,Colisão lateral com outro veículo em movimento,NÃO DEFINIDO,Inexistentes,NÃO DEFINIDO,Cedência de passagem,Inexistentes,Betuminoso,Recta,Em patamar,Berma pavimentada,Em plena via,Direita
2011537295,2011:04:15 17:30:00,01/15/00,04/01/00,01/01/00,Guarda Nacional Republicana,50.0,50.0,Sexta-Feira  ,,,0,0,2,Estrada sem separador,Seco e limpo,Santarém,Alcanena,Alcanena,GOUXARIA,R PRINCIPAL - GOUXARIA,Arruamento,0,Em bom estado,,Bom tempo,Dois sentidos,Fora da intersecção,Dentro das localidades,Em pleno dia,Sem marcas rodoviárias ou pouco visíveis,Colisão com fuga,NÃO DEFINIDO,Inexistentes,NÃO DEFINIDO,Outros,Inexistentes,Betuminoso,Curva,Com inclinação,Berma pavimentada,Em plena via,Direita
2010458782,2010:04:25 05:30:00,01/25/00,04/01/00,01/01/00,Guarda Nacional Republicana,90.0,90.0,Domingo      ,,,0,1,0,Estrada sem separador,Seco e limpo,Santarém,Coruche,Biscainho,BISCAINHO,,EN - Estrada Nacional,EN119,Em bom estado,35.3,Nevoeiro,Dois sentidos,Fora da intersecção,Fora das localidades,"Noite, sem iluminação",Com marcas - separadoras de sentido de trânsito,Despiste com colisão com veículo imobil. ou obstáculo,NÃO DEFINIDO,Inexistentes,NÃO DEFINIDO,Outros,Inexistentes,Betuminoso,Recta,Em patamar,Berma não pavimentada,Em plena via,Direita
2013711143,2013:04:27 12:10:00,01/27/00,04/01/00,01/01/00,Guarda Nacional Republicana,50.0,50.0,Sábado       ,"41,385750","-08,400757",0,0,1,Estrada sem separador,Seco e limpo,Viana do Castelo,Viana do Castelo,Carvoeiro,,,EN - Estrada Nacional,EN308,Em bom estado,8.1,Bom tempo,Dois sentidos,Em entroncamento,Dentro das localidades,Em pleno dia,Com marcas - separadoras de sentido de trânsito,Colisão lateral com outro veículo em movimento,NÃO DEFINIDO,Inexistentes,NÃO DEFINIDO,Stop,Inexistentes,Betuminoso,Curva,Com inclinação,Berma pavimentada,Em plena via,Direita
2011529282,2011:04:02 14:22:00,01/02/00,04/01/00,01/01/00,Guarda Nacional Republicana,90.0,90.0,Sábado       ,"38,065721","-7,460405",1,2,0,Estrada sem separador,Seco e limpo,Beja,Serpa,Pias,PIAS,,EN - Estrada Nacional,EN255,Em bom estado,106.19,Bom tempo,Dois sentidos,NÃO DEFINIDO,Fora das localidades,Em pleno dia,Com marcas - separadoras de sentido de trânsito,Colisão frontal,NÃO DEFINIDO,Inexistentes,NÃO DEFINIDO,Proibição de ultrapassagem,Inexistentes,Betuminoso,Recta,Em Lomba,Sem berma ou impraticável,Em plena via,Direita
2015958124,2015:04:24 17:10:00,01/24/00,04/01/00,01/01/00,Guarda Nacional Republicana,50.0,50.0,Sexta-Feira  ,"41,378174","-8,119593",0,0,1,Estrada sem separador,Molhado,Braga,Vieira do Minho,Tabuaças,Pousadouros,,EN - Estrada Nacional,EN103,Em bom estado,65.0,Chuva,Dois sentidos,Fora da intersecção,Dentro das localidades,Em pleno dia,Com marcas - separadoras de sentido de trânsito,Colisão traseira com outro veículo em movimento,NÃO DEFINIDO,Inexistentes,NÃO DEFINIDO,NÃO DEFINIDO,Inexistentes,Betuminoso,Recta,Em patamar,Sem berma ou impraticável,Em plena via,Direita
20161147094,2016:04:22 20:30:00,01/22/00,04/01/00,01/01/00,Guarda Nacional Republicana,30.0,50.0,Sexta-Feira  ,"40,260490","-8,408269",0,0,1,Estrada sem separador,Seco e limpo,Coimbra,Cantanhede,União das freguesias de Vilamar e Corticeiro de Cima,CORTICEIRO DE CIMA,RUA PADRE BASÍLIO COSTA MORGADO,Arruamento,0,Em mau estado,,Bom tempo,Dois sentidos,Fora da intersecção,Dentro das localidades,"Noite, com iluminação",Sem marcas rodoviárias ou pouco visíveis,Despiste simples,NÃO DEFINIDO,Correctamente sinalizados,NÃO DEFINIDO,Outros,Inexistentes,Betuminoso,Recta,Em patamar,Berma não pavimentada,Na berma,Direita
2014832160,2014:04:05 14:40:00,01/05/00,04/01/00,01/01/00,Guarda Nacional Republicana,50.0,50.0,Sábado       ,"39,160717","-9,094684",0,0,1,Estrada sem separador,Seco e limpo,Leiria,Bombarral,União das freguesias do Bombarral e Vale Covo,Bombarral,Avª Doutor Joaquim de Albuquerque,Arruamento,0,Em bom estado,,Bom tempo,Dois sentidos,Em cruzamento,Dentro das localidades,Em pleno dia,Sem marcas rodoviárias ou pouco visíveis,Colisão lateral com outro veículo em movimento,NÃO DEFINIDO,Inexistentes,NÃO DEFINIDO,Stop,Inexistentes,Betuminoso,Recta,Em patamar,Sem berma ou impraticável,Em plena via,Direita
2010457580,2010:04:23 12:40:00,01/23/00,04/01/00,01/01/00,Guarda Nacional Republicana,50.0,50.0,Sexta-Feira  ,,,0,0,1,Estrada sem separador,Seco e limpo,Porto,Povoa de Varzim,Balazar,,R GANDARA,Arruamento,0,Em estado regular,,Bom tempo,Dois sentidos,Em entroncamento,Dentro das localidades,Em pleno dia,Com marcas - separadoras de sentido de trânsito,Colisão traseira com outro veículo em movimento,NÃO DEFINIDO,Inexistentes,NÃO DEFINIDO,NÃO DEFINIDO,Inexistentes,Betuminoso,Recta,Com inclinação,Sem berma ou impraticável,Em plena via,Esquerda
2013715108,2013:04:10 19:05:00,01/10/00,04/01/00,01/01/00,Guarda Nacional Republicana,50.0,50.0,Quarta-Feira ,"41,364195","-07,175812",0,0,1,Estrada sem separador,Seco e limpo,Vila Real,Valpacos,Valpaços,Valpaços,Avª Alto dos Colmeais,Arruamento,0,Em bom estado,,Bom tempo,Dois sentidos,Fora da intersecção,Dentro das localidades,Em pleno dia,Com marcas - separadoras de sentido e de vias de trânsito,Colisão lateral com outro veículo em movimento,NÃO DEFINIDO,Inexistentes,NÃO DEFINIDO,Outros,Inexistentes,Betuminoso,Curva,Em patamar,Sem berma ou impraticável,Em plena via,Direita
2012605239,2012:04:27 16:05:00,01/27/00,04/01/00,01/01/00,Polícia de Segurança Pública,50.0,50.0,Sexta-Feira  ,"0,00","0,00",0,0,1,Estrada sem separador,Seco e limpo,Coimbra,Coimbra,<Sem Freguesia>,,Rua Sofia,Arruamento,0,Em bom estado,,Bom tempo,Dois sentidos,NÃO DEFINIDO,Dentro das localidades,Em pleno dia,Com marcas - separadoras de sentido e de vias de trânsito,Atropelamento de peões,NÃO DEFINIDO,Inexistentes,NÃO DEFINIDO,NÃO DEFINIDO,A funcionar normalmente,Betuminoso,Recta,Em patamar,Berma pavimentada,Em plena via,Direita
2011536686,2011:04:05 10:30:00,01/05/00,04/01/00,01/01/00,Guarda Nacional Republicana,50.0,50.0,Terça-Feira  ,"39,37222","8,43930",0,0,1,Estrada sem separador,Seco e limpo,Leiria,Batalha,São Mamede,S MAMEDE,R PRAÇA S MAMEDE - BATALHA,Arruamento,0,Em bom estado,,Bom tempo,Dois sentidos,Fora da intersecção,Dentro das localidades,Em pleno dia,Com marcas - separadoras de sentido de trânsito,Despiste simples,NÃO DEFINIDO,Inexistentes,NÃO DEFINIDO,Outros,Inexistentes,Betuminoso,Recta,Com inclinação,Berma pavimentada,Em plena via,Direita
2010455863,2010:04:05 18:10:00,01/05/00,04/01/00,01/01/00,Guarda Nacional Republicana,90.0,90.0,Segunda-Feira,,,0,0,3,Estrada sem separador,Seco e limpo,Guarda,Celorico da Beira,Baraçal,BARACAL,,EM - Estrada Municipal,EM580,Em bom estado,,Bom tempo,Dois sentidos,Fora da intersecção,Fora das localidades,Em pleno dia,Sem marcas rodoviárias ou pouco visíveis,Colisão lateral com outro veículo em movimento,NÃO DEFINIDO,Inexistentes,NÃO DEFINIDO,Outros,Inexistentes,Betuminoso,Curva,Com inclinação,Sem berma ou impraticável,Em plena via,Direita
20191675863,2019:04:27 14:10:00,01/27/00,04/01/00,01/01/00,Polícia de Segurança Pública,50.0,50.0,Sábado       ,"38,728308","-9,221618",0,0,1,Estrada sem separador,Seco e limpo,Lisboa,Oeiras,União das freguesias de Carnaxide e Queijas,Carnaxide,Avenida Cavaleiros                                                                                  ,Arruamento,0,Em estado regular,,Bom tempo,Dois sentidos,Fora da intersecção,Dentro das localidades,Em pleno dia,Com marcas - separadoras de sentido de trânsito,Atropelamento de peões,NÃO DEFINIDO,Inexistentes,NÃO DEFINIDO,Outros,Inexistentes,Betuminoso,Curva,Com inclinação,Berma pavimentada,Em plena via,Direita
2015960089,2015:04:12 16:20:00,01/12/00,04/01/00,01/01/00,Guarda Nacional Republicana,120.0,120.0,Domingo      ,"41,079438","-8,381356",0,0,1,Auto-estrada,Seco e limpo,Porto,Vila Nova de Gaia,Arcozelo,Afurada,,A  - Auto-Estrada,A1,Em bom estado,301.0,Bom tempo,Sentido único,Fora da intersecção,Fora das localidades,Em pleno dia,Com marcas - separadoras de sentido e de vias de trânsito,Despiste com dispositivo de retenção,NÃO DEFINIDO,Inexistentes,No sentido decrescente da quilometragem,NÃO DEFINIDO,Inexistentes,Betuminoso,Recta,Em patamar,Berma pavimentada,Na berma,Direita
2015958822,2015:04:05 15:13:00,01/05/00,04/01/00,01/01/00,Guarda Nacional Republicana,90.0,90.0,Domingo      ,"39,251266","-8,435480",0,0,2,Estrada sem separador,Com gravilha ou areia,Santarém,Alcanena,"União das freguesias de Malhou, Louriceira e Espinheiro",Espinheiro,,Outra Via,0,Em mau estado,,Bom tempo,Dois sentidos,Fora da intersecção,Fora das localidades,Em pleno dia,Sem marcas rodoviárias ou pouco visíveis,Despiste simples,NÃO DEFINIDO,Inexistentes,NÃO DEFINIDO,NÃO DEFINIDO,Inexistentes,Terra batida,Recta,Com inclinação,Sem berma ou impraticável,Na berma,Direita
20181429298,2018:04:07 23:30:00,01/07/00,04/01/00,01/01/00,Guarda Nacional Republicana,50.0,50.0,Sábado       ,"39,068019","-8,868192",0,0,1,Estrada sem separador,Molhado,Lisboa,Azambuja,Azambuja,Azambuja,,EN - Estrada Nacional,EN3,Em bom estado,"11,1",Chuva,Dois sentidos,Fora da intersecção,Dentro das localidades,"Noite, com iluminação",Com marcas - separadoras de sentido de trânsito,Despiste simples,NÃO DEFINIDO,Inexistentes,NÃO DEFINIDO,NÃO DEFINIDO,Inexistentes,Betuminoso,Recta,Em patamar,Sem berma ou impraticável,Em plena via,Direita
20191692409,2019:04:06 17:17:00,01/06/00,04/01/00,01/01/00,Guarda Nacional Republicana,50.0,50.0,Sábado       ,"37,141410","-8,235776",0,0,1,Estrada sem separador,Seco e limpo,Faro,Albufeira,Ferreiras,Alfarrobeiras,,EN - Estrada Nacional,EN395,Em estado regular,56,Bom tempo,Dois sentidos,Fora da intersecção,Fora das localidades,Em pleno dia,Com marcas - separadoras de sentido de trânsito,Colisão traseira com outro veículo em movimento,NÃO DEFINIDO,Inexistentes,NÃO DEFINIDO,Outros,Inexistentes,Betuminoso,Recta,Em patamar,Berma não pavimentada,Em plena via,Direita
2012601292,2012:04:13 07:50:00,01/13/00,04/01/00,01/01/00,Polícia de Segurança Pública,50.0,50.0,Sexta-Feira  ,"0,00","0,00",0,0,1,Estrada sem separador,Húmido,Leiria,Marinha Grande,Marinha Grande,Embra,Rua de Leiria c/ Rua da Fonte Velha,Arruamento,0,Em estado regular,,Chuva,Dois sentidos,Em entroncamento,Dentro das localidades,Em pleno dia,Com marcas - separadoras de sentido de trânsito,Colisão com outras situações,NÃO DEFINIDO,Inexistentes,NÃO DEFINIDO,NÃO DEFINIDO,Inexistentes,Betuminoso,Recta,Com inclinação,Berma pavimentada,Em plena via,Direita
20181397194,2018:04:18 09:55:00,01/18/00,04/01/00,01/01/00,Polícia de Segurança Pública,50.0,50.0,Quarta-Feira ,"0,0","0,0",0,0,1,Estrada sem separador,Seco e limpo,Lisboa,Lisboa,Arroios,,Rua Dona Estefânia                                                                                  ,Arruamento,0,Em estado regular,,Bom tempo,Dois sentidos,Fora da intersecção,Dentro das localidades,Em pleno dia,Com marcas - separadoras de sentido e de vias de trânsito,Colisão lateral com outro veículo em movimento,NÃO DEFINIDO,Inexistentes,NÃO DEFINIDO,Outros,A funcionar normalmente,Betuminoso,Recta,Em patamar,Berma pavimentada,Em plena via,Direita
20191689511,2019:04:21 18:20:00,01/21/00,04/01/00,01/01/00,Guarda Nacional Republicana,50.0,50.0,Domingo      ,"40,579110","-7,957707",0,0,1,Estrada sem separador,Seco e limpo,Viseu,Viseu,Silgueiros,passos de silgueiros,Rua Dr José Francisco de Assunção,Arruamento,0,Em bom estado,,Bom tempo,Dois sentidos,Fora da intersecção,Dentro das localidades,Aurora ou crepúsculo,Com marcas - separadoras de sentido de trânsito,Despiste simples,Viaduto/Ponte,Inexistentes,NÃO DEFINIDO,NÃO DEFINIDO,Inexistentes,Betuminoso,Curva,Em patamar,Sem berma ou impraticável,Em plena via,Direita
20181383931,2018:04:19 13:30:00,01/19/00,04/01/00,01/01/00,Polícia de Segurança Pública,50.0,50.0,Quinta-Feira ,41.3069188,-7.7532211,0,0,1,Estrada sem separador,Seco e limpo,Vila Real,Vila Real,Lordelo,,Avenida Noruega,Arruamento,0,Em bom estado,,Bom tempo,Dois sentidos,Fora da intersecção,Dentro das localidades,Em pleno dia,Com marcas - separadoras de sentido e de vias de trânsito,Colisão com outras situações,NÃO DEFINIDO,Inexistentes,NÃO DEFINIDO,Passagem de peões,Inexistentes,Betuminoso,Recta,Em patamar,Berma pavimentada,Em plena via,Direita
2010449889,2010:04:28 22:00:00,01/28/00,04/01/00,01/01/00,Polícia de Segurança Pública,30.0,30.0,Quarta-Feira ,"0,00","0,00",0,0,1,Estrada sem separador,Seco e limpo,Braga,Braga,Fraião,,Parque Estacionamento Minho Center,Arruamento,0,Em bom estado,,Bom tempo,Dois sentidos,NÃO DEFINIDO,Dentro das localidades,"Noite, com iluminação",NÃO DEFINIDO,Atropelamento com fuga,NÃO DEFINIDO,Inexistentes,NÃO DEFINIDO,NÃO DEFINIDO,NÃO DEFINIDO,Betuminoso,NÃO DEFINIDO,Em patamar,Berma pavimentada,Em parque de estacionamento,Direita
2010456448,2010:04:11 15:15:00,01/11/00,04/01/00,01/01/00,Guarda Nacional Republicana,120.0,120.0,Domingo      ,"40,151900","-8,779277",0,0,1,Auto-estrada,Seco e limpo,Coimbra,Figueira da Foz,Alhadas,ALHADAS,,A  - Auto-Estrada,A14,Em bom estado,4.6,Bom tempo,Sentido único,Fora da intersecção,Fora das localidades,Em pleno dia,Com marcas - separadoras de sentido e de vias de trânsito,Colisão traseira com outro veículo em movimento,NÃO DEFINIDO,Inexistentes,No sentido crescente da quilometragem,Outros,Inexistentes,Betuminoso,Recta,Com inclinação,Berma pavimentada,Em plena via,Esquerda
2014832916,2014:04:06 13:00:00,01/06/00,04/01/00,01/01/00,Guarda Nacional Republicana,50.0,50.0,Domingo      ,"41,388718","-8,449376",0,0,1,Estrada sem separador,Húmido,Viana do Castelo,Viana do Castelo,Alvarães,,Rua de São Miguel,Arruamento,0,Em bom estado,,Bom tempo,Dois sentidos,Em entroncamento,Dentro das localidades,Em pleno dia,Sem marcas rodoviárias ou pouco visíveis,Colisão lateral com outro veículo em movimento,NÃO DEFINIDO,Inexistentes,NÃO DEFINIDO,Stop,Inexistentes,Betuminoso,Curva,Com inclinação,Berma pavimentada,Em plena via,Direita
2015958721,2015:04:04 20:30:00,01/04/00,04/01/00,01/01/00,Guarda Nacional Republicana,90.0,90.0,Sábado       ,"40,535180","-8,279405",0,0,1,Estrada sem separador,Seco e limpo,Aveiro,Oliveira de Azemeis,Nogueira do Cravo,Nogueira do Cravo,,EN - Estrada Nacional,EN227,Em bom estado,1.3,Bom tempo,Dois sentidos,Fora da intersecção,Fora das localidades,"Noite, com iluminação",Com marcas - separadoras de sentido de trânsito,Colisão lateral com outro veículo em movimento,NÃO DEFINIDO,Inexistentes,NÃO DEFINIDO,Outros,Inexistentes,Betuminoso,Curva,Em patamar,Berma não pavimentada,Em plena via,Direita
2011536018,2011:04:05 12:00:00,01/05/00,04/01/00,01/01/00,Guarda Nacional Republicana,90.0,90.0,Terça-Feira  ,"39,06367","9,21873",0,0,1,Estrada sem separador,Seco e limpo,Lisboa,Torres Vedras,Silveira,SILVEIRA,R ANTONIO GOMES,Arruamento,0,Em bom estado,,Bom tempo,Dois sentidos,Fora da intersecção,Dentro das localidades,Em pleno dia,Com marcas - separadoras de sentido de trânsito,Colisão frontal,NÃO DEFINIDO,Inexistentes,NÃO DEFINIDO,NÃO DEFINIDO,Inexistentes,Betuminoso,Recta,Em patamar,Sem berma ou impraticável,Em plena via,Direita
2012614243,2012:04:26 17:45:00,01/26/00,04/01/00,01/01/00,Guarda Nacional Republicana,90.0,120.0,Quinta-Feira ,"38,723844","-9,178426",0,0,1,Auto-estrada,Com água acumulada na faixa de rodagem,Lisboa,Lisboa,Alcântara,MONSANTO,,A  - Auto-Estrada,A5,Em bom estado,0.1,Chuva,Sentido único,Fora da intersecção,Fora das localidades,Em pleno dia,Com marcas - separadoras de sentido e de vias de trânsito,Colisão traseira com outro veículo em movimento,NÃO DEFINIDO,Inexistentes,No sentido decrescente da quilometragem,NÃO DEFINIDO,Inexistentes,Betuminoso,Recta,Com inclinação,Sem berma ou impraticável,Em plena via,Esquerda
20171255584,2017:04:01 20:50:00,01/01/00,04/01/00,01/01/00,Guarda Nacional Republicana,50.0,50.0,Sábado       ,"40,975624","-8,572577",0,0,1,Estrada sem separador,Seco e limpo,Aveiro,Santa Maria da Feira,Santa Maria de Lamas,Santa Maria de Lamas,,ER - Estrada Regional,0,Em bom estado,587,Bom tempo,Dois sentidos,Fora da intersecção,Dentro das localidades,"Noite, sem iluminação",Sem marcas rodoviárias ou pouco visíveis,Atropelamento de peões,NÃO DEFINIDO,Inexistentes,NÃO DEFINIDO,NÃO DEFINIDO,Inexistentes,Betuminoso,Recta,Em patamar,Berma pavimentada,Em plena via,Direita
2012614656,2012:04:21 08:00:00,01/21/00,04/01/00,01/01/00,Guarda Nacional Republicana,60.0,60.0,Sábado       ,"39,624876","-8,859554",0,0,1,Estrada sem separador,Molhado,Leiria,Porto de Mos,Calvaria de Cima,CHAO DA FEIRA,,EN - Estrada Nacional,EN1,Em bom estado,107.83,Chuva,Dois sentidos,Fora da intersecção,Fora das localidades,Em pleno dia,Com marcas - separadoras de sentido de trânsito,Colisão traseira com outro veículo em movimento,NÃO DEFINIDO,Inexistentes,NÃO DEFINIDO,Stop,Inexistentes,Betuminoso,Recta,Em patamar,Berma pavimentada,Em plena via,Direita
2013715248,2013:04:29 16:30:00,01/29/00,04/01/00,01/01/00,Guarda Nacional Republicana,40.0,40.0,Segunda-Feira,"40,361918","-07,304970",0,0,1,Estrada sem separador,Molhado,Guarda,Fornos de Algodres,Juncais,Juncais,,EM - Estrada Municipal,EM554,Em bom estado,,Chuva,Dois sentidos,Em entroncamento,Fora das localidades,Em pleno dia,Com marcas - separadoras de sentido de trânsito,Colisão frontal,NÃO DEFINIDO,Inexistentes,NÃO DEFINIDO,Stop,Inexistentes,Betuminoso,Curva,Com inclinação,Berma não pavimentada,Em plena via,Direita
2011536938,2011:04:17 08:00:00,01/17/00,04/01/00,01/01/00,Guarda Nacional Republicana,50.0,90.0,Domingo      ,,,0,0,1,Estrada sem separador,Seco e limpo,Aveiro,Castelo de Paiva,Sobrado,FUNDOES,,EN - Estrada Nacional,EN224,Em bom estado,10.2,Bom tempo,Dois sentidos,Fora da intersecção,Dentro das localidades,Em pleno dia,Sem marcas rodoviárias ou pouco visíveis,Despiste com capotamento,NÃO DEFINIDO,Inexistentes,NÃO DEFINIDO,NÃO DEFINIDO,Inexistentes,Betuminoso,Curva,Em patamar,Sem berma ou impraticável,Na berma,Direita
2015920462,2015:04:09 16:10:00,01/09/00,04/01/00,01/01/00,Polícia de Segurança Pública,50.0,50.0,Quinta-Feira ,"41,103344","-8,603063",0,0,1,Estrada sem separador,Seco e limpo,Porto,Vila Nova de Gaia,União das freguesias de Mafamude e Vilar do Paraíso,,Rua Alto das Torres                                                                                 ,Arruamento,0,Em mau estado,,Bom tempo,Dois sentidos,Fora da intersecção,Dentro das localidades,Em pleno dia,Com marcas - separadoras de sentido de trânsito,Colisão frontal,NÃO DEFINIDO,Inexistentes,NÃO DEFINIDO,Outros,Inexistentes,Betuminoso,Curva,Com inclinação,Sem berma ou impraticável,Em plena via,Direita
20191673198,2019:04:17 21:20:00,01/17/00,04/01/00,01/01/00,Polícia de Segurança Pública,50.0,50.0,Quarta-Feira ,"41,164981","-8,624794",0,0,1,Estrada sem separador,Molhado,Porto,Porto,"União das freguesias de Cedofeita, Santo Ildefonso, Sé, Miragaia, São Nicolau e Vitória",Porto,Rua Oliveira Monteiro                                                                               ,Arruamento,0,Em estado regular,,Chuva,Dois sentidos,Em cruzamento,Dentro das localidades,"Noite, com iluminação",Com marcas - separadoras de sentido e de vias de trânsito,Colisão frontal,NÃO DEFINIDO,Inexistentes,NÃO DEFINIDO,Outros,A funcionar normalmente,Betuminoso,Recta,Em patamar,Sem berma ou impraticável,Em plena via,Direita
2013715214,2013:04:30 08:20:00,01/30/00,04/01/00,01/01/00,Guarda Nacional Republicana,90.0,90.0,Terça-Feira  ,"40,100065","-08,065178",0,0,1,Estrada sem separador,Seco e limpo,Coimbra,Gois,Góis,Góis,,EN - Estrada Nacional,EN2,Em bom estado,270.0,Bom tempo,Dois sentidos,Fora da intersecção,Fora das localidades,Em pleno dia,Com marcas - separadoras de sentido de trânsito,Despiste simples,NÃO DEFINIDO,Inexistentes,NÃO DEFINIDO,NÃO DEFINIDO,Inexistentes,Betuminoso,Recta,Com inclinação,Berma pavimentada,Na berma,Direita
20171255819,2017:04:02 19:15:00,01/02/00,04/01/00,01/01/00,Guarda Nacional Republicana,50.0,50.0,Domingo      ,"39,682246","-8,865317",0,0,1,Estrada sem separador,Seco e limpo,Leiria,Leiria,Maceira,Seiça,Rua das Cancelinhas,Arruamento,0,Em bom estado,,Bom tempo,Dois sentidos,Fora da intersecção,Dentro das localidades,Em pleno dia,Sem marcas rodoviárias ou pouco visíveis,Despiste simples,NÃO DEFINIDO,Inexistentes,NÃO DEFINIDO,NÃO DEFINIDO,Inexistentes,Betuminoso,Curva,Em patamar,Sem berma ou impraticável,Em plena via,Direita
2011537236,2011:04:21 16:45:00,01/21/00,04/01/00,01/01/00,Guarda Nacional Republicana,50.0,50.0,Quinta-Feira ,,,0,0,1,Estrada sem separador,Húmido,Viseu,Nelas,Senhorim,CARVALHAS,R DA ESCOLA,Arruamento,0,Em bom estado,,Chuva,Dois sentidos,Fora da intersecção,Dentro das localidades,Em pleno dia,Sem marcas rodoviárias ou pouco visíveis,Despiste com transposição do dispositivo de retenção lateral,NÃO DEFINIDO,Inexistentes,NÃO DEFINIDO,Outros,Inexistentes,Betuminoso,Recta,Em patamar,Sem berma ou impraticável,Na berma,Direita
2013715690,2013:04:07 15:55:00,01/07/00,04/01/00,01/01/00,Guarda Nacional Republicana,90.0,90.0,Domingo      ,"38,383108","-08,078345",0,0,1,Estrada sem separador,Seco e limpo,Évora,Montemor-o-Novo,Nossa Senhora da Vila,Montemor o Novo,,EN - Estrada Nacional,EN114,Em bom estado,167.348,Bom tempo,Dois sentidos,Fora da intersecção,Fora das localidades,Em pleno dia,Com marcas - separadoras de sentido de trânsito,Despiste com capotamento,NÃO DEFINIDO,Inexistentes,NÃO DEFINIDO,NÃO DEFINIDO,Inexistentes,Betuminoso,Recta,Em patamar,Berma pavimentada,Na berma,Direita
2011523414,2011:04:12 14:40:00,01/12/00,04/01/00,01/01/00,Polícia de Segurança Pública,50.0,50.0,Terça-Feira  ,"0,00","0,00",0,0,1,Estrada sem separador,Húmido,Viseu,Lamego,Lamego (Sé),Sé,Rua Alexandre Herculano-Lamego,Arruamento,0,Em estado regular,,Bom tempo,Dois sentidos,Em rotunda,Dentro das localidades,Em pleno dia,Sem marcas rodoviárias ou pouco visíveis,Atropelamento de peões,NÃO DEFINIDO,Inexistentes,NÃO DEFINIDO,Passagem de peões,Inexistentes,Calçada,Curva,Com inclinação,Berma pavimentada,Em plena via,Direita