Id. Acidente,Datahora,Dia,Mês,Hora,Entidades Fiscalizadoras,Velocidade local,Velocidade geral,Dia da Semana,Latitude GPS,Longitude GPS,Num. Mortos a 30 dias,Num. Feridos graves a 30 dias,Num. Feridos ligeiros a 30 dias,Características Tecnicas1,Cond Aderência,Distrito,Concelho,Freguesia,Pov. Proxima,Nome arruamento,Tipos Vias,Cod Via,Estado Conservação,Km,Factores Atmosféricos,Reg Circulação1,Intersecção Vias,Localizações,Luminosidade,Marca Via,Natureza,Obras Arte,Obstáculos,Sentidos,Sinais,Sinais Luminosos,Tipo Piso,Traçado 1,Traçado 2,Traçado 3,Traçado 4,Via Trânsito
20191687562,2019:04:30 06:55:00,01/30/00,04/01/00,01/01/00,Guarda Nacional Republicana,50.0,50.0,Terça-Feira  ,"41,206980","-8,312282",0,2,0,Outra via,Húmido,Porto,Penafiel,Guilhufe e Urrô,Penafiel,Rua da Aveleda,Arruamento,0,Em estado regular,,Nevoeiro,Dois sentidos,Fora da intersecção,Dentro das localidades,Em pleno dia,Com marcas - separadoras de sentido e de vias de trânsito,Despiste simples,NÃO DEFINIDO,Inexistentes,No sentido crescente da quilometragem,Outros,A funcionar normalmente,Calçada,Curva,Com inclinação,Berma pavimentada,Em plena via,Direita
2011536785,2011:04:19 18:00:00,01/19/00,04/01/00,01/01/00,Guarda Nacional Republicana,90.0,90.0,Terça-Feira  ,,,0,0,1,Estrada sem separador,Molhado,Vila Real,Sabrosa,Sabrosa,SABROSA,,EM - Estrada Municipal,EM323,Em bom estado,14.8,NÃO DEFINIDO,Dois sentidos,Fora da intersecção,Fora das localidades,Em pleno dia,Com marcas - separadoras de sentido de trânsito,Despiste simples,NÃO DEFINIDO,Inexistentes,NÃO DEFINIDO,NÃO DEFINIDO,Inexistentes,Betuminoso,Curva,Em patamar,Berma pavimentada,Em plena via,Direita
2011521521,2011:04:06 13:30:00,01/06/00,04/01/00,01/01/00,Polícia de Segurança Pública,50.0,50.0,Quarta-Feira ,"0,00","0,00",0,0,1,Estrada sem separador,Húmido,Faro,Faro,Faro (Sé),,Avenida Cidade Hayward                                                                              ,Arruamento,0,Em estado regular,,Bom tempo,Dois sentidos,Fora da intersecção,Dentro das localidades,Em pleno dia,Com marcas - separadoras de sentido e de vias de trânsito,Colisão lateral com outro veículo em movimento,NÃO DEFINIDO,Inexistentes,NÃO DEFINIDO,NÃO DEFINIDO,Inexistentes,Betuminoso,Recta,Em patamar,Berma pavimentada,Em plena via,Direita
20191691072,2019:04:15 12:15:00,01/15/00,04/01/00,01/01/00,Guarda Nacional Republicana,50.0,50.0,Segunda-Feira,"41,597390","-8,630834",0,0,1,Estrada sem separador,Molhado,Braga,Barcelos,União das freguesias de Campo e Tamel (São Pedro Fins),Tamel S. Fins-Barcelos,,EN - Estrada Nacional,EN204,Em estado regular,17,Chuva,Dois sentidos,Fora da intersecção,Dentro das localidades,Em pleno dia,Com marcas - separadoras de sentido de trânsito,Despiste com capotamento,NÃO DEFINIDO,Inexistentes,NÃO DEFINIDO,NÃO DEFINIDO,Inexistentes,Betuminoso,Curva,Com inclinação,Berma pavimentada,Em plena via,Direita
2012602718,2012:04:16 19:25:00,01/16/00,04/01/00,01/01/00,Polícia de Segurança Pública,50.0,50.0,Segunda-Feira,"0,00","0,00",0,0,1,Estrada sem separador,Seco e limpo,Lisboa,Lisboa,São Domingos de Benfica,,Rua Tenente Coronel Ribeiro dos Reis                                                                ,Arruamento,0,Em bom estado,,Bom tempo,Dois sentidos,NÃO DEFINIDO,Dentro das localidades,Em pleno dia,Com marcas - separadoras de sentido e de vias de trânsito,Colisão lateral com outro veículo em movimento,NÃO DEFINIDO,Inexistentes,NÃO DEFINIDO,Outros,Inexistentes,Betuminoso,Recta,Em patamar,Berma pavimentada,Em plena via,Direita
20191693091,2019:04:07 15:15:00,01/07/00,04/01/00,01/01/00,Guarda Nacional Republicana,90.0,90.0,Domingo      ,"39,299570","-8,502216",0,0,1,Estrada sem separador,Molhado,Santarém,Chamusca,Vale de Cavalos,Vale de Cavalos,,EN - Estrada Nacional,EN118,Em estado regular,"90,25",Chuva,Dois sentidos,Fora da intersecção,Fora das localidades,Em pleno dia,Com marcas - separadoras de sentido de trânsito,Despiste simples,NÃO DEFINIDO,Inexistentes,NÃO DEFINIDO,NÃO DEFINIDO,Inexistentes,Betuminoso,Curva,Em patamar,Sem berma ou impraticável,Em plena via,Direita
2011529465,2011:04:19 13:05:00,01/19/00,04/01/00,01/01/00,Guarda Nacional Republicana,50.0,50.0,Terça-Feira  ,"41,654172","-8,600235",0,0,2,Estrada sem separador,Molhado,Viana do Castelo,Ponte de Lima,Freixo,FREIXO,,EN - Estrada Nacional,EN308,Em estado regular,14.8,Chuva,Dois sentidos,Fora da intersecção,Dentro das localidades,Em pleno dia,Com marcas - separadoras de sentido de trânsito,Colisão frontal,NÃO DEFINIDO,Inexistentes,NÃO DEFINIDO,Outros,Inexistentes,Betuminoso,Curva,Com inclinação,Berma pavimentada,Em plena via,Direita
2012611793,2012:04:07 09:05:00,01/07/00,04/01/00,01/01/00,Guarda Nacional Republicana,90.0,90.0,Sábado       ,"41,253680","-8,041520",0,0,1,Estrada sem separador,Húmido,Porto,Amarante,Gondar,AMARANTE,,EN - Estrada Nacional,EN15,Em bom estado,65.7,Chuva,Dois sentidos,Fora da intersecção,Dentro das localidades,Em pleno dia,Com marcas - separadoras de sentido de trânsito,Despiste simples,NÃO DEFINIDO,Inexistentes,NÃO DEFINIDO,NÃO DEFINIDO,Inexistentes,Betuminoso,Curva,Em patamar,Sem berma ou impraticável,Na berma,Direita
2010456395,2010:04:04 18:45:00,01/04/00,04/01/00,01/01/00,Guarda Nacional Republicana,50.0,50.0,Domingo      ,"41,570380","-8,145735",0,0,3,Estrada sem separador,Seco e limpo,Braga,Vieira do Minho,Guilhofrei,,,EN - Estrada Nacional,EN205,Em bom estado,79.6,Bom tempo,Dois sentidos,Fora da intersecção,Dentro das localidades,Em pleno dia,Com marcas - separadoras de sentido de trânsito,Colisão frontal,NÃO DEFINIDO,Inexistentes,NÃO DEFINIDO,Outros,Inexistentes,Betuminoso,Curva,Em patamar,Sem berma ou impraticável,Em plena via,Direita
20171226851,2017:04:22 20:20:00,01/22/00,04/01/00,01/01/00,Polícia de Segurança Pública,50.0,50.0,Sábado       ,"41,166522","-8,640440",0,0,1,Estrada sem separador,Seco e limpo,Porto,Porto,Ramalde,Porto,Rua Padre Américo                                                                                   ,Arruamento,0,Em bom estado,,Bom tempo,Sentido único,Fora da intersecção,Dentro das localidades,"Noite, com iluminação",Sem marcas rodoviárias ou pouco visíveis,Atropelamento de peões,NÃO DEFINIDO,Inexistentes,NÃO DEFINIDO,Passagem de peões,Inexistentes,Betuminoso,Recta,Com inclinação,Sem berma ou impraticável,Em plena via,Direita
20171255529,2017:04:01 13:25:00,01/01/00,04/01/00,01/01/00,Guarda Nacional Republicana,50.0,90.0,Sábado       ,"37,121937","-8,223431",0,0,1,Estrada sem separador,Seco e limpo,Faro,Albufeira,Albufeira e Olhos de Água,Albufeira,,EM - Estrada Municipal,0,Em bom estado,,Bom tempo,Sentido único,Em rotunda,Fora das localidades,Em pleno dia,Com marcas - separadoras de sentido e de vias de trânsito,Colisão traseira com outro veículo em movimento,NÃO DEFINIDO,Inexistentes,NÃO DEFINIDO,Outros,Inexistentes,Betuminoso,Curva,Com inclinação,Berma pavimentada,Em plena via,Direita
20171226519,2017:04:10 16:15:00,01/10/00,04/01/00,01/01/00,Polícia de Segurança Pública,50.0,50.0,Segunda-Feira,"38,732713","-9,405217",0,0,3,Estrada sem separador,Seco e limpo,Lisboa,Sintra,União das freguesias de Queluz e Belas,Queluz,Rua Dom Pedro IV                                                                                    ,Arruamento,0,Em estado regular,,Bom tempo,Dois sentidos,Em via de desaceleração,Dentro das localidades,Em pleno dia,Com marcas - separadoras de sentido de trânsito,Colisão traseira com outro veículo em movimento,NÃO DEFINIDO,Inexistentes,NÃO DEFINIDO,Outros,Inexistentes,Betuminoso,Recta,Em patamar,Berma pavimentada,Em plena via,Direita
2011524581,2011:04:21 18:00:00,01/21/00,04/01/00,01/01/00,Polícia de Segurança Pública,50.0,50.0,Quinta-Feira ,"0,00","0,00",0,0,1,Outra via,Húmido,Setúbal,Setubal,Setúbal (São Sebastião),,Avenida da Bela Vista                                                                               ,Arruamento,0,Em estado regular,,Chuva,Dois sentidos,Em cruzamento,Dentro das localidades,Em pleno dia,Sem marcas rodoviárias ou pouco visíveis,Colisão com outras situações,NÃO DEFINIDO,Inexistentes,No sentido decrescente da quilometragem,Stop,Inexistentes,Betuminoso,Recta,Com inclinação,Berma pavimentada,Em plena via,Direita
2011536756,2011:04:26 19:15:00,01/26/00,04/01/00,01/01/00,Guarda Nacional Republicana,90.0,90.0,Terça-Feira  ,,,0,0,1,Estrada sem separador,Seco e limpo,Coimbra,Lousa,Gândaras,CURE,,EM - Estrada Municipal,EM1209,Em bom estado,0.001,Bom tempo,Dois sentidos,Fora da intersecção,Fora das localidades,Em pleno dia,Com marcas - separadoras de sentido de trânsito,Despiste com capotamento,NÃO DEFINIDO,Inexistentes,NÃO DEFINIDO,Outros,Inexistentes,Betuminoso,Recta,Em Lomba,Berma pavimentada,Em plena via,Direita
2014831652,2014:04:30 09:15:00,01/30/00,04/01/00,01/01/00,Guarda Nacional Republicana,50.0,50.0,Quarta-Feira ,"41,338087","-8,396531",0,0,1,Estrada sem separador,Húmido,Braga,Barcelos,União das freguesias de Tamel (Santa Leocádia) e Vilar do Monte,Vilar do Monte,,EN - Estrada Nacional,EN103,Em bom estado,14.635,Chuva,Dois sentidos,Em cruzamento,Dentro das localidades,Em pleno dia,Com marcas - separadoras de sentido de trânsito,Colisão lateral com outro veículo em movimento,NÃO DEFINIDO,Inexistentes,NÃO DEFINIDO,Stop,Inexistentes,Betuminoso,Recta,Em patamar,Berma pavimentada,Em plena via,Direita
2013676818,2013:04:12 09:05:00,01/12/00,04/01/00,01/01/00,Polícia de Segurança Pública,50.0,50.0,Sexta-Feira  ,"0,00","0,00",0,0,1,Estrada sem separador,Seco e limpo,Lisboa,Lisboa,Santa Maria de Belém,,Travessa Escaleres                                                                                  ,Arruamento,0,Em bom estado,,Bom tempo,Sentido único,Fora da intersecção,Dentro das localidades,Em pleno dia,Sem marcas rodoviárias ou pouco visíveis,Atropelamento de peões,NÃO DEFINIDO,Inexistentes,NÃO DEFINIDO,Outros,Inexistentes,Betuminoso,Recta,Em patamar,Berma pavimentada,Em plena via,Direita
2012613540,2012:04:10 12:30:00,01/10/00,04/01/00,01/01/00,Guarda Nacional Republicana,50.0,50.0,Terça-Feira  ,,,0,0,2,Estrada sem separador,Húmido,Aveiro,Santa Maria da Feira,Lobão,LOBAO,R DA PONTE,Arruamento,0,Em bom estado,,Bom tempo,Dois sentidos,Fora da intersecção,Dentro das localidades,Em pleno dia,Com marcas - separadoras de sentido e de vias de trânsito,Colisão frontal,NÃO DEFINIDO,Inexistentes,NÃO DEFINIDO,NÃO DEFINIDO,Inexistentes,Betuminoso,Curva,Com inclinação,Berma pavimentada,Em plena via,Direita
20161050508,2016:04:12 00:10:00,01/12/00,04/01/00,01/01/00,Polícia de Segurança Pública,50.0,50.0,Terça-Feira  ,"38,736040","-9,147452",0,0,1,Outra via,Seco e limpo,Lisboa,Lisboa,Avenidas Novas,,Avenida 5 de Outubro                                                                                ,Arruamento,0,Em estado regular,,Bom tempo,Sentido único,Em cruzamento,Dentro das localidades,"Noite, com iluminação",Com marcas - separadoras de sentido e de vias de trânsito,Colisão lateral com outro veículo em movimento,NÃO DEFINIDO,Inexistentes,No sentido crescente da quilometragem,NÃO DEFINIDO,A funcionar normalmente,Betuminoso,Recta,Em patamar,Berma pavimentada,Em plena via,Esquerda
20181385115,2018:04:22 19:45:00,01/22/00,04/01/00,01/01/00,Polícia de Segurança Pública,50.0,50.0,Domingo      ,41.6996738,-8.8244335,0,0,3,Estrada sem separador,Seco e limpo,Viana do Castelo,Viana do Castelo,União das freguesias de Viana do Castelo (Santa Maria Maior e Monserrate) e Meadela,Viana do Castelo,Avenida Capitão Gaspar de Castro                                                                    ,Arruamento,0,Em estado regular,,Bom tempo,Dois sentidos,Fora da intersecção,Dentro das localidades,Em pleno dia,Com marcas - separadoras de sentido e de vias de trânsito,Colisão traseira com outro veículo em movimento,NÃO DEFINIDO,Inexistentes,NÃO DEFINIDO,NÃO DEFINIDO,Inexistentes,Betuminoso,Recta,Em patamar,Berma pavimentada,Em plena via,Direita
2013677115,2013:04:15 13:10:00,01/15/00,04/01/00,01/01/00,Polícia de Segurança Pública,50.0,50.0,Segunda-Feira,"0,00","0,00",0,0,1,Estrada sem separador,Seco e limpo,Faro,Faro,Faro (Sé),,Rua João de Deus                                                                                    ,Arruamento,0,Em estado regular,,Bom tempo,Sentido único,Em cruzamento,Dentro das localidades,Em pleno dia,Sem marcas rodoviárias ou pouco visíveis,Colisão com outras situações,NÃO DEFINIDO,Inexistentes,NÃO DEFINIDO,Stop,Inexistentes,Betuminoso,Curva,Com inclinação,Berma pavimentada,Em plena via,Direita
20191687157,2019:04:27 21:30:00,01/27/00,04/01/00,01/01/00,Guarda Nacional Republicana,50.0,50.0,Sábado       ,"41,307710","-8,175588",0,0,1,Estrada sem separador,Seco e limpo,Porto,Amarante,União das freguesias de Figueiró (Santiago e Santa Cristina),Figueiró,,EN - Estrada Nacional,EN15,Em estado regular,"49,3",Bom tempo,Dois sentidos,Em entroncamento,Dentro das localidades,"Noite, com iluminação",Com marcas - separadoras de sentido de trânsito,Colisão lateral com outro veículo em movimento,NÃO DEFINIDO,Inexistentes,NÃO DEFINIDO,Stop,Inexistentes,Betuminoso,Recta,Em patamar,Berma pavimentada,Em plena via,Direita
2011526010,2011:04:30 10:25:00,01/30/00,04/01/00,01/01/00,Polícia de Segurança Pública,50.0,50.0,Sábado       ,"0,00","0,00",0,0,1,Outra via,Seco e limpo,Porto,Vila Nova de Gaia,Vila Nova de Gaia (Santa Marinha),,Avenida de República,Arruamento,0,Em bom estado,,Bom tempo,Sentido único,Fora da intersecção,Dentro das localidades,Em pleno dia,Com marcas - separadoras de sentido de trânsito,Colisão com outras situações,NÃO DEFINIDO,Inexistentes,NÃO DEFINIDO,NÃO DEFINIDO,Inexistentes,Betuminoso,Recta,Com inclinação,Berma pavimentada,Em plena via,Direita
20191693287,2019:04:06 21:10:00,01/06/00,04/01/00,01/01/00,Guarda Nacional Republicana,30.0,30.0,Sábado       ,"41,545450","-8,426507",0,0,2,Estrada sem separador,Húmido,Braga,Braga,"União das freguesias de Celeirós, Aveleda e Vimieiro",AVELEDA,Avenida do Covedêlo,Arruamento,0,Em bom estado,,Chuva,Reversível,Fora da intersecção,Dentro das localidades,"Noite, sem iluminação",Com marcas - separadoras de sentido de trânsito,Colisão traseira com outro veículo em movimento,NÃO DEFINIDO,Inexistentes,NÃO DEFINIDO,NÃO DEFINIDO,Inexistentes,Betuminoso,Recta,Em patamar,Berma pavimentada,Em plena via,Direita
2015922669,2015:04:05 13:30:00,01/05/00,04/01/00,01/01/00,Polícia de Segurança Pública,50.0,50.0,Domingo      ,"38,708446","-9,258831",0,0,1,Estrada sem separador,Seco e limpo,Lisboa,Oeiras,"União das freguesias de Algés, Linda-a-Velha e Cruz Quebrada-Dafundo",Cruz Quebrada,Avenida Pierre de Coubertin                                                                         ,Arruamento,0,Em bom estado,,Bom tempo,Dois sentidos,Fora da intersecção,Dentro das localidades,Em pleno dia,Sem marcas rodoviárias ou pouco visíveis,Despiste com colisão com veículo imobil. ou obstáculo,NÃO DEFINIDO,Inexistentes,NÃO DEFINIDO,Outros,Inexistentes,Betuminoso,Curva,Com inclinação,Sem berma ou impraticável,Em plena via,Direita
20161145097,2016:04:13 00:10:00,01/13/00,04/01/00,01/01/00,Guarda Nacional Republicana,50.0,50.0,Quarta-Feira ,"39,536255","-8,478252",0,0,1,Estrada sem separador,Seco e limpo,Leiria,Leiria,Bajouca,MARINHA DO ENGENHO,Rua Principal - Marinha do Engenho -Bajouca,Arruamento,0,Em estado regular,,Bom tempo,Dois sentidos,Fora da intersecção,Dentro das localidades,"Noite, com iluminação",Com marcas - separadoras de sentido de trânsito,Colisão lateral com outro veículo em movimento,NÃO DEFINIDO,Inexistentes,NÃO DEFINIDO,NÃO DEFINIDO,Inexistentes,Betuminoso,Curva,Com inclinação,Berma não pavimentada,Em plena via,Direita
2014790685,2014:04:21 17:43:00,01/21/00,04/01/00,01/01/00,Polícia de Segurança Pública,50.0,50.0,Segunda-Feira,"38,738374","-9,142148",0,0,1,Estrada sem separador,Seco e limpo,Lisboa,Lisboa,Areeiro,Lisboa,Rua Dona Filipa de Vilhena                                                                          ,Arruamento,0,Em estado regular,,Bom tempo,Dois sentidos,Fora da intersecção,Dentro das localidades,Em pleno dia,Com marcas - separadoras de sentido de trânsito,Atropelamento de peões,NÃO DEFINIDO,Inexistentes,NÃO DEFINIDO,Outros,Inexistentes,Calçada,Recta,Em patamar,Sem berma ou impraticável,Em plena via,Direita
2014831103,2014:04:21 13:40:00,01/21/00,04/01/00,01/01/00,Guarda Nacional Republicana,50.0,90.0,Segunda-Feira,"39,164004","-9,195274",0,0,1,Estrada sem separador,Seco e limpo,Lisboa,Lourinha,União das freguesias de Lourinhã e Atalaia,Praia da Areia Branca,,EN - Estrada Nacional,EN247,Em bom estado,8.7,Bom tempo,Dois sentidos,Fora da intersecção,Dentro das localidades,Em pleno dia,Com marcas - separadoras de sentido e de vias de trânsito,Colisão lateral com outro veículo em movimento,NÃO DEFINIDO,Inexistentes,NÃO DEFINIDO,Outros,Inexistentes,Betuminoso,Recta,Com inclinação,Berma pavimentada,Em plena via,Direita
2011537533,2011:04:22 10:40:00,01/22/00,04/01/00,01/01/00,Guarda Nacional Republicana,,50.0,Sexta-Feira  ,,,0,0,1,Estrada sem separador,Molhado,Setúbal,Palmela,Pinhal Novo,PINHAL NOVO,R DO NIQUEL - PINHAL NOVO,Arruamento,0,Em bom estado,,Chuva,Dois sentidos,Em cruzamento,Dentro das localidades,Em pleno dia,Sem marcas rodoviárias ou pouco visíveis,Colisão lateral com outro veículo em movimento,NÃO DEFINIDO,Inexistentes,NÃO DEFINIDO,NÃO DEFINIDO,Inexistentes,Betuminoso,Recta,Em patamar,Berma pavimentada,Em plena via,Direita
20161145285,2016:04:14 02:30:00,01/14/00,04/01/00,01/01/00,Guarda Nacional Republicana,50.0,50.0,Quinta-Feira ,"40,119306","-8,304664",0,0,1,Estrada sem separador,Molhado,Coimbra,Coimbra,"União das freguesias de Taveiro, Ameal e Arzila",TAVEIRO,Rotunda Junto Cemitério Taveiro,Arruamento,0,Em bom estado,,Chuva,Sentido único,Em rotunda,Dentro das localidades,"Noite, com iluminação",Sem marcas rodoviárias ou pouco visíveis,Despiste com capotamento,NÃO DEFINIDO,Inexistentes,NÃO DEFINIDO,NÃO DEFINIDO,Inexistentes,Betuminoso,Curva,Em patamar,Berma pavimentada,Em plena via,Esquerda
2010457850,2010:04:25 12:00:00,01/25/00,04/01/00,01/01/00,Guarda Nacional Republicana,50.0,50.0,Domingo      ,,,0,0,1,Estrada sem separador,Seco e limpo,Setúbal,Seixal,Fernão Ferro,,R RESERVA NATURAL SERRA MALCATA,Arruamento,0,Em bom estado,,Bom tempo,Dois sentidos,Fora da intersecção,Dentro das localidades,Em pleno dia,Sem marcas rodoviárias ou pouco visíveis,Colisão frontal,NÃO DEFINIDO,Inexistentes,NÃO DEFINIDO,NÃO DEFINIDO,Desligada,Betuminoso,Recta,Em patamar,Berma não pavimentada,Em plena via,Direita
2013711062,2013:04:24 16:30:00,01/24/00,04/01/00,01/01/00,Guarda Nacional Republicana,50.0,50.0,Quarta-Feira ,"38,580952","-09,186805",0,1,0,Estrada sem separador,Seco e limpo,Lisboa,Mafra,Mafra,Murgueira,,EN - Estrada Nacional,EN9-2,Em estado regular,1.65,Bom tempo,Dois sentidos,Fora da intersecção,Dentro das localidades,Em pleno dia,Com marcas - separadoras de sentido de trânsito,Despiste com capotamento,NÃO DEFINIDO,Inexistentes,NÃO DEFINIDO,NÃO DEFINIDO,Inexistentes,Betuminoso,Recta,Com inclinação,Berma não pavimentada,Na berma,Direita
20161048031,2016:04:05 14:30:00,01/05/00,04/01/00,01/01/00,Polícia de Segurança Pública,50.0,50.0,Terça-Feira  ,"38,742982","-9,179584",0,0,2,Estrada sem separador,Seco e limpo,Lisboa,Lisboa,São Domingos de Benfica,,Rua Conde Almoster                                                                                  ,Arruamento,0,Em bom estado,,Bom tempo,Dois sentidos,NÃO DEFINIDO,Dentro das localidades,Em pleno dia,Com marcas - separadoras de sentido e de vias de trânsito,Colisão frontal,NÃO DEFINIDO,Inexistentes,NÃO DEFINIDO,Outros,Inexistentes,Betuminoso,Recta,Em patamar,Berma pavimentada,Em plena via,Direita
20181433866,2018:04:29 15:00:00,01/29/00,04/01/00,01/01/00,Guarda Nacional Republicana,50.0,50.0,Domingo      ,"41,612654","-8,242378",0,0,1,Estrada sem separador,Molhado,Braga,Povoa de Lanhoso,União das freguesias de Calvos e Frades,Lago,,EN - Estrada Nacional,EN103,Em bom estado,"60,3",Chuva,Dois sentidos,Fora da intersecção,Dentro das localidades,Em pleno dia,Com marcas - separadoras de sentido de trânsito,Despiste simples,NÃO DEFINIDO,Inexistentes,NÃO DEFINIDO,Outros,Inexistentes,Betuminoso,Curva,Em patamar,Berma pavimentada,Na berma,Direita
2010448155,2010:04:16 11:50:00,01/16/00,04/01/00,01/01/00,Polícia de Segurança Pública,50.0,50.0,Sexta-Feira  ,"0,00","0,00",0,0,1,Outra via,Húmido,Lisboa,Loures,Bobadela,,,Outra Via,0,Em estado regular,,Chuva,Reversível,NÃO DEFINIDO,Dentro das localidades,Em pleno dia,Com marcas - separadoras de sentido de trânsito,Despiste com dispositivo de retenção,NÃO DEFINIDO,NÃO DEFINIDO,NÃO DEFINIDO,NÃO DEFINIDO,NÃO DEFINIDO,Betuminoso,Curva,Com inclinação,Berma não pavimentada,Em plena via,Direita
2015960063,2015:04:08 10:00:00,01/08/00,04/01/00,01/01/00,Guarda Nacional Republicana,50.0,50.0,Quarta-Feira ,"41,038082","-8,362225",0,0,1,Estrada sem separador,Seco e limpo,Porto,Vila Nova de Gaia,União das freguesias de Serzedo e Perosinho,,Rua Clube Futebol Perosinho,Arruamento,0,Em bom estado,,Bom tempo,Dois sentidos,Em cruzamento,Dentro das localidades,Em pleno dia,Sem marcas rodoviárias ou pouco visíveis,Colisão lateral com outro veículo em movimento,NÃO DEFINIDO,Inexistentes,NÃO DEFINIDO,Cedência de passagem,Inexistentes,Calçada,Recta,Em patamar,Sem berma ou impraticável,Em plena via,Direita
2010458778,2010:04:18 16:00:00,01/18/00,04/01/00,01/01/00,Guarda Nacional Republicana,120.0,120.0,Domingo      ,"39,477284","-8,631514",0,1,0,Auto-estrada,Seco e limpo,Santarém,Alcanena,Bugalhos,BUGALHOS,,A  - Auto-Estrada,A1,Em bom estado,94.1,Bom tempo,Sentido único,Em via de desaceleração,Fora das localidades,Em pleno dia,Com marcas - separadoras de sentido e de vias de trânsito,Despiste com capotamento,NÃO DEFINIDO,Inexistentes,No sentido decrescente da quilometragem,Outros,Inexistentes,Betuminoso,Curva,Em patamar,Berma pavimentada,Na berma,Esquerda
2011529713,2011:04:21 20:00:00,01/21/00,04/01/00,01/01/00,Guarda Nacional Republicana,50.0,50.0,Quinta-Feira ,,,0,0,2,Estrada sem separador,Molhado,Braga,Fafe,Fafe,,ROTUNDA PICOTALHO,Arruamento,0,Em bom estado,,Chuva,Dois sentidos,Em rotunda,Dentro das localidades,"Noite, com iluminação",Com marcas - separadoras de sentido e de vias de trânsito,Colisão traseira com outro veículo em movimento,NÃO DEFINIDO,Inexistentes,NÃO DEFINIDO,Outros,Inexistentes,Betuminoso,Curva,Com inclinação,Berma pavimentada,Em plena via,Direita
2015959427,2015:04:25 17:30:00,01/25/00,04/01/00,01/01/00,Guarda Nacional Republicana,20.0,20.0,Sábado       ,"38,739120","-9,398836",0,0,1,Estrada sem separador,Seco e limpo,Lisboa,Cascais,Alcabideche,Alcoitão,,Outra Via,0,Em bom estado,,Bom tempo,Sentido único,Fora da intersecção,Dentro das localidades,Em pleno dia,Com marcas - separadoras de sentido de trânsito,Atropelamento com fuga,NÃO DEFINIDO,Inexistentes,NÃO DEFINIDO,Outros,Inexistentes,Betuminoso,Recta,Em patamar,Sem berma ou impraticável,Em plena via,Esquerda
20171258615,2017:04:17 17:00:00,01/17/00,04/01/00,01/01/00,Guarda Nacional Republicana,50.0,50.0,Segunda-Feira,"40,242136","-7,521734",0,0,1,Estrada sem separador,Seco e limpo,Castelo Branco,Covilha,Tortosendo,Tortosendo,AVENIDA VIRIATO,Arruamento,0,Em bom estado,,Bom tempo,Dois sentidos,Fora da intersecção,Dentro das localidades,Em pleno dia,Com marcas - separadoras de sentido de trânsito,Despiste simples,NÃO DEFINIDO,Inexistentes,NÃO DEFINIDO,Outros,Inexistentes,Betuminoso,Curva,Com inclinação,Sem berma ou impraticável,No passeio,Direita
20191674215,2019:04:18 17:30:00,01/18/00,04/01/00,01/01/00,Polícia de Segurança Pública,50.0,50.0,Quinta-Feira ,"38,714569","-8,994625",0,0,1,Estrada sem separador,Seco e limpo,Setúbal,Montijo,União das freguesias de Montijo e Afonsoeiro,Montijo,,EM - Estrada Municipal,EM501,Em estado regular,,Bom tempo,Dois sentidos,Em entroncamento,Dentro das localidades,Em pleno dia,Com marcas - separadoras de sentido e de vias de trânsito,Colisão frontal,NÃO DEFINIDO,Inexistentes,NÃO DEFINIDO,Stop,Inexistentes,Betuminoso,Recta,Em patamar,Berma pavimentada,Em plena via,Direita
2013715103,2013:04:07 12:00:00,01/07/00,04/01/00,01/01/00,Guarda Nacional Republicana,50.0,50.0,Domingo      ,"41,096189","-07,518193",0,0,1,Estrada sem separador,Húmido,Vila Real,Mesao Frio,Vila Marim,Lugar da Rede,Rua da Estação,Arruamento,0,Em estado regular,,Chuva,Sentido único,Fora da intersecção,Dentro das localidades,Em pleno dia,Sem marcas rodoviárias ou pouco visíveis,Colisão com outras situações,NÃO DEFINIDO,Inexistentes,NÃO DEFINIDO,Stop,Inexistentes,Betuminoso,Recta,Com inclinação,Sem berma ou impraticável,Em plena via,Direita
20191687643,2019:04:29 19:15:00,01/29/00,04/01/00,01/01/00,Guarda Nacional Republicana,50.0,50.0,Segunda-Feira,"41,280160","-8,388459",0,0,1,Estrada sem separador,Seco e limpo,Porto,Pacos de Ferreira,Meixomil,Meixomil,Avenida do Marco,Arruamento,0,Em estado regular,,Bom tempo,Dois sentidos,Fora da intersecção,Dentro das localidades,"Noite, com iluminação",Com marcas - separadoras de sentido de trânsito,Atropelamento de peões,NÃO DEFINIDO,Inexistentes,NÃO DEFINIDO,Passagem de peões,Inexistentes,Betuminoso,Recta,Em patamar,Sem berma ou impraticável,Em plena via,Direita
2011529591,2011:04:21 18:00:00,01/21/00,04/01/00,01/01/00,Guarda Nacional Republicana,90.0,120.0,Quinta-Feira ,"41,429389","-8,337894",0,0,1,Auto-estrada,Molhado,Braga,Guimaraes,Candoso (São Martinho),CANDOSO S MARTINHO,,A  - Auto-Estrada,A7,Em estado regular,37.675,Chuva,Sentido único,Fora da intersecção,Fora das localidades,Em pleno dia,Com marcas - separadoras de sentido e de vias de trânsito,Despiste simples,Passagem estreita,Inexistentes,No sentido decrescente da quilometragem,Outros,Inexistentes,Betuminoso,Curva,Com inclinação,Berma pavimentada,Em plena via,Direita