Id. Acidente,Datahora,Dia,Mês,Hora,Entidades Fiscalizadoras,Velocidade local,Velocidade geral,Dia da Semana,Latitude GPS,Longitude GPS,Num. Mortos a 30 dias,Num. Feridos graves a 30 dias,Num. Feridos ligeiros a 30 dias,Características Tecnicas1,Cond Aderência,Distrito,Concelho,Freguesia,Pov. Proxima,Nome arruamento,Tipos Vias,Cod Via,Estado Conservação,Km,Factores Atmosféricos,Reg Circulação1,Intersecção Vias,Localizações,Luminosidade,Marca Via,Natureza,Obras Arte,Obstáculos,Sentidos,Sinais,Sinais Luminosos,Tipo Piso,Traçado 1,Traçado 2,Traçado 3,Traçado 4,Via Trânsito
2011537336,2011:04:03 11:50:00,01/03/00,04/01/00,01/01/00,Guarda Nacional Republicana,,50.0,Domingo      ,,,0,0,1,Estrada sem separador,Seco e limpo,Guarda,Vila Nova de Foz Coa,Vila Nova de Foz Côa,V N FOZ COA,,EN - Estrada Nacional,EN102,Em bom estado,78.031,Bom tempo,NÃO DEFINIDO,Fora da intersecção,Dentro das localidades,Em pleno dia,Com marcas - separadoras de sentido de trânsito,Despiste simples,NÃO DEFINIDO,NÃO DEFINIDO,NÃO DEFINIDO,NÃO DEFINIDO,Inexistentes,Betuminoso,Curva,Em patamar,Berma pavimentada,Em plena via,Direita
20171256180,2017:04:04 18:10:00,01/04/00,04/01/00,01/01/00,Guarda Nacional Republicana,50.0,50.0,Terça-Feira  ,"41,027867","-8,642457",0,0,1,Estrada sem separador,Seco e limpo,Porto,Vila Nova de Gaia,São Félix da Marinha,São Félix da Marinha,Avenida da Liberdade,Arruamento,0,Em bom estado,,Bom tempo,Sentido único,Em entroncamento,Dentro das localidades,Em pleno dia,Com marcas - separadoras de sentido de trânsito,Colisão lateral com outro veículo em movimento,NÃO DEFINIDO,Inexistentes,NÃO DEFINIDO,Stop,Inexistentes,Betuminoso,Recta,Em patamar,Sem berma ou impraticável,Em plena via,Direita
2014831619,2014:04:27 02:15:00,01/27/00,04/01/00,01/01/00,Guarda Nacional Republicana,50.0,50.0,Domingo      ,"41,659907","-8,420757",0,0,1,Estrada sem separador,Seco e limpo,Braga,Vila Verde,Sabariz,Vila Verde,,EN - Estrada Nacional,EN308,Em bom estado,37.1,Bom tempo,Dois sentidos,Fora da intersecção,Dentro das localidades,"Noite, com iluminação",Sem marcas rodoviárias ou pouco visíveis,Despiste simples,NÃO DEFINIDO,Inexistentes,NÃO DEFINIDO,NÃO DEFINIDO,Inexistentes,Betuminoso,Curva,Em patamar,Sem berma ou impraticável,Em plena via,Direita
20191693266,2019:04:02 09:35:00,01/02/00,04/01/00,01/01/00,Guarda Nacional Republicana,120.0,120.0,Terça-Feira  ,"41,264240","-8,701450",0,0,1,Auto-estrada,Seco e limpo,Porto,Vila do Conde,Aveleda,Aveleda,,A  - Auto-Estrada,A28,Em bom estado,"15,69",Bom tempo,Sentido único,Fora da intersecção,Fora das localidades,Em pleno dia,Com marcas - separadoras de sentido e de vias de trânsito,Despiste com capotamento,NÃO DEFINIDO,Inexistentes,No sentido crescente da quilometragem,NÃO DEFINIDO,Inexistentes,Betuminoso,Recta,Em patamar,Berma pavimentada,Em plena via,Direita
20191675117,2019:04:26 19:25:00,01/26/00,04/01/00,01/01/00,Polícia de Segurança Pública,50.0,50.0,Sexta-Feira  ,"0,0","0,0",0,0,1,Estrada sem separador,Seco e limpo,Braga,Braga,União das freguesias de Braga (São José de São Lázaro e São João do Souto),,Avenida Central,Arruamento,0,Em estado regular,,Bom tempo,Sentido único,Fora da intersecção,Dentro das localidades,Em pleno dia,Sem marcas rodoviárias ou pouco visíveis,Atropelamento de peões,NÃO DEFINIDO,Inexistentes,NÃO DEFINIDO,NÃO DEFINIDO,A funcionar normalmente,Calçada,Recta,Em patamar,Sem berma ou impraticável,Em plena via,Esquerda
2010445062,2010:04:04 18:00:00,01/04/00,04/01/00,01/01/00,Polícia de Segurança Pública,70.0,70.0,Domingo      ,"38,699297","-9,267079",0,0,1,Outra via,Seco e limpo,Lisboa,Oeiras,Caxias,Caxias,,EN - Estrada Nacional,EN6,Em bom estado,3.5,Bom tempo,Dois sentidos,Fora da intersecção,Dentro das localidades,Em pleno dia,Com marcas - separadoras de sentido e de vias de trânsito,Despiste sem dispositivo de retenção,NÃO DEFINIDO,Inexistentes,NÃO DEFINIDO,Outros,Inexistentes,Betuminoso,Recta,Com inclinação,Berma pavimentada,Em plena via,Direita
20191688851,2019:04:22 15:10:00,01/22/00,04/01/00,01/01/00,Guarda Nacional Republicana,90.0,90.0,Segunda-Feira,"37,231640","-8,474720",0,0,4,Estrada sem separador,Seco e limpo,Faro,Aljezur,Rogil,Rogil - Aljezur,,EN - Estrada Nacional,EN120,Em estado regular,"134,6",Bom tempo,Dois sentidos,Fora da intersecção,Fora das localidades,Em pleno dia,Com marcas - separadoras de sentido de trânsito,Colisão frontal,NÃO DEFINIDO,Inexistentes,NÃO DEFINIDO,NÃO DEFINIDO,Inexistentes,Betuminoso,Recta,Em patamar,Sem berma ou impraticável,Em plena via,Direita
2011529298,2011:04:04 08:10:00,01/04/00,04/01/00,01/01/00,Guarda Nacional Republicana,60.0,90.0,Segunda-Feira,"40,022651","-8,576579",0,1,1,Estrada sem separador,Seco e limpo,Leiria,Pombal,Redinha,REDINHA,,EN - Estrada Nacional,EN1,Em estado regular,159.922,Bom tempo,Dois sentidos,Em entroncamento,Fora das localidades,Em pleno dia,Com marcas - separadoras de sentido e de vias de trânsito,Colisão frontal,NÃO DEFINIDO,Inexistentes,NÃO DEFINIDO,Stop,Inexistentes,Betuminoso,Curva,Com inclinação,Berma pavimentada,Em plena via,Direita
20171260149,2017:04:26 11:45:00,01/26/00,04/01/00,01/01/00,Guarda Nacional Republicana,50.0,50.0,Quarta-Feira ,"39,247849","-8,008508",0,0,1,Estrada sem separador,Seco e limpo,Portalegre,Ponte de Sor,"União das freguesias de Ponte de Sor, Tramaga e Vale de Açor",Ponte de Sor,Avenida da Liberdade,Arruamento,0,Em estado regular,,Bom tempo,Dois sentidos,Fora da intersecção,Dentro das localidades,Em pleno dia,Com marcas - separadoras de sentido de trânsito,Despiste simples,NÃO DEFINIDO,Inexistentes,NÃO DEFINIDO,Passagem de peões,Inexistentes,Betuminoso,Recta,Em patamar,Berma pavimentada,Em plena via,Direita
20181385247,2018:04:21 19:25:00,01/21/00,04/01/00,01/01/00,Polícia de Segurança Pública,50.0,50.0,Sábado       ,"0,0","0,0",0,0,1,Estrada sem separador,Seco e limpo,Vila Real,Vila Real,"União das freguesias de Vila Real (Nossa Senhora da Conceição, São Pedro e São Dinis)",Vila Real,Avenida Almeida Lucena                                                                              ,Arruamento,0,Em estado regular,,Bom tempo,Dois sentidos,Fora da intersecção,Dentro das localidades,Em pleno dia,Com marcas - separadoras de sentido e de vias de trânsito,Atropelamento de peões,NÃO DEFINIDO,Inexistentes,NÃO DEFINIDO,NÃO DEFINIDO,Inexistentes,Calçada,Recta,Em patamar,Berma pavimentada,Em parque de estacionamento,Direita
20171225858,2017:04:14 11:30:00,01/14/00,04/01/00,01/01/00,Polícia de Segurança Pública,50.0,50.0,Sexta-Feira  ,"41,541183","-8,411489",0,0,2,Estrada sem separador,Seco e limpo,Braga,Braga,União das freguesias de Braga (São José de São Lázaro e São João do Souto),Braga,Rua Padre Francisco de Almeida                                                                      ,Arruamento,0,Em bom estado,,Bom tempo,Dois sentidos,Fora da intersecção,Dentro das localidades,Em pleno dia,Com marcas - separadoras de sentido de trânsito,Colisão traseira com outro veículo em movimento,NÃO DEFINIDO,Inexistentes,NÃO DEFINIDO,NÃO DEFINIDO,Inexistentes,Betuminoso,Recta,Em patamar,Sem berma ou impraticável,Em plena via,Direita
20191692986,2019:04:05 17:00:00,01/05/00,04/01/00,01/01/00,Guarda Nacional Republicana,120.0,120.0,Sexta-Feira  ,"41,232190","-8,220087",0,2,0,Auto-estrada,Molhado,Porto,Penafiel,Recezinhos (São Mamede),S. mamede Recezinhos,,A  - Auto-Estrada,A4,Em estado regular,"43,264",Chuva,Sentido único,Fora da intersecção,Fora das localidades,Em pleno dia,Com marcas - separadoras de sentido e de vias de trânsito,Despiste simples,NÃO DEFINIDO,Inexistentes,No sentido decrescente da quilometragem,NÃO DEFINIDO,Inexistentes,Betuminoso,Curva,Com inclinação,Berma pavimentada,Em plena via,Esquerda
20161147498,2016:04:25 07:35:00,01/25/00,04/01/00,01/01/00,Guarda Nacional Republicana,100.0,100.0,Segunda-Feira,"40,311330","-8,056245",0,0,3,Estrada sem separador,Seco e limpo,Viseu,Tondela,União das freguesias de Tondela e Nandufe,TONDELA,,IP- Itinerário Principal,IP3,Em bom estado,"99,8",Bom tempo,Dois sentidos,Fora da intersecção,Fora das localidades,Em pleno dia,Com marcas - separadoras de sentido de trânsito,Colisão traseira com outro veículo em movimento,NÃO DEFINIDO,Inexistentes,NÃO DEFINIDO,Outros,Inexistentes,Betuminoso,Curva,Com inclinação,Berma pavimentada,Em plena via,Direita
2013715290,2013:04:06 12:50:00,01/06/00,04/01/00,01/01/00,Guarda Nacional Republicana,50.0,50.0,Sábado       ,"40,389536","-08,211044",0,0,2,Estrada sem separador,Seco e limpo,Braga,Amares,Caires,,Rua de São Pedro Fins,Arruamento,0,Em estado regular,,Bom tempo,Dois sentidos,Fora da intersecção,Dentro das localidades,Em pleno dia,Com marcas - separadoras de sentido de trânsito,Colisão frontal,NÃO DEFINIDO,Inexistentes,NÃO DEFINIDO,NÃO DEFINIDO,Inexistentes,Betuminoso,Curva,Com inclinação,Sem berma ou impraticável,Em plena via,Direita
2014833362,2014:04:11 17:44:00,01/11/00,04/01/00,01/01/00,Guarda Nacional Republicana,50.0,50.0,Sexta-Feira  ,"40,527922","-8,255951",0,0,1,Estrada sem separador,Seco e limpo,Aveiro,Oliveira de Azemeis,Carregosa,Fontanheira,,EN - Estrada Nacional,EN227,Em bom estado,7.1,Bom tempo,Dois sentidos,Em entroncamento,Dentro das localidades,Em pleno dia,Com marcas - separadoras de sentido de trânsito,Colisão lateral com outro veículo em movimento,NÃO DEFINIDO,Inexistentes,NÃO DEFINIDO,Stop,Inexistentes,Betuminoso,Curva,Em patamar,Berma não pavimentada,Em plena via,Direita
20181433554,2018:04:26 16:40:00,01/26/00,04/01/00,01/01/00,Guarda Nacional Republicana,50.0,50.0,Quinta-Feira ,"41,030498","-8,512970",0,1,0,Estrada sem separador,Seco e limpo,Porto,Vila Nova de Gaia,"União das freguesias de Sandim, Olival, Lever e Crestuma",Sandim,Rua do Vale,Arruamento,0,Em estado regular,,Bom tempo,Dois sentidos,Fora da intersecção,Dentro das localidades,Em pleno dia,Sem marcas rodoviárias ou pouco visíveis,Atropelamento de peões,NÃO DEFINIDO,Inexistentes,NÃO DEFINIDO,NÃO DEFINIDO,Inexistentes,Betuminoso,Recta,Com inclinação,Sem berma ou impraticável,Em plena via,Direita
20161066763,2016:04:30 19:30:00,01/30/00,04/01/00,01/01/00,Polícia de Segurança Pública,50.0,50.0,Sábado       ,"38,812851","-9,210857",0,0,1,Estrada sem separador,Seco e limpo,Lisboa,Odivelas,União das freguesias de Ramada e Caneças,Caneças,Rua Luis Camões,Arruamento,0,Em bom estado,,Bom tempo,Dois sentidos,Fora da intersecção,Dentro das localidades,Aurora ou crepúsculo,Com marcas - separadoras de sentido de trânsito,Colisão choque em cadeia,NÃO DEFINIDO,Inexistentes,NÃO DEFINIDO,Outros,Inexistentes,Betuminoso,Recta,Com inclinação,Berma pavimentada,Em plena via,Direita
20181392801,2018:04:25 17:15:00,01/25/00,04/01/00,01/01/00,Guarda Nacional Republicana,50.0,50.0,Quarta-Feira ,"39,994017","-8,778961",0,0,1,Estrada sem separador,Seco e limpo,Leiria,Pombal,Louriçal,Leiria,rua de são bras,Arruamento,0,Em bom estado,,Bom tempo,Dois sentidos,Fora da intersecção,Dentro das localidades,Em pleno dia,Sem marcas rodoviárias ou pouco visíveis,Colisão frontal,NÃO DEFINIDO,Inexistentes,NÃO DEFINIDO,NÃO DEFINIDO,Inexistentes,Betuminoso,Recta,Em patamar,Sem berma ou impraticável,Em plena via,Direita
2011532882,2011:04:14 18:15:00,01/14/00,04/01/00,01/01/00,Guarda Nacional Republicana,50.0,50.0,Quinta-Feira ,,,0,0,1,Estrada sem separador,Seco e limpo,Aveiro,Aveiro,São Jacinto,S JACINTO,R 25 DE ABRIL,Arruamento,0,Em bom estado,,Bom tempo,Dois sentidos,Fora da intersecção,Dentro das localidades,Em pleno dia,Com marcas - separadoras de sentido de trânsito,Despiste simples,NÃO DEFINIDO,Inexistentes,NÃO DEFINIDO,NÃO DEFINIDO,Inexistentes,Betuminoso,Recta,Em patamar,Berma pavimentada,Em plena via,Direita
2012612717,2012:04:30 07:50:00,01/30/00,04/01/00,01/01/00,Guarda Nacional Republicana,120.0,120.0,Segunda-Feira,"40,279604","-8,477637",0,0,1,Auto-estrada,Molhado,Coimbra,Coimbra,Vil de Matos,VILA DE MATOS,,A  - Auto-Estrada,A1,Em bom estado,198.2,Chuva,Sentido único,Fora da intersecção,Fora das localidades,Em pleno dia,Com marcas - separadoras de sentido e de vias de trânsito,Despiste com dispositivo de retenção,NÃO DEFINIDO,Inexistentes,No sentido crescente da quilometragem,Outros,Inexistentes,Betuminoso,Recta,Em patamar,Berma pavimentada,Em plena via,Direita
20191675431,2019:04:23 18:50:00,01/23/00,04/01/00,01/01/00,Polícia de Segurança Pública,50.0,50.0,Terça-Feira  ,"0,0","0,0",0,0,1,Estrada sem separador,Seco e limpo,Lisboa,Loures,Loures,Loures,Rua Capitães de Abril                                                                               ,Arruamento,0,Em estado regular,,Bom tempo,Dois sentidos,Fora da intersecção,Dentro das localidades,Em pleno dia,Sem marcas rodoviárias ou pouco visíveis,Despiste com dispositivo de retenção,Viaduto/Ponte,Inexistentes,NÃO DEFINIDO,Outros,Inexistentes,Betuminoso,Recta,Em patamar,Berma não pavimentada,Em plena via,Direita
20171256680,2017:04:07 15:30:00,01/07/00,04/01/00,01/01/00,Guarda Nacional Republicana,50.0,50.0,Sexta-Feira  ,"37,147351","-8,011347",0,0,1,Estrada sem separador,Seco e limpo,Faro,Loule,Loulé (São Clemente),Loulé,,EN - Estrada Nacional,EN396,Em bom estado,"14,5",Bom tempo,Dois sentidos,Fora da intersecção,Dentro das localidades,Em pleno dia,Com marcas - separadoras de sentido e de vias de trânsito,Despiste com colisão com veículo imobil. ou obstáculo,NÃO DEFINIDO,Inexistentes,NÃO DEFINIDO,NÃO DEFINIDO,Inexistentes,Betuminoso,Recta,Em patamar,Berma não pavimentada,Na berma,Direita
2011529354,2011:04:14 13:30:00,01/14/00,04/01/00,01/01/00,Guarda Nacional Republicana,50.0,50.0,Quinta-Feira ,"39,52250","8,54224",1,0,0,Estrada sem separador,Seco e limpo,Leiria,Leiria,Monte Real,CARVIDA - BECO,R DE LEIRIA,Arruamento,0,Em bom estado,,Bom tempo,Dois sentidos,Em entroncamento,Dentro das localidades,Em pleno dia,Com marcas - separadoras de sentido de trânsito,Colisão lateral com outro veículo em movimento,NÃO DEFINIDO,Inexistentes,NÃO DEFINIDO,Stop,Inexistentes,Betuminoso,Recta,Com inclinação,Berma não pavimentada,Em plena via,Direita
2010449733,2010:04:29 15:38:00,01/29/00,04/01/00,01/01/00,Polícia de Segurança Pública,80.0,80.0,Quinta-Feira ,"0,00","0,00",1,0,1,Outra via,Húmido,Lisboa,Loures,Sacavém,Sacavém,,IC - Itinerário Complementar,IC2,Em estado regular,2.0,Bom tempo,Dois sentidos,Fora da intersecção,Dentro das localidades,Em pleno dia,Com marcas - separadoras de sentido de trânsito,Colisão traseira com outro veículo em movimento,NÃO DEFINIDO,Inexistentes,NÃO DEFINIDO,NÃO DEFINIDO,Inexistentes,Betuminoso,Recta,Com inclinação,Berma pavimentada,Em plena via,Direita
2013715213,2013:04:28 14:20:00,01/28/00,04/01/00,01/01/00,Guarda Nacional Republicana,90.0,90.0,Domingo      ,"40,062943","-8,200330",0,0,2,Estrada sem separador,Seco e limpo,Coimbra,Miranda do Corvo,Miranda do Corvo,Carapinhal,,EN - Estrada Nacional,EN17-1,Em bom estado,9.4,Bom tempo,Dois sentidos,Fora da intersecção,Fora das localidades,Em pleno dia,Sem marcas rodoviárias ou pouco visíveis,Despiste simples,NÃO DEFINIDO,Inexistentes,NÃO DEFINIDO,NÃO DEFINIDO,Inexistentes,Betuminoso,Recta,Em patamar,Sem berma ou impraticável,Em plena via,Direita
2015958002,2015:04:11 17:15:00,01/11/00,04/01/00,01/01/00,Guarda Nacional Republicana,50.0,50.0,Sábado       ,"41,279605","-8,256426",0,0,1,Estrada sem separador,Seco e limpo,Braga,Guimaraes,Airão (São João Baptista),,Rua São João Batista,Arruamento,0,Em estado regular,,Bom tempo,Dois sentidos,Fora da intersecção,Dentro das localidades,Em pleno dia,Com marcas - separadoras de sentido de trânsito,Despiste simples,NÃO DEFINIDO,Inexistentes,NÃO DEFINIDO,NÃO DEFINIDO,Inexistentes,Betuminoso,Recta,Em patamar,Berma pavimentada,Em plena via,Direita
20161049844,2016:04:12 07:45:00,01/12/00,04/01/00,01/01/00,Polícia de Segurança Pública,40.0,40.0,Terça-Feira  ,"41,364126","-8,491057",0,0,1,Estrada sem separador,Húmido,Porto,Santo Tirso,"União das freguesias de Areias, Sequeiró, Lama e Palmeira",Palmeira,Rua Casal (Palmeira),Arruamento,0,Em estado regular,,Bom tempo,Dois sentidos,Em entroncamento,Dentro das localidades,Em pleno dia,Sem marcas rodoviárias ou pouco visíveis,Colisão lateral com outro veículo em movimento,NÃO DEFINIDO,Inexistentes,NÃO DEFINIDO,NÃO DEFINIDO,Inexistentes,Calçada,Recta,Com inclinação,Berma pavimentada,Em plena via,Direita
2015959651,2015:04:08 13:00:00,01/08/00,04/01/00,01/01/00,Guarda Nacional Republicana,50.0,50.0,Quarta-Feira ,"40,242083","-7,322636",0,0,1,Estrada sem separador,Seco e limpo,Guarda,Manteigas,Manteigas (Santa Maria),Manteigas,Rua São Lourenço,Arruamento,0,Em bom estado,,Bom tempo,Dois sentidos,Fora da intersecção,Dentro das localidades,Em pleno dia,Sem marcas rodoviárias ou pouco visíveis,Atropelamento de peões,NÃO DEFINIDO,Inexistentes,NÃO DEFINIDO,NÃO DEFINIDO,Inexistentes,Calçada,Recta,Em patamar,Sem berma ou impraticável,Em plena via,Direita
20171225001,2017:04:01 01:40:00,01/01/00,04/01/00,01/01/00,Polícia de Segurança Pública,60.0,60.0,Sábado       ,"38,788269","-9,103402",0,0,1,Outra via,Seco e limpo,Lisboa,Loures,União das freguesias de Moscavide e Portela,,,IC - Itinerário Complementar,IC2,Em bom estado,"1,6",Bom tempo,Sentido único,Fora da intersecção,Dentro das localidades,"Noite, com iluminação",Com marcas - separadoras de sentido e de vias de trânsito,Colisão traseira com outro veículo em movimento,NÃO DEFINIDO,Inexistentes,No sentido crescente da quilometragem,Outros,Inexistentes,Betuminoso,Recta,Em patamar,Berma pavimentada,Em plena via,Central
20171257372,2017:04:11 11:30:00,01/11/00,04/01/00,01/01/00,Guarda Nacional Republicana,50.0,50.0,Terça-Feira  ,"39,221767","-8,887445",0,0,1,Estrada sem separador,Seco e limpo,Lisboa,Azambuja,"União das freguesias de Manique do Intendente, Vila Nova de São Pedro e Maçussa",Manique do Intendente,Rua Pina Manique,Arruamento,0,Em bom estado,,Bom tempo,Dois sentidos,Fora da intersecção,Dentro das localidades,Em pleno dia,Sem marcas rodoviárias ou pouco visíveis,Atropelamento de peões,NÃO DEFINIDO,Inexistentes,NÃO DEFINIDO,NÃO DEFINIDO,Inexistentes,Betuminoso,Curva,Com inclinação,Berma pavimentada,Na berma,Direita
2013714918,2013:04:07 15:00:00,01/07/00,04/01/00,01/01/00,Guarda Nacional Republicana,90.0,90.0,Domingo      ,"39,779453","-08,603303",0,0,2,Estrada sem separador,Seco e limpo,Leiria,Pombal,Albergaria dos Doze,Albergaria dos Doze,Rua do Bom Jardim,Arruamento,0,Em bom estado,,Bom tempo,Dois sentidos,Fora da intersecção,Dentro das localidades,Em pleno dia,Com marcas - separadoras de sentido de trânsito,Despiste com colisão com veículo imobil. ou obstáculo,NÃO DEFINIDO,Inexistentes,NÃO DEFINIDO,NÃO DEFINIDO,Inexistentes,Betuminoso,Curva,Com inclinação,Berma não pavimentada,Em plena via,Direita
2010456438,2010:04:14 17:30:00,01/14/00,04/01/00,01/01/00,Guarda Nacional Republicana,50.0,50.0,Quarta-Feira ,,,0,0,1,Estrada sem separador,Húmido,Viseu,Tondela,Lajeosa,TEOMIL,LG CAPELA,Arruamento,0,Em estado regular,,Chuva,Dois sentidos,Fora da intersecção,Dentro das localidades,Em pleno dia,Sem marcas rodoviárias ou pouco visíveis,Despiste simples,NÃO DEFINIDO,Inexistentes,NÃO DEFINIDO,Outros,Inexistentes,Betuminoso,Recta,Em patamar,Berma pavimentada,Em plena via,Esquerda
2013715293,2013:04:15 20:20:00,01/15/00,04/01/00,01/01/00,Guarda Nacional Republicana,50.0,50.0,Segunda-Feira,"41,389249","-08,229142",0,0,1,Estrada sem separador,Com gravilha ou areia,Braga,Amares,Portela,Portela,,EN - Estrada Nacional,EN308,Em estado regular,47.05,Bom tempo,Dois sentidos,Fora da intersecção,Dentro das localidades,Aurora ou crepúsculo,Sem marcas rodoviárias ou pouco visíveis,Despiste com colisão com veículo imobil. ou obstáculo,NÃO DEFINIDO,Inexistentes,NÃO DEFINIDO,NÃO DEFINIDO,Inexistentes,Betuminoso,Curva,Em patamar,Sem berma ou impraticável,Na berma,Direita
2013711785,2013:04:24 08:25:00,01/24/00,04/01/00,01/01/00,Guarda Nacional Republicana,50.0,50.0,Quarta-Feira ,"41,187250","-08,359554",0,0,1,Estrada sem separador,Seco e limpo,Porto,Trofa,Alvarelhos,São Gens,Rua Central de Arrabalde,Arruamento,0,Em estado regular,,Bom tempo,Dois sentidos,Em cruzamento,Dentro das localidades,Em pleno dia,Sem marcas rodoviárias ou pouco visíveis,Colisão frontal,NÃO DEFINIDO,Inexistentes,NÃO DEFINIDO,NÃO DEFINIDO,Inexistentes,Betuminoso,Recta,Com inclinação,Sem berma ou impraticável,Em plena via,Direita
2014832547,2014:04:15 10:45:00,01/15/00,04/01/00,01/01/00,Guarda Nacional Republicana,50.0,50.0,Terça-Feira  ,"42,000865","-8,301195",0,0,1,Estrada sem separador,Seco e limpo,Viana do Castelo,Moncao,Barroças e Taias,Barroças e Taias,,EN - Estrada Nacional,EN101,Em bom estado,27.9,Bom tempo,Dois sentidos,Fora da intersecção,Dentro das localidades,Em pleno dia,Com marcas - separadoras de sentido de trânsito,Colisão lateral com outro veículo em movimento,NÃO DEFINIDO,Inexistentes,NÃO DEFINIDO,Outros,Inexistentes,Betuminoso,Curva,Com inclinação,Berma pavimentada,Em plena via,Direita
20191673736,2019:04:25 16:30:00,01/25/00,04/01/00,01/01/00,Polícia de Segurança Pública,50.0,50.0,Quinta-Feira ,"0,0","0,0",0,0,1,Estrada sem separador,Seco e limpo,Setúbal,Seixal,Corroios,Quinta da Queimada,Rua António Vilar                                                                                   ,Arruamento,0,Em estado regular,,Bom tempo,Sentido único,Em cruzamento,Dentro das localidades,Em pleno dia,Sem marcas rodoviárias ou pouco visíveis,Colisão lateral com outro veículo em movimento,NÃO DEFINIDO,Inexistentes,NÃO DEFINIDO,NÃO DEFINIDO,Inexistentes,Betuminoso,Recta,Em patamar,Sem berma ou impraticável,Em plena via,Direita
2010445053,2010:04:06 11:55:00,01/06/00,04/01/00,01/01/00,Polícia de Segurança Pública,50.0,50.0,Terça-Feira  ,"0,00","0,00",1,0,0,Estrada sem separador,Húmido,Lisboa,Lisboa,Benfica,,Estrada da Circunvalação (Lisboa),Arruamento,0,Em estado regular,,Bom tempo,Dois sentidos,Fora da intersecção,Dentro das localidades,Em pleno dia,Sem marcas rodoviárias ou pouco visíveis,Colisão traseira com outro veículo em movimento,NÃO DEFINIDO,Inexistentes,NÃO DEFINIDO,Outros,Inexistentes,Betuminoso,Recta,Em patamar,Berma pavimentada,Em plena via,Direita
2011525382,2011:04:27 08:40:00,01/27/00,04/01/00,01/01/00,Polícia de Segurança Pública,50.0,50.0,Quarta-Feira ,"0,00","0,00",0,0,1,Estrada sem separador,Húmido,Porto,Vila do Conde,Vila do Conde,Vila do Conde,Avenida Portas de Fronhas                                                                           ,Arruamento,0,Em estado regular,,Bom tempo,Dois sentidos,Fora da intersecção,Dentro das localidades,Em pleno dia,Sem marcas rodoviárias ou pouco visíveis,Atropelamento de peões,NÃO DEFINIDO,Inexistentes,NÃO DEFINIDO,Outros,Inexistentes,Betuminoso,Recta,Em Lomba,Berma pavimentada,Em plena via,Direita
2012614840,2012:04:27 12:30:00,01/27/00,04/01/00,01/01/00,Guarda Nacional Republicana,90.0,90.0,Sexta-Feira  ,"41,174959","-7,777390",0,0,2,Estrada sem separador,Seco e limpo,Vila Real,Santa Marta de Penaguiao,Lobrigos (São João Baptista),VILA MAIOR,,EN - Estrada Nacional,EN2,Em bom estado,86.8,Bom tempo,Dois sentidos,Fora da intersecção,Fora das localidades,Em pleno dia,Com marcas - separadoras de sentido de trânsito,Colisão lateral com outro veículo em movimento,NÃO DEFINIDO,Inexistentes,NÃO DEFINIDO,Outros,Inexistentes,Betuminoso,Curva,Em patamar,Berma pavimentada,Em plena via,Direita
2015922629,2015:04:13 20:50:00,01/13/00,04/01/00,01/01/00,Polícia de Segurança Pública,50.0,50.0,Segunda-Feira,"41,364608","-8,741855",0,0,1,Estrada sem separador,Seco e limpo,Porto,Vila do Conde,Vila do Conde,Vila do Conde,Avenida Atlântico                                                                                   ,Arruamento,0,Em bom estado,,Bom tempo,Dois sentidos,Fora da intersecção,Dentro das localidades,"Noite, com iluminação",Com marcas - separadoras de sentido de trânsito,Atropelamento de peões,NÃO DEFINIDO,Inexistentes,NÃO DEFINIDO,Outros,Inexistentes,Betuminoso,Recta,Em patamar,Sem berma ou impraticável,Em plena via,Direita
2013699338,2013:04:16 11:00:00,01/16/00,04/01/00,01/01/00,Polícia de Segurança Pública,50.0,50.0,Terça-Feira  ,"0,00","0,00",0,0,1,Outra via,Seco e limpo,Lisboa,Lisboa,Campo Grande,,Avenida Forças Armadas                                                                              ,Arruamento,0,Em bom estado,,Bom tempo,Dois sentidos,Em cruzamento,Dentro das localidades,Em pleno dia,Com marcas - separadoras de sentido e de vias de trânsito,Atropelamento de peões,NÃO DEFINIDO,Inexistentes,No sentido decrescente da quilometragem,Passagem de peões,A funcionar normalmente,Betuminoso,Recta,Em patamar,Berma pavimentada,Em plena via,Direita
20181382695,2018:04:11 03:05:00,01/11/00,04/01/00,01/01/00,Polícia de Segurança Pública,60.0,100.0,Quarta-Feira ,"0,0","0,0",0,0,1,Outra via,Molhado,Coimbra,Coimbra,Santo António dos Olivais,Coimbra,,IC - Itinerário Complementar,IC2,Em estado regular,"190,6",Chuva,Sentido único,Fora da intersecção,Dentro das localidades,"Noite, com iluminação",Com marcas - separadoras de sentido e de vias de trânsito,Despiste com dispositivo de retenção,Viaduto/Ponte,Inexistentes,No sentido decrescente da quilometragem,Outros,Inexistentes,Betuminoso,Curva,Em patamar,Berma pavimentada,Em plena via,Esquerda
2012611741,2012:04:26 15:25:00,01/26/00,04/01/00,01/01/00,Guarda Nacional Republicana,90.0,90.0,Quinta-Feira ,"39,386883","-8,651044",1,0,0,Estrada sem separador,Molhado,Santarém,Santarem,Pernes,PERNES,,EN - Estrada Nacional,EN3,Em bom estado,60.1,Chuva,Dois sentidos,Fora da intersecção,Fora das localidades,Em pleno dia,Com marcas - separadoras de sentido de trânsito,Colisão frontal,NÃO DEFINIDO,Inexistentes,NÃO DEFINIDO,Proibição de ultrapassagem,Inexistentes,Betuminoso,Recta,Com inclinação,Sem berma ou impraticável,Em plena via,Direita