Id. Acidente,Datahora,Dia,Mês,Hora,Entidades Fiscalizadoras,Velocidade local,Velocidade geral,Dia da Semana,Latitude GPS,Longitude GPS,Num. Mortos a 30 dias,Num. Feridos graves a 30 dias,Num. Feridos ligeiros a 30 dias,Características Tecnicas1,Cond Aderência,Distrito,Concelho,Freguesia,Pov. Proxima,Nome arruamento,Tipos Vias,Cod Via,Estado Conservação,Km,Factores Atmosféricos,Reg Circulação1,Intersecção Vias,Localizações,Luminosidade,Marca Via,Natureza,Obras Arte,Obstáculos,Sentidos,Sinais,Sinais Luminosos,Tipo Piso,Traçado 1,Traçado 2,Traçado 3,Traçado 4,Via Trânsito
2013678523,2013:04:24 11:15:00,01/24/00,04/01/00,01/01/00,Polícia de Segurança Pública,50.0,50.0,Quarta-Feira ,"0,00","0,00",0,0,1,Estrada sem separador,Seco e limpo,Coimbra,Coimbra,Santo António dos Olivais,Coimbra,Estrada Beira                                                                                       ,Arruamento,0,Em estado regular,,Bom tempo,Dois sentidos,Fora da intersecção,Dentro das localidades,Em pleno dia,Com marcas - separadoras de sentido e de vias de trânsito,Colisão lateral com outro veículo em movimento,NÃO DEFINIDO,Inexistentes,NÃO DEFINIDO,NÃO DEFINIDO,Inexistentes,Betuminoso,Recta,Em patamar,Sem berma ou impraticável,Em plena via,Direita
2014791944,2014:04:27 17:25:00,01/27/00,04/01/00,01/01/00,Polícia de Segurança Pública,50.0,50.0,Domingo      ,"39,752149","-8,810742",0,0,2,Estrada sem separador,Seco e limpo,Leiria,Leiria,"União das freguesias de Leiria, Pousos, Barreira e Cortes",,Avenida 22 de Maio,Arruamento,0,Em estado regular,,Bom tempo,Sentido único,Fora da intersecção,Dentro das localidades,Em pleno dia,Com marcas - separadoras de sentido e de vias de trânsito,Colisão traseira com outro veículo em movimento,NÃO DEFINIDO,Inexistentes,NÃO DEFINIDO,Outros,Inexistentes,Betuminoso,Recta,Em patamar,Sem berma ou impraticável,Em plena via,Direita
20181400254,2018:04:28 17:20:00,01/28/00,04/01/00,01/01/00,Polícia de Segurança Pública,100.0,100.0,Sábado       ,"0,0","0,0",0,0,1,Outra via,Seco e limpo,Lisboa,Loures,"União das freguesias de Santa Iria de Azoia, São João da Talha e Bobadela",,,IC - Itinerário Complementar,IC2,Em bom estado,"9,1",Bom tempo,Sentido único,Fora da intersecção,Fora das localidades,Em pleno dia,Com marcas - separadoras de sentido e de vias de trânsito,Despiste com dispositivo de retenção,NÃO DEFINIDO,Inexistentes,No sentido crescente da quilometragem,Outros,Inexistentes,Betuminoso,Curva,Com inclinação,Berma pavimentada,Em plena via,Direita
2011546693,2011:04:10 00:02:00,01/10/00,04/01/00,01/01/00,Polícia de Segurança Pública,90.0,90.0,Domingo      ,"41,171525","-8,603898",0,0,1,Auto-estrada,Seco e limpo,Porto,Porto,Paranhos,Porto,,A  - Auto-Estrada,A20,Em bom estado,13.3,Bom tempo,Sentido único,Fora da intersecção,Fora das localidades,"Noite, com iluminação",Com marcas - separadoras de sentido e de vias de trânsito,Despiste com dispositivo de retenção,NÃO DEFINIDO,Inexistentes,NÃO DEFINIDO,Outros,Inexistentes,Betuminoso,Recta,Com inclinação,Berma pavimentada,Em plena via,Direita
20161146147,2016:04:17 11:00:00,01/17/00,04/01/00,01/01/00,Guarda Nacional Republicana,50.0,50.0,Domingo      ,"37,106044","-8,051919",0,0,1,Estrada sem separador,Seco e limpo,Faro,Loule,Loulé (São Sebastião),LOULÉ,,EM - Estrada Municipal,EM521-1,Em bom estado,51,Bom tempo,Dois sentidos,Fora da intersecção,Fora das localidades,Em pleno dia,Sem marcas rodoviárias ou pouco visíveis,Despiste simples,NÃO DEFINIDO,Inexistentes,NÃO DEFINIDO,Outros,Inexistentes,Betuminoso,Recta,Em patamar,Berma pavimentada,Em plena via,Direita
20171256196,2017:04:04 12:30:00,01/04/00,04/01/00,01/01/00,Guarda Nacional Republicana,50.0,90.0,Terça-Feira  ,"41,409192","-8,322369",0,0,1,Estrada sem separador,Seco e limpo,Braga,Guimaraes,Nespereira,Nespereira,,EN - Estrada Nacional,EN105,Em estado regular,"41,1",Bom tempo,Dois sentidos,Em entroncamento,Dentro das localidades,Em pleno dia,Com marcas - separadoras de sentido de trânsito,Colisão traseira com outro veículo em movimento,NÃO DEFINIDO,Inexistentes,NÃO DEFINIDO,Outros,Inexistentes,Betuminoso,Curva,Em patamar,Berma pavimentada,Em plena via,Direita
20191689164,2019:04:19 23:20:00,01/19/00,04/01/00,01/01/00,Guarda Nacional Republicana,100.0,120.0,Sexta-Feira  ,"38,786210","-9,359831",0,0,1,Auto-estrada,Seco e limpo,Lisboa,Sintra,"União das freguesias de Sintra (Santa Maria e São Miguel, São Martinho e São Pedro de Penaferrim)",Ranholas,,A  - Auto-Estrada,A16,Em bom estado,"8,8",Bom tempo,Sentido único,Fora da intersecção,Fora das localidades,"Noite, com iluminação",Com marcas - separadoras de sentido e de vias de trânsito,Despiste simples,NÃO DEFINIDO,Inexistentes,No sentido crescente da quilometragem,NÃO DEFINIDO,Inexistentes,Betuminoso,Recta,Em patamar,Berma pavimentada,Em plena via,Esquerda
2010456812,2010:04:23 18:35:00,01/23/00,04/01/00,01/01/00,Guarda Nacional Republicana,50.0,50.0,Sexta-Feira  ,,,0,0,1,Estrada sem separador,Seco e limpo,Beja,Odemira,São Teotónio,S TEOTONIO,R BEMPOSTA,Arruamento,0,Em bom estado,,Bom tempo,Dois sentidos,Fora da intersecção,Dentro das localidades,Em pleno dia,Com marcas - separadoras de sentido de trânsito,Despiste sem dispositivo de retenção,NÃO DEFINIDO,Inexistentes,NÃO DEFINIDO,NÃO DEFINIDO,Inexistentes,Betuminoso,Recta,Com inclinação,Berma pavimentada,No passeio,Direita
2010455835,2010:04:08 18:20:00,01/08/00,04/01/00,01/01/00,Guarda Nacional Republicana,50.0,90.0,Quinta-Feira ,"41,289504","-8,683683",0,0,1,Estrada sem separador,Seco e limpo,Porto,Vila do Conde,Vilar,LITAR,,EN - Estrada Nacional,EN13,Em bom estado,14.0,Bom tempo,Dois sentidos,Fora da intersecção,Fora das localidades,Em pleno dia,Com marcas - separadoras de sentido de trânsito,Colisão lateral com outro veículo em movimento,NÃO DEFINIDO,Inexistentes,NÃO DEFINIDO,NÃO DEFINIDO,Desligada,Betuminoso,Recta,Com inclinação,Berma não pavimentada,Em plena via,Esquerda
20191693482,2019:04:03 14:00:00,01/03/00,04/01/00,01/01/00,Guarda Nacional Republicana,50.0,50.0,Quarta-Feira ,"41,177390","-7,054065",0,1,0,Estrada sem separador,Seco e limpo,Bragança,Torre de Moncorvo,Torre de Moncorvo,TORRE DE MONCORVO - TORRE DE MONCORVO,Avenida dos Bombeiros Voluntários,Arruamento,0,Em bom estado,,Bom tempo,Dois sentidos,Fora da intersecção,Dentro das localidades,Em pleno dia,Com marcas - separadoras de sentido e de vias de trânsito,Atropelamento de peões,NÃO DEFINIDO,Inexistentes,NÃO DEFINIDO,Passagem de peões,Inexistentes,Betuminoso,Recta,Em patamar,Berma pavimentada,Em plena via,Direita
2014832362,2014:04:05 22:15:00,01/05/00,04/01/00,01/01/00,Guarda Nacional Republicana,50.0,50.0,Sábado       ,"41,174414","-8,282589",0,0,2,Estrada sem separador,Húmido,Porto,Santo Tirso,União das freguesias de Lamelas e Guimarei,Lamelas,,EN - Estrada Nacional,EN105,Em estado regular,17.546,Chuva,Reversível,Fora da intersecção,Dentro das localidades,"Noite, com iluminação",Com marcas - separadoras de sentido de trânsito,Despiste simples,NÃO DEFINIDO,Inexistentes,NÃO DEFINIDO,Outros,Inexistentes,Betuminoso,Recta,Em patamar,Berma pavimentada,Em plena via,Direita
2010448057,2010:04:13 07:50:00,01/13/00,04/01/00,01/01/00,Polícia de Segurança Pública,50.0,50.0,Terça-Feira  ,"0,00","0,00",0,0,1,Estrada sem separador,Húmido,Porto,Gondomar,Gondomar (São Cosme),Gondomar,Rua Chefe Sabino,Arruamento,0,Em estado regular,,Bom tempo,Dois sentidos,NÃO DEFINIDO,Dentro das localidades,Em pleno dia,Sem marcas rodoviárias ou pouco visíveis,Colisão frontal,NÃO DEFINIDO,Inexistentes,NÃO DEFINIDO,Outros,Intermitente,Betuminoso,Recta,Com inclinação,Sem berma ou impraticável,Em plena via,Esquerda
2015960100,2015:04:12 11:30:00,01/12/00,04/01/00,01/01/00,Guarda Nacional Republicana,50.0,50.0,Domingo      ,"41,117003","-8,218217",0,0,1,Estrada sem separador,Seco e limpo,Porto,Paredes,Paredes,,,EN - Estrada Nacional,EN15,Em estado regular,22.8,Bom tempo,Dois sentidos,Fora da intersecção,Fora das localidades,Em pleno dia,Com marcas - separadoras de sentido de trânsito,Despiste com capotamento,NÃO DEFINIDO,Inexistentes,NÃO DEFINIDO,Outros,Inexistentes,Betuminoso,Curva,Com inclinação,Berma pavimentada,Em plena via,Direita
2012585110,2011:04:15 08:45:00,01/15/00,04/01/00,01/01/00,Polícia de Segurança Pública,50.0,50.0,Sexta-Feira  ,"0,00","0,00",0,0,2,Estrada sem separador,Húmido,Coimbra,Coimbra,Santo António dos Olivais,,Rua dos Combatentes da Grande Guerra,Arruamento,0,Em estado regular,,Bom tempo,Sentido único,Em rotunda,Dentro das localidades,Em pleno dia,Com marcas - separadoras de sentido de trânsito,Colisão lateral com outro veículo em movimento,NÃO DEFINIDO,Inexistentes,NÃO DEFINIDO,Outros,Inexistentes,Betuminoso,Recta,Em patamar,Berma pavimentada,Em plena via,Direita
20161049883,2016:04:06 20:30:00,01/06/00,04/01/00,01/01/00,Polícia de Segurança Pública,50.0,50.0,Quarta-Feira ,"38,619153","-9,112586",0,0,2,Estrada sem separador,Seco e limpo,Setúbal,Seixal,Amora,Paivas,Praceta José Leite de Vasconcelos                                                                   ,Arruamento,0,Em estado regular,,Bom tempo,Dois sentidos,Fora da intersecção,Dentro das localidades,"Noite, com iluminação",Com marcas - separadoras de sentido de trânsito,Atropelamento de peões,NÃO DEFINIDO,Inexistentes,NÃO DEFINIDO,Passagem de peões,Inexistentes,Betuminoso,Recta,Em patamar,Sem berma ou impraticável,Em plena via,Direita
2011536981,2011:04:29 00:20:00,01/29/00,04/01/00,01/01/00,Guarda Nacional Republicana,50.0,50.0,Sexta-Feira  ,,,0,0,1,Estrada sem separador,Seco e limpo,Aveiro,Santa Maria da Feira,São João de Ver,S JOAO DE VER,,EN - Estrada Nacional,EN1,Em bom estado,280.5,Bom tempo,Dois sentidos,Em cruzamento,Dentro das localidades,"Noite, com iluminação",Com marcas - separadoras de sentido e de vias de trânsito,Colisão com fuga,NÃO DEFINIDO,Inexistentes,NÃO DEFINIDO,Outros,A funcionar normalmente,Betuminoso,Recta,Em patamar,Berma não pavimentada,Em plena via,Direita
20191689715,2019:04:20 14:10:00,01/20/00,04/01/00,01/01/00,Guarda Nacional Republicana,50.0,50.0,Sábado       ,"41,118260","-8,567212",0,1,0,Estrada sem separador,Seco e limpo,Porto,Vila Nova de Gaia,Avintes,Avintes,Rua 5 de Outubro 97,Arruamento,0,Em estado regular,,Bom tempo,Dois sentidos,Fora da intersecção,Dentro das localidades,Em pleno dia,Com marcas - separadoras de sentido de trânsito,Colisão frontal,NÃO DEFINIDO,Inexistentes,NÃO DEFINIDO,NÃO DEFINIDO,Inexistentes,Betuminoso,Curva,Com inclinação,Sem berma ou impraticável,Em plena via,Direita
2011523646,2011:04:04 22:00:00,01/04/00,04/01/00,01/01/00,Polícia de Segurança Pública,50.0,50.0,Segunda-Feira,"0,00","0,00",0,0,1,Estrada sem separador,Húmido,Lisboa,Sintra,Casal de Cambra,,Avenida da Dinamarca                                                                                ,Arruamento,0,Em estado regular,,Bom tempo,Dois sentidos,Fora da intersecção,Dentro das localidades,"Noite, com iluminação",Sem marcas rodoviárias ou pouco visíveis,Colisão lateral com outro veículo em movimento,NÃO DEFINIDO,Inexistentes,NÃO DEFINIDO,Stop,Inexistentes,Betuminoso,Recta,Com inclinação,Berma pavimentada,Em plena via,Direita
2012613471,2012:04:30 09:20:00,01/30/00,04/01/00,01/01/00,Guarda Nacional Republicana,50.0,50.0,Segunda-Feira,,,0,0,2,Estrada sem separador,Húmido,Aveiro,Estarreja,Beduído,ESTARREJA,R DR MANUEL MARQUES PIRES,Arruamento,0,Em estado regular,,Chuva,Dois sentidos,Fora da intersecção,Dentro das localidades,Em pleno dia,Com marcas - separadoras de sentido de trânsito,Colisão lateral com outro veículo em movimento,NÃO DEFINIDO,Inexistentes,NÃO DEFINIDO,NÃO DEFINIDO,Inexistentes,Betuminoso,Recta,Em patamar,Berma não pavimentada,Em plena via,Direita
2013711592,2013:04:28 23:50:00,01/28/00,04/01/00,01/01/00,Guarda Nacional Republicana,90.0,90.0,Domingo      ,"07,047900","-7,454239",0,0,1,Estrada sem separador,Seco e limpo,Faro,Tavira,Luz,Livramento,,EN - Estrada Nacional,EN125,Em bom estado,125.75,Bom tempo,Dois sentidos,Em cruzamento,Fora das localidades,"Noite, com iluminação",Com marcas - separadoras de sentido e de vias de trânsito,Despiste com colisão com veículo imobil. ou obstáculo,NÃO DEFINIDO,Inexistentes,NÃO DEFINIDO,Outros,Inexistentes,Betuminoso,Recta,Em patamar,Berma pavimentada,Na berma,Direita
2014832409,2014:04:19 21:15:00,01/19/00,04/01/00,01/01/00,Guarda Nacional Republicana,50.0,50.0,Sábado       ,"41,118404","-8,082426",0,0,1,Estrada sem separador,Seco e limpo,Porto,Marco de Canaveses,"Várzea, Aliviada e Folhada",Marco,,EN - Estrada Nacional,EN210,Em bom estado,56.1,Bom tempo,Dois sentidos,Fora da intersecção,Dentro das localidades,"Noite, com iluminação",Com marcas - separadoras de sentido de trânsito,Colisão frontal,NÃO DEFINIDO,Inexistentes,NÃO DEFINIDO,Outros,Inexistentes,Betuminoso,Recta,Em patamar,Berma não pavimentada,Em plena via,Direita
20181384278,2018:04:25 01:25:00,01/25/00,04/01/00,01/01/00,Polícia de Segurança Pública,50.0,50.0,Quarta-Feira ,39.3646284,-9.3778013,0,0,1,Estrada sem separador,Seco e limpo,Leiria,Peniche,Peniche,Peniche,Avenida 25 de Abril                                                                                 ,Arruamento,0,Em bom estado,,Bom tempo,Dois sentidos,Fora da intersecção,Dentro das localidades,"Noite, com iluminação",Com marcas - separadoras de sentido de trânsito,Despiste com colisão com veículo imobil. ou obstáculo,NÃO DEFINIDO,Inexistentes,NÃO DEFINIDO,Passagem de peões,Inexistentes,Betuminoso,Recta,Em patamar,Berma pavimentada,Em plena via,Direita
20161048625,2016:04:11 19:30:00,01/11/00,04/01/00,01/01/00,Polícia de Segurança Pública,50.0,50.0,Segunda-Feira,"38,712100","-8,951723",0,0,1,Estrada sem separador,Seco e limpo,Setúbal,Montijo,União das freguesias de Montijo e Afonsoeiro,Montijo,Rua Bernardo Santareno                                                                              ,Arruamento,0,Em bom estado,,Bom tempo,Dois sentidos,Em cruzamento,Dentro das localidades,Em pleno dia,Sem marcas rodoviárias ou pouco visíveis,Colisão lateral com outro veículo em movimento,NÃO DEFINIDO,Inexistentes,NÃO DEFINIDO,Stop,Inexistentes,Betuminoso,Recta,Em patamar,Berma pavimentada,Em plena via,Direita
2013715616,2013:04:29 16:30:00,01/29/00,04/01/00,01/01/00,Guarda Nacional Republicana,50.0,50.0,Segunda-Feira,"41,548411","-28,218398",0,0,1,Estrada sem separador,Seco e limpo,Braga,Guimaraes,Arosa,Arosa,,EN - Estrada Nacional,EN207,Em estado regular,67.0,Bom tempo,Dois sentidos,Fora da intersecção,Dentro das localidades,Em pleno dia,Sem marcas rodoviárias ou pouco visíveis,Despiste simples,NÃO DEFINIDO,Inexistentes,NÃO DEFINIDO,Outros,Inexistentes,Betuminoso,Recta,Com inclinação,Sem berma ou impraticável,Na berma,Direita
20181393507,2018:04:28 12:00:00,01/28/00,04/01/00,01/01/00,Guarda Nacional Republicana,50.0,50.0,Sábado       ,"38,617856","-9,193333",0,0,1,Estrada sem separador,Seco e limpo,Setúbal,Almada,União das freguesias de Charneca de Caparica e Sobreda,Charneca de Caparica,RUA PRESIDENTE ARRIAGA,Arruamento,0,Em bom estado,,Bom tempo,Dois sentidos,Fora da intersecção,Dentro das localidades,Em pleno dia,Sem marcas rodoviárias ou pouco visíveis,Atropelamento de peões,NÃO DEFINIDO,Inexistentes,NÃO DEFINIDO,NÃO DEFINIDO,Inexistentes,Betuminoso,Recta,Em patamar,Berma pavimentada,Em plena via,Direita
20191670501,2019:04:06 21:00:00,01/06/00,04/01/00,01/01/00,Polícia de Segurança Pública,50.0,50.0,Sábado       ,"0,0","0,0",0,0,2,Estrada sem separador,Molhado,Setúbal,Montijo,União das freguesias de Montijo e Afonsoeiro,Montijo,Rua Cidade de Guimarães                                                                             ,Arruamento,0,Em estado regular,,Chuva,Dois sentidos,Em entroncamento,Dentro das localidades,"Noite, com iluminação",Sem marcas rodoviárias ou pouco visíveis,Colisão lateral com outro veículo em movimento,NÃO DEFINIDO,Inexistentes,NÃO DEFINIDO,NÃO DEFINIDO,Inexistentes,Betuminoso,Recta,Em patamar,Berma pavimentada,Em plena via,Direita
2015927479,2015:04:17 22:30:00,01/17/00,04/01/00,01/01/00,Polícia de Segurança Pública,50.0,50.0,Sexta-Feira  ,"38,749417","-9,219875",0,0,1,Estrada sem separador,Seco e limpo,Lisboa,Amadora,Águas Livres,Amadora,Avenida Dom Carlos I                                                                                ,Arruamento,0,Em estado regular,,Bom tempo,Dois sentidos,Fora da intersecção,Dentro das localidades,"Noite, com iluminação",Com marcas - separadoras de sentido de trânsito,Colisão frontal,NÃO DEFINIDO,Inexistentes,NÃO DEFINIDO,Outros,Inexistentes,Betuminoso,Recta,Em patamar,Berma pavimentada,Em plena via,Direita
2012603097,2012:04:19 08:15:00,01/19/00,04/01/00,01/01/00,Polícia de Segurança Pública,50.0,50.0,Quinta-Feira ,"0,00","0,00",0,0,3,Estrada sem separador,Seco e limpo,Braga,Braga,Braga (Maximinos),,Rua Nova da Estação                                                                                 ,Arruamento,0,Em bom estado,,Chuva,Dois sentidos,Fora da intersecção,Dentro das localidades,Em pleno dia,Com marcas - separadoras de sentido de trânsito,Colisão frontal,NÃO DEFINIDO,Inexistentes,NÃO DEFINIDO,NÃO DEFINIDO,Inexistentes,Betuminoso,Curva,Com inclinação,Sem berma ou impraticável,Em plena via,Direita
2010459380,2010:04:24 12:30:00,01/24/00,04/01/00,01/01/00,Guarda Nacional Republicana,90.0,90.0,Sábado       ,"39,25136","9,02116",0,0,1,Estrada sem separador,Seco e limpo,Leiria,Caldas da Rainha,Santa Catarina,VALE SERRAO,,EM - Estrada Municipal,0,Em bom estado,,Bom tempo,Dois sentidos,Fora da intersecção,Fora das localidades,Em pleno dia,Com marcas - separadoras de sentido de trânsito,Despiste simples,NÃO DEFINIDO,Inexistentes,NÃO DEFINIDO,Outros,Inexistentes,Betão de cimento,Recta,Em patamar,Berma não pavimentada,Na berma,Direita
2012614889,2012:04:29 17:50:00,01/29/00,04/01/00,01/01/00,Guarda Nacional Republicana,90.0,90.0,Domingo      ,"38,551903","-8,885853",0,0,1,Estrada sem separador,Seco e limpo,Setúbal,Palmela,Palmela,SETUBAL,,EN - Estrada Nacional,EN252,Em estado regular,16.6,Bom tempo,Dois sentidos,Em entroncamento,Fora das localidades,Em pleno dia,Com marcas - separadoras de sentido de trânsito,Colisão lateral com outro veículo em movimento,NÃO DEFINIDO,Inexistentes,NÃO DEFINIDO,Outros,Inexistentes,Betuminoso,Recta,Em patamar,Berma pavimentada,Em plena via,Esquerda
20191693961,2019:04:04 09:45:00,01/04/00,04/01/00,01/01/00,Guarda Nacional Republicana,50.0,50.0,Quinta-Feira ,"38,977660","-8,812897",0,0,1,Estrada sem separador,Seco e limpo,Santarém,Benavente,Benavente,Benavente,,EN - Estrada Nacional,EN118,Em estado regular,"41,3",Bom tempo,Dois sentidos,Fora da intersecção,Dentro das localidades,Em pleno dia,Com marcas - separadoras de sentido de trânsito,Colisão choque em cadeia,NÃO DEFINIDO,Inexistentes,NÃO DEFINIDO,Outros,A funcionar normalmente,Betuminoso,Recta,Em patamar,Sem berma ou impraticável,Em plena via,Direita
2015958168,2015:04:26 15:50:00,01/26/00,04/01/00,01/01/00,Guarda Nacional Republicana,50.0,90.0,Domingo      ,"41,253096","-8,294697",0,0,2,Estrada sem separador,Seco e limpo,Braga,Vila Nova de Famalicao,Vale (São Martinho),,,EN - Estrada Nacional,EN206,Em bom estado,24.1,Bom tempo,Dois sentidos,Fora da intersecção,Dentro das localidades,Em pleno dia,Com marcas - separadoras de sentido de trânsito,Despiste simples,NÃO DEFINIDO,Inexistentes,NÃO DEFINIDO,NÃO DEFINIDO,Inexistentes,Betuminoso,Recta,Em patamar,Berma não pavimentada,Na berma,Direita
2015927983,2015:04:19 20:15:00,01/19/00,04/01/00,01/01/00,Polícia de Segurança Pública,50.0,50.0,Domingo      ,"38,652627","-9,056579",0,0,1,Estrada sem separador,Com gravilha ou areia,Setúbal,Barreiro,"União das freguesias de Alto do Seixalinho, Santo André e Verderena",,Avenida Parque da Cidade                                                                            ,Arruamento,0,Em estado regular,,Bom tempo,Dois sentidos,Em entroncamento,Dentro das localidades,Aurora ou crepúsculo,Sem marcas rodoviárias ou pouco visíveis,Despiste sem dispositivo de retenção,NÃO DEFINIDO,Inexistentes,NÃO DEFINIDO,Outros,Inexistentes,Betuminoso,Curva,Em patamar,Berma pavimentada,Em plena via,Direita
20191691185,2019:04:14 14:20:00,01/14/00,04/01/00,01/01/00,Guarda Nacional Republicana,50.0,50.0,Domingo      ,"39,197170","-8,622424",0,0,1,Estrada sem separador,Seco e limpo,Santarém,Almeirim,Almeirim,Almeirim,Rua do Matadouro Novo 41,Arruamento,0,Em bom estado,,Bom tempo,Sentido único,Fora da intersecção,Dentro das localidades,Em pleno dia,Sem marcas rodoviárias ou pouco visíveis,Atropelamento de peões,NÃO DEFINIDO,Inexistentes,NÃO DEFINIDO,NÃO DEFINIDO,Inexistentes,Calçada,Recta,Em patamar,Berma pavimentada,Em plena via,Direita
20191674498,2019:04:29 17:50:00,01/29/00,04/01/00,01/01/00,Polícia de Segurança Pública,50.0,50.0,Segunda-Feira,"0,0","0,0",0,0,1,Estrada sem separador,Seco e limpo,Porto,Santo Tirso,"União das freguesias de Santo Tirso, Couto (Santa Cristina e São Miguel) e Burgães",Santo Tirso,Rua de Real,Arruamento,0,Em estado regular,,Bom tempo,Dois sentidos,Fora da intersecção,Dentro das localidades,Em pleno dia,Com marcas - separadoras de sentido de trânsito,Colisão choque em cadeia,NÃO DEFINIDO,Inexistentes,NÃO DEFINIDO,NÃO DEFINIDO,Inexistentes,Betuminoso,Recta,Com inclinação,Berma pavimentada,Em plena via,Direita
20181383915,2018:04:20 18:05:00,01/20/00,04/01/00,01/01/00,Polícia de Segurança Pública,50.0,50.0,Sexta-Feira  ,"41,411545","-8,516892",0,0,1,Estrada sem separador,Seco e limpo,Braga,Vila Nova de Famalicao,União das freguesias de Vila Nova de Famalicão e Calendário,Vila Nova de Famalicão,Avenida Carlos Bacelar                                                                              ,Arruamento,0,Em bom estado,,Bom tempo,Dois sentidos,NÃO DEFINIDO,Dentro das localidades,Em pleno dia,Com marcas - separadoras de sentido e de vias de trânsito,Colisão choque em cadeia,NÃO DEFINIDO,Inexistentes,NÃO DEFINIDO,NÃO DEFINIDO,Inexistentes,Betuminoso,Recta,Com inclinação,Sem berma ou impraticável,Em plena via,Direita
2013711923,2013:04:15 12:00:00,01/15/00,04/01/00,01/01/00,Guarda Nacional Republicana,50.0,50.0,Segunda-Feira,"41,320429","-08,573799",0,0,1,Estrada sem separador,Seco e limpo,Porto,Trofa,Santiago (Bougado),Pinheiro Manso,Rua das Industrias,Arruamento,0,Em bom estado,,Bom tempo,Dois sentidos,Fora da intersecção,Dentro das localidades,Em pleno dia,Com marcas - separadoras de sentido de trânsito,Colisão com fuga,NÃO DEFINIDO,Inexistentes,NÃO DEFINIDO,NÃO DEFINIDO,Inexistentes,Betuminoso,Recta,Em patamar,Berma pavimentada,Em plena via,Direita
2013711732,2013:04:09 08:30:00,01/09/00,04/01/00,01/01/00,Guarda Nacional Republicana,50.0,90.0,Terça-Feira  ,"40,431186","-07,590290",0,0,2,Estrada sem separador,Molhado,Viseu,Viseu,Bodiosa,Oliveira de Baixo,,EN - Estrada Nacional,EN16,Em estado regular,83.65,Chuva,Dois sentidos,Em entroncamento,Dentro das localidades,Em pleno dia,Com marcas - separadoras de sentido e de vias de trânsito,Colisão frontal,NÃO DEFINIDO,Inexistentes,NÃO DEFINIDO,Outros,Inexistentes,Betuminoso,Recta,Com inclinação,Berma não pavimentada,Em plena via,Direita
2011532880,2011:04:07 16:50:00,01/07/00,04/01/00,01/01/00,Guarda Nacional Republicana,50.0,50.0,Quinta-Feira ,,,0,0,1,Estrada sem separador,Seco e limpo,Aveiro,Ovar,São Vicente de Pereira Jusã,S VICENTE PEREIRA,R N SRA GRAÇA,Arruamento,0,Em bom estado,,Bom tempo,Dois sentidos,Fora da intersecção,Dentro das localidades,Em pleno dia,Sem marcas rodoviárias ou pouco visíveis,Colisão com outras situações,NÃO DEFINIDO,Inexistentes,NÃO DEFINIDO,NÃO DEFINIDO,Inexistentes,Betuminoso,Recta,Com inclinação,Sem berma ou impraticável,Em plena via,Direita
2010452175,2010:04:28 09:00:00,01/28/00,04/01/00,01/01/00,Polícia de Segurança Pública,40.0,40.0,Quarta-Feira ,"0,00","0,00",0,0,1,Estrada sem separador,Húmido,Lisboa,Loures,Camarate,Camarate,Rua Bombeiros Voluntários,Arruamento,0,Em estado regular,,Bom tempo,Dois sentidos,Fora da intersecção,Dentro das localidades,Em pleno dia,Com marcas - separadoras de sentido de trânsito,Atropelamento de peões,NÃO DEFINIDO,Inexistentes,NÃO DEFINIDO,Passagem de peões,Inexistentes,Betuminoso,Recta,Com inclinação,Berma pavimentada,Em plena via,Direita
20181431748,2018:04:15 17:50:00,01/15/00,04/01/00,01/01/00,Guarda Nacional Republicana,50.0,50.0,Domingo      ,"40,220284","-8,062055",0,0,1,Estrada sem separador,Seco e limpo,Coimbra,Arganil,Arganil,Arganil,Rua Cidade Rio de Janeiro,Arruamento,0,Em estado regular,,Bom tempo,Dois sentidos,Em entroncamento,Dentro das localidades,Em pleno dia,Sem marcas rodoviárias ou pouco visíveis,Colisão lateral com outro veículo em movimento,NÃO DEFINIDO,Inexistentes,NÃO DEFINIDO,NÃO DEFINIDO,Inexistentes,Betuminoso,Recta,Com inclinação,Berma pavimentada,Em plena via,Direita
2012603965,2012:04:17 13:00:00,01/17/00,04/01/00,01/01/00,Polícia de Segurança Pública,60.0,120.0,Terça-Feira  ,"38,666532","-9,171955",0,0,2,Auto-estrada,Húmido,Setúbal,Almada,Pragal,Almada,,A  - Auto-Estrada,A2,Em estado regular,6.15,Bom tempo,Sentido único,Fora da intersecção,Fora das localidades,Em pleno dia,Com marcas - separadoras de sentido e de vias de trânsito,Colisão lateral com outro veículo em movimento,NÃO DEFINIDO,Inexistentes,No sentido crescente da quilometragem,NÃO DEFINIDO,Inexistentes,Betuminoso,Recta,Em patamar,Berma pavimentada,Em plena via,Esquerda
2014832698,2014:04:05 12:30:00,01/05/00,04/01/00,01/01/00,Guarda Nacional Republicana,40.0,90.0,Sábado       ,"39,371528","-8,514553",0,0,1,Estrada sem separador,Molhado,Leiria,Porto de Mos,Porto de Mós - São João Baptista e São Pedro,,,EN - Estrada Nacional,EN1,Em bom estado,107.1,Chuva,Sentido único,Fora da intersecção,Fora das localidades,Em pleno dia,Com marcas - separadoras de sentido e de vias de trânsito,Colisão lateral com outro veículo em movimento,NÃO DEFINIDO,Inexistentes,NÃO DEFINIDO,NÃO DEFINIDO,Inexistentes,Betuminoso,Curva,Com inclinação,Berma pavimentada,Em plena via,Direita
2015926680,2015:04:16 08:20:00,01/16/00,04/01/00,01/01/00,Polícia de Segurança Pública,50.0,50.0,Quinta-Feira ,"40,894216","-8,493935",0,0,1,Outra via,Húmido,Aveiro,Sao Joao da Madeira,São João da Madeira,São João da Madeira,Avenida Misericórdia,Arruamento,0,Em bom estado,,Nuvem de fumo,Sentido único,Em rotunda,Dentro das localidades,Em pleno dia,Com marcas - separadoras de sentido e de vias de trânsito,Colisão traseira com outro veículo em movimento,NÃO DEFINIDO,Inexistentes,NÃO DEFINIDO,Outros,Inexistentes,Betuminoso,Curva,Em Lomba,Berma pavimentada,Em plena via,Direita