Id. Acidente,Datahora,Dia,Mês,Hora,Entidades Fiscalizadoras,Velocidade local,Velocidade geral,Dia da Semana,Latitude GPS,Longitude GPS,Num. Mortos a 30 dias,Num. Feridos graves a 30 dias,Num. Feridos ligeiros a 30 dias,Características Tecnicas1,Cond Aderência,Distrito,Concelho,Freguesia,Pov. Proxima,Nome arruamento,Tipos Vias,Cod Via,Estado Conservação,Km,Factores Atmosféricos,Reg Circulação1,Intersecção Vias,Localizações,Luminosidade,Marca Via,Natureza,Obras Arte,Obstáculos,Sentidos,Sinais,Sinais Luminosos,Tipo Piso,Traçado 1,Traçado 2,Traçado 3,Traçado 4,Via Trânsito
20191688799,2019:04:23 14:50:00,01/23/00,04/01/00,01/01/00,Guarda Nacional Republicana,50.0,50.0,Terça-Feira  ,"41,062110","-8,434417",0,0,1,Estrada sem separador,Húmido,Porto,Gondomar,União das freguesias de Melres e Medas,Medas,Rua do Presinho 439,Arruamento,0,Em bom estado,,Chuva,Dois sentidos,Fora da intersecção,Dentro das localidades,Em pleno dia,Com marcas - separadoras de sentido de trânsito,Colisão lateral com outro veículo em movimento,NÃO DEFINIDO,Inexistentes,NÃO DEFINIDO,Passagem de peões,Inexistentes,Betuminoso,Curva,Com inclinação,Sem berma ou impraticável,Em plena via,Direita
20191692794,2019:04:08 17:00:00,01/08/00,04/01/00,01/01/00,Guarda Nacional Republicana,50.0,50.0,Segunda-Feira,"40,218640","-8,582211",0,0,1,Estrada sem separador,Seco e limpo,Coimbra,Montemor-o-Velho,Tentúgal,Tentúgal,,EN - Estrada Nacional,EN111-1,Em estado regular,"25,8",Bom tempo,Dois sentidos,Fora da intersecção,Dentro das localidades,Em pleno dia,Com marcas - separadoras de sentido de trânsito,Colisão lateral com outro veículo em movimento,NÃO DEFINIDO,Inexistentes,NÃO DEFINIDO,Stop,Intermitente,Betuminoso,Recta,Em patamar,Sem berma ou impraticável,Em plena via,Direita
2010444886,2010:04:02 16:30:00,01/02/00,04/01/00,01/01/00,Polícia de Segurança Pública,50.0,50.0,Sexta-Feira  ,"0,00","0,00",0,0,1,Estrada sem separador,Húmido,Faro,Faro,Faro (Sé),,Rua General Teófilo da Trindade,Arruamento,0,Em estado regular,,Bom tempo,Dois sentidos,Em cruzamento,Dentro das localidades,Em pleno dia,Com marcas - separadoras de sentido e de vias de trânsito,Colisão com outras situações,NÃO DEFINIDO,Inexistentes,NÃO DEFINIDO,NÃO DEFINIDO,A funcionar normalmente,Betuminoso,Curva,Em patamar,Berma pavimentada,Em plena via,Direita
2011536027,2011:04:08 18:15:00,01/08/00,04/01/00,01/01/00,Guarda Nacional Republicana,50.0,50.0,Sexta-Feira  ,"38,52576","9,16964",0,0,1,Estrada sem separador,Seco e limpo,Lisboa,Sintra,Montelavar,NEGRAIS,AV DAS LAPIAS,Arruamento,0,Em bom estado,,Bom tempo,Dois sentidos,NÃO DEFINIDO,Dentro das localidades,Em pleno dia,Sem marcas rodoviárias ou pouco visíveis,Colisão lateral com outro veículo em movimento,NÃO DEFINIDO,Inexistentes,NÃO DEFINIDO,NÃO DEFINIDO,Inexistentes,Betuminoso,Recta,Em patamar,Berma pavimentada,Em plena via,Direita
20151010461,2015:04:09 07:50:00,01/09/00,04/01/00,01/01/00,Polícia de Segurança Pública,50.0,50.0,Quinta-Feira ,"40,196273","-8,397230",0,0,1,Outra via,Seco e limpo,Coimbra,Coimbra,Santo António dos Olivais,Coimbra,Avª Fernando Namora,Arruamento,0,Em bom estado,,Bom tempo,Dois sentidos,Fora da intersecção,Dentro das localidades,Em pleno dia,Com marcas - separadoras de sentido e de vias de trânsito,Colisão traseira com outro veículo em movimento,NÃO DEFINIDO,Inexistentes,NÃO DEFINIDO,Outros,Inexistentes,Betuminoso,Recta,Em patamar,Berma pavimentada,Em plena via,Direita
2012612639,2012:04:26 00:30:00,01/26/00,04/01/00,01/01/00,Guarda Nacional Republicana,50.0,50.0,Quinta-Feira ,,,0,0,1,Estrada sem separador,Molhado,Santarém,Salvaterra de Magos,Glória do Ribatejo,GLORIA DO RIBATEJO,R DAS JANELAS DE BAIXO,Arruamento,0,Em bom estado,,Bom tempo,Dois sentidos,Fora da intersecção,Dentro das localidades,"Noite, com iluminação",Com marcas - separadoras de sentido de trânsito,Despiste com capotamento,NÃO DEFINIDO,Inexistentes,NÃO DEFINIDO,NÃO DEFINIDO,Inexistentes,Betuminoso,Recta,Em patamar,Sem berma ou impraticável,Na berma,Direita
20181383635,2018:04:17 18:45:00,01/17/00,04/01/00,01/01/00,Polícia de Segurança Pública,50.0,50.0,Terça-Feira  ,"0,0","0,0",0,0,1,Estrada sem separador,Seco e limpo,Guarda,Guarda,Guarda,Guarda,Rua Nuno Àlvares,Arruamento,0,Em estado regular,,Bom tempo,Sentido único,Fora da intersecção,Dentro das localidades,Sol escandeante,Com marcas - separadoras de sentido de trânsito,Atropelamento de peões,NÃO DEFINIDO,Inexistentes,NÃO DEFINIDO,Passagem de peões,Inexistentes,Calçada,Recta,Com inclinação,Berma pavimentada,Em plena via,Direita
20171258920,2017:04:19 10:45:00,01/19/00,04/01/00,01/01/00,Guarda Nacional Republicana,50.0,50.0,Quarta-Feira ,"40,840258","-8,473797",0,0,1,Estrada sem separador,Seco e limpo,Aveiro,Oliveira de Azemeis,"União das freguesias de Oliveira de Azeméis, Santiago de Riba-Ul, Ul, Macinhata da Seixa e Madail",Oliveira de Azeméis,Rua Conselheiro Boaventura de Sousa,Arruamento,0,Em estado regular,,Bom tempo,Dois sentidos,Fora da intersecção,Dentro das localidades,Em pleno dia,Sem marcas rodoviárias ou pouco visíveis,Atropelamento de peões,NÃO DEFINIDO,Inexistentes,NÃO DEFINIDO,NÃO DEFINIDO,Inexistentes,Calçada,Recta,Em patamar,Berma pavimentada,No passeio,Direita
2011501759,2010:04:30 19:50:00,01/30/00,04/01/00,01/01/00,Polícia de Segurança Pública,100.0,100.0,Sexta-Feira  ,"0,00","0,00",0,0,1,Outra via,Húmido,Lisboa,Amadora,Venteira,,,IC - Itinerário Complementar,IC19,Em estado regular,,Bom tempo,Dois sentidos,NÃO DEFINIDO,Dentro das localidades,Em pleno dia,Com marcas - separadoras de sentido de trânsito,Colisão traseira com outro veículo em movimento,NÃO DEFINIDO,Inexistentes,NÃO DEFINIDO,Outros,Inexistentes,Betuminoso,Recta,Com inclinação,Berma pavimentada,Em plena via,Esquerda
2012614269,2012:04:02 21:10:00,01/02/00,04/01/00,01/01/00,Guarda Nacional Republicana,50.0,50.0,Segunda-Feira,,,0,0,1,Estrada sem separador,Seco e limpo,Guarda,Almeida,Vilar Formoso,VILAR FORMOSO,AV DAS TILIAS,Arruamento,0,Em bom estado,,Bom tempo,Dois sentidos,Fora da intersecção,Dentro das localidades,"Noite, com iluminação",Com marcas - separadoras de sentido de trânsito,Atropelamento de peões,NÃO DEFINIDO,Inexistentes,NÃO DEFINIDO,NÃO DEFINIDO,Inexistentes,Betuminoso,Recta,Com inclinação,Berma pavimentada,Em plena via,Direita
20181396722,2018:04:30 13:25:00,01/30/00,04/01/00,01/01/00,Guarda Nacional Republicana,120.0,120.0,Segunda-Feira,"40,406554","-8,491369",0,0,1,Auto-estrada,Seco e limpo,Aveiro,Mealhada,"União das freguesias da Mealhada, Ventosa do Bairro e Antes",Ventosa do Bairro,,A  - Auto-Estrada,A1,Em estado regular,"212,85",Bom tempo,Sentido único,Fora da intersecção,Fora das localidades,Em pleno dia,Com marcas - separadoras de sentido e de vias de trânsito,Despiste com colisão com veículo imobil. ou obstáculo,NÃO DEFINIDO,Correctamente sinalizados,No sentido crescente da quilometragem,Outros,Inexistentes,Betuminoso,Curva,Com inclinação,Berma pavimentada,Na berma,Direita
20161142976,2016:04:02 10:30:00,01/02/00,04/01/00,01/01/00,Guarda Nacional Republicana,50.0,90.0,Sábado       ,"41,286763","-8,289655",0,0,2,Estrada sem separador,Seco e limpo,Braga,Braga,Tebosa,TEBOSA,,EN - Estrada Nacional,EN14,Em estado regular,"37,3",Bom tempo,Dois sentidos,Em entroncamento,Dentro das localidades,Em pleno dia,Com marcas - separadoras de sentido e de vias de trânsito,Colisão com veiculo ou obstáculo na faixa de rodagem,NÃO DEFINIDO,Inexistentes,NÃO DEFINIDO,Proibição de ultrapassagem,Inexistentes,Betuminoso,Recta,Com inclinação,Sem berma ou impraticável,Em plena via,Direita
2011536929,2011:04:26 15:25:00,01/26/00,04/01/00,01/01/00,Guarda Nacional Republicana,50.0,50.0,Terça-Feira  ,,,0,0,4,Estrada sem separador,Seco e limpo,Aveiro,Ilhavo,Ílhavo (São Salvador),ILHAVO,R VASCO DA GAMA,Arruamento,0,Em bom estado,,Bom tempo,Dois sentidos,Fora da intersecção,Dentro das localidades,Em pleno dia,Com marcas - separadoras de sentido de trânsito,Colisão com veiculo ou obstáculo na faixa de rodagem,NÃO DEFINIDO,Inexistentes,NÃO DEFINIDO,NÃO DEFINIDO,A funcionar normalmente,Betuminoso,Recta,Em patamar,Berma pavimentada,Em plena via,Direita
20161049739,2016:04:15 01:55:00,01/15/00,04/01/00,01/01/00,Polícia de Segurança Pública,70.0,70.0,Sexta-Feira  ,"41,561306","-8,418050",0,0,3,Outra via,Molhado,Braga,Braga,Braga (São Vicente),,Avenida António Macedo                                                                              ,Arruamento,0,Em bom estado,,Chuva,Dois sentidos,Fora da intersecção,Dentro das localidades,"Noite, com iluminação",Com marcas - separadoras de sentido e de vias de trânsito,Despiste com capotamento,NÃO DEFINIDO,Inexistentes,No sentido decrescente da quilometragem,Outros,Inexistentes,Betuminoso,Recta,Com inclinação,Berma pavimentada,Em plena via,Direita
2012601216,2012:04:10 18:46:00,01/10/00,04/01/00,01/01/00,Polícia de Segurança Pública,50.0,50.0,Terça-Feira  ,"38,896442","-9,050799",0,0,2,Estrada sem separador,Húmido,Lisboa,Vila Franca de Xira,Alverca do Ribatejo,Alverca do Ribatejo,,EN - Estrada Nacional,EN116,Em estado regular,35.0,Bom tempo,Dois sentidos,Fora da intersecção,Dentro das localidades,Em pleno dia,Com marcas - separadoras de sentido de trânsito,Despiste com transposição do dispositivo de retenção lateral,NÃO DEFINIDO,Inexistentes,NÃO DEFINIDO,Outros,Inexistentes,Betuminoso,Recta,Com inclinação,Berma pavimentada,Na berma,Direita
2015959821,2015:04:16 19:45:00,01/16/00,04/01/00,01/01/00,Guarda Nacional Republicana,50.0,50.0,Quinta-Feira ,"39,545786","-8,281496",0,0,1,Estrada sem separador,Seco e limpo,Leiria,Ansiao,Santiago da Guarda,Boavista,,EM - Estrada Municipal,EM1087,Em bom estado,0.01,Bom tempo,Dois sentidos,Fora da intersecção,Dentro das localidades,"Noite, sem iluminação",Sem marcas rodoviárias ou pouco visíveis,Colisão frontal,NÃO DEFINIDO,Inexistentes,NÃO DEFINIDO,NÃO DEFINIDO,Inexistentes,Betuminoso,Curva,Em patamar,Berma não pavimentada,Em plena via,Direita
20161144392,2016:04:09 17:45:00,01/09/00,04/01/00,01/01/00,Guarda Nacional Republicana,50.0,50.0,Sábado       ,"41,351906","-8,462720",0,0,1,Estrada sem separador,Seco e limpo,Braga,Esposende,União das freguesias de Belinho e Mar,BELINHO,Rua Sra. da Guia - Belinho,Arruamento,0,Em bom estado,,Bom tempo,Dois sentidos,Fora da intersecção,Dentro das localidades,Em pleno dia,Sem marcas rodoviárias ou pouco visíveis,Despiste simples,NÃO DEFINIDO,Inexistentes,NÃO DEFINIDO,NÃO DEFINIDO,Inexistentes,Betuminoso,Recta,Em patamar,Sem berma ou impraticável,Em plena via,Direita
2013676707,2013:04:04 12:40:00,01/04/00,04/01/00,01/01/00,Polícia de Segurança Pública,50.0,50.0,Quinta-Feira ,"0,00","0,00",0,0,1,Estrada sem separador,Molhado,Setúbal,Setubal,Setúbal (Santa Maria da Graça),,Estrada Ciprestes                                                                                   ,Arruamento,0,Em estado regular,,Chuva,Dois sentidos,Em entroncamento,Dentro das localidades,Em pleno dia,Com marcas - separadoras de sentido e de vias de trânsito,Colisão com outras situações,NÃO DEFINIDO,Inexistentes,NÃO DEFINIDO,NÃO DEFINIDO,A funcionar normalmente,Betuminoso,Recta,Em patamar,Berma pavimentada,Em plena via,Direita
2014788269,2014:04:08 20:00:00,01/08/00,04/01/00,01/01/00,Polícia de Segurança Pública,50.0,50.0,Terça-Feira  ,"38,828339","-9,093292",0,0,1,Estrada sem separador,Seco e limpo,Lisboa,Loures,"União das freguesias de Santa Iria de Azoia, São João da Talha e Bobadela",São João da Talha,Rua Loures                                                                                          ,Arruamento,0,Em estado regular,,Bom tempo,Sentido único,Em cruzamento,Dentro das localidades,"Noite, com iluminação",Com marcas - separadoras de sentido e de vias de trânsito,Colisão lateral com outro veículo em movimento,NÃO DEFINIDO,Inexistentes,NÃO DEFINIDO,Stop,Inexistentes,Betuminoso,Curva,Em patamar,Berma pavimentada,Em plena via,Direita
20191671625,2019:04:11 19:05:00,01/11/00,04/01/00,01/01/00,Polícia de Segurança Pública,50.0,50.0,Quinta-Feira ,"0,0","0,0",0,0,1,Estrada sem separador,Seco e limpo,Faro,Olhao,Olhão,Olhão,Rua Dr. Alberto Iria,Arruamento,0,Em bom estado,,Bom tempo,Dois sentidos,Em entroncamento,Dentro das localidades,Em pleno dia,Sem marcas rodoviárias ou pouco visíveis,Colisão com veiculo ou obstáculo na faixa de rodagem,NÃO DEFINIDO,Inexistentes,NÃO DEFINIDO,Outros,Inexistentes,Betuminoso,Recta,Em patamar,Sem berma ou impraticável,Em plena via,Direita
20181431662,2018:04:14 23:45:00,01/14/00,04/01/00,01/01/00,Guarda Nacional Republicana,90.0,90.0,Sábado       ,"37,333508","-7,489843",0,1,0,Outra via,Seco e limpo,Faro,Castro Marim,Odeleite,Odeleite,,IC - Itinerário Complementar,IC27,Em bom estado,"14,1",Bom tempo,Sentido único,Fora da intersecção,Fora das localidades,"Noite, sem iluminação",Com marcas - separadoras de sentido e de vias de trânsito,Atropelamento de peões,NÃO DEFINIDO,Inexistentes,No sentido crescente da quilometragem,Outros,Inexistentes,Betuminoso,Recta,Em patamar,Berma pavimentada,Em plena via,Direita
2015959814,2015:04:24 14:15:00,01/24/00,04/01/00,01/01/00,Guarda Nacional Republicana,50.0,50.0,Sexta-Feira  ,"39,361749","-8,489790",0,0,1,Estrada sem separador,Molhado,Leiria,Porto de Mos,Porto de Mós - São João Baptista e São Pedro,,Rua Adriano Carvalho,Arruamento,0,Em estado regular,,Chuva,Dois sentidos,Fora da intersecção,Dentro das localidades,Em pleno dia,Com marcas - separadoras de sentido de trânsito,Colisão frontal,NÃO DEFINIDO,Inexistentes,NÃO DEFINIDO,NÃO DEFINIDO,Inexistentes,Calçada,Recta,Com inclinação,Berma não pavimentada,Em plena via,Direita
2010468050,2010:04:10 16:30:00,01/10/00,04/01/00,01/01/00,Guarda Nacional Republicana,50.0,50.0,Sábado       ,,,0,0,1,Estrada sem separador,Seco e limpo,Setúbal,Palmela,Pinhal Novo,,AV ALEXANDRE HERCULANO,Arruamento,0,Em bom estado,,Bom tempo,Dois sentidos,Fora da intersecção,Dentro das localidades,Em pleno dia,Com marcas - separadoras de sentido de trânsito,Colisão com veiculo ou obstáculo na faixa de rodagem,NÃO DEFINIDO,Inexistentes,NÃO DEFINIDO,NÃO DEFINIDO,Inexistentes,Betuminoso,Recta,Em patamar,Berma pavimentada,Em plena via,Direita
20161075432,2016:04:16 21:10:00,01/16/00,04/01/00,01/01/00,Polícia de Segurança Pública,50.0,50.0,Sábado       ,"41,134928","-8,606228",0,0,2,Estrada sem separador,Seco e limpo,Porto,Vila Nova de Gaia,União das freguesias de Santa Marinha e São Pedro da Afurada,,Rua 1º de Maio                                                                                      ,Arruamento,0,Em bom estado,,Bom tempo,Sentido único,Em cruzamento,Dentro das localidades,"Noite, com iluminação",Sem marcas rodoviárias ou pouco visíveis,Colisão frontal,NÃO DEFINIDO,Inexistentes,NÃO DEFINIDO,NÃO DEFINIDO,Inexistentes,Betuminoso,Recta,Com inclinação,Berma pavimentada,Em plena via,Direita
20191674034,2019:04:24 10:40:00,01/24/00,04/01/00,01/01/00,Polícia de Segurança Pública,50.0,50.0,Quarta-Feira ,"0,0","0,0",0,0,2,Outra via,Molhado,Porto,Gondomar,"União das freguesias de Gondomar (São Cosme), Valbom e Jovim",Valbom,Avenida Costa Barreto,Arruamento,0,Em estado regular,,Chuva,Dois sentidos,Fora da intersecção,Dentro das localidades,Em pleno dia,Com marcas - separadoras de sentido de trânsito,Despiste com capotamento,NÃO DEFINIDO,Inexistentes,No sentido crescente da quilometragem,NÃO DEFINIDO,Inexistentes,Betuminoso,Curva,Em patamar,Sem berma ou impraticável,Em plena via,Direita
2010468039,2010:04:28 08:30:00,01/28/00,04/01/00,01/01/00,Guarda Nacional Republicana,50.0,50.0,Quarta-Feira ,,,0,0,1,Estrada sem separador,Seco e limpo,Porto,Paredes,Castelões de Cepeda,PAREDES,R DR JOSE BARBOSA,Arruamento,0,Em bom estado,,Bom tempo,Sentido único,Em cruzamento,Dentro das localidades,Em pleno dia,Sem marcas rodoviárias ou pouco visíveis,Colisão lateral com outro veículo em movimento,NÃO DEFINIDO,Inexistentes,NÃO DEFINIDO,Stop,Inexistentes,Betuminoso,Recta,Em patamar,Berma pavimentada,Em plena via,Direita
2013714777,2013:04:15 17:00:00,01/15/00,04/01/00,01/01/00,Guarda Nacional Republicana,90.0,90.0,Segunda-Feira,"38,478440","-09,279996",0,0,1,Estrada sem separador,Seco e limpo,Lisboa,Sintra,Colares,Almoçageme,,EN - Estrada Nacional,EN247,Em estado regular,82.5,Bom tempo,Dois sentidos,Fora da intersecção,Fora das localidades,Sol escandeante,Com marcas - separadoras de sentido de trânsito,Despiste simples,NÃO DEFINIDO,Inexistentes,NÃO DEFINIDO,NÃO DEFINIDO,Inexistentes,Betuminoso,Recta,Com inclinação,Berma pavimentada,Em plena via,Direita
2014790336,2014:04:19 12:30:00,01/19/00,04/01/00,01/01/00,Polícia de Segurança Pública,50.0,50.0,Sábado       ,"41,733847","-7,471636",0,0,1,Estrada sem separador,Seco e limpo,Vila Real,Chaves,Santa Maria Maior,Chaves,,EN - Estrada Nacional,EN103,Em estado regular,167.0,Bom tempo,Dois sentidos,Fora da intersecção,Dentro das localidades,Em pleno dia,Com marcas - separadoras de sentido e de vias de trânsito,Colisão lateral com outro veículo em movimento,NÃO DEFINIDO,Inexistentes,NÃO DEFINIDO,NÃO DEFINIDO,Inexistentes,Betuminoso,Recta,Em patamar,Berma pavimentada,Em plena via,Direita
2012612602,2012:04:24 19:20:00,01/24/00,04/01/00,01/01/00,Guarda Nacional Republicana,50.0,50.0,Terça-Feira  ,"41,22076","8,23639",0,0,1,Estrada sem separador,Seco e limpo,Braga,Guimaraes,Lordelo,,R DE LUBAFIM,Arruamento,0,Em bom estado,,Bom tempo,Dois sentidos,Fora da intersecção,Dentro das localidades,Em pleno dia,Com marcas - separadoras de sentido de trânsito,Colisão frontal,NÃO DEFINIDO,Inexistentes,NÃO DEFINIDO,NÃO DEFINIDO,Inexistentes,Betuminoso,Recta,Com inclinação,Sem berma ou impraticável,Em plena via,Direita
2014790045,2014:04:19 11:00:00,01/19/00,04/01/00,01/01/00,Polícia de Segurança Pública,40.0,50.0,Sábado       ,"41,530460","-8,624978",0,0,1,Estrada sem separador,Seco e limpo,Braga,Barcelos,"União das freguesias de Barcelos, Vila Boa e Vila Frescainha (São Martinho e São Pedro)",Vila Frescainha,Rua Dr. Santos Junior,Arruamento,0,Em estado regular,,Bom tempo,Dois sentidos,Em entroncamento,Dentro das localidades,Em pleno dia,Sem marcas rodoviárias ou pouco visíveis,Colisão lateral com outro veículo em movimento,NÃO DEFINIDO,Inexistentes,NÃO DEFINIDO,Stop,Inexistentes,Betuminoso,Recta,Com inclinação,Berma pavimentada,Em plena via,Direita
2010455860,2010:04:05 22:00:00,01/05/00,04/01/00,01/01/00,Guarda Nacional Republicana,90.0,90.0,Segunda-Feira,,,0,0,3,Estrada sem separador,Seco e limpo,Guarda,Trancoso,Trancoso (São Pedro),COURELAS,,EN - Estrada Nacional,EN226,Em bom estado,87.4,Bom tempo,Dois sentidos,Fora da intersecção,Fora das localidades,"Noite, sem iluminação",Com marcas - separadoras de sentido de trânsito,Colisão lateral com outro veículo em movimento,NÃO DEFINIDO,Inexistentes,NÃO DEFINIDO,NÃO DEFINIDO,Inexistentes,Betuminoso,Recta,Em patamar,Sem berma ou impraticável,Em plena via,Direita
2013711379,2013:04:09 18:33:00,01/09/00,04/01/00,01/01/00,Guarda Nacional Republicana,50.0,50.0,Terça-Feira  ,"39,313904","-08,282605",0,0,1,Estrada sem separador,Seco e limpo,Santarém,Torres Novas,Olaia,Lamarosa (Rua Arcebispo de Evora),,EN - Estrada Nacional,EN358,Em bom estado,7.0,Bom tempo,Dois sentidos,Fora da intersecção,Dentro das localidades,Em pleno dia,Sem marcas rodoviárias ou pouco visíveis,Colisão lateral com outro veículo em movimento,NÃO DEFINIDO,Inexistentes,NÃO DEFINIDO,NÃO DEFINIDO,Inexistentes,Betuminoso,Curva,Em patamar,Sem berma ou impraticável,Em plena via,Direita
2014833469,2014:04:19 15:08:00,01/19/00,04/01/00,01/01/00,Guarda Nacional Republicana,50.0,50.0,Sábado       ,"40,517938","-8,285699",0,0,1,Estrada sem separador,Seco e limpo,Aveiro,Oliveira de Azemeis,"União das freguesias de Oliveira de Azeméis, Santiago de Riba-Ul, Ul, Macinhata da Seixa e Madail",Oliveira de Azeméis,Rua da Lomba,Arruamento,0,Em estado regular,,Bom tempo,Dois sentidos,Fora da intersecção,Dentro das localidades,Em pleno dia,Sem marcas rodoviárias ou pouco visíveis,Despiste simples,NÃO DEFINIDO,Inexistentes,NÃO DEFINIDO,NÃO DEFINIDO,Inexistentes,Betuminoso,Recta,Em patamar,Berma não pavimentada,Em plena via,Direita
20181428864,2018:04:06 12:00:00,01/06/00,04/01/00,01/01/00,Guarda Nacional Republicana,50.0,50.0,Sexta-Feira  ,"40,632524","-8,689737",0,0,1,Estrada sem separador,Molhado,Aveiro,Ilhavo,Gafanha da Nazaré,Gafanha da Nazaré,Av. dos Bacalhoeiros,Arruamento,0,Em bom estado,,Chuva,Sentido único,Em rotunda,Dentro das localidades,Em pleno dia,Com marcas - separadoras de sentido de trânsito,Despiste simples,NÃO DEFINIDO,Inexistentes,NÃO DEFINIDO,NÃO DEFINIDO,Inexistentes,Betuminoso,Curva,Em patamar,Sem berma ou impraticável,Em plena via,Direita
20161146224,2016:04:18 12:00:00,01/18/00,04/01/00,01/01/00,Guarda Nacional Republicana,60.0,120.0,Segunda-Feira,"38,361390","-9,011405",0,0,1,Auto-estrada,Seco e limpo,Setúbal,Barreiro,União das freguesias de Palhais e Coina,COINA,,A  - Auto-Estrada,A33,Em bom estado,"0,2",Bom tempo,Sentido único,Fora da intersecção,Fora das localidades,Em pleno dia,Com marcas - separadoras de sentido e de vias de trânsito,Despiste simples,NÃO DEFINIDO,Inexistentes,No sentido crescente da quilometragem,NÃO DEFINIDO,Inexistentes,Betuminoso,Curva,Com inclinação,Berma pavimentada,Em plena via,Direita
2012614707,2012:04:28 16:15:00,01/28/00,04/01/00,01/01/00,Guarda Nacional Republicana,90.0,90.0,Sábado       ,"41,618912","-8,777669",0,0,2,Estrada sem separador,Seco e limpo,Viana do Castelo,Viana do Castelo,Neiva,,,EN - Estrada Nacional,EN13,Em bom estado,54.6,Bom tempo,Dois sentidos,Fora da intersecção,Fora das localidades,Em pleno dia,Com marcas - separadoras de sentido de trânsito,Colisão frontal,NÃO DEFINIDO,Inexistentes,NÃO DEFINIDO,NÃO DEFINIDO,Inexistentes,Betuminoso,Curva,Com inclinação,Berma pavimentada,Em plena via,Direita
2013678947,2013:04:18 09:00:00,01/18/00,04/01/00,01/01/00,Polícia de Segurança Pública,50.0,50.0,Quinta-Feira ,"0,00","0,00",0,0,1,Estrada sem separador,Seco e limpo,Lisboa,Lisboa,Lumiar,,Rua Cipriano Dourado                                                                                ,Arruamento,0,Em estado regular,,Bom tempo,Dois sentidos,Em entroncamento,Dentro das localidades,Em pleno dia,Com marcas - separadoras de sentido e de vias de trânsito,Colisão lateral com outro veículo em movimento,NÃO DEFINIDO,Inexistentes,NÃO DEFINIDO,Cedência de passagem,Inexistentes,Betuminoso,Curva,Com inclinação,Sem berma ou impraticável,Em plena via,Direita
20191689891,2019:04:21 19:55:00,01/21/00,04/01/00,01/01/00,Guarda Nacional Republicana,50.0,50.0,Domingo      ,"41,463840","-8,545647",0,0,1,Estrada sem separador,Seco e limpo,Braga,Vila Nova de Famalicao,Nine,NIne,Avenida de Santo António 112,Arruamento,0,Em bom estado,,Bom tempo,Dois sentidos,Fora da intersecção,Dentro das localidades,"Noite, com iluminação",Com marcas - separadoras de sentido de trânsito,Despiste simples,NÃO DEFINIDO,Inexistentes,NÃO DEFINIDO,NÃO DEFINIDO,Inexistentes,Betuminoso,Recta,Em patamar,Sem berma ou impraticável,Na berma,Direita
20161145595,2016:04:15 09:20:00,01/15/00,04/01/00,01/01/00,Guarda Nacional Republicana,50.0,50.0,Sexta-Feira  ,"41,300078","-8,248691",0,0,1,Estrada sem separador,Molhado,Braga,Braga,União das freguesias de Morreira e Trandeiras,ESPORÕES- BRAGA.,RUA DA ESTRADA- TRANDEIRAS- BRAGA.,Arruamento,0,Em bom estado,,Chuva,Dois sentidos,Fora da intersecção,Dentro das localidades,Em pleno dia,Com marcas - separadoras de sentido de trânsito,Colisão lateral com outro veículo em movimento,NÃO DEFINIDO,Inexistentes,NÃO DEFINIDO,NÃO DEFINIDO,Inexistentes,Betuminoso,Curva,Com inclinação,Sem berma ou impraticável,Em plena via,Direita
20191671064,2019:04:10 19:20:00,01/10/00,04/01/00,01/01/00,Polícia de Segurança Pública,50.0,50.0,Quarta-Feira ,"41,375695","-8,740108",0,0,1,Estrada sem separador,Seco e limpo,Porto,Povoa de Varzim,"União das freguesias da Póvoa de Varzim, Beiriz e Argivai",Argivai,Rua São Miguel-o-Anjo                                                                               ,Arruamento,0,Em bom estado,,Bom tempo,Dois sentidos,Em cruzamento,Dentro das localidades,Em pleno dia,Com marcas - separadoras de sentido de trânsito,Colisão com outras situações,NÃO DEFINIDO,Inexistentes,NÃO DEFINIDO,Stop,Inexistentes,Betuminoso,Recta,Em patamar,Berma pavimentada,Em plena via,Direita
20171260979,2017:04:30 15:29:00,01/30/00,04/01/00,01/01/00,Guarda Nacional Republicana,50.0,50.0,Domingo      ,"42,062171","-8,509343",0,0,1,Estrada sem separador,Húmido,Viana do Castelo,Moncao,União das freguesias de Mazedo e Cortes,Fontoura,,EN - Estrada Nacional,EN101,Em estado regular,"13,975",Chuva,Sentido único,Fora da intersecção,Dentro das localidades,Em pleno dia,Com marcas - separadoras de sentido de trânsito,Colisão traseira com outro veículo em movimento,NÃO DEFINIDO,Inexistentes,NÃO DEFINIDO,Outros,Inexistentes,Betuminoso,Recta,Em patamar,Berma pavimentada,Em plena via,Direita
2013680096,2013:04:29 15:00:00,01/29/00,04/01/00,01/01/00,Polícia de Segurança Pública,40.0,40.0,Segunda-Feira,"0,00","0,00",0,0,1,Estrada sem separador,Com óleo,Porto,Maia,Águas Santas,Maia,Acesso ao Maia Shopping,Arruamento,0,Em bom estado,,Bom tempo,Sentido único,Fora da intersecção,Dentro das localidades,Em pleno dia,Sem marcas rodoviárias ou pouco visíveis,Despiste com dispositivo de retenção,NÃO DEFINIDO,Inexistentes,NÃO DEFINIDO,Outros,Inexistentes,Betuminoso,Curva,Com inclinação,Berma pavimentada,Em plena via,Direita
2010457587,2010:04:26 17:00:00,01/26/00,04/01/00,01/01/00,Guarda Nacional Republicana,50.0,50.0,Segunda-Feira,,,0,0,1,Estrada sem separador,Seco e limpo,Porto,Povoa de Varzim,Beiriz,BEIRIZ,LG MARGARIDAS,Arruamento,0,Em estado regular,,Bom tempo,Sentido único,Fora da intersecção,Dentro das localidades,Em pleno dia,Sem marcas rodoviárias ou pouco visíveis,Atropelamento de peões,NÃO DEFINIDO,Inexistentes,NÃO DEFINIDO,Outros,Inexistentes,Calçada,Curva,Em patamar,Sem berma ou impraticável,Em plena via,Direita