Id. Acidente,Datahora,Dia,Mês,Hora,Entidades Fiscalizadoras,Velocidade local,Velocidade geral,Dia da Semana,Latitude GPS,Longitude GPS,Num. Mortos a 30 dias,Num. Feridos graves a 30 dias,Num. Feridos ligeiros a 30 dias,Características Tecnicas1,Cond Aderência,Distrito,Concelho,Freguesia,Pov. Proxima,Nome arruamento,Tipos Vias,Cod Via,Estado Conservação,Km,Factores Atmosféricos,Reg Circulação1,Intersecção Vias,Localizações,Luminosidade,Marca Via,Natureza,Obras Arte,Obstáculos,Sentidos,Sinais,Sinais Luminosos,Tipo Piso,Traçado 1,Traçado 2,Traçado 3,Traçado 4,Via Trânsito
2012614544,2012:04:29 12:30:00,01/29/00,04/01/00,01/01/00,Guarda Nacional Republicana,50.0,50.0,Domingo      ,,,0,0,2,Estrada sem separador,Molhado,Viseu,Satao,Avelal,AVELAL,R DAS EIRAS,Arruamento,0,Em bom estado,,Chuva,Dois sentidos,Fora da intersecção,Dentro das localidades,Em pleno dia,Sem marcas rodoviárias ou pouco visíveis,Despiste com capotamento,NÃO DEFINIDO,Inexistentes,NÃO DEFINIDO,Outros,Inexistentes,Betuminoso,Curva,Em patamar,Berma não pavimentada,Em plena via,Direita
2014831538,2014:04:12 13:05:00,01/12/00,04/01/00,01/01/00,Guarda Nacional Republicana,50.0,50.0,Sábado       ,"41,339337","-8,285105",0,0,1,Estrada sem separador,Seco e limpo,Braga,Braga,"União das freguesias de Merelim (São Paio), Panoias e Parada de Tibães",,Rua do Castelhano,Arruamento,0,Em estado regular,,Bom tempo,Dois sentidos,Em entroncamento,Dentro das localidades,Em pleno dia,Com marcas - separadoras de sentido de trânsito,Colisão frontal,NÃO DEFINIDO,Inexistentes,NÃO DEFINIDO,NÃO DEFINIDO,Inexistentes,Betuminoso,Recta,Em patamar,Berma pavimentada,Em plena via,Direita
20191694914,2019:04:01 08:50:00,01/01/00,04/01/00,01/01/00,Guarda Nacional Republicana,50.0,50.0,Segunda-Feira,"41,276870","-8,358191",0,0,1,Estrada sem separador,Seco e limpo,Porto,Pacos de Ferreira,Ferreira,Ferreira,Via do Poder Local,Arruamento,0,Em estado regular,,Bom tempo,Dois sentidos,Fora da intersecção,Dentro das localidades,Em pleno dia,Sem marcas rodoviárias ou pouco visíveis,Colisão traseira com outro veículo em movimento,NÃO DEFINIDO,Inexistentes,NÃO DEFINIDO,NÃO DEFINIDO,Inexistentes,Betuminoso,Recta,Em patamar,Berma pavimentada,Em plena via,Direita
2013675470,2013:04:03 13:10:00,01/03/00,04/01/00,01/01/00,Polícia de Segurança Pública,50.0,50.0,Quarta-Feira ,"0,00","0,00",0,0,1,Estrada sem separador,Seco e limpo,Faro,Portimao,Portimão,Portimão,Rua da Pedra,Arruamento,0,Em bom estado,,Bom tempo,Sentido único,Fora da intersecção,Dentro das localidades,Em pleno dia,Sem marcas rodoviárias ou pouco visíveis,Atropelamento de peões,NÃO DEFINIDO,Inexistentes,NÃO DEFINIDO,NÃO DEFINIDO,Inexistentes,Calçada,Recta,Com inclinação,Sem berma ou impraticável,Em plena via,Direita
2012599705,2012:04:05 22:50:00,01/05/00,04/01/00,01/01/00,Polícia de Segurança Pública,50.0,50.0,Quinta-Feira ,"0,00","0,00",0,0,1,Estrada sem separador,Húmido,Santarém,Santarem,Santarém (São Nicolau),Graínho,Rua do Moderno - Grainho,Arruamento,0,Em estado regular,,Chuva,Dois sentidos,Fora da intersecção,Dentro das localidades,"Noite, com iluminação",Sem marcas rodoviárias ou pouco visíveis,Colisão com outras situações,NÃO DEFINIDO,Inexistentes,NÃO DEFINIDO,Outros,Inexistentes,Betuminoso,Recta,Em patamar,Berma pavimentada,Em plena via,Direita
20161146686,2016:04:20 18:00:00,01/20/00,04/01/00,01/01/00,Guarda Nacional Republicana,50.0,50.0,Quarta-Feira ,"41,318506","-8,410523",0,0,2,Estrada sem separador,Seco e limpo,Braga,Barcelos,Perelhal,PERELHAL,,EN - Estrada Nacional,EN103-1,Em estado regular,"4,9",Bom tempo,Dois sentidos,Em entroncamento,Dentro das localidades,Em pleno dia,Com marcas - separadoras de sentido de trânsito,Colisão traseira com outro veículo em movimento,NÃO DEFINIDO,Inexistentes,NÃO DEFINIDO,NÃO DEFINIDO,Inexistentes,Betuminoso,Recta,Em patamar,Berma não pavimentada,Em plena via,Direita
20181430517,2018:04:12 09:10:00,01/12/00,04/01/00,01/01/00,Guarda Nacional Republicana,120.0,120.0,Quinta-Feira ,"38,852721","-9,180887",0,0,1,Auto-estrada,Molhado,Lisboa,Loures,Loures,Loures,,A  - Auto-Estrada,A8,Em bom estado,"10,2",Chuva,Sentido único,Fora da intersecção,Fora das localidades,Em pleno dia,Com marcas - separadoras de sentido de trânsito,Despiste simples,NÃO DEFINIDO,Inexistentes,No sentido crescente da quilometragem,NÃO DEFINIDO,Inexistentes,Betuminoso,Curva,Com inclinação,Berma pavimentada,Em plena via,Direita
20181398277,2018:04:25 16:45:00,01/25/00,04/01/00,01/01/00,Guarda Nacional Republicana,50.0,50.0,Quarta-Feira ,"41,752535","-8,609702",0,0,1,Estrada sem separador,Seco e limpo,Viana do Castelo,Ponte de Lima,Correlhã,Viana do Castelo,Rua do Caminho de Santiago,Arruamento,0,Em bom estado,,Bom tempo,Dois sentidos,Em cruzamento,Dentro das localidades,Em pleno dia,Sem marcas rodoviárias ou pouco visíveis,Despiste simples,NÃO DEFINIDO,Inexistentes,NÃO DEFINIDO,NÃO DEFINIDO,Inexistentes,Betuminoso,Recta,Em patamar,Sem berma ou impraticável,Em plena via,Direita
20171226877,2017:04:21 21:40:00,01/21/00,04/01/00,01/01/00,Polícia de Segurança Pública,50.0,50.0,Sexta-Feira  ,"38,863905","-9,073022",0,0,1,Outra via,Seco e limpo,Lisboa,Vila Franca de Xira,União das freguesias de Póvoa de Santa Iria e Forte da Casa,Póvoa de Santa Iria,Avenida Dom Vicente Afonso Valente                                                                  ,Arruamento,0,Em estado regular,,Bom tempo,Dois sentidos,Fora da intersecção,Dentro das localidades,"Noite, com iluminação",Com marcas - separadoras de sentido e de vias de trânsito,Atropelamento de peões,NÃO DEFINIDO,Inexistentes,NÃO DEFINIDO,Passagem de peões,Inexistentes,Betuminoso,Curva,Com inclinação,Berma pavimentada,Em plena via,Direita
20161054057,2016:04:21 19:35:00,01/21/00,04/01/00,01/01/00,Polícia de Segurança Pública,50.0,50.0,Quinta-Feira ,"38,685947","-9,331389",0,0,1,Estrada sem separador,Seco e limpo,Lisboa,Cascais,União das freguesias de Carcavelos e Parede,Carcavelos,Rotunda Lombos                                                                                      ,Arruamento,0,Em bom estado,,Bom tempo,Sentido único,Em rotunda,Dentro das localidades,Em pleno dia,Com marcas - separadoras de sentido e de vias de trânsito,Colisão lateral com outro veículo em movimento,NÃO DEFINIDO,Inexistentes,NÃO DEFINIDO,NÃO DEFINIDO,Inexistentes,Betuminoso,Curva,Com inclinação,Berma pavimentada,Em plena via,Central
2010447631,2010:04:05 18:30:00,01/05/00,04/01/00,01/01/00,Polícia de Segurança Pública,50.0,50.0,Segunda-Feira,"0,00","0,00",0,0,1,Estrada sem separador,Húmido,Lisboa,Odivelas,Famões,,Avenida Casal do Segulim,Arruamento,0,Em estado regular,,Bom tempo,Dois sentidos,Em entroncamento,Dentro das localidades,Em pleno dia,Com marcas - separadoras de sentido de trânsito,Colisão lateral com outro veículo em movimento,NÃO DEFINIDO,Inexistentes,NÃO DEFINIDO,Cedência de passagem,Inexistentes,Betuminoso,Curva,Com inclinação,Berma pavimentada,Em plena via,Direita
20171257233,2017:04:10 16:40:00,01/10/00,04/01/00,01/01/00,Guarda Nacional Republicana,50.0,50.0,Segunda-Feira,"40,506906","-8,536035",0,0,1,Estrada sem separador,Seco e limpo,Aveiro,Oliveira do Bairro,Oliveira do Bairro,Vila Verde,,EM - Estrada Municipal,0,Em bom estado,328,Bom tempo,Dois sentidos,Em rotunda,Dentro das localidades,Em pleno dia,Com marcas - separadoras de sentido de trânsito,Colisão lateral com outro veículo em movimento,NÃO DEFINIDO,Inexistentes,NÃO DEFINIDO,Cedência de passagem,Inexistentes,Betão de cimento,Recta,Em patamar,Berma pavimentada,Em plena via,Direita
20181429228,2018:04:07 17:50:00,01/07/00,04/01/00,01/01/00,Guarda Nacional Republicana,50.0,50.0,Sábado       ,"41,447637","-8,161002",0,0,1,Estrada sem separador,Húmido,Braga,Fafe,Quinchães,Quinchães,,Outra Via,0,Em bom estado,,Bom tempo,Sentido único,Fora da intersecção,Dentro das localidades,Em pleno dia,Com marcas - separadoras de sentido de trânsito,Despiste simples,NÃO DEFINIDO,Inexistentes,NÃO DEFINIDO,NÃO DEFINIDO,Inexistentes,Betuminoso,Curva,Com inclinação,Sem berma ou impraticável,Em plena via,Direita
2012612712,2012:04:30 17:40:00,01/30/00,04/01/00,01/01/00,Guarda Nacional Republicana,50.0,50.0,Segunda-Feira,"40,08196","8,42178",0,0,1,Estrada sem separador,Seco e limpo,Coimbra,Montemor-o-Velho,Verride,VERRIDE,,EN - Estrada Nacional,EN341,Em estado regular,,Bom tempo,Dois sentidos,Fora da intersecção,Dentro das localidades,Em pleno dia,Sem marcas rodoviárias ou pouco visíveis,Atropelamento de peões,NÃO DEFINIDO,Inexistentes,NÃO DEFINIDO,NÃO DEFINIDO,Inexistentes,Betuminoso,Recta,Em patamar,Sem berma ou impraticável,Na berma,Direita
20161145906,2016:04:16 15:30:00,01/16/00,04/01/00,01/01/00,Guarda Nacional Republicana,50.0,50.0,Sábado       ,"41,275780","-8,097260",0,0,1,Estrada sem separador,Húmido,Braga,Fafe,Fafe,FAFE,Rua da Cumieira,Arruamento,0,Em bom estado,,Chuva,Dois sentidos,Fora da intersecção,Dentro das localidades,Em pleno dia,Com marcas - separadoras de sentido de trânsito,Colisão lateral com outro veículo em movimento,NÃO DEFINIDO,Inexistentes,NÃO DEFINIDO,NÃO DEFINIDO,Inexistentes,Betuminoso,Recta,Em patamar,Berma pavimentada,Em plena via,Direita
2013677854,2013:04:19 13:30:00,01/19/00,04/01/00,01/01/00,Polícia de Segurança Pública,50.0,50.0,Sexta-Feira  ,"0,00","0,00",0,0,1,Estrada sem separador,Seco e limpo,Lisboa,Lisboa,Santa Maria de Belém,,Rua Dom Cristóvão da Gama                                                                           ,Arruamento,0,Em estado regular,,Bom tempo,Dois sentidos,Fora da intersecção,Dentro das localidades,Em pleno dia,Com marcas - separadoras de sentido e de vias de trânsito,Despiste com colisão com veículo imobil. ou obstáculo,NÃO DEFINIDO,Inexistentes,NÃO DEFINIDO,Outros,Inexistentes,Betuminoso,Recta,Em patamar,Berma pavimentada,Em plena via,Direita
2010445403,2010:04:09 15:00:00,01/09/00,04/01/00,01/01/00,Polícia de Segurança Pública,50.0,50.0,Sexta-Feira  ,"0,00","0,00",0,0,1,Outra via,Seco e limpo,Lisboa,Lisboa,Beato,,Alameda Beato,Arruamento,0,Em bom estado,,Bom tempo,Dois sentidos,Fora da intersecção,Dentro das localidades,Em pleno dia,Sem marcas rodoviárias ou pouco visíveis,Colisão lateral com outro veículo em movimento,NÃO DEFINIDO,Inexistentes,NÃO DEFINIDO,NÃO DEFINIDO,Inexistentes,Betuminoso,Recta,Em patamar,Berma pavimentada,Em plena via,Direita
2011532919,2011:04:07 16:00:00,01/07/00,04/01/00,01/01/00,Guarda Nacional Republicana,50.0,50.0,Quinta-Feira ,"40,37703","8,33744",0,0,1,Estrada sem separador,Seco e limpo,Aveiro,Aveiro,Eixo,EIXO,R DR ALFREDO COELHO MAGALHAES,Arruamento,0,Em estado regular,,Bom tempo,Dois sentidos,Fora da intersecção,Dentro das localidades,Em pleno dia,Sem marcas rodoviárias ou pouco visíveis,Despiste simples,NÃO DEFINIDO,Inexistentes,NÃO DEFINIDO,NÃO DEFINIDO,Inexistentes,Betuminoso,Recta,Em patamar,Berma pavimentada,Em plena via,Direita
20161144590,2016:04:10 18:45:00,01/10/00,04/01/00,01/01/00,Guarda Nacional Republicana,120.0,120.0,Domingo      ,"41,130602","-8,162029",0,0,1,Auto-estrada,"Com gelo, geada ou neve",Porto,Penafiel,Penafiel,PENAFIEL,,A  - Auto-Estrada,A4,Em bom estado,"39,972",Granizo,Sentido único,Fora da intersecção,Fora das localidades,Em pleno dia,Com marcas - separadoras de sentido e de vias de trânsito,Despiste simples,NÃO DEFINIDO,Inexistentes,No sentido crescente da quilometragem,NÃO DEFINIDO,Inexistentes,Betuminoso,Curva,Com inclinação,Berma pavimentada,Em plena via,Direita
2011532913,2011:04:12 19:00:00,01/12/00,04/01/00,01/01/00,Guarda Nacional Republicana,50.0,50.0,Terça-Feira  ,,,0,0,1,Estrada sem separador,Seco e limpo,Aveiro,Oliveira do Bairro,Oliveira do Bairro,OLIVEIRA DO BAIRRO,R DO FORAL,Arruamento,0,Em estado regular,,Bom tempo,NÃO DEFINIDO,Em entroncamento,Dentro das localidades,Aurora ou crepúsculo,Sem marcas rodoviárias ou pouco visíveis,Colisão traseira com outro veículo em movimento,NÃO DEFINIDO,Correctamente sinalizados,NÃO DEFINIDO,Stop,Inexistentes,Betuminoso,Curva,Com inclinação,Sem berma ou impraticável,Em plena via,Direita
2015943353,2015:04:27 11:30:00,01/27/00,04/01/00,01/01/00,Polícia de Segurança Pública,50.0,50.0,Segunda-Feira,"38,774845","-9,208198",0,0,1,Estrada sem separador,Seco e limpo,Lisboa,Odivelas,União das freguesias de Pontinha e Famões,Pontinha,Avenida Professor Francisco Sá Carneiro                                                             ,Arruamento,0,Em estado regular,,Bom tempo,Sentido único,Em rotunda,Dentro das localidades,Em pleno dia,Sem marcas rodoviárias ou pouco visíveis,Colisão traseira com outro veículo em movimento,NÃO DEFINIDO,Inexistentes,NÃO DEFINIDO,Outros,Desligada,Betuminoso,Curva,Com inclinação,Berma pavimentada,Em plena via,Direita
2010458749,2010:04:12 12:45:00,01/12/00,04/01/00,01/01/00,Guarda Nacional Republicana,90.0,90.0,Segunda-Feira,"39,106947","-8,863875",2,0,0,Outra via,Seco e limpo,Lisboa,Azambuja,Aveiras de Baixo,,,EN - Estrada Nacional,EN366,Em bom estado,27.617,Bom tempo,Dois sentidos,Fora da intersecção,Fora das localidades,Em pleno dia,Com marcas - separadoras de sentido e de vias de trânsito,Despiste com colisão com veículo imobil. ou obstáculo,NÃO DEFINIDO,Inexistentes,No sentido decrescente da quilometragem,NÃO DEFINIDO,Inexistentes,Betuminoso,Recta,Em patamar,Berma pavimentada,Na berma,Direita
2012614858,2012:04:24 17:55:00,01/24/00,04/01/00,01/01/00,Guarda Nacional Republicana,50.0,50.0,Terça-Feira  ,,,0,0,1,Estrada sem separador,Com gravilha ou areia,Viseu,Mangualde,Mangualde,,R EDUARDO SOUSA,Arruamento,0,Em bom estado,,Bom tempo,Sentido único,Fora da intersecção,Dentro das localidades,Em pleno dia,Sem marcas rodoviárias ou pouco visíveis,Colisão com fuga,NÃO DEFINIDO,Inexistentes,NÃO DEFINIDO,Outros,Inexistentes,Betuminoso,Recta,Com inclinação,Berma pavimentada,Em plena via,Direita
20161146068,2016:04:17 12:40:00,01/17/00,04/01/00,01/01/00,Guarda Nacional Republicana,50.0,50.0,Domingo      ,"38,332072","-8,591124",0,0,3,Estrada sem separador,Seco e limpo,Setúbal,Palmela,Quinta do Anjo,CABANAS,Estrada Vila Amélia,Arruamento,0,Em mau estado,,Bom tempo,Dois sentidos,Em entroncamento,Dentro das localidades,Em pleno dia,Sem marcas rodoviárias ou pouco visíveis,Colisão traseira com outro veículo em movimento,NÃO DEFINIDO,Inexistentes,NÃO DEFINIDO,NÃO DEFINIDO,A funcionar normalmente,Betuminoso,Recta,Em patamar,Berma não pavimentada,Em plena via,Direita
20191690597,2019:04:17 16:45:00,01/17/00,04/01/00,01/01/00,Guarda Nacional Republicana,50.0,50.0,Quarta-Feira ,"41,243280","-8,462848",0,0,1,Estrada sem separador,Molhado,Porto,Valongo,União das freguesias de Campo e Sobrado,Sobrado,Rua de São João do Sobrado 971,Arruamento,0,Em bom estado,,Chuva,Dois sentidos,Fora da intersecção,Dentro das localidades,Em pleno dia,Com marcas - separadoras de sentido de trânsito,Colisão frontal,NÃO DEFINIDO,Inexistentes,NÃO DEFINIDO,NÃO DEFINIDO,Inexistentes,Betuminoso,Curva,Com inclinação,Berma pavimentada,Em plena via,Direita
2010444878,2010:04:01 15:45:00,01/01/00,04/01/00,01/01/00,Polícia de Segurança Pública,80.0,80.0,Quinta-Feira ,"0,00","0,00",0,0,1,Outra via,Seco e limpo,Lisboa,Lisboa,Lumiar,,AVENIDA GENERAL NORTON DE MATOS,Arruamento,0,Em bom estado,,Bom tempo,Dois sentidos,Fora da intersecção,Dentro das localidades,Em pleno dia,Com marcas - separadoras de sentido de trânsito,Despiste com dispositivo de retenção,Viaduto/Ponte,Inexistentes,NÃO DEFINIDO,NÃO DEFINIDO,Inexistentes,Betuminoso,Recta,Em patamar,Berma pavimentada,Em plena via,Esquerda
2015920717,2015:04:11 19:00:00,01/11/00,04/01/00,01/01/00,Polícia de Segurança Pública,50.0,50.0,Sábado       ,"38,740173","-9,219691",0,0,1,Estrada sem separador,Seco e limpo,Lisboa,Amadora,Alfragide,Amadora,Rotunda da Avenida Força Aérea Portuguesa,Arruamento,0,Em estado regular,,Bom tempo,Sentido único,Em rotunda,Dentro das localidades,Em pleno dia,Com marcas - separadoras de sentido de trânsito,Despiste com dispositivo de retenção,NÃO DEFINIDO,Inexistentes,NÃO DEFINIDO,Cedência de passagem,Inexistentes,Betuminoso,Curva,Com inclinação,Sem berma ou impraticável,Em plena via,Central
2014831528,2014:04:03 14:45:00,01/03/00,04/01/00,01/01/00,Guarda Nacional Republicana,50.0,50.0,Quinta-Feira ,"41,225175","-8,213813",0,0,1,Estrada sem separador,Seco e limpo,Braga,Guimaraes,Moreira de Cónegos,,,EN - Estrada Nacional,EN105,Em bom estado,35.993,Bom tempo,Dois sentidos,Fora da intersecção,Dentro das localidades,Em pleno dia,Com marcas - separadoras de sentido de trânsito,Colisão frontal,NÃO DEFINIDO,Inexistentes,NÃO DEFINIDO,NÃO DEFINIDO,Inexistentes,Betuminoso,Recta,Com inclinação,Sem berma ou impraticável,Em plena via,Direita
2013711030,2013:04:13 12:50:00,01/13/00,04/01/00,01/01/00,Guarda Nacional Republicana,50.0,50.0,Sábado       ,"41,237986","-08,121151",0,1,0,Estrada sem separador,Seco e limpo,Porto,Felgueiras,Jugueiros,Jugueiros,Rua 25 de Abril,Arruamento,0,Em bom estado,,Bom tempo,Dois sentidos,Fora da intersecção,Dentro das localidades,Em pleno dia,Sem marcas rodoviárias ou pouco visíveis,Atropelamento de peões,NÃO DEFINIDO,Inexistentes,NÃO DEFINIDO,NÃO DEFINIDO,Inexistentes,Betuminoso,Recta,Em patamar,Sem berma ou impraticável,Em plena via,Direita
2011529355,2011:04:14 23:15:00,01/14/00,04/01/00,01/01/00,Guarda Nacional Republicana,90.0,90.0,Quinta-Feira ,,,0,2,1,Estrada sem separador,Seco e limpo,Santarém,Golega,Golegã,GOLEGA,,EN - Estrada Nacional,EN365,Em bom estado,75.0,Bom tempo,Dois sentidos,Fora da intersecção,Fora das localidades,"Noite, sem iluminação",Com marcas - separadoras de sentido de trânsito,Colisão frontal,NÃO DEFINIDO,Inexistentes,NÃO DEFINIDO,NÃO DEFINIDO,Inexistentes,Betuminoso,Recta,Em patamar,Sem berma ou impraticável,Em plena via,Direita
20171224434,2017:04:04 10:00:00,01/04/00,04/01/00,01/01/00,Polícia de Segurança Pública,50.0,50.0,Terça-Feira  ,"38,751925","-9,257843",0,0,1,Estrada sem separador,Seco e limpo,Lisboa,Sintra,União das freguesias de Queluz e Belas,Queluz,Rua Heliodoro Salgado                                                                               ,Arruamento,0,Em estado regular,,Bom tempo,Sentido único,Em entroncamento,Dentro das localidades,Em pleno dia,Sem marcas rodoviárias ou pouco visíveis,Atropelamento de peões,NÃO DEFINIDO,Inexistentes,NÃO DEFINIDO,NÃO DEFINIDO,Inexistentes,Calçada,Curva,Com inclinação,Berma pavimentada,Em plena via,Direita
2013710997,2013:04:22 16:30:00,01/22/00,04/01/00,01/01/00,Guarda Nacional Republicana,50.0,50.0,Segunda-Feira,"40,552277","-07,069668",0,1,0,Estrada sem separador,Seco e limpo,Guarda,Pinhel,Cidadelhe,Cidadelhe (caminho rural Sítio do Crespo),,Outra Via,0,Em mau estado,,Bom tempo,Dois sentidos,Fora da intersecção,Fora das localidades,Em pleno dia,Sem marcas rodoviárias ou pouco visíveis,Despiste com capotamento,NÃO DEFINIDO,Inexistentes,NÃO DEFINIDO,NÃO DEFINIDO,Inexistentes,Terra batida,Recta,Com inclinação,Sem berma ou impraticável,Em plena via,Direita
20191675659,2019:04:23 18:00:00,01/23/00,04/01/00,01/01/00,Polícia de Segurança Pública,50.0,50.0,Terça-Feira  ,"38,825789","-9,162306",0,0,1,Estrada sem separador,Seco e limpo,Lisboa,Loures,Loures,Loures,Rua República                                                                                       ,Arruamento,0,Em estado regular,,Bom tempo,Dois sentidos,Fora da intersecção,Dentro das localidades,Em pleno dia,Com marcas - separadoras de sentido de trânsito,Colisão traseira com outro veículo em movimento,NÃO DEFINIDO,Inexistentes,NÃO DEFINIDO,Outros,Inexistentes,Betuminoso,Recta,Em patamar,Berma pavimentada,Em plena via,Direita
2011532904,2011:04:09 09:00:00,01/09/00,04/01/00,01/01/00,Guarda Nacional Republicana,50.0,50.0,Sábado       ,,,0,0,1,Estrada sem separador,Seco e limpo,Aveiro,Agueda,Águeda,AMEAL,R S JOAO,Arruamento,0,Em bom estado,,Bom tempo,Dois sentidos,Em entroncamento,Dentro das localidades,Em pleno dia,Com marcas - separadoras de sentido e de vias de trânsito,Colisão traseira com outro veículo em movimento,NÃO DEFINIDO,Inexistentes,NÃO DEFINIDO,NÃO DEFINIDO,Inexistentes,Betuminoso,Recta,Com inclinação,Berma pavimentada,Na berma,Direita
20171226989,2017:04:22 13:07:00,01/22/00,04/01/00,01/01/00,Polícia de Segurança Pública,50.0,50.0,Sábado       ,"38,746670","-9,303816",0,0,1,Estrada sem separador,Seco e limpo,Lisboa,Oeiras,Porto Salvo,Porto Salvo,,EN - Estrada Nacional,EN249-3,Em estado regular,,Bom tempo,Reversível,Em rotunda,Dentro das localidades,Em pleno dia,Com marcas - separadoras de sentido e de vias de trânsito,Colisão lateral com outro veículo em movimento,NÃO DEFINIDO,Inexistentes,NÃO DEFINIDO,NÃO DEFINIDO,Inexistentes,Betuminoso,Curva,Em patamar,Berma pavimentada,Em plena via,Central
2010448819,2010:04:21 16:05:00,01/21/00,04/01/00,01/01/00,Polícia de Segurança Pública,50.0,50.0,Quarta-Feira ,"0,00","0,00",0,0,1,Estrada sem separador,Seco e limpo,Faro,Tavira,Tavira (Santiago),,Rua da Liberdade,Arruamento,0,Em bom estado,,Bom tempo,Sentido único,NÃO DEFINIDO,Dentro das localidades,Em pleno dia,NÃO DEFINIDO,Atropelamento de peões,NÃO DEFINIDO,NÃO DEFINIDO,NÃO DEFINIDO,NÃO DEFINIDO,NÃO DEFINIDO,Calçada,Recta,Com inclinação,Berma pavimentada,No passeio,Direita
20161148094,2016:04:28 13:20:00,01/28/00,04/01/00,01/01/00,Guarda Nacional Republicana,90.0,90.0,Quinta-Feira ,"37,068936","-8,069361",0,0,1,Estrada sem separador,Com gravilha ou areia,Faro,Loule,Quarteira,VILAMOURA,,EN - Estrada Nacional,EN125,Em mau estado,"83,5",Bom tempo,Dois sentidos,Fora da intersecção,Fora das localidades,Em pleno dia,Sem marcas rodoviárias ou pouco visíveis,Colisão lateral com outro veículo em movimento,NÃO DEFINIDO,Correctamente sinalizados,NÃO DEFINIDO,NÃO DEFINIDO,Inexistentes,Betuminoso,Recta,Em patamar,Berma pavimentada,Na berma,Direita
20181382330,2018:04:12 10:50:00,01/12/00,04/01/00,01/01/00,Polícia de Segurança Pública,50.0,50.0,Quinta-Feira ,"0,0","0,0",0,0,1,Estrada sem separador,Molhado,Braga,Vila Nova de Famalicao,União das freguesias de Antas e Abade de Vermoim,Vila Nova de Famalicão,Rua José Freitas Dias                                                                               ,Arruamento,0,Em bom estado,,Chuva,Dois sentidos,NÃO DEFINIDO,Dentro das localidades,Em pleno dia,Com marcas - separadoras de sentido e de vias de trânsito,Despiste com capotamento,NÃO DEFINIDO,Inexistentes,NÃO DEFINIDO,NÃO DEFINIDO,Inexistentes,Betuminoso,Curva,Com inclinação,Berma não pavimentada,Em plena via,Direita
2013715149,2013:04:06 17:30:00,01/06/00,04/01/00,01/01/00,Guarda Nacional Republicana,50.0,50.0,Sábado       ,"40,222677","-08,750884",0,0,1,Estrada sem separador,Seco e limpo,Coimbra,Figueira da Foz,Santana,Santana,Rua das Cavadas,Arruamento,0,Em estado regular,,Bom tempo,Dois sentidos,Em entroncamento,Dentro das localidades,Em pleno dia,Com marcas - separadoras de sentido de trânsito,Colisão frontal,NÃO DEFINIDO,Inexistentes,NÃO DEFINIDO,NÃO DEFINIDO,Inexistentes,Betuminoso,Recta,Em patamar,Sem berma ou impraticável,Em plena via,Direita
20181397065,2018:04:29 20:30:00,01/29/00,04/01/00,01/01/00,Polícia de Segurança Pública,50.0,50.0,Domingo      ,38.7584109,-9.1904086,0,0,1,Estrada sem separador,Seco e limpo,Lisboa,Lisboa,Carnide,,Rua Guiomar Torresão                                                                                ,Arruamento,0,Em estado regular,,Bom tempo,Dois sentidos,Fora da intersecção,Dentro das localidades,"Noite, com iluminação",Sem marcas rodoviárias ou pouco visíveis,Despiste sem dispositivo de retenção,NÃO DEFINIDO,Inexistentes,NÃO DEFINIDO,Outros,Inexistentes,Betuminoso,Recta,Em patamar,Berma pavimentada,Em plena via,Direita
2015958202,2015:04:17 17:50:00,01/17/00,04/01/00,01/01/00,Guarda Nacional Republicana,50.0,50.0,Sexta-Feira  ,"41,187407","-7,101846",0,0,1,Outra via,Seco e limpo,Bragança,Vila Flor,União das freguesias de Vila Flor e Nabo,,Avª Vasco da Gama,Arruamento,0,Em bom estado,,Bom tempo,Sentido único,Em entroncamento,Dentro das localidades,Em pleno dia,Com marcas - separadoras de sentido e de vias de trânsito,Colisão lateral com outro veículo em movimento,NÃO DEFINIDO,Inexistentes,No sentido decrescente da quilometragem,Outros,A funcionar normalmente,Betuminoso,Recta,Com inclinação,Berma pavimentada,Em plena via,Esquerda
2014832403,2014:04:20 20:00:00,01/20/00,04/01/00,01/01/00,Guarda Nacional Republicana,50.0,50.0,Domingo      ,"41,052339","-8,172754",0,0,1,Estrada sem separador,Seco e limpo,Porto,Marco de Canaveses,"Alpendorada, Várzea e Torrão",Alpendurada,Rua Engº Duarte Pacheco,Arruamento,0,Em bom estado,,Bom tempo,Dois sentidos,Em entroncamento,Dentro das localidades,Em pleno dia,Sem marcas rodoviárias ou pouco visíveis,Colisão frontal,NÃO DEFINIDO,Inexistentes,NÃO DEFINIDO,Cedência de passagem,Inexistentes,Calçada,Curva,Em patamar,Sem berma ou impraticável,Em plena via,Direita
2014830696,2014:04:30 07:50:00,01/30/00,04/01/00,01/01/00,Guarda Nacional Republicana,90.0,90.0,Quarta-Feira ,"40,478384","-8,134535",1,0,1,Estrada sem separador,Seco e limpo,Viseu,Sao Pedro do Sul,Manhouce,Sernadinha,,EM - Estrada Municipal,EM612,Em bom estado,0.001,Bom tempo,Dois sentidos,Fora da intersecção,Fora das localidades,Em pleno dia,Com marcas - separadoras de sentido e de vias de trânsito,Colisão frontal,NÃO DEFINIDO,Inexistentes,NÃO DEFINIDO,Outros,Inexistentes,Betuminoso,Curva,Em patamar,Sem berma ou impraticável,Em plena via,Direita
2012612143,2012:04:11 19:00:00,01/11/00,04/01/00,01/01/00,Guarda Nacional Republicana,50.0,50.0,Quarta-Feira ,"41,156240","-8,107299",0,0,1,Estrada sem separador,Molhado,Porto,Marco de Canaveses,Soalhães,MARCO DE CANAVESES,,EN - Estrada Nacional,EN321-1,Em bom estado,1.2,Chuva,Dois sentidos,Em via de aceleração,Dentro das localidades,Em pleno dia,Com marcas - separadoras de sentido e de vias de trânsito,Despiste com capotamento,NÃO DEFINIDO,Inexistentes,NÃO DEFINIDO,NÃO DEFINIDO,Inexistentes,Betuminoso,Curva,Com inclinação,Berma não pavimentada,Em plena via,Direita