Id. Acidente,Datahora,Dia,Mês,Hora,Entidades Fiscalizadoras,Velocidade local,Velocidade geral,Dia da Semana,Latitude GPS,Longitude GPS,Num. Mortos a 30 dias,Num. Feridos graves a 30 dias,Num. Feridos ligeiros a 30 dias,Características Tecnicas1,Cond Aderência,Distrito,Concelho,Freguesia,Pov. Proxima,Nome arruamento,Tipos Vias,Cod Via,Estado Conservação,Km,Factores Atmosféricos,Reg Circulação1,Intersecção Vias,Localizações,Luminosidade,Marca Via,Natureza,Obras Arte,Obstáculos,Sentidos,Sinais,Sinais Luminosos,Tipo Piso,Traçado 1,Traçado 2,Traçado 3,Traçado 4,Via Trânsito
20171257475,2017:04:11 17:30:00,01/11/00,04/01/00,01/01/00,Guarda Nacional Republicana,50.0,50.0,Terça-Feira  ,"41,250373","-8,718897",0,0,1,Estrada sem separador,Seco e limpo,Porto,Matosinhos,"União das freguesias de Perafita, Lavra e Santa Cruz do Bispo",Lavra,Rua Ofélia Cruz Costa - Lavra,Arruamento,0,Em bom estado,,Bom tempo,Dois sentidos,Em cruzamento,Dentro das localidades,Em pleno dia,Com marcas - separadoras de sentido de trânsito,Colisão lateral com outro veículo em movimento,NÃO DEFINIDO,Inexistentes,NÃO DEFINIDO,Stop,Inexistentes,Betuminoso,Recta,Em patamar,Sem berma ou impraticável,Em plena via,Direita
2011536995,2011:04:22 23:30:00,01/22/00,04/01/00,01/01/00,Guarda Nacional Republicana,90.0,90.0,Sexta-Feira  ,,,0,0,3,Estrada sem separador,Molhado,Coimbra,Coimbra,Assafarge,ABRUNHEIRA,,EM - Estrada Municipal,EM1164,Em estado regular,,Chuva,Dois sentidos,Fora da intersecção,Fora das localidades,"Noite, com iluminação",Sem marcas rodoviárias ou pouco visíveis,Despiste com capotamento,NÃO DEFINIDO,Inexistentes,NÃO DEFINIDO,NÃO DEFINIDO,Inexistentes,Betuminoso,Curva,Em patamar,Sem berma ou impraticável,Em plena via,Direita
20171258331,2017:04:15 17:40:00,01/15/00,04/01/00,01/01/00,Guarda Nacional Republicana,50.0,50.0,Sábado       ,"39,435444","-8,185569",0,0,1,Estrada sem separador,Seco e limpo,Santarém,Abrantes,União das freguesias de São Miguel do Rio Torto e Rossio ao Sul do Tejo,São Miguel do Rio Torto,Rua dos Canaviais,Arruamento,0,Em bom estado,,Bom tempo,Dois sentidos,Fora da intersecção,Dentro das localidades,Em pleno dia,Sem marcas rodoviárias ou pouco visíveis,Despiste simples,NÃO DEFINIDO,Inexistentes,NÃO DEFINIDO,NÃO DEFINIDO,Inexistentes,Betuminoso,Recta,Em patamar,Berma não pavimentada,Em plena via,Direita
2011501658,2010:04:17 12:05:00,01/17/00,04/01/00,01/01/00,Polícia de Segurança Pública,50.0,50.0,Sábado       ,"0,00","0,00",0,0,1,Estrada sem separador,Seco e limpo,Porto,Santo Tirso,Couto (Santa Cristina),,Rua Padre Luís Gonzaga Pinheiro                                                                     ,Arruamento,0,Em bom estado,,Bom tempo,Dois sentidos,Fora da intersecção,Dentro das localidades,Em pleno dia,Com marcas - separadoras de sentido e de vias de trânsito,Atropelamento de peões,NÃO DEFINIDO,Inexistentes,NÃO DEFINIDO,NÃO DEFINIDO,Desligada,Betuminoso,Recta,Em Lomba,Berma pavimentada,Em plena via,Direita
2010456558,2010:04:27 17:20:00,01/27/00,04/01/00,01/01/00,Guarda Nacional Republicana,50.0,50.0,Terça-Feira  ,,,0,0,1,Estrada sem separador,Seco e limpo,Vila Real,Chaves,Outeiro Seco,OUTEIRO SECO,,EM - Estrada Municipal,EM506-1,Em bom estado,,Bom tempo,Dois sentidos,Fora da intersecção,Dentro das localidades,Em pleno dia,Com marcas - separadoras de sentido de trânsito,Colisão lateral com outro veículo em movimento,NÃO DEFINIDO,Inexistentes,NÃO DEFINIDO,Stop,Inexistentes,Betuminoso,Recta,Em patamar,Berma pavimentada,Em plena via,Direita
2014791478,2014:04:24 10:00:00,01/24/00,04/01/00,01/01/00,Polícia de Segurança Pública,50.0,50.0,Quinta-Feira ,"38,707695","-9,133199",0,0,1,Estrada sem separador,Molhado,Lisboa,Lisboa,Santa Maria Maior,Lisboa,Avenida Infante Dom Henrique                                                                        ,Arruamento,0,Em bom estado,,Chuva,Dois sentidos,Fora da intersecção,Dentro das localidades,Em pleno dia,Com marcas - separadoras de sentido de trânsito,Despiste sem dispositivo de retenção,NÃO DEFINIDO,Inexistentes,NÃO DEFINIDO,Outros,A funcionar normalmente,Betuminoso,Recta,Em patamar,Sem berma ou impraticável,Em plena via,Esquerda
20161144426,2016:04:09 19:35:00,01/09/00,04/01/00,01/01/00,Guarda Nacional Republicana,50.0,50.0,Sábado       ,"39,405261","-8,411180",0,0,1,Estrada sem separador,Seco e limpo,Leiria,Leiria,União das freguesias de Santa Catarina da Serra e Chainça,RUA DO JARDIM,Rua do Jardim,Arruamento,0,Em estado regular,,Bom tempo,Dois sentidos,Fora da intersecção,Dentro das localidades,Em pleno dia,Sem marcas rodoviárias ou pouco visíveis,Despiste com colisão com veículo imobil. ou obstáculo,NÃO DEFINIDO,Inexistentes,NÃO DEFINIDO,NÃO DEFINIDO,Inexistentes,Betuminoso,Curva,Com inclinação,Sem berma ou impraticável,Em plena via,Direita
2010449488,2010:04:16 21:30:00,01/16/00,04/01/00,01/01/00,Polícia de Segurança Pública,50.0,50.0,Sexta-Feira  ,"0,00","0,00",0,0,1,Estrada sem separador,Seco e limpo,Setúbal,Barreiro,Barreiro,Barreiro,Avenida Alfredo da Silva,Arruamento,0,Em bom estado,,Chuva,Dois sentidos,Em entroncamento,Dentro das localidades,"Noite, com iluminação",Com marcas - separadoras de sentido de trânsito,Colisão lateral com outro veículo em movimento,NÃO DEFINIDO,Inexistentes,NÃO DEFINIDO,NÃO DEFINIDO,Inexistentes,Betuminoso,Recta,Em patamar,Berma pavimentada,Em plena via,Direita
20181428786,2018:04:05 21:10:00,01/05/00,04/01/00,01/01/00,Guarda Nacional Republicana,90.0,90.0,Quinta-Feira ,"37,241515","-8,067063",0,2,0,Estrada sem separador,Seco e limpo,Faro,Loule,Salir,Salir,,EN - Estrada Nacional,EN124,Em bom estado,"57,2",Bom tempo,Dois sentidos,Fora da intersecção,Dentro das localidades,"Noite, com iluminação",Com marcas - separadoras de sentido de trânsito,Despiste com capotamento,NÃO DEFINIDO,Inexistentes,NÃO DEFINIDO,NÃO DEFINIDO,Inexistentes,Betuminoso,Curva,Em patamar,Berma não pavimentada,Na berma,Direita
2010448246,2010:04:16 08:35:00,01/16/00,04/01/00,01/01/00,Polícia de Segurança Pública,50.0,50.0,Sexta-Feira  ,"0,00","0,00",0,0,1,Estrada sem separador,Seco e limpo,Lisboa,Cascais,Cascais,Cascais,Avenida Brigadeiro victor novais gonçalves,Arruamento,0,Em bom estado,,Chuva,Dois sentidos,Fora da intersecção,Dentro das localidades,Em pleno dia,Com marcas - separadoras de sentido e de vias de trânsito,Colisão choque em cadeia,NÃO DEFINIDO,Inexistentes,NÃO DEFINIDO,Outros,A funcionar normalmente,Betuminoso,Recta,Com inclinação,Berma pavimentada,Em plena via,Esquerda
2014788296,2014:04:08 17:20:00,01/08/00,04/01/00,01/01/00,Polícia de Segurança Pública,50.0,90.0,Terça-Feira  ,"39,727434","-8,740732",0,0,3,Estrada sem separador,Seco e limpo,Leiria,Leiria,"União das freguesias de Leiria, Pousos, Barreira e Cortes",Padrão,,EN - Estrada Nacional,EN113,Em bom estado,8.2,Bom tempo,Dois sentidos,Em entroncamento,Dentro das localidades,Em pleno dia,Com marcas - separadoras de sentido e de vias de trânsito,Colisão frontal,NÃO DEFINIDO,Inexistentes,NÃO DEFINIDO,NÃO DEFINIDO,Inexistentes,Betuminoso,Curva,Em patamar,Berma pavimentada,Em plena via,Direita
20191673283,2019:04:11 20:45:00,01/11/00,04/01/00,01/01/00,Polícia de Segurança Pública,50.0,50.0,Quinta-Feira ,"0,0","0,0",0,0,1,Estrada sem separador,Húmido,Lisboa,Amadora,Mina de Água,Amadora,Avenida Pedro Álvares Cabral                                                                        ,Arruamento,0,Em estado regular,,Bom tempo,Dois sentidos,Fora da intersecção,Dentro das localidades,"Noite, com iluminação",Com marcas - separadoras de sentido e de vias de trânsito,Colisão lateral com outro veículo em movimento,NÃO DEFINIDO,Inexistentes,NÃO DEFINIDO,NÃO DEFINIDO,Inexistentes,Betuminoso,Recta,Em patamar,Berma pavimentada,Em plena via,Direita
2015958752,2015:04:20 18:55:00,01/20/00,04/01/00,01/01/00,Guarda Nacional Republicana,90.0,90.0,Segunda-Feira,"40,552848","-8,219963",0,0,1,Estrada sem separador,Seco e limpo,Aveiro,Arouca,Mansores,Bouça,,EM - Estrada Municipal,0,Em estado regular,,Bom tempo,Dois sentidos,Fora da intersecção,Fora das localidades,Em pleno dia,Sem marcas rodoviárias ou pouco visíveis,Colisão com veiculo ou obstáculo na faixa de rodagem,NÃO DEFINIDO,Inexistentes,NÃO DEFINIDO,Outros,Inexistentes,Betuminoso,Curva,Em patamar,Berma não pavimentada,Em plena via,Direita
20171256350,2017:04:04 21:00:00,01/04/00,04/01/00,01/01/00,Guarda Nacional Republicana,50.0,50.0,Terça-Feira  ,"41,210370","-8,677180",0,0,1,Estrada sem separador,Seco e limpo,Porto,Matosinhos,"União das freguesias de Perafita, Lavra e Santa Cruz do Bispo",Leça da Palmeira,Rua Gonçalves Zarco,Arruamento,0,Em estado regular,,Bom tempo,Sentido único,Fora da intersecção,Dentro das localidades,"Noite, com iluminação",Sem marcas rodoviárias ou pouco visíveis,Colisão lateral com outro veículo em movimento,NÃO DEFINIDO,Inexistentes,NÃO DEFINIDO,Stop,Inexistentes,Calçada,Recta,Em patamar,Berma não pavimentada,Em plena via,Direita
2015957568,2015:04:24 13:57:00,01/24/00,04/01/00,01/01/00,Guarda Nacional Republicana,90.0,90.0,Sexta-Feira  ,"37,457889","-7,321325",0,1,0,Estrada sem separador,Seco e limpo,Beja,Mertola,Santana de Cambas,Vale do Poço,,ER - Estrada Regional,ER265,Em bom estado,41.9,Bom tempo,Dois sentidos,Fora da intersecção,Fora das localidades,Em pleno dia,Com marcas - separadoras de sentido de trânsito,Atropelamento de peões,NÃO DEFINIDO,Inexistentes,NÃO DEFINIDO,Outros,Inexistentes,Betuminoso,Recta,Em patamar,Sem berma ou impraticável,Em plena via,Direita
20181432875,2018:04:21 15:35:00,01/21/00,04/01/00,01/01/00,Guarda Nacional Republicana,90.0,90.0,Sábado       ,"38,960383","-9,313384",0,0,2,Estrada sem separador,Seco e limpo,Lisboa,Mafra,"União das freguesias de Enxara do Bispo, Gradil e Vila Franca do Rosário",Mafra,,EN - Estrada Nacional,EN9-2,Em estado regular,"1,51",Bom tempo,Dois sentidos,Fora da intersecção,Fora das localidades,Em pleno dia,Com marcas - separadoras de sentido de trânsito,Colisão com veiculo ou obstáculo na faixa de rodagem,NÃO DEFINIDO,Inexistentes,NÃO DEFINIDO,Outros,Inexistentes,Betuminoso,Recta,Com inclinação,Sem berma ou impraticável,Em plena via,Direita
20191674685,2019:04:30 07:00:00,01/30/00,04/01/00,01/01/00,Polícia de Segurança Pública,50.0,50.0,Terça-Feira  ,"38,901436","-9,036245",0,0,1,Estrada sem separador,Seco e limpo,Lisboa,Vila Franca de Xira,União das freguesias de Alverca do Ribatejo e Sobralinho,Alverca do Ribatejo,,EN - Estrada Nacional,EN10,Em estado regular,"128,3",Bom tempo,Dois sentidos,Em entroncamento,Dentro das localidades,Em pleno dia,Sem marcas rodoviárias ou pouco visíveis,Colisão lateral com outro veículo em movimento,NÃO DEFINIDO,Inexistentes,NÃO DEFINIDO,Outros,Inexistentes,Betuminoso,Recta,Em patamar,Berma pavimentada,Em plena via,Esquerda
2015960173,2015:04:22 18:20:00,01/22/00,04/01/00,01/01/00,Guarda Nacional Republicana,50.0,50.0,Quarta-Feira ,"41,170003","-8,351904",0,0,2,Estrada sem separador,Seco e limpo,Porto,Trofa,União das freguesias de Coronado (São Romão e São Mamede),Caniça,Rua de São Mamede do Coronado,Arruamento,0,Em estado regular,,Bom tempo,Dois sentidos,Fora da intersecção,Dentro das localidades,Em pleno dia,Sem marcas rodoviárias ou pouco visíveis,Colisão com outras situações,NÃO DEFINIDO,Inexistentes,NÃO DEFINIDO,Outros,Inexistentes,Betuminoso,Recta,Em patamar,Berma pavimentada,Em plena via,Direita
2013711594,2013:04:16 17:15:00,01/16/00,04/01/00,01/01/00,Guarda Nacional Republicana,90.0,90.0,Terça-Feira  ,"37,115014","-7,593003",0,0,1,Estrada sem separador,Seco e limpo,Faro,Loule,Querença,Querença,,EN - Estrada Nacional,EN396,Em bom estado,8.0,Bom tempo,Dois sentidos,Fora da intersecção,Fora das localidades,Em pleno dia,Com marcas - separadoras de sentido de trânsito,Despiste simples,NÃO DEFINIDO,Inexistentes,NÃO DEFINIDO,Outros,Inexistentes,Betuminoso,Curva,Com inclinação,Sem berma ou impraticável,Em plena via,Direita
20171225250,2017:04:06 19:00:00,01/06/00,04/01/00,01/01/00,Polícia de Segurança Pública,50.0,50.0,Quinta-Feira ,"38,715711","-9,146040",0,0,1,Estrada sem separador,Seco e limpo,Lisboa,Lisboa,Misericórdia,Lisboa,Rua Dom Pedro V                                                                                     ,Arruamento,0,Em bom estado,,Bom tempo,Dois sentidos,Fora da intersecção,Dentro das localidades,Aurora ou crepúsculo,Com marcas - separadoras de sentido e de vias de trânsito,Atropelamento de peões,NÃO DEFINIDO,Inexistentes,NÃO DEFINIDO,Outros,Inexistentes,Betuminoso,Recta,Em patamar,Berma pavimentada,Em plena via,Direita
20161053107,2016:04:14 18:15:00,01/14/00,04/01/00,01/01/00,Polícia de Segurança Pública,50.0,50.0,Quinta-Feira ,"41,328619","-8,477339",0,0,1,Estrada sem separador,Seco e limpo,Porto,Santo Tirso,"União das freguesias de Santo Tirso, Couto (Santa Cristina e São Miguel) e Burgães",Santa Cristina Couto,Rua Cristininha                                                                                     ,Arruamento,0,Em estado regular,,Bom tempo,Dois sentidos,Em entroncamento,Dentro das localidades,Em pleno dia,Com marcas - separadoras de sentido de trânsito,Colisão traseira com outro veículo em movimento,NÃO DEFINIDO,Inexistentes,NÃO DEFINIDO,Stop,Inexistentes,Betuminoso,Recta,Em patamar,Berma pavimentada,Em plena via,Direita
2011536333,2011:04:22 11:40:00,01/22/00,04/01/00,01/01/00,Guarda Nacional Republicana,90.0,90.0,Sexta-Feira  ,"39,19100","9,04389",0,0,2,Estrada sem separador,Molhado,Castelo Branco,Idanha-a-Nova,Zebreira,ZEBREIRA,,EN - Estrada Nacional,EN332,Em bom estado,190.045,Chuva,Dois sentidos,NÃO DEFINIDO,Fora das localidades,Em pleno dia,Com marcas - separadoras de sentido de trânsito,Despiste simples,NÃO DEFINIDO,Inexistentes,NÃO DEFINIDO,Proibição de ultrapassagem,Inexistentes,Betuminoso,Curva,Em patamar,Berma não pavimentada,Em plena via,Direita
20181433414,2018:04:25 19:05:00,01/25/00,04/01/00,01/01/00,Guarda Nacional Republicana,50.0,50.0,Quarta-Feira ,"41,438902","-8,135188",0,0,1,Estrada sem separador,Seco e limpo,Braga,Fafe,Quinchães,São Gens,,EN - Estrada Nacional,EN206,Em bom estado,"57,7",Bom tempo,Dois sentidos,Fora da intersecção,Dentro das localidades,Em pleno dia,Com marcas - separadoras de sentido de trânsito,Despiste simples,NÃO DEFINIDO,Inexistentes,NÃO DEFINIDO,Outros,Inexistentes,Betuminoso,Recta,Em patamar,Sem berma ou impraticável,Em plena via,Direita
20171258858,2017:04:19 06:50:00,01/19/00,04/01/00,01/01/00,Guarda Nacional Republicana,50.0,50.0,Quarta-Feira ,"39,828605","-8,865778",0,0,1,Estrada sem separador,Húmido,Leiria,Leiria,União das freguesias de Monte Real e Carvide,Monte Real,Rua Campos do Lis,Arruamento,0,Em estado regular,,Chuva,Dois sentidos,Fora da intersecção,Dentro das localidades,Em pleno dia,Sem marcas rodoviárias ou pouco visíveis,Despiste simples,NÃO DEFINIDO,Inexistentes,NÃO DEFINIDO,NÃO DEFINIDO,Inexistentes,Betuminoso,Curva,Em patamar,Berma não pavimentada,Na berma,Esquerda
2010448329,2010:04:13 15:30:00,01/13/00,04/01/00,01/01/00,Polícia de Segurança Pública,50.0,50.0,Terça-Feira  ,"0,00","0,00",0,0,1,Outra via,Húmido,Lisboa,Lisboa,Carnide,,,Outra Via,0,Em estado regular,,Chuva,Sentido único,NÃO DEFINIDO,Dentro das localidades,Em pleno dia,Com marcas - separadoras de sentido e de vias de trânsito,Colisão traseira com outro veículo em movimento,NÃO DEFINIDO,Inexistentes,No sentido crescente da quilometragem,NÃO DEFINIDO,Inexistentes,Betuminoso,Curva,Com inclinação,Berma pavimentada,Em plena via,Direita
2010450249,2010:04:29 11:30:00,01/29/00,04/01/00,01/01/00,Polícia de Segurança Pública,50.0,50.0,Quinta-Feira ,"0,00","0,00",0,0,1,Outra via,Seco e limpo,Lisboa,Lisboa,Santa Maria dos Olivais,,Rua Cidade de Bissau,Arruamento,0,Em bom estado,,Bom tempo,Dois sentidos,Em entroncamento,Dentro das localidades,Em pleno dia,Com marcas - separadoras de sentido e de vias de trânsito,Colisão com outras situações,NÃO DEFINIDO,Inexistentes,NÃO DEFINIDO,Cedência de passagem,Inexistentes,Betuminoso,Recta,Em patamar,Berma pavimentada,Em plena via,Direita
2014833371,2014:04:04 20:00:00,01/04/00,04/01/00,01/01/00,Guarda Nacional Republicana,90.0,90.0,Sexta-Feira  ,"40,485676","-8,221341",0,0,1,Estrada sem separador,Húmido,Aveiro,Vale de Cambra,Junqueira,Chã,,EM - Estrada Municipal,EM552,Em estado regular,4.5,Chuva,Dois sentidos,Fora da intersecção,Fora das localidades,"Noite, sem iluminação",Sem marcas rodoviárias ou pouco visíveis,Colisão frontal,NÃO DEFINIDO,Inexistentes,NÃO DEFINIDO,NÃO DEFINIDO,Inexistentes,Betuminoso,Curva,Com inclinação,Berma não pavimentada,Em plena via,Direita
20181382242,2018:04:01 19:00:00,01/01/00,04/01/00,01/01/00,Polícia de Segurança Pública,50.0,50.0,Domingo      ,39.4717409,-8.1873737,0,0,1,Estrada sem separador,Seco e limpo,Santarém,Abrantes,União das freguesias de Abrantes (São Vicente e São João) e Alferrarede,Abrantes,Avenida Conde Alferrarede                                                                           ,Arruamento,0,Em estado regular,,Bom tempo,Dois sentidos,Em entroncamento,Dentro das localidades,Em pleno dia,Com marcas - separadoras de sentido de trânsito,Colisão choque em cadeia,NÃO DEFINIDO,Inexistentes,NÃO DEFINIDO,NÃO DEFINIDO,Inexistentes,Betuminoso,Recta,Em patamar,Berma não pavimentada,Em plena via,Direita
20181393814,2018:04:11 08:20:00,01/11/00,04/01/00,01/01/00,Polícia de Segurança Pública,50.0,50.0,Quarta-Feira ,"0,0","0,0",0,0,1,Estrada sem separador,Seco e limpo,Setúbal,Barreiro,"União das freguesias de Alto do Seixalinho, Santo André e Verderena",,Rua São Tomé e Príncipe                                                                             ,Arruamento,0,Em estado regular,,Bom tempo,Dois sentidos,Fora da intersecção,Dentro das localidades,Em pleno dia,Sem marcas rodoviárias ou pouco visíveis,Colisão traseira com outro veículo em movimento,NÃO DEFINIDO,Inexistentes,NÃO DEFINIDO,Outros,Inexistentes,Betuminoso,Recta,Em patamar,Berma pavimentada,Em plena via,Direita
20191692410,2019:04:05 06:15:00,01/05/00,04/01/00,01/01/00,Guarda Nacional Republicana,50.0,50.0,Sexta-Feira  ,"41,158490","-8,174390",0,0,1,Estrada sem separador,Molhado,Porto,Marco de Canaveses,Avessadas e Rosém,Avessadas,Avenida Santuário do Menino Jesus de Praga,Arruamento,0,Em estado regular,,Chuva,Dois sentidos,Fora da intersecção,Dentro das localidades,Aurora ou crepúsculo,Com marcas - separadoras de sentido de trânsito,Despiste simples,NÃO DEFINIDO,Inexistentes,NÃO DEFINIDO,NÃO DEFINIDO,Inexistentes,Betuminoso,Curva,Com inclinação,Sem berma ou impraticável,Na berma,Direita
2015920629,2015:04:09 06:45:00,01/09/00,04/01/00,01/01/00,Polícia de Segurança Pública,50.0,50.0,Quinta-Feira ,"38,746697","-9,265328",0,0,1,Estrada sem separador,Molhado,Lisboa,Sintra,União das freguesias de Queluz e Belas,Queluz,Ramo de ligação do IC19 a Queluz de Baixo,Arruamento,0,Em estado regular,,Chuva,Sentido único,Fora da intersecção,Dentro das localidades,Aurora ou crepúsculo,Sem marcas rodoviárias ou pouco visíveis,Despiste com capotamento,NÃO DEFINIDO,Inexistentes,NÃO DEFINIDO,Outros,Inexistentes,Betuminoso,Curva,Em patamar,Berma pavimentada,Em plena via,Direita
2013711538,2013:04:16 11:30:00,01/16/00,04/01/00,01/01/00,Guarda Nacional Republicana,50.0,50.0,Terça-Feira  ,"36,599339","-7,588322",0,0,1,Estrada sem separador,Seco e limpo,Faro,Faro,Montenegro,Praia de Faro,Avª Nascente Praia de Faro,Arruamento,0,Em estado regular,,Bom tempo,Dois sentidos,Fora da intersecção,Dentro das localidades,Em pleno dia,Sem marcas rodoviárias ou pouco visíveis,Atropelamento de peões,NÃO DEFINIDO,Inexistentes,NÃO DEFINIDO,NÃO DEFINIDO,Inexistentes,Betuminoso,Recta,Em patamar,Sem berma ou impraticável,Em plena via,Direita
2012603202,2012:04:24 18:30:00,01/24/00,04/01/00,01/01/00,Polícia de Segurança Pública,50.0,50.0,Terça-Feira  ,"0,00","0,00",0,0,2,Estrada sem separador,Húmido,Lisboa,Oeiras,Carnaxide,Carnaxide,Estrada Outurela                                                                                    ,Arruamento,0,Em estado regular,,Bom tempo,Dois sentidos,Em entroncamento,Dentro das localidades,Em pleno dia,Sem marcas rodoviárias ou pouco visíveis,Colisão com outras situações,NÃO DEFINIDO,Inexistentes,NÃO DEFINIDO,Outros,Inexistentes,Betuminoso,Recta,Com inclinação,Sem berma ou impraticável,Em plena via,Direita
2014831963,2014:04:07 07:55:00,01/07/00,04/01/00,01/01/00,Guarda Nacional Republicana,50.0,50.0,Segunda-Feira,"39,310414","-8,247869",0,0,1,Estrada sem separador,Húmido,Santarém,Tomar,Asseiceira,Asseiceira,,EN - Estrada Nacional,EN110,Em bom estado,107.8,Bom tempo,Sentido único,Em rotunda,Dentro das localidades,Aurora ou crepúsculo,Sem marcas rodoviárias ou pouco visíveis,Colisão lateral com outro veículo em movimento,NÃO DEFINIDO,Inexistentes,NÃO DEFINIDO,Cedência de passagem,Inexistentes,Betuminoso,Curva,Em patamar,Sem berma ou impraticável,Em plena via,Direita
20191689147,2019:04:23 08:00:00,01/23/00,04/01/00,01/01/00,Guarda Nacional Republicana,50.0,50.0,Terça-Feira  ,"41,422760","-8,612183",0,0,2,Estrada sem separador,Molhado,Braga,Vila Nova de Famalicao,"União das freguesias de Gondifelos, Cavalões e Outiz",Gondifelos,,EN - Estrada Nacional,EN206,Em bom estado,"13,85",Chuva,Dois sentidos,Fora da intersecção,Dentro das localidades,Em pleno dia,Sem marcas rodoviárias ou pouco visíveis,Despiste com colisão com veículo imobil. ou obstáculo,NÃO DEFINIDO,Inexistentes,NÃO DEFINIDO,Outros,Inexistentes,Betuminoso,Recta,Em patamar,Sem berma ou impraticável,Na berma,Direita
2010456921,2010:04:13 19:30:00,01/13/00,04/01/00,01/01/00,Guarda Nacional Republicana,50.0,50.0,Terça-Feira  ,,,0,0,1,Estrada sem separador,Seco e limpo,Setúbal,Seixal,Fernão Ferro,PINHAL GENERAL,R VIRGINIA RAU,Arruamento,0,Em bom estado,,Bom tempo,Dois sentidos,Fora da intersecção,Dentro das localidades,Em pleno dia,Sem marcas rodoviárias ou pouco visíveis,Despiste sem dispositivo de retenção,NÃO DEFINIDO,Inexistentes,NÃO DEFINIDO,NÃO DEFINIDO,Inexistentes,Betuminoso,Recta,Em patamar,Berma não pavimentada,Na berma,Direita
2015959421,2015:04:28 21:00:00,01/28/00,04/01/00,01/01/00,Guarda Nacional Republicana,90.0,90.0,Terça-Feira  ,"38,490647","-9,220139",0,0,1,Estrada sem separador,Seco e limpo,Lisboa,Sintra,União das freguesias de São João das Lampas e Terrugem,Lourel,,EN - Estrada Nacional,EN247,Em estado regular,,Bom tempo,Dois sentidos,Em entroncamento,Fora das localidades,"Noite, com iluminação",Com marcas - separadoras de sentido de trânsito,Colisão frontal,NÃO DEFINIDO,Inexistentes,NÃO DEFINIDO,NÃO DEFINIDO,Inexistentes,Betuminoso,Recta,Em patamar,Berma não pavimentada,Em plena via,Direita
2010457765,2010:04:18 16:00:00,01/18/00,04/01/00,01/01/00,Guarda Nacional Republicana,90.0,90.0,Domingo      ,"39,14127","0,07662",0,0,2,Estrada sem separador,Molhado,Lisboa,Cadaval,Pêro Moniz,PERO MONIZ,,EM - Estrada Municipal,EM570,Em bom estado,,Chuva,Dois sentidos,Fora da intersecção,Fora das localidades,Em pleno dia,Sem marcas rodoviárias ou pouco visíveis,Despiste com colisão com veículo imobil. ou obstáculo,NÃO DEFINIDO,Inexistentes,NÃO DEFINIDO,NÃO DEFINIDO,Inexistentes,Betuminoso,Recta,Em patamar,Sem berma ou impraticável,Na berma,Direita
2013711425,2013:04:10 18:10:00,01/10/00,04/01/00,01/01/00,Guarda Nacional Republicana,70.0,90.0,Quarta-Feira ,"38,327909","-09,018055",0,0,1,Estrada sem separador,Molhado,Setúbal,Setubal,São Simão,Brejos de Azeitão,,EN - Estrada Nacional,EN10,Em bom estado,22.5,Chuva,Dois sentidos,Fora da intersecção,Fora das localidades,Em pleno dia,Com marcas - separadoras de sentido e de vias de trânsito,Colisão traseira com outro veículo em movimento,NÃO DEFINIDO,Inexistentes,NÃO DEFINIDO,Outros,Inexistentes,Betuminoso,Recta,Em patamar,Berma pavimentada,Em plena via,Direita
20191670273,2019:04:05 09:00:00,01/05/00,04/01/00,01/01/00,Polícia de Segurança Pública,50.0,50.0,Sexta-Feira  ,"0,0","0,0",0,0,1,Outra via,Molhado,Lisboa,Lisboa,Avenidas Novas,,Avenida Berna                                                                                       ,Arruamento,0,Em estado regular,,Bom tempo,Sentido único,Fora da intersecção,Dentro das localidades,Em pleno dia,Com marcas - separadoras de sentido e de vias de trânsito,Despiste sem dispositivo de retenção,NÃO DEFINIDO,Inexistentes,No sentido decrescente da quilometragem,NÃO DEFINIDO,A funcionar normalmente,Betuminoso,Recta,Em patamar,Berma pavimentada,Em plena via,Direita
2012612783,2012:04:21 21:20:00,01/21/00,04/01/00,01/01/00,Guarda Nacional Republicana,90.0,90.0,Sábado       ,"39,662219","-8,501533",0,0,1,Estrada sem separador,Húmido,Santarém,Tomar,Sabacheira,VALE DOS OVOS,,EN - Estrada Nacional,EN113-1,Em mau estado,0.5,Bom tempo,Dois sentidos,Fora da intersecção,Fora das localidades,"Noite, sem iluminação",Sem marcas rodoviárias ou pouco visíveis,Despiste simples,NÃO DEFINIDO,Inexistentes,NÃO DEFINIDO,Outros,Inexistentes,Betuminoso,Recta,Em patamar,Berma não pavimentada,Na berma,Direita
20181383319,2018:04:09 09:00:00,01/09/00,04/01/00,01/01/00,Polícia de Segurança Pública,50.0,50.0,Segunda-Feira,"0,0","0,0",0,0,1,Estrada sem separador,Húmido,Setúbal,Setubal,Setúbal (São Sebastião),Setúbal,Rua Luís Homem                                                                                      ,Arruamento,0,Em estado regular,,Bom tempo,Dois sentidos,Fora da intersecção,Dentro das localidades,Em pleno dia,Sem marcas rodoviárias ou pouco visíveis,Atropelamento de peões,NÃO DEFINIDO,Inexistentes,NÃO DEFINIDO,Outros,Inexistentes,Betuminoso,Recta,Em patamar,Berma não pavimentada,Em plena via,Direita
20181385271,2018:04:21 07:30:00,01/21/00,04/01/00,01/01/00,Polícia de Segurança Pública,50.0,50.0,Sábado       ,41.1734076,-8.5555601,0,0,2,Estrada sem separador,Seco e limpo,Porto,Gondomar,Rio Tinto,Rio Tinto,Rua Pedro Álvares Cabral                                                                            ,Arruamento,0,Em bom estado,,Bom tempo,Dois sentidos,Em entroncamento,Dentro das localidades,Em pleno dia,Com marcas - separadoras de sentido de trânsito,Colisão lateral com outro veículo em movimento,NÃO DEFINIDO,Inexistentes,NÃO DEFINIDO,Stop,Inexistentes,Betuminoso,Recta,Com inclinação,Berma pavimentada,Em plena via,Direita