Id. Acidente,Datahora,Dia,Mês,Hora,Entidades Fiscalizadoras,Velocidade local,Velocidade geral,Dia da Semana,Latitude GPS,Longitude GPS,Num. Mortos a 30 dias,Num. Feridos graves a 30 dias,Num. Feridos ligeiros a 30 dias,Características Tecnicas1,Cond Aderência,Distrito,Concelho,Freguesia,Pov. Proxima,Nome arruamento,Tipos Vias,Cod Via,Estado Conservação,Km,Factores Atmosféricos,Reg Circulação1,Intersecção Vias,Localizações,Luminosidade,Marca Via,Natureza,Obras Arte,Obstáculos,Sentidos,Sinais,Sinais Luminosos,Tipo Piso,Traçado 1,Traçado 2,Traçado 3,Traçado 4,Via Trânsito
2012604397,2012:04:27 23:30:00,01/27/00,04/01/00,01/01/00,Polícia de Segurança Pública,50.0,50.0,Sexta-Feira  ,"0,00","0,00",0,0,1,Estrada sem separador,Seco e limpo,Évora,Estremoz,Estremoz (Santa Maria),,Zona Industrial,Arruamento,0,Em bom estado,,Chuva,Dois sentidos,Fora da intersecção,Dentro das localidades,"Noite, com iluminação",Com marcas - separadoras de sentido de trânsito,Atropelamento com fuga,NÃO DEFINIDO,Inexistentes,NÃO DEFINIDO,NÃO DEFINIDO,Intermitente,Betuminoso,Recta,Em patamar,Berma pavimentada,Em plena via,Direita
20171257907,2017:04:13 17:30:00,01/13/00,04/01/00,01/01/00,Guarda Nacional Republicana,90.0,90.0,Quinta-Feira ,"40,332244","-7,571229",0,1,0,Estrada sem separador,Seco e limpo,Guarda,Manteigas,Manteigas (São Pedro),São Romão,,EN - Estrada Nacional,EN338,Em bom estado,"40,7",Bom tempo,Dois sentidos,Fora da intersecção,Fora das localidades,Em pleno dia,Com marcas - separadoras de sentido de trânsito,Atropelamento de peões,NÃO DEFINIDO,Inexistentes,NÃO DEFINIDO,NÃO DEFINIDO,Inexistentes,Betuminoso,Recta,Com inclinação,Sem berma ou impraticável,Em plena via,Direita
20191794174,2019:04:05 08:50:00,01/05/00,04/01/00,01/01/00,Polícia de Segurança Pública,50.0,50.0,Sexta-Feira  ,0,0,0,0,1,Estrada sem separador,Seco e limpo,Lisboa,Cascais,São Domingos de Rana,Zambujal,Rua do Zambujal,Arruamento,0,Em estado regular,,Bom tempo,Dois sentidos,Fora da intersecção,Dentro das localidades,Em pleno dia,Com marcas - separadoras de sentido e de vias de trânsito,Colisão choque em cadeia,NÃO DEFINIDO,Inexistentes,NÃO DEFINIDO,Outros,Inexistentes,Betuminoso,Recta,Em patamar,Berma pavimentada,Em plena via,Direita
2010445298,2010:04:08 15:10:00,01/08/00,04/01/00,01/01/00,Polícia de Segurança Pública,50.0,50.0,Quinta-Feira ,"38,962297","-8,984987",0,0,1,Estrada sem separador,Húmido,Lisboa,Vila Franca de Xira,Vila Franca de Xira,Vila Franca de Xira,,EN - Estrada Nacional,EN1,Em estado regular,24.2,Bom tempo,Dois sentidos,Fora da intersecção,Dentro das localidades,Em pleno dia,Com marcas - separadoras de sentido de trânsito,Despiste sem dispositivo de retenção,NÃO DEFINIDO,Inexistentes,NÃO DEFINIDO,NÃO DEFINIDO,Inexistentes,Betuminoso,Recta,Em patamar,Sem berma ou impraticável,Em plena via,Direita
20171260731,2017:04:29 06:35:00,01/29/00,04/01/00,01/01/00,Guarda Nacional Republicana,120.0,120.0,Sábado       ,"40,105969","-8,744110",0,0,1,Auto-estrada,Seco e limpo,Coimbra,Soure,Samuel,Samuel,,A  - Auto-Estrada,A17,Em bom estado,"47,725",Bom tempo,Sentido único,Fora da intersecção,Fora das localidades,Aurora ou crepúsculo,Com marcas - separadoras de sentido e de vias de trânsito,Despiste simples,NÃO DEFINIDO,Inexistentes,No sentido crescente da quilometragem,Outros,Inexistentes,Betuminoso,Recta,Em patamar,Berma pavimentada,Em plena via,Direita
20191673253,2019:04:20 22:50:00,01/20/00,04/01/00,01/01/00,Polícia de Segurança Pública,50.0,50.0,Sábado       ,"41,162713","-8,569777",0,0,3,Estrada sem separador,Seco e limpo,Porto,Porto,Campanhã,Porto,Rua Doutor José António Marques                                                                     ,Arruamento,0,Em bom estado,,Bom tempo,Dois sentidos,Em entroncamento,Dentro das localidades,"Noite, com iluminação",Sem marcas rodoviárias ou pouco visíveis,Colisão frontal,NÃO DEFINIDO,Inexistentes,NÃO DEFINIDO,Outros,Inexistentes,Betuminoso,Curva,Em patamar,Sem berma ou impraticável,Em plena via,Direita
20161144613,2016:04:11 01:00:00,01/11/00,04/01/00,01/01/00,Guarda Nacional Republicana,120.0,120.0,Segunda-Feira,"38,123420","-9,197402",0,0,1,Auto-estrada,Molhado,Lisboa,Lisboa,Alcântara,ALCANTARA,,A  - Auto-Estrada,A5,Em bom estado,"0,2",Chuva,Sentido único,Fora da intersecção,Fora das localidades,"Noite, com iluminação",Com marcas - separadoras de sentido e de vias de trânsito,Despiste simples,NÃO DEFINIDO,Inexistentes,No sentido crescente da quilometragem,Outros,Inexistentes,Betuminoso,Recta,Com inclinação,Berma pavimentada,Em plena via,Esquerda
2010456915,2010:04:11 17:30:00,01/11/00,04/01/00,01/01/00,Guarda Nacional Republicana,50.0,70.0,Domingo      ,,,0,0,4,Estrada sem separador,Seco e limpo,Setúbal,Alcochete,Alcochete,ALCOCHETE,,EN - Estrada Nacional,EN119,Em estado regular,3.9,Bom tempo,Dois sentidos,Fora da intersecção,Fora das localidades,Em pleno dia,Com marcas - separadoras de sentido de trânsito,Colisão traseira com outro veículo em movimento,NÃO DEFINIDO,Inexistentes,NÃO DEFINIDO,NÃO DEFINIDO,Inexistentes,Betão de cimento,Recta,Em patamar,Sem berma ou impraticável,Em plena via,Direita
2015958122,2015:04:23 12:30:00,01/23/00,04/01/00,01/01/00,Guarda Nacional Republicana,50.0,50.0,Quinta-Feira ,"41,407410","-8,060283",0,0,1,Estrada sem separador,Húmido,Braga,Vieira do Minho,Salamonde,,,EN - Estrada Nacional,EN103,Em bom estado,80.2,Chuva,Sentido único,Em entroncamento,Dentro das localidades,Em pleno dia,Com marcas - separadoras de sentido de trânsito,Colisão lateral com outro veículo em movimento,NÃO DEFINIDO,Inexistentes,NÃO DEFINIDO,Stop,Inexistentes,Betuminoso,Curva,Em patamar,Sem berma ou impraticável,Em plena via,Direita
2012614270,2012:04:08 19:30:00,01/08/00,04/01/00,01/01/00,Guarda Nacional Republicana,90.0,90.0,Domingo      ,,,0,0,2,Estrada sem separador,Seco e limpo,Guarda,Sabugal,Alfaiates,ALFAIATES,,EM - Estrada Municipal,EM538,Em estado regular,,Bom tempo,Dois sentidos,Fora da intersecção,Fora das localidades,Aurora ou crepúsculo,Com marcas - separadoras de sentido de trânsito,Despiste com capotamento,NÃO DEFINIDO,Inexistentes,NÃO DEFINIDO,NÃO DEFINIDO,Inexistentes,Betuminoso,Curva,Com inclinação,Sem berma ou impraticável,Na berma,Direita
20161048561,2016:04:11 15:35:00,01/11/00,04/01/00,01/01/00,Polícia de Segurança Pública,50.0,50.0,Segunda-Feira,"41,086934","-8,631105",0,0,1,Estrada sem separador,Seco e limpo,Porto,Vila Nova de Gaia,União das freguesias de Gulpilhares e Valadares,Vila Nova de Gaia,,Outra Via,0,Em bom estado,,Bom tempo,Dois sentidos,Em rotunda,Dentro das localidades,Em pleno dia,Com marcas - separadoras de sentido e de vias de trânsito,Colisão frontal,NÃO DEFINIDO,Inexistentes,NÃO DEFINIDO,Cedência de passagem,Inexistentes,Betuminoso,Curva,Com inclinação,Berma pavimentada,Em plena via,Direita
2010456963,2010:04:18 19:00:00,01/18/00,04/01/00,01/01/00,Guarda Nacional Republicana,50.0,50.0,Domingo      ,"41,515794","-8,645131",0,0,1,Estrada sem separador,Seco e limpo,Braga,Barcelos,Galegos (São Martinho),,,EN - Estrada Nacional,EN205,Em bom estado,20.15,Bom tempo,Dois sentidos,Fora da intersecção,Dentro das localidades,Em pleno dia,Sem marcas rodoviárias ou pouco visíveis,Colisão traseira com outro veículo em movimento,NÃO DEFINIDO,Inexistentes,NÃO DEFINIDO,Outros,Inexistentes,Betuminoso,Recta,Em patamar,Berma pavimentada,Em plena via,Direita
20181428516,2018:04:04 12:55:00,01/04/00,04/01/00,01/01/00,Guarda Nacional Republicana,50.0,50.0,Quarta-Feira ,"40,703520","-8,170389",0,0,1,Estrada sem separador,Seco e limpo,Viseu,Oliveira de Frades,São Vicente de Lafões,Viseu,,VAR - Variante,0,Em bom estado,,Chuva,Dois sentidos,Fora da intersecção,Fora das localidades,Em pleno dia,Sem marcas rodoviárias ou pouco visíveis,Despiste simples,NÃO DEFINIDO,Inexistentes,NÃO DEFINIDO,NÃO DEFINIDO,Inexistentes,Betuminoso,Curva,Em patamar,Sem berma ou impraticável,Em plena via,Direita
2010455903,2010:04:13 17:00:00,01/13/00,04/01/00,01/01/00,Guarda Nacional Republicana,50.0,50.0,Terça-Feira  ,,,0,0,1,Estrada sem separador,Seco e limpo,Leiria,Bombarral,Bombarral,BOMBARRAL,R GENERAL GORJAO HENRIQUES,Arruamento,0,Em bom estado,,Bom tempo,Sentido único,Em cruzamento,Dentro das localidades,Em pleno dia,Sem marcas rodoviárias ou pouco visíveis,Colisão frontal,NÃO DEFINIDO,Inexistentes,NÃO DEFINIDO,Stop,Inexistentes,Betuminoso,Recta,Em patamar,Berma pavimentada,Em plena via,Direita
20171176247,2016:04:26 08:30:00,01/26/00,04/01/00,01/01/00,Polícia de Segurança Pública,50.0,50.0,Terça-Feira  ,"37,129280","-8,540523",0,0,1,Estrada sem separador,Seco e limpo,Faro,Portimao,Portimão,Portimão,Avenida 25 de Abril                                                                                 ,Arruamento,0,Em estado regular,,Bom tempo,Dois sentidos,Em cruzamento,Dentro das localidades,Em pleno dia,Com marcas - separadoras de sentido de trânsito,Colisão frontal,NÃO DEFINIDO,Inexistentes,NÃO DEFINIDO,Outros,Inexistentes,Betuminoso,Recta,Em patamar,Berma pavimentada,Em plena via,Direita
20181432965,2018:04:22 11:14:00,01/22/00,04/01/00,01/01/00,Guarda Nacional Republicana,50.0,50.0,Domingo      ,"41,461492","-8,748919",0,0,1,Estrada sem separador,Seco e limpo,Porto,Povoa de Varzim,Estela,Estela,,EN - Estrada Nacional,EN13,Em bom estado,"35,5",Bom tempo,Dois sentidos,Fora da intersecção,Dentro das localidades,Em pleno dia,Com marcas - separadoras de sentido de trânsito,Colisão com veiculo ou obstáculo na faixa de rodagem,NÃO DEFINIDO,Inexistentes,NÃO DEFINIDO,NÃO DEFINIDO,Inexistentes,Betuminoso,Recta,Em patamar,Berma pavimentada,Em plena via,Direita
20161048049,2016:04:07 19:15:00,01/07/00,04/01/00,01/01/00,Polícia de Segurança Pública,50.0,50.0,Quinta-Feira ,"38,703985","-8,963826",0,0,1,Estrada sem separador,Seco e limpo,Setúbal,Montijo,União das freguesias de Montijo e Afonsoeiro,Montijo,Rua dos Correios,Arruamento,0,Em bom estado,,Bom tempo,Dois sentidos,Em cruzamento,Dentro das localidades,Em pleno dia,Sem marcas rodoviárias ou pouco visíveis,Colisão com outras situações,NÃO DEFINIDO,Inexistentes,NÃO DEFINIDO,NÃO DEFINIDO,Inexistentes,Betuminoso,Recta,Em patamar,Berma pavimentada,Em plena via,Direita
2011501736,2010:04:30 18:30:00,01/30/00,04/01/00,01/01/00,Polícia de Segurança Pública,50.0,50.0,Sexta-Feira  ,"0,00","0,00",0,0,1,Outra via,Húmido,Porto,Gondomar,Rio Tinto,Rio Tinto,Avenida Conduta                                                                                     ,Arruamento,0,Em estado regular,,Bom tempo,Sentido único,Em via de desaceleração,Dentro das localidades,Em pleno dia,Com marcas - separadoras de sentido de trânsito,Atropelamento de peões,NÃO DEFINIDO,Inexistentes,NÃO DEFINIDO,NÃO DEFINIDO,Inexistentes,Betuminoso,Curva,Em patamar,Berma pavimentada,Em plena via,Direita
2011536073,2011:04:30 16:40:00,01/30/00,04/01/00,01/01/00,Guarda Nacional Republicana,100.0,120.0,Sábado       ,"40,527026","-8,084418",0,0,1,Outra via,Húmido,Viseu,Tondela,Tondela,TONDELA,,IP- Itinerário Principal,IP3,Em bom estado,101.2,Bom tempo,Sentido único,Fora da intersecção,Fora das localidades,Em pleno dia,Com marcas - separadoras de sentido e de vias de trânsito,Colisão traseira com outro veículo em movimento,NÃO DEFINIDO,Inexistentes,No sentido crescente da quilometragem,Cedência de passagem,Inexistentes,Betuminoso,Recta,Em patamar,Berma pavimentada,Em plena via,Direita
20161044770,2016:04:03 14:00:00,01/03/00,04/01/00,01/01/00,Polícia de Segurança Pública,60.0,120.0,Domingo      ,"41,186965","-8,670879",0,0,1,Auto-estrada,Molhado,Porto,Matosinhos,União das freguesias de Matosinhos e Leça da Palmeira,Matosinhos,,A  - Auto-Estrada,A4,Em estado regular,100,Chuva,Sentido único,Fora da intersecção,Fora das localidades,Em pleno dia,Com marcas - separadoras de sentido e de vias de trânsito,Despiste com capotamento,NÃO DEFINIDO,Inexistentes,No sentido decrescente da quilometragem,Outros,Inexistentes,Betuminoso,Curva,Com inclinação,Sem berma ou impraticável,Em plena via,Esquerda
20181429572,2018:04:09 09:40:00,01/09/00,04/01/00,01/01/00,Guarda Nacional Republicana,90.0,120.0,Segunda-Feira,"41,199004","-8,574897",0,0,5,Auto-estrada,Molhado,Porto,Maia,Águas Santas,Águas Santas,,A  - Auto-Estrada,A4,Em estado regular,"9,15",Chuva,Sentido único,Fora da intersecção,Fora das localidades,Em pleno dia,Com marcas - separadoras de sentido e de vias de trânsito,Colisão choque em cadeia,Túnel,Inexistentes,No sentido decrescente da quilometragem,NÃO DEFINIDO,Inexistentes,Betuminoso,Recta,Em patamar,Berma não pavimentada,Em plena via,Direita
2015974302,2015:04:27 22:40:00,01/27/00,04/01/00,01/01/00,Guarda Nacional Republicana,50.0,50.0,Segunda-Feira,"41,485320","-8,239174",0,0,1,Estrada sem separador,Seco e limpo,Viana do Castelo,Ponte da Barca,"União das freguesias de Ponte da Barca, Vila Nova de Muía e Paço Vedro de Magalhães",,,EN - Estrada Nacional,EN203,Em bom estado,40.76,Bom tempo,Dois sentidos,Fora da intersecção,Dentro das localidades,"Noite, com iluminação",Sem marcas rodoviárias ou pouco visíveis,Atropelamento de peões,NÃO DEFINIDO,Inexistentes,NÃO DEFINIDO,NÃO DEFINIDO,A funcionar normalmente,Betuminoso,Recta,Em patamar,Berma pavimentada,Em plena via,Direita
2013714752,2013:04:07 15:15:00,01/07/00,04/01/00,01/01/00,Guarda Nacional Republicana,100.0,100.0,Domingo      ,"41,123004","-08,414078",0,0,2,Auto-estrada,Molhado,Porto,Matosinhos,Leça da Palmeira,,,A  - Auto-Estrada,A28,Em bom estado,8.7,Chuva,Sentido único,Fora da intersecção,Fora das localidades,Em pleno dia,Com marcas - separadoras de sentido de trânsito,Colisão traseira com outro veículo em movimento,NÃO DEFINIDO,Inexistentes,No sentido crescente da quilometragem,NÃO DEFINIDO,Inexistentes,Betuminoso,Recta,Em patamar,Berma pavimentada,Em plena via,Direita
2011525120,2011:04:23 10:30:00,01/23/00,04/01/00,01/01/00,Polícia de Segurança Pública,50.0,50.0,Sábado       ,"0,00","0,00",0,0,1,Estrada sem separador,Seco e limpo,Lisboa,Lisboa,Santa Maria dos Olivais,,Rua João Pinto Ribeiro,Arruamento,0,Em bom estado,,Bom tempo,Sentido único,Em entroncamento,Dentro das localidades,Em pleno dia,Com marcas - separadoras de sentido e de vias de trânsito,Atropelamento de peões,NÃO DEFINIDO,Inexistentes,NÃO DEFINIDO,Passagem de peões,Inexistentes,Betuminoso,Recta,Em patamar,Sem berma ou impraticável,Em plena via,Direita
2012612763,2012:04:19 13:50:00,01/19/00,04/01/00,01/01/00,Guarda Nacional Republicana,50.0,50.0,Quinta-Feira ,"41,686326","-8,420320",0,0,1,Estrada sem separador,Húmido,Braga,Vila Verde,Pico,PICO,,EN - Estrada Nacional,EN101,Em estado regular,74.3,Chuva,Dois sentidos,Em entroncamento,Dentro das localidades,Em pleno dia,Com marcas - separadoras de sentido de trânsito,Colisão lateral com outro veículo em movimento,NÃO DEFINIDO,Inexistentes,NÃO DEFINIDO,NÃO DEFINIDO,Inexistentes,Betuminoso,Recta,Em patamar,Berma pavimentada,Em plena via,Direita
20191670320,2019:04:05 16:45:00,01/05/00,04/01/00,01/01/00,Polícia de Segurança Pública,50.0,50.0,Sexta-Feira  ,"0,0","0,0",0,0,1,Estrada sem separador,Molhado,Lisboa,Amadora,Águas Livres,Amadora,Praça Marquês Minas                                                                                 ,Arruamento,0,Em estado regular,,Chuva,Dois sentidos,Em rotunda,Dentro das localidades,Em pleno dia,Com marcas - separadoras de sentido e de vias de trânsito,Despiste simples,NÃO DEFINIDO,Inexistentes,NÃO DEFINIDO,NÃO DEFINIDO,Inexistentes,Betuminoso,Curva,Em patamar,Berma pavimentada,Em plena via,Direita
20171256192,2017:04:04 20:10:00,01/04/00,04/01/00,01/01/00,Guarda Nacional Republicana,50.0,50.0,Terça-Feira  ,"41,711545","-8,689731",0,0,1,Estrada sem separador,Seco e limpo,Viana do Castelo,Viana do Castelo,"União das freguesias de Geraz do Lima (Santa Maria, Santa Leocádia e Moreira) e Deão",Moreira de Geraz do Lima,,EN - Estrada Nacional,EN203,Em bom estado,"9,6",Bom tempo,Dois sentidos,Fora da intersecção,Dentro das localidades,"Noite, sem iluminação",Com marcas - separadoras de sentido de trânsito,Colisão lateral com outro veículo em movimento,NÃO DEFINIDO,Inexistentes,NÃO DEFINIDO,Outros,Inexistentes,Betuminoso,Recta,Em patamar,Berma pavimentada,Em plena via,Direita
20161147694,2016:04:26 11:50:00,01/26/00,04/01/00,01/01/00,Guarda Nacional Republicana,50.0,50.0,Terça-Feira  ,"40,291301","-7,212712",1,0,0,Estrada sem separador,Seco e limpo,Guarda,Guarda,Fernão Joanes,FERNÃO JOANES,Rua da Praça,Arruamento,0,Em estado regular,,Bom tempo,Dois sentidos,Fora da intersecção,Dentro das localidades,Em pleno dia,Sem marcas rodoviárias ou pouco visíveis,Atropelamento de peões,NÃO DEFINIDO,Inexistentes,NÃO DEFINIDO,NÃO DEFINIDO,Inexistentes,Calçada,Recta,Com inclinação,Berma pavimentada,Em plena via,Direita
20181433896,2018:04:29 18:15:00,01/29/00,04/01/00,01/01/00,Guarda Nacional Republicana,90.0,90.0,Domingo      ,"37,020238","-7,937263",0,0,1,Estrada sem separador,Seco e limpo,Faro,Vila Real de Santo Antonio,Vila Nova de Cacela,Faro,,EN - Estrada Nacional,EN125,Em mau estado,"149,2",Bom tempo,Dois sentidos,Fora da intersecção,Fora das localidades,Em pleno dia,Com marcas - separadoras de sentido e de vias de trânsito,Colisão traseira com outro veículo em movimento,NÃO DEFINIDO,Inexistentes,NÃO DEFINIDO,Outros,Inexistentes,Betuminoso,Recta,Em patamar,Berma não pavimentada,Em plena via,Direita
2014830725,2014:04:30 10:00:00,01/30/00,04/01/00,01/01/00,Guarda Nacional Republicana,50.0,50.0,Quarta-Feira ,"38,433300","-9,265062",0,0,1,Outra via,Seco e limpo,Lisboa,Cascais,Cascais,Aldeia de Juzo,,Outra Via,0,Em bom estado,25.0,Bom tempo,Sentido único,Em ramo de ligação - saída,Fora das localidades,Em pleno dia,Com marcas - separadoras de sentido e de vias de trânsito,Colisão com veiculo ou obstáculo na faixa de rodagem,NÃO DEFINIDO,Inexistentes,NÃO DEFINIDO,Cedência de passagem,Inexistentes,Betuminoso,Recta,Com inclinação,Berma pavimentada,Em plena via,Direita
2010459327,2010:04:25 01:55:00,01/25/00,04/01/00,01/01/00,Guarda Nacional Republicana,50.0,50.0,Domingo      ,,,0,0,1,Estrada sem separador,Seco e limpo,Faro,Albufeira,Albufeira,ALBUFEIRA,AV DESCOBRIMENTOS,Arruamento,0,Em bom estado,,Bom tempo,Sentido único,Fora da intersecção,Dentro das localidades,"Noite, com iluminação",Com marcas - separadoras de sentido e de vias de trânsito,Colisão com fuga,NÃO DEFINIDO,Inexistentes,NÃO DEFINIDO,Outros,A funcionar normalmente,Betuminoso,Recta,Em patamar,Berma pavimentada,Em plena via,Direita
2012612684,2012:04:21 15:50:00,01/21/00,04/01/00,01/01/00,Guarda Nacional Republicana,90.0,90.0,Sábado       ,,,0,0,1,Estrada sem separador,Molhado,Coimbra,Oliveira do Hospital,Avô,AVO,,EN - Estrada Nacional,EN230,Em estado regular,131.925,Chuva,Dois sentidos,Fora da intersecção,Fora das localidades,Em pleno dia,Com marcas - separadoras de sentido de trânsito,Despiste simples,NÃO DEFINIDO,Inexistentes,NÃO DEFINIDO,Outros,Inexistentes,Betuminoso,Curva,Em patamar,Sem berma ou impraticável,Na berma,Direita
2010447610,2010:04:09 21:15:00,01/09/00,04/01/00,01/01/00,Polícia de Segurança Pública,50.0,50.0,Sexta-Feira  ,"0,00","0,00",0,0,2,Estrada sem separador,Seco e limpo,Braga,Barcelos,Arcozelo,Barcelos,Rua Esparrinha,Arruamento,0,Em bom estado,,Bom tempo,Dois sentidos,Em entroncamento,Dentro das localidades,"Noite, com iluminação",Com marcas - separadoras de sentido de trânsito,Colisão lateral com outro veículo em movimento,NÃO DEFINIDO,Inexistentes,NÃO DEFINIDO,Stop,Inexistentes,Betuminoso,Recta,Em patamar,Berma pavimentada,Em plena via,Direita
2013679774,2013:04:26 19:14:00,01/26/00,04/01/00,01/01/00,Polícia de Segurança Pública,50.0,50.0,Sexta-Feira  ,"0,00","0,00",0,0,1,Estrada sem separador,Seco e limpo,Setúbal,Seixal,Arrentela,Flor da Mata,Avenida 23 de Julho de 1833                                                                         ,Arruamento,0,Em bom estado,,Bom tempo,Dois sentidos,Fora da intersecção,Dentro das localidades,Em pleno dia,Com marcas - separadoras de sentido de trânsito,Atropelamento de peões,NÃO DEFINIDO,Inexistentes,NÃO DEFINIDO,NÃO DEFINIDO,Inexistentes,Betuminoso,Recta,Em patamar,Berma pavimentada,Em plena via,Direita
20171226599,2017:04:19 08:10:00,01/19/00,04/01/00,01/01/00,Polícia de Segurança Pública,50.0,50.0,Quarta-Feira ,"41,178523","-8,688446",0,0,1,Estrada sem separador,Seco e limpo,Porto,Matosinhos,União das freguesias de Matosinhos e Leça da Palmeira,Matosinhos,Rua Brito e Cunha                                                                                   ,Arruamento,0,Em estado regular,,Bom tempo,Sentido único,Em cruzamento,Dentro das localidades,Em pleno dia,Sem marcas rodoviárias ou pouco visíveis,Colisão com outras situações,NÃO DEFINIDO,Inexistentes,NÃO DEFINIDO,Stop,Inexistentes,Betuminoso,Recta,Em patamar,Berma pavimentada,Em plena via,Direita
2012608752,2012:04:24 08:00:00,01/24/00,04/01/00,01/01/00,Polícia de Segurança Pública,50.0,50.0,Terça-Feira  ,"0,00","0,00",0,0,1,Estrada sem separador,Húmido,Santarém,Cartaxo,Cartaxo,Cartaxo,Rua Marcelino Mesquita                                                                              ,Arruamento,0,Em estado regular,,Bom tempo,Sentido único,Fora da intersecção,Dentro das localidades,Em pleno dia,Sem marcas rodoviárias ou pouco visíveis,Atropelamento de peões,NÃO DEFINIDO,Inexistentes,NÃO DEFINIDO,Outros,Inexistentes,Betuminoso,Recta,Em patamar,Berma pavimentada,Na berma,Direita
2011501695,2010:04:23 01:05:00,01/23/00,04/01/00,01/01/00,Polícia de Segurança Pública,100.0,100.0,Sexta-Feira  ,"0,00","0,00",0,0,1,Outra via,Seco e limpo,Lisboa,Sintra,Cacém,,,IC - Itinerário Complementar,IC19,Em bom estado,,Bom tempo,Dois sentidos,NÃO DEFINIDO,Fora das localidades,"Noite, com iluminação",Com marcas - separadoras de sentido de trânsito,Despiste com capotamento,NÃO DEFINIDO,Inexistentes,No sentido crescente da quilometragem,Outros,Inexistentes,Betuminoso,Recta,Em patamar,Berma pavimentada,Em plena via,Esquerda
20171258802,2017:04:18 14:15:00,01/18/00,04/01/00,01/01/00,Guarda Nacional Republicana,120.0,120.0,Terça-Feira  ,"41,202049","-8,312212",0,0,1,Auto-estrada,Seco e limpo,Porto,Penafiel,Guilhufe e Urrô,Penafiel,,A  - Auto-Estrada,A4,Em bom estado,"33,575",Bom tempo,Sentido único,Fora da intersecção,Fora das localidades,Em pleno dia,Com marcas - separadoras de sentido e de vias de trânsito,Despiste com capotamento,NÃO DEFINIDO,Inexistentes,No sentido crescente da quilometragem,Outros,Inexistentes,Betuminoso,Recta,Em patamar,Berma pavimentada,Em plena via,Direita
20181428426,2018:04:04 06:00:00,01/04/00,04/01/00,01/01/00,Guarda Nacional Republicana,50.0,50.0,Quarta-Feira ,"38,994933","-9,347581",0,0,1,Estrada sem separador,Seco e limpo,Lisboa,Mafra,Mafra,Mafra,,EN - Estrada Nacional,EN9,Em bom estado,"44,7",Bom tempo,Dois sentidos,Fora da intersecção,Fora das localidades,Aurora ou crepúsculo,Com marcas - separadoras de sentido de trânsito,Despiste simples,NÃO DEFINIDO,Inexistentes,NÃO DEFINIDO,NÃO DEFINIDO,Inexistentes,Betuminoso,Curva,Em patamar,Sem berma ou impraticável,Em plena via,Direita
2015926741,2015:04:24 14:30:00,01/24/00,04/01/00,01/01/00,Polícia de Segurança Pública,50.0,50.0,Sexta-Feira  ,"38,769681","-9,123980",0,0,1,Estrada sem separador,Seco e limpo,Lisboa,Lisboa,Santa Maria dos Olivais,Lisboa,Avenida Cidade do Porto,Arruamento,0,Em estado regular,,Bom tempo,Dois sentidos,Em cruzamento,Dentro das localidades,Em pleno dia,Com marcas - separadoras de sentido e de vias de trânsito,Colisão lateral com outro veículo em movimento,NÃO DEFINIDO,Inexistentes,NÃO DEFINIDO,Outros,A funcionar normalmente,Betuminoso,Recta,Em patamar,Sem berma ou impraticável,Em plena via,Central
20161145542,2016:04:15 00:05:00,01/15/00,04/01/00,01/01/00,Guarda Nacional Republicana,90.0,90.0,Sexta-Feira  ,"41,265710","-8,222660",0,0,1,Estrada sem separador,Molhado,Braga,Guimaraes,Ronfe,RONFE,,EN - Estrada Nacional,EN206,Em bom estado,"36,65",Chuva,Sentido único,Fora da intersecção,Dentro das localidades,"Noite, com iluminação",Com marcas - separadoras de sentido de trânsito,Despiste com dispositivo de retenção,NÃO DEFINIDO,Inexistentes,NÃO DEFINIDO,Proibição de ultrapassagem,Inexistentes,Betuminoso,Curva,Com inclinação,Sem berma ou impraticável,Em plena via,Direita
2011529702,2011:04:25 00:20:00,01/25/00,04/01/00,01/01/00,Guarda Nacional Republicana,50.0,50.0,Segunda-Feira,"41,39457","8,14959",0,0,1,Estrada sem separador,Seco e limpo,Braga,Amares,Bouro (Santa Maria),,,EN - Estrada Nacional,EN308,Em bom estado,,Bom tempo,Dois sentidos,Fora da intersecção,Dentro das localidades,"Noite, sem iluminação",Com marcas - separadoras de sentido de trânsito,Despiste com capotamento,NÃO DEFINIDO,Inexistentes,NÃO DEFINIDO,NÃO DEFINIDO,Inexistentes,Betuminoso,Curva,Com inclinação,Berma não pavimentada,Na berma,Direita
2015958999,2015:04:29 16:45:00,01/29/00,04/01/00,01/01/00,Guarda Nacional Republicana,50.0,50.0,Quarta-Feira ,"38,398968","-8,590926",0,0,2,Estrada sem separador,Seco e limpo,Setúbal,Moita,Moita,Chão Duro,,EN - Estrada Nacional,EN11,Em estado regular,27.0,Bom tempo,Dois sentidos,Em entroncamento,Dentro das localidades,Em pleno dia,Com marcas - separadoras de sentido de trânsito,Colisão lateral com outro veículo em movimento,NÃO DEFINIDO,Inexistentes,NÃO DEFINIDO,Passagem de peões,A funcionar normalmente,Betuminoso,Recta,Em patamar,Berma não pavimentada,Em plena via,Direita
2010445354,2010:04:06 20:42:00,01/06/00,04/01/00,01/01/00,Polícia de Segurança Pública,90.0,90.0,Terça-Feira  ,"0,00","0,00",1,0,0,Estrada sem separador,Húmido,Santarém,Santarem,Várzea,Outeiro da Várzea,Rua Nossa Senhora da Conceição,Arruamento,0,Em estado regular,,Bom tempo,Dois sentidos,Fora da intersecção,Dentro das localidades,"Noite, com iluminação",Sem marcas rodoviárias ou pouco visíveis,Despiste com colisão com veículo imobil. ou obstáculo,NÃO DEFINIDO,Inexistentes,NÃO DEFINIDO,NÃO DEFINIDO,Inexistentes,Betuminoso,Recta,Com inclinação,Sem berma ou impraticável,No passeio,Direita