Id. Acidente,Datahora,Dia,Mês,Hora,Entidades Fiscalizadoras,Velocidade local,Velocidade geral,Dia da Semana,Latitude GPS,Longitude GPS,Num. Mortos a 30 dias,Num. Feridos graves a 30 dias,Num. Feridos ligeiros a 30 dias,Características Tecnicas1,Cond Aderência,Distrito,Concelho,Freguesia,Pov. Proxima,Nome arruamento,Tipos Vias,Cod Via,Estado Conservação,Km,Factores Atmosféricos,Reg Circulação1,Intersecção Vias,Localizações,Luminosidade,Marca Via,Natureza,Obras Arte,Obstáculos,Sentidos,Sinais,Sinais Luminosos,Tipo Piso,Traçado 1,Traçado 2,Traçado 3,Traçado 4,Via Trânsito
20171256551,2017:04:06 19:30:00,01/06/00,04/01/00,01/01/00,Guarda Nacional Republicana,50.0,50.0,Quinta-Feira ,"41,215824","-8,352456",0,0,1,Estrada sem separador,Seco e limpo,Porto,Paredes,Paredes,Paredes,Rua Padre Augusto Correia,Arruamento,0,Em estado regular,,Bom tempo,Dois sentidos,Fora da intersecção,Dentro das localidades,Em pleno dia,Sem marcas rodoviárias ou pouco visíveis,Colisão lateral com outro veículo em movimento,NÃO DEFINIDO,Inexistentes,NÃO DEFINIDO,NÃO DEFINIDO,Inexistentes,Betuminoso,Recta,Em patamar,Sem berma ou impraticável,Em plena via,Direita
2012614914,2012:04:01 11:00:00,01/01/00,04/01/00,01/01/00,Guarda Nacional Republicana,60.0,90.0,Domingo      ,"38,650269","-9,200805",0,0,1,Auto-estrada,Seco e limpo,Setúbal,Almada,Almada,PALHAIS,,A  - Auto-Estrada,A33,Em bom estado,0.3,Bom tempo,Sentido único,Fora da intersecção,Fora das localidades,Em pleno dia,Com marcas - separadoras de sentido e de vias de trânsito,Colisão com fuga,NÃO DEFINIDO,Inexistentes,No sentido decrescente da quilometragem,Outros,Inexistentes,Betuminoso,Recta,Em patamar,Berma pavimentada,Em plena via,Direita
2013679854,2013:04:09 12:40:00,01/09/00,04/01/00,01/01/00,Polícia de Segurança Pública,50.0,50.0,Terça-Feira  ,"0,00","0,00",0,0,3,Estrada sem separador,Húmido,Vila Real,Chaves,Madalena,,Avenida Dom João I                                                                                  ,Arruamento,0,Em bom estado,,Chuva,Dois sentidos,Em entroncamento,Dentro das localidades,Em pleno dia,Com marcas - separadoras de sentido de trânsito,Colisão lateral com outro veículo em movimento,NÃO DEFINIDO,Inexistentes,NÃO DEFINIDO,Cedência de passagem,Inexistentes,Betuminoso,Recta,Em patamar,Berma pavimentada,Em plena via,Direita
20171269805,2017:04:06 12:50:00,01/06/00,04/01/00,01/01/00,Polícia de Segurança Pública,50.0,50.0,Quinta-Feira ,"38,703342","-9,420287",0,0,1,NÃO DEFINIDO,Seco e limpo,Lisboa,Cascais,União das freguesias de Cascais e Estoril,Cascais,Rua do Alto do Moinho Velho,Arruamento,0,Em estado regular,,Bom tempo,Sentido único,Em rotunda,Dentro das localidades,Em pleno dia,Com marcas - separadoras de sentido e de vias de trânsito,Colisão com outras situações,NÃO DEFINIDO,Inexistentes,NÃO DEFINIDO,Cedência de passagem,Inexistentes,Betuminoso,Curva,Com inclinação,Berma pavimentada,Em plena via,Direita
2010449646,2010:04:23 05:00:00,01/23/00,04/01/00,01/01/00,Polícia de Segurança Pública,50.0,50.0,Sexta-Feira  ,"0,00","0,00",0,0,1,Estrada sem separador,Húmido,Coimbra,Coimbra,Coimbra (Santa Cruz),,Rua de Aveiro,Arruamento,0,Em estado regular,,Bom tempo,Dois sentidos,Fora da intersecção,Dentro das localidades,"Noite, com iluminação",Com marcas - separadoras de sentido e de vias de trânsito,Despiste com fuga,NÃO DEFINIDO,Inexistentes,NÃO DEFINIDO,Outros,Inexistentes,Betuminoso,Recta,Com inclinação,Berma pavimentada,Em plena via,Esquerda
2013711902,2013:04:01 07:00:00,01/01/00,04/01/00,01/01/00,Guarda Nacional Republicana,50.0,50.0,Segunda-Feira,"41,193890","-08,185844",0,0,1,Estrada sem separador,Molhado,Porto,Lousada,Lustosa,Lustosa,Rua da Serra Campelos,Arruamento,0,Em estado regular,,Chuva,Dois sentidos,Fora da intersecção,Dentro das localidades,Aurora ou crepúsculo,Com marcas - separadoras de sentido de trânsito,Despiste com capotamento,NÃO DEFINIDO,Inexistentes,NÃO DEFINIDO,NÃO DEFINIDO,Inexistentes,Betuminoso,Recta,Com inclinação,Sem berma ou impraticável,Em plena via,Direita
20191694787,2019:04:01 16:50:00,01/01/00,04/01/00,01/01/00,Guarda Nacional Republicana,50.0,50.0,Segunda-Feira,"41,651410","-8,392460",0,0,1,Estrada sem separador,Molhado,Braga,Amares,Fiscal,Fiscal.,Avenida António Variações 112,Arruamento,0,Em estado regular,,Chuva,Dois sentidos,Fora da intersecção,Dentro das localidades,Em pleno dia,Com marcas - separadoras de sentido de trânsito,Despiste com colisão com veículo imobil. ou obstáculo,NÃO DEFINIDO,Inexistentes,NÃO DEFINIDO,NÃO DEFINIDO,Inexistentes,Betuminoso,Curva,Com inclinação,Berma não pavimentada,Na berma,Direita
2011529584,2011:04:17 20:00:00,01/17/00,04/01/00,01/01/00,Guarda Nacional Republicana,50.0,50.0,Domingo      ,"41,617287","-8,433958",0,0,2,Outra via,Seco e limpo,Braga,Vila Verde,Soutelo,SOUTELO,,EN - Estrada Nacional,EN101,Em bom estado,82.36,Bom tempo,Sentido único,Em entroncamento,Fora das localidades,Em pleno dia,Com marcas - separadoras de sentido de trânsito,Colisão lateral com outro veículo em movimento,NÃO DEFINIDO,Inexistentes,NÃO DEFINIDO,Stop,Inexistentes,Betuminoso,Curva,Em patamar,Berma pavimentada,Em plena via,Direita
2010445232,2010:04:03 15:30:00,01/03/00,04/01/00,01/01/00,Polícia de Segurança Pública,50.0,50.0,Sábado       ,"0,00","0,00",0,0,1,Outra via,Seco e limpo,Coimbra,Figueira da Foz,Tavarede,Tavarede,Rodóvia Urbana                                                                                      ,Arruamento,0,Em bom estado,,Bom tempo,Sentido único,Fora da intersecção,Dentro das localidades,Em pleno dia,Com marcas - separadoras de sentido e de vias de trânsito,Colisão traseira com outro veículo em movimento,NÃO DEFINIDO,Inexistentes,NÃO DEFINIDO,NÃO DEFINIDO,Inexistentes,Betuminoso,Curva,Em patamar,Berma pavimentada,Em plena via,Direita
20191671489,2019:04:11 17:40:00,01/11/00,04/01/00,01/01/00,Polícia de Segurança Pública,50.0,50.0,Quinta-Feira ,"41,147575","-8,609438",0,0,1,Estrada sem separador,Seco e limpo,Porto,Porto,"União das freguesias de Cedofeita, Santo Ildefonso, Sé, Miragaia, São Nicolau e Vitória",Porto,Rua Doutor Magalhães Lemos                                                                          ,Arruamento,0,Em estado regular,,Bom tempo,Sentido único,Fora da intersecção,Dentro das localidades,Em pleno dia,Com marcas - separadoras de sentido e de vias de trânsito,Colisão lateral com outro veículo em movimento,NÃO DEFINIDO,Inexistentes,NÃO DEFINIDO,Outros,A funcionar normalmente,Betuminoso,Recta,Em patamar,Sem berma ou impraticável,Em plena via,Direita
20191687708,2019:04:26 10:50:00,01/26/00,04/01/00,01/01/00,Guarda Nacional Republicana,50.0,50.0,Sexta-Feira  ,"41,797740","-8,453105",0,0,1,Estrada sem separador,Seco e limpo,Viana do Castelo,Ponte da Barca,Bravães,Ponte da Barca,,EN - Estrada Nacional,EN203,Em estado regular,"34,9",Bom tempo,Dois sentidos,Fora da intersecção,Dentro das localidades,Em pleno dia,Sem marcas rodoviárias ou pouco visíveis,Despiste simples,NÃO DEFINIDO,Inexistentes,NÃO DEFINIDO,NÃO DEFINIDO,A funcionar normalmente,Betuminoso,Recta,Em patamar,Berma pavimentada,Em plena via,Direita
20171256982,2017:04:09 03:25:00,01/09/00,04/01/00,01/01/00,Guarda Nacional Republicana,120.0,120.0,Domingo      ,"38,663255","-9,182048",0,0,2,Outra via,Seco e limpo,Setúbal,Almada,"União das freguesias de Almada, Cova da Piedade, Pragal e Cacilhas",Almada,,IC - Itinerário Complementar,IC20,Em bom estado,"3,4",Bom tempo,Sentido único,Fora da intersecção,Fora das localidades,"Noite, sem iluminação",Com marcas - separadoras de sentido e de vias de trânsito,Colisão com outras situações,NÃO DEFINIDO,Inexistentes,No sentido decrescente da quilometragem,NÃO DEFINIDO,Inexistentes,Betuminoso,Recta,Em patamar,Berma pavimentada,Em plena via,Direita
20171227206,2017:04:10 16:40:00,01/10/00,04/01/00,01/01/00,Polícia de Segurança Pública,50.0,50.0,Segunda-Feira,"40,652977","-7,923665",0,0,1,Estrada sem separador,Seco e limpo,Viseu,Viseu,União das freguesias de Viseu,Viseu,Rua Doutor Álvaro Monteiro,Arruamento,0,Em estado regular,,Bom tempo,Dois sentidos,Fora da intersecção,Dentro das localidades,Em pleno dia,Com marcas - separadoras de sentido de trânsito,Colisão lateral com outro veículo em movimento,NÃO DEFINIDO,Inexistentes,NÃO DEFINIDO,Outros,Inexistentes,Betuminoso,Recta,Com inclinação,Berma pavimentada,Em plena via,Direita
2015919908,2015:04:01 07:50:00,01/01/00,04/01/00,01/01/00,Polícia de Segurança Pública,50.0,50.0,Quarta-Feira ,"41,020831","-8,604060",0,0,1,Estrada sem separador,Seco e limpo,Aveiro,Espinho,União das freguesias de Anta e Guetim,,Rua dos Combatentes,Arruamento,0,Em estado regular,,Bom tempo,Dois sentidos,Fora da intersecção,Dentro das localidades,Em pleno dia,Sem marcas rodoviárias ou pouco visíveis,Colisão lateral com outro veículo em movimento,NÃO DEFINIDO,Inexistentes,NÃO DEFINIDO,Outros,Inexistentes,Betuminoso,Recta,Com inclinação,Berma pavimentada,Em plena via,Direita
20181432227,2018:04:17 20:15:00,01/17/00,04/01/00,01/01/00,Guarda Nacional Republicana,50.0,50.0,Terça-Feira  ,"40,616891","-7,923197",0,0,1,Estrada sem separador,Seco e limpo,Viseu,Viseu,São João de Lourosa,São João de Lourosa,Rua São Sebastião,Arruamento,0,Em bom estado,,Bom tempo,Dois sentidos,Fora da intersecção,Dentro das localidades,Em pleno dia,Sem marcas rodoviárias ou pouco visíveis,Despiste simples,NÃO DEFINIDO,Inexistentes,NÃO DEFINIDO,NÃO DEFINIDO,Inexistentes,Betuminoso,Curva,Em patamar,Sem berma ou impraticável,Em plena via,Direita
20161143155,2016:04:03 12:55:00,01/03/00,04/01/00,01/01/00,Guarda Nacional Republicana,50.0,50.0,Domingo      ,"41,420831","-8,223935",0,0,1,Estrada sem separador,Seco e limpo,Braga,Vila Verde,União das freguesias de Oriz (Santa Marinha) e Oriz (São Miguel),VILA VERDE,Avenida da Igreja,Arruamento,0,Em bom estado,,Chuva,Sentido único,Fora da intersecção,Dentro das localidades,Em pleno dia,Sem marcas rodoviárias ou pouco visíveis,Colisão frontal,NÃO DEFINIDO,Inexistentes,NÃO DEFINIDO,NÃO DEFINIDO,Inexistentes,Betuminoso,Curva,Em patamar,Sem berma ou impraticável,Em plena via,Direita
2012600008,2012:04:07 01:25:00,01/07/00,04/01/00,01/01/00,Polícia de Segurança Pública,50.0,50.0,Sábado       ,"0,00","0,00",0,0,1,Estrada sem separador,Húmido,Lisboa,Vila Franca de Xira,Vila Franca de Xira,Vila Franca de Xira,Estrada Santa Sofia                                                                                 ,Arruamento,0,Em estado regular,,Bom tempo,Dois sentidos,Fora da intersecção,Dentro das localidades,"Noite, sem iluminação",Sem marcas rodoviárias ou pouco visíveis,Despiste com capotamento,NÃO DEFINIDO,Inexistentes,NÃO DEFINIDO,NÃO DEFINIDO,Inexistentes,Betuminoso,Curva,Em patamar,Berma não pavimentada,Em plena via,Direita
2010459090,2010:04:17 18:00:00,01/17/00,04/01/00,01/01/00,Guarda Nacional Republicana,50.0,50.0,Sábado       ,,,0,0,1,Estrada sem separador,Molhado,Aveiro,Agueda,Borralha,BORRALHA,R HORTA VELHA,Arruamento,0,Em bom estado,,Chuva,Dois sentidos,Fora da intersecção,Dentro das localidades,Em pleno dia,Sem marcas rodoviárias ou pouco visíveis,Despiste simples,NÃO DEFINIDO,Inexistentes,NÃO DEFINIDO,NÃO DEFINIDO,Inexistentes,Betuminoso,Curva,Com inclinação,Berma pavimentada,Na berma,Direita
2014832504,2014:04:20 16:10:00,01/20/00,04/01/00,01/01/00,Guarda Nacional Republicana,50.0,50.0,Domingo      ,"41,216103","-8,251339",0,0,1,Estrada sem separador,Seco e limpo,Porto,Santo Tirso,Aves,Vila das Aves,Avª da Paradela,Arruamento,0,Em bom estado,,Bom tempo,Dois sentidos,Em cruzamento,Dentro das localidades,Em pleno dia,Sem marcas rodoviárias ou pouco visíveis,Colisão lateral com outro veículo em movimento,NÃO DEFINIDO,Inexistentes,NÃO DEFINIDO,Stop,Inexistentes,Betuminoso,Recta,Em patamar,Berma pavimentada,Em plena via,Direita
20181432578,2018:04:20 00:00:00,01/20/00,04/01/00,01/01/00,Guarda Nacional Republicana,50.0,50.0,Sexta-Feira  ,"41,239672","-8,666372",0,0,1,Estrada sem separador,Seco e limpo,Porto,Maia,Moreira,Moreira,Rua de Pedras Rubras,Arruamento,0,Em bom estado,,Bom tempo,Sentido único,Fora da intersecção,Dentro das localidades,"Noite, sem iluminação",Com marcas - separadoras de sentido de trânsito,Colisão traseira com outro veículo em movimento,NÃO DEFINIDO,Inexistentes,NÃO DEFINIDO,NÃO DEFINIDO,Inexistentes,Terra batida,Recta,Em patamar,Berma pavimentada,Em plena via,Direita
20171257489,2017:04:11 18:35:00,01/11/00,04/01/00,01/01/00,Guarda Nacional Republicana,50.0,50.0,Terça-Feira  ,"40,744470","-8,646533",0,0,1,Estrada sem separador,Seco e limpo,Aveiro,Murtosa,Murtosa,Murtosa,Avenida do emigrante,Arruamento,0,Em bom estado,,Bom tempo,Dois sentidos,Em cruzamento,Dentro das localidades,Em pleno dia,Sem marcas rodoviárias ou pouco visíveis,Colisão lateral com outro veículo em movimento,NÃO DEFINIDO,Inexistentes,NÃO DEFINIDO,NÃO DEFINIDO,A funcionar normalmente,Betuminoso,Recta,Em patamar,Sem berma ou impraticável,Em plena via,Direita
2010457471,2010:04:16 22:20:00,01/16/00,04/01/00,01/01/00,Guarda Nacional Republicana,50.0,50.0,Sexta-Feira  ,"41,382375","-8,349321",0,0,1,Estrada sem separador,Molhado,Braga,Guimaraes,Moreira de Cónegos,,,EN - Estrada Nacional,EN105,Em bom estado,37.0,Chuva,Dois sentidos,Fora da intersecção,Dentro das localidades,"Noite, sem iluminação",Com marcas - separadoras de sentido de trânsito,Despiste com colisão com veículo imobil. ou obstáculo,NÃO DEFINIDO,Inexistentes,NÃO DEFINIDO,Outros,Inexistentes,Betuminoso,Recta,Em patamar,Berma pavimentada,Na berma,Direita
2011522958,2011:04:15 20:00:00,01/15/00,04/01/00,01/01/00,Polícia de Segurança Pública,40.0,50.0,Sexta-Feira  ,"0,00","0,00",0,0,1,Outra via,Seco e limpo,Braga,Vila Nova de Famalicao,<Sem Freguesia>,,Avenida Marechal Humberto Delgado                                                                   ,Arruamento,0,Em bom estado,,Bom tempo,Dois sentidos,NÃO DEFINIDO,Dentro das localidades,Em pleno dia,Com marcas - separadoras de sentido de trânsito,Colisão com veiculo ou obstáculo na faixa de rodagem,NÃO DEFINIDO,NÃO DEFINIDO,NÃO DEFINIDO,NÃO DEFINIDO,A funcionar normalmente,Betuminoso,Recta,Em patamar,Sem berma ou impraticável,Em plena via,Direita
20181384073,2018:04:13 22:30:00,01/13/00,04/01/00,01/01/00,Polícia de Segurança Pública,50.0,50.0,Sexta-Feira  ,"0,0","0,0",0,0,1,Estrada sem separador,Seco e limpo,Setúbal,Seixal,"União das freguesias do Seixal, Arrentela e Aldeia de Paio Pires",Arrentela,Avenida República                                                                                   ,Arruamento,0,Em estado regular,,Bom tempo,Dois sentidos,Fora da intersecção,Dentro das localidades,"Noite, com iluminação",Sem marcas rodoviárias ou pouco visíveis,Colisão lateral com outro veículo em movimento,NÃO DEFINIDO,Inexistentes,NÃO DEFINIDO,Outros,A funcionar normalmente,Betuminoso,Recta,Em patamar,Sem berma ou impraticável,Em plena via,Direita
20191689259,2019:04:22 17:05:00,01/22/00,04/01/00,01/01/00,Guarda Nacional Republicana,90.0,90.0,Segunda-Feira,"40,031200","-8,404636",0,0,1,Estrada sem separador,Molhado,Coimbra,Penela,"União das freguesias de São Miguel, Santa Eufémia e Rabaçal",Penela,,IC - Itinerário Complementar,IC3,Em bom estado,"13,88",Chuva,Dois sentidos,Fora da intersecção,Fora das localidades,Em pleno dia,Com marcas - separadoras de sentido de trânsito,Despiste simples,NÃO DEFINIDO,Inexistentes,NÃO DEFINIDO,NÃO DEFINIDO,Inexistentes,Betuminoso,Curva,Com inclinação,Berma pavimentada,Em plena via,Direita
20171225529,2017:04:07 16:30:00,01/07/00,04/01/00,01/01/00,Polícia de Segurança Pública,50.0,50.0,Sexta-Feira  ,"38,791947","-9,177020",0,0,1,Estrada sem separador,Seco e limpo,Lisboa,Odivelas,Odivelas,Odivelas,Avenida Professor Doutor Augusto Abreu Lopes                                                        ,Arruamento,0,Em bom estado,,Bom tempo,Dois sentidos,Em entroncamento,Dentro das localidades,Em pleno dia,Sem marcas rodoviárias ou pouco visíveis,Colisão lateral com outro veículo em movimento,NÃO DEFINIDO,Inexistentes,NÃO DEFINIDO,Outros,A funcionar normalmente,Betuminoso,Curva,Com inclinação,Berma pavimentada,Em plena via,Direita
20191694719,2019:04:01 21:20:00,01/01/00,04/01/00,01/01/00,Guarda Nacional Republicana,50.0,50.0,Segunda-Feira,"38,934920","-9,057434",0,0,1,Estrada sem separador,Seco e limpo,Lisboa,Vila Franca de Xira,"União das freguesias de Alhandra, São João dos Montes e Calhandriz",Calhandriz,,Outra Via,0,Em bom estado,,Bom tempo,Dois sentidos,Fora da intersecção,Dentro das localidades,"Noite, com iluminação",Sem marcas rodoviárias ou pouco visíveis,Despiste simples,NÃO DEFINIDO,Inexistentes,NÃO DEFINIDO,NÃO DEFINIDO,Intermitente,Betuminoso,Recta,Em patamar,Sem berma ou impraticável,Em plena via,Direita
2010458755,2010:04:11 00:35:00,01/11/00,04/01/00,01/01/00,Guarda Nacional Republicana,50.0,50.0,Domingo      ,"40,389236","-8,291957",0,2,0,Estrada sem separador,Seco e limpo,Viseu,Mortagua,Cortegaça,BARRACAO,,EN - Estrada Nacional,EN234,Em bom estado,47.1,Bom tempo,Dois sentidos,Fora da intersecção,Dentro das localidades,"Noite, com iluminação",Com marcas - separadoras de sentido de trânsito,Colisão frontal,NÃO DEFINIDO,Inexistentes,NÃO DEFINIDO,Outros,Inexistentes,Betuminoso,Curva,Em patamar,Berma pavimentada,Em plena via,Direita
2014832094,2014:04:30 14:45:00,01/30/00,04/01/00,01/01/00,Guarda Nacional Republicana,,90.0,Quarta-Feira ,"38,362650","-9,029093",0,0,2,Estrada sem separador,Seco e limpo,Setúbal,Barreiro,Coina,,,EN - Estrada Nacional,EN10-3,Em bom estado,1.5,Bom tempo,Dois sentidos,Fora da intersecção,Fora das localidades,Em pleno dia,Com marcas - separadoras de sentido de trânsito,Colisão lateral com outro veículo em movimento,NÃO DEFINIDO,Inexistentes,NÃO DEFINIDO,NÃO DEFINIDO,Inexistentes,Betuminoso,Recta,Em patamar,Sem berma ou impraticável,Em plena via,Direita
20181384279,2018:04:24 22:30:00,01/24/00,04/01/00,01/01/00,Polícia de Segurança Pública,50.0,50.0,Terça-Feira  ,"0,0","0,0",0,0,1,Estrada sem separador,Seco e limpo,Castelo Branco,Covilha,União das freguesias de Covilhã e Canhoso,,Travessa Fonte Santa,Arruamento,0,Em bom estado,,Bom tempo,Sentido único,Fora da intersecção,Dentro das localidades,"Noite, com iluminação",Sem marcas rodoviárias ou pouco visíveis,Despiste com colisão com veículo imobil. ou obstáculo,NÃO DEFINIDO,Inexistentes,NÃO DEFINIDO,NÃO DEFINIDO,Inexistentes,Betuminoso,Curva,Em patamar,Berma pavimentada,Em plena via,Direita
20181430507,2018:04:12 11:40:00,01/12/00,04/01/00,01/01/00,Guarda Nacional Republicana,120.0,120.0,Quinta-Feira ,"39,095802","-8,932768",0,1,0,Auto-estrada,Molhado,Lisboa,Azambuja,Aveiras de Cima,Azambuja,,A  - Auto-Estrada,A1,Em bom estado,"39,982",Chuva,Sentido único,Fora da intersecção,Fora das localidades,Em pleno dia,Com marcas - separadoras de sentido e de vias de trânsito,Despiste simples,NÃO DEFINIDO,Inexistentes,No sentido decrescente da quilometragem,NÃO DEFINIDO,Inexistentes,Betuminoso,Curva,Em patamar,Berma pavimentada,Em plena via,Esquerda
20181429633,2018:04:09 12:20:00,01/09/00,04/01/00,01/01/00,Guarda Nacional Republicana,90.0,90.0,Segunda-Feira,"37,654031","-8,297397",0,0,1,Estrada sem separador,Húmido,Beja,Ourique,Ourique,Monte do Saraiva,,EM - Estrada Municipal,0,Em estado regular,,Chuva,Dois sentidos,Fora da intersecção,Fora das localidades,Em pleno dia,Sem marcas rodoviárias ou pouco visíveis,Despiste simples,NÃO DEFINIDO,Inexistentes,NÃO DEFINIDO,NÃO DEFINIDO,Inexistentes,Betuminoso,Recta,Em patamar,Sem berma ou impraticável,Em plena via,Direita
20171225634,2017:04:12 14:00:00,01/12/00,04/01/00,01/01/00,Polícia de Segurança Pública,50.0,50.0,Quarta-Feira ,"41,190875","-8,539201",0,0,1,Estrada sem separador,Seco e limpo,Porto,Gondomar,Baguim do Monte (Rio Tinto),Baguim do Monte,Rua José Saramago                                                                                   ,Arruamento,0,Em bom estado,,Bom tempo,Dois sentidos,Em cruzamento,Dentro das localidades,Em pleno dia,Com marcas - separadoras de sentido de trânsito,Colisão com outras situações,NÃO DEFINIDO,Inexistentes,NÃO DEFINIDO,Stop,Inexistentes,Betuminoso,Curva,Em patamar,Berma pavimentada,Em plena via,Direita
2010449566,2010:04:27 08:20:00,01/27/00,04/01/00,01/01/00,Polícia de Segurança Pública,50.0,50.0,Terça-Feira  ,"0,00","0,00",0,0,1,Estrada sem separador,Seco e limpo,Lisboa,Lisboa,Santos-o-Velho,,Avenida Dom Carlos I,Arruamento,0,Em bom estado,,Bom tempo,Sentido único,Fora da intersecção,Dentro das localidades,Em pleno dia,Com marcas - separadoras de sentido e de vias de trânsito,Atropelamento de peões,NÃO DEFINIDO,Inexistentes,NÃO DEFINIDO,NÃO DEFINIDO,A funcionar normalmente,Betuminoso,Recta,Em patamar,Berma pavimentada,Em plena via,Direita
2014833333,2014:04:16 08:00:00,01/16/00,04/01/00,01/01/00,Guarda Nacional Republicana,50.0,90.0,Quarta-Feira ,"41,575143","-8,437632",0,0,1,Estrada sem separador,Seco e limpo,Viana do Castelo,Vila Nova de Cerveira,União das freguesias de Reboreda e Nogueira,,,EN - Estrada Nacional,EN13,Em bom estado,105.6,Bom tempo,Dois sentidos,Fora da intersecção,Dentro das localidades,Em pleno dia,Com marcas - separadoras de sentido de trânsito,Colisão com veiculo ou obstáculo na faixa de rodagem,NÃO DEFINIDO,Inexistentes,NÃO DEFINIDO,NÃO DEFINIDO,A funcionar normalmente,Betuminoso,Recta,Com inclinação,Berma pavimentada,Em plena via,Direita
20181433893,2018:04:29 18:00:00,01/29/00,04/01/00,01/01/00,Guarda Nacional Republicana,50.0,50.0,Domingo      ,"41,556080","-8,412486",0,0,1,Estrada sem separador,Seco e limpo,Braga,Fafe,União de freguesias de Cepães e Fareja,Braga,,Outra Via,0,Em bom estado,,Chuva,Dois sentidos,Fora da intersecção,Dentro das localidades,Em pleno dia,Com marcas - separadoras de sentido de trânsito,Despiste simples,NÃO DEFINIDO,Inexistentes,NÃO DEFINIDO,Outros,Inexistentes,Betuminoso,Recta,Em patamar,Sem berma ou impraticável,Em plena via,Direita
2014832503,2014:04:25 20:05:00,01/25/00,04/01/00,01/01/00,Guarda Nacional Republicana,50.0,50.0,Sexta-Feira  ,"41,142189","-8,315560",0,0,1,NÃO DEFINIDO,Molhado,Porto,Valongo,Alfena,Alfena,Rua São Vicente,Arruamento,0,Em bom estado,,Chuva,Dois sentidos,Em entroncamento,Dentro das localidades,"Noite, com iluminação",Com marcas - separadoras de sentido de trânsito,Colisão frontal,NÃO DEFINIDO,Inexistentes,No sentido crescente da quilometragem,Stop,Inexistentes,Betuminoso,Recta,Em patamar,Berma pavimentada,Em plena via,Direita
2014830745,2014:04:29 10:12:00,01/29/00,04/01/00,01/01/00,Guarda Nacional Republicana,50.0,50.0,Terça-Feira  ,"38,496247","-9,180722",0,0,1,Estrada sem separador,Seco e limpo,Lisboa,Sintra,"União das freguesias de Sintra (Santa Maria e São Miguel, São Martinho e São Pedro de Penaferrim)",Sabugo,,EN - Estrada Nacional,EN117,Em bom estado,16.7,Bom tempo,Dois sentidos,Em passagem de nível,Dentro das localidades,Em pleno dia,Com marcas - separadoras de sentido de trânsito,Colisão frontal,NÃO DEFINIDO,Inexistentes,NÃO DEFINIDO,Cedência de passagem,A funcionar normalmente,Betuminoso,Recta,Com inclinação,Berma não pavimentada,Em plena via,Direita
2015958809,2015:04:11 22:10:00,01/11/00,04/01/00,01/01/00,Guarda Nacional Republicana,50.0,50.0,Sábado       ,"39,170606","-8,802615",0,0,1,Estrada sem separador,Seco e limpo,Santarém,Cartaxo,União das freguesias do Cartaxo e Vale da Pinta,,,EM - Estrada Municipal,EM511,Em estado regular,,Bom tempo,Dois sentidos,Fora da intersecção,Dentro das localidades,"Noite, com iluminação",Sem marcas rodoviárias ou pouco visíveis,Despiste simples,NÃO DEFINIDO,Inexistentes,NÃO DEFINIDO,NÃO DEFINIDO,Inexistentes,Betuminoso,Curva,Em patamar,Sem berma ou impraticável,Em plena via,Direita
2012614553,2012:04:20 17:50:00,01/20/00,04/01/00,01/01/00,Guarda Nacional Republicana,,90.0,Sexta-Feira  ,,,0,0,1,Estrada sem separador,Com gravilha ou areia,Vila Real,Boticas,Alturas do Barroso,VILARINHO SECO,,Outra Via,0,Em mau estado,,Bom tempo,Dois sentidos,Fora da intersecção,Fora das localidades,Em pleno dia,Sem marcas rodoviárias ou pouco visíveis,Despiste com capotamento,NÃO DEFINIDO,Inexistentes,NÃO DEFINIDO,NÃO DEFINIDO,Inexistentes,Terra batida,Curva,Com inclinação,Sem berma ou impraticável,Em plena via,Direita
2012611672,2012:04:14 04:10:00,01/14/00,04/01/00,01/01/00,Guarda Nacional Republicana,50.0,50.0,Sábado       ,,,0,1,0,Estrada sem separador,Húmido,Santarém,Benavente,Samora Correia,SAMORA CORREIA,AV O SECULO,Arruamento,0,Em bom estado,,Bom tempo,Dois sentidos,Fora da intersecção,Dentro das localidades,"Noite, com iluminação",Com marcas - separadoras de sentido e de vias de trânsito,Colisão frontal,NÃO DEFINIDO,Inexistentes,NÃO DEFINIDO,NÃO DEFINIDO,A funcionar normalmente,Betuminoso,Recta,Em patamar,Sem berma ou impraticável,Em plena via,Direita
2010460586,2010:04:03 17:20:00,01/03/00,04/01/00,01/01/00,Guarda Nacional Republicana,50.0,50.0,Sábado       ,"40,834212","-8,584319",0,0,1,Estrada sem separador,Seco e limpo,Aveiro,Ovar,Válega,VALEGA,,EN - Estrada Nacional,EN109,Em bom estado,38.4,Bom tempo,Dois sentidos,Em cruzamento,Dentro das localidades,Em pleno dia,Com marcas - separadoras de sentido de trânsito,Colisão com fuga,NÃO DEFINIDO,Inexistentes,NÃO DEFINIDO,Stop,Inexistentes,Betuminoso,Recta,Em patamar,Berma pavimentada,Em plena via,Direita
20171225542,2017:04:06 09:30:00,01/06/00,04/01/00,01/01/00,Polícia de Segurança Pública,50.0,50.0,Quinta-Feira ,"38,814740","-9,218742",0,0,1,Estrada sem separador,Seco e limpo,Lisboa,Odivelas,União das freguesias de Ramada e Caneças,Caneças,Rua República                                                                                       ,Arruamento,0,Em bom estado,,Bom tempo,Dois sentidos,Fora da intersecção,Dentro das localidades,Em pleno dia,Sem marcas rodoviárias ou pouco visíveis,Colisão traseira com outro veículo em movimento,NÃO DEFINIDO,Inexistentes,NÃO DEFINIDO,Outros,Inexistentes,Betuminoso,Recta,Em patamar,Berma pavimentada,Em plena via,Direita