Id. Acidente,Datahora,Dia,Mês,Hora,Entidades Fiscalizadoras,Velocidade local,Velocidade geral,Dia da Semana,Latitude GPS,Longitude GPS,Num. Mortos a 30 dias,Num. Feridos graves a 30 dias,Num. Feridos ligeiros a 30 dias,Características Tecnicas1,Cond Aderência,Distrito,Concelho,Freguesia,Pov. Proxima,Nome arruamento,Tipos Vias,Cod Via,Estado Conservação,Km,Factores Atmosféricos,Reg Circulação1,Intersecção Vias,Localizações,Luminosidade,Marca Via,Natureza,Obras Arte,Obstáculos,Sentidos,Sinais,Sinais Luminosos,Tipo Piso,Traçado 1,Traçado 2,Traçado 3,Traçado 4,Via Trânsito
20161047433,2016:04:10 10:30:00,01/10/00,04/01/00,01/01/00,Polícia de Segurança Pública,50.0,50.0,Domingo      ,"41,166854","-8,625057",0,0,2,Estrada sem separador,Molhado,Porto,Porto,Ramalde,Porto,Praça Exército Libertador                                                                           ,Arruamento,0,Em bom estado,,Bom tempo,Dois sentidos,Em cruzamento,Dentro das localidades,Em pleno dia,Com marcas - separadoras de sentido de trânsito,Colisão com outras situações,NÃO DEFINIDO,Inexistentes,NÃO DEFINIDO,Outros,A funcionar normalmente,Betuminoso,Recta,Em patamar,Berma pavimentada,Em plena via,Direita
20181397660,2018:04:30 11:20:00,01/30/00,04/01/00,01/01/00,Polícia de Segurança Pública,50.0,50.0,Segunda-Feira,38.7603078,-9.1491636,0,0,2,Estrada sem separador,Seco e limpo,Lisboa,Lisboa,Alvalade,,Rua Murtas                                                                                          ,Arruamento,0,Em estado regular,,Bom tempo,Dois sentidos,Em cruzamento,Dentro das localidades,Em pleno dia,Com marcas - separadoras de sentido e de vias de trânsito,Colisão com outras situações,NÃO DEFINIDO,Inexistentes,NÃO DEFINIDO,Outros,A funcionar normalmente,Betuminoso,Curva,Com inclinação,Berma pavimentada,Em plena via,Direita
2011535973,2011:04:23 21:15:00,01/23/00,04/01/00,01/01/00,Guarda Nacional Republicana,50.0,50.0,Sábado       ,,,0,0,1,Estrada sem separador,Seco e limpo,Leiria,Pombal,Carnide,CARNIDE,R VALE DAS MOITAS - CARNIDE,Arruamento,0,Em bom estado,,Bom tempo,Dois sentidos,Fora da intersecção,Dentro das localidades,"Noite, com iluminação",Com marcas - separadoras de sentido de trânsito,Colisão traseira com outro veículo em movimento,NÃO DEFINIDO,Inexistentes,NÃO DEFINIDO,NÃO DEFINIDO,Inexistentes,Betuminoso,Recta,Em patamar,Sem berma ou impraticável,Em plena via,Direita
2014788230,2014:04:12 14:35:00,01/12/00,04/01/00,01/01/00,Polícia de Segurança Pública,50.0,50.0,Sábado       ,"41,147101","-8,606761",0,0,1,Estrada sem separador,Seco e limpo,Porto,Porto,"União das freguesias de Cedofeita, Santo Ildefonso, Sé, Miragaia, São Nicolau e Vitória",,Rua Santa Catarina                                                                                  ,Arruamento,0,Em bom estado,,Bom tempo,Sentido único,Fora da intersecção,Dentro das localidades,Em pleno dia,Sem marcas rodoviárias ou pouco visíveis,Despiste com dispositivo de retenção,NÃO DEFINIDO,Inexistentes,NÃO DEFINIDO,NÃO DEFINIDO,Inexistentes,Betuminoso,Recta,Em patamar,Berma pavimentada,Em plena via,Direita
2011536936,2011:04:27 20:00:00,01/27/00,04/01/00,01/01/00,Guarda Nacional Republicana,90.0,90.0,Quarta-Feira ,,,0,0,1,Estrada sem separador,Seco e limpo,Aveiro,Arouca,Rossas,RIBEIRA,,EM - Estrada Municipal,0,Em estado regular,,Bom tempo,Dois sentidos,Fora da intersecção,Fora das localidades,Em pleno dia,Sem marcas rodoviárias ou pouco visíveis,Despiste simples,NÃO DEFINIDO,Inexistentes,NÃO DEFINIDO,NÃO DEFINIDO,Inexistentes,Betuminoso,Curva,Com inclinação,Berma não pavimentada,Em plena via,Direita
2014831599,2014:04:05 17:00:00,01/05/00,04/01/00,01/01/00,Guarda Nacional Republicana,50.0,50.0,Sábado       ,"41,312889","-8,379291",0,0,1,Estrada sem separador,Molhado,Braga,Barcelos,Barcelinhos,,,EN - Estrada Nacional,EN205,Em bom estado,21.41,Chuva,Reversível,Fora da intersecção,Dentro das localidades,Em pleno dia,Com marcas - separadoras de sentido de trânsito,Colisão com outras situações,NÃO DEFINIDO,Inexistentes,NÃO DEFINIDO,Outros,Inexistentes,Betuminoso,Curva,Em patamar,Berma pavimentada,Na berma,Direita
20191688782,2019:04:24 11:30:00,01/24/00,04/01/00,01/01/00,Guarda Nacional Republicana,60.0,60.0,Quarta-Feira ,"41,741780","-7,473165",0,0,1,Estrada sem separador,Húmido,Vila Real,Chaves,União das freguesias da Madalena e Samaiões,Izei,,ER - Estrada Regional,ER314,Em bom estado,"0,1",Chuva,Dois sentidos,Fora da intersecção,Fora das localidades,Em pleno dia,Com marcas - separadoras de sentido de trânsito,Despiste com capotamento,NÃO DEFINIDO,Inexistentes,NÃO DEFINIDO,NÃO DEFINIDO,Inexistentes,Betuminoso,Curva,Em patamar,Sem berma ou impraticável,Em plena via,Direita
20171256535,2017:04:06 16:10:00,01/06/00,04/01/00,01/01/00,Guarda Nacional Republicana,50.0,50.0,Quinta-Feira ,"41,445610","-8,408451",0,0,2,Estrada sem separador,Seco e limpo,Braga,Guimaraes,"União das freguesias de Airão Santa Maria, Airão São João e Vermil",airão,rua santa luzia,Arruamento,0,Em estado regular,,Bom tempo,Dois sentidos,Fora da intersecção,Dentro das localidades,Em pleno dia,Com marcas - separadoras de sentido de trânsito,Despiste simples,NÃO DEFINIDO,Inexistentes,NÃO DEFINIDO,NÃO DEFINIDO,Inexistentes,Betuminoso,Recta,Em patamar,Sem berma ou impraticável,Em plena via,Direita
2011526497,2011:04:28 23:30:00,01/28/00,04/01/00,01/01/00,Polícia de Segurança Pública,50.0,50.0,Quinta-Feira ,"0,00","0,00",0,1,0,Estrada sem separador,Seco e limpo,Santarém,Tomar,Tomar (Santa Maria dos Olivais),,,EN - Estrada Nacional,EN110,Em bom estado,,Bom tempo,Dois sentidos,Fora da intersecção,Dentro das localidades,"Noite, com iluminação",Sem marcas rodoviárias ou pouco visíveis,Despiste com colisão com veículo imobil. ou obstáculo,NÃO DEFINIDO,Inexistentes,NÃO DEFINIDO,Outros,Inexistentes,Betão de cimento,Recta,Em patamar,Sem berma ou impraticável,Em plena via,Direita
20181428969,2018:04:06 16:45:00,01/06/00,04/01/00,01/01/00,Guarda Nacional Republicana,50.0,50.0,Sexta-Feira  ,"37,117196","-8,044808",0,0,1,Estrada sem separador,Molhado,Faro,Loule,Loulé (São Sebastião),Loulé,,EN - Estrada Nacional,EN396,Em mau estado,"19,5",Chuva,Dois sentidos,Fora da intersecção,Dentro das localidades,Em pleno dia,Sem marcas rodoviárias ou pouco visíveis,Despiste simples,NÃO DEFINIDO,Inexistentes,NÃO DEFINIDO,NÃO DEFINIDO,Inexistentes,Betuminoso,Curva,Em patamar,Sem berma ou impraticável,Em plena via,Direita
2011536990,2011:04:23 16:05:00,01/23/00,04/01/00,01/01/00,Guarda Nacional Republicana,50.0,50.0,Sábado       ,,,0,0,2,Outra via,Seco e limpo,Coimbra,Coimbra,Santo António dos Olivais,COIMBRA,AV PROF GOUVEIA MONTEIRO,Arruamento,0,Em bom estado,,Bom tempo,Sentido único,Fora da intersecção,Dentro das localidades,Em pleno dia,Com marcas - separadoras de sentido e de vias de trânsito,Colisão traseira com outro veículo em movimento,NÃO DEFINIDO,Inexistentes,NÃO DEFINIDO,Outros,Inexistentes,Betuminoso,Recta,Com inclinação,Sem berma ou impraticável,Em plena via,Direita
2015925489,2015:04:16 17:35:00,01/16/00,04/01/00,01/01/00,Polícia de Segurança Pública,50.0,50.0,Quinta-Feira ,"38,720874","-9,160936",0,0,1,Estrada sem separador,Seco e limpo,Lisboa,Lisboa,Campo de Ourique,Lisboa,Rua Dom João V                                                                                      ,Arruamento,0,Em bom estado,,Bom tempo,Dois sentidos,Fora da intersecção,Dentro das localidades,Em pleno dia,Sem marcas rodoviárias ou pouco visíveis,Atropelamento de peões,NÃO DEFINIDO,Inexistentes,NÃO DEFINIDO,Outros,A funcionar normalmente,Betuminoso,Recta,Em patamar,Berma pavimentada,Em plena via,Direita
2012602260,2012:04:20 01:30:00,01/20/00,04/01/00,01/01/00,Polícia de Segurança Pública,50.0,50.0,Sexta-Feira  ,"0,00","0,00",0,0,1,Outra via,Seco e limpo,Bragança,Braganca,Bragança (Sé),,Rua Alexandre Herculano,Arruamento,0,Em bom estado,,Chuva,Dois sentidos,Fora da intersecção,Dentro das localidades,"Noite, com iluminação",Sem marcas rodoviárias ou pouco visíveis,Despiste com colisão com veículo imobil. ou obstáculo,NÃO DEFINIDO,Inexistentes,No sentido crescente da quilometragem,NÃO DEFINIDO,Intermitente,Calçada,Recta,Em patamar,Berma pavimentada,No passeio,Direita
2010456461,2010:04:02 19:20:00,01/02/00,04/01/00,01/01/00,Guarda Nacional Republicana,120.0,120.0,Sexta-Feira  ,"40,840311","-8,565745",0,0,2,Auto-estrada,Húmido,Aveiro,Ovar,Válega,VALEGA,,A  - Auto-Estrada,A29,Em bom estado,18.45,Chuva,Sentido único,Fora da intersecção,Fora das localidades,Em pleno dia,Com marcas - separadoras de sentido e de vias de trânsito,Despiste simples,NÃO DEFINIDO,Inexistentes,No sentido decrescente da quilometragem,Outros,Inexistentes,Betuminoso,Recta,Em patamar,Berma pavimentada,Em plena via,Direita
2015959419,2015:04:25 18:50:00,01/25/00,04/01/00,01/01/00,Guarda Nacional Republicana,50.0,50.0,Sábado       ,"38,842555","-9,376096",0,0,1,Estrada sem separador,Molhado,Lisboa,Sintra,União das freguesias de São João das Lampas e Terrugem,Terrugem,,EN - Estrada Nacional,EN247,Em bom estado,68.0,Chuva,Dois sentidos,Em cruzamento,Dentro das localidades,Aurora ou crepúsculo,Com marcas - separadoras de sentido e de vias de trânsito,Colisão frontal,NÃO DEFINIDO,Inexistentes,NÃO DEFINIDO,Stop,Inexistentes,NÃO DEFINIDO,Recta,Em patamar,Berma não pavimentada,Em plena via,Direita
2010456424,2010:04:03 12:00:00,01/03/00,04/01/00,01/01/00,Guarda Nacional Republicana,90.0,90.0,Sábado       ,"41,080702","-7,393397",0,0,1,Estrada sem separador,Húmido,Viseu,Sao Joao da Pesqueira,Vilarouco,VILAROUCO,,EN - Estrada Nacional,EN229,Em estado regular,3.03,Chuva,Dois sentidos,Fora da intersecção,Fora das localidades,Em pleno dia,Com marcas - separadoras de sentido de trânsito,Colisão lateral com outro veículo em movimento,NÃO DEFINIDO,Inexistentes,NÃO DEFINIDO,Proibição de ultrapassagem,Inexistentes,Betuminoso,Curva,Com inclinação,Berma não pavimentada,Em plena via,Direita
2010456425,2010:04:14 08:20:00,01/14/00,04/01/00,01/01/00,Guarda Nacional Republicana,50.0,50.0,Quarta-Feira ,,,0,0,1,Estrada sem separador,Molhado,Viseu,Armamar,São Cosmado,CONTIM,,EM - Estrada Municipal,EM313,Em bom estado,100.395,Chuva,Dois sentidos,Fora da intersecção,Dentro das localidades,Em pleno dia,Sem marcas rodoviárias ou pouco visíveis,Colisão lateral com outro veículo em movimento,NÃO DEFINIDO,Inexistentes,NÃO DEFINIDO,Outros,Inexistentes,Betuminoso,Recta,Com inclinação,Berma pavimentada,Em plena via,Direita
2014789533,2014:04:15 11:45:00,01/15/00,04/01/00,01/01/00,Polícia de Segurança Pública,50.0,50.0,Terça-Feira  ,"38,706522","-9,157126",0,0,1,Estrada sem separador,Seco e limpo,Lisboa,Lisboa,Estrela,Lisboa,CALÇADA RIBEIRO DE SANTOS,Arruamento,0,Em estado regular,,Bom tempo,Dois sentidos,Fora da intersecção,Dentro das localidades,Em pleno dia,Com marcas - separadoras de sentido e de vias de trânsito,Despiste sem dispositivo de retenção,NÃO DEFINIDO,Inexistentes,NÃO DEFINIDO,Outros,Inexistentes,Calçada,Recta,Com inclinação,Sem berma ou impraticável,Em plena via,Direita
2012612652,2012:04:12 11:30:00,01/12/00,04/01/00,01/01/00,Guarda Nacional Republicana,90.0,90.0,Quinta-Feira ,"40,304290","-8,034312",0,0,1,Estrada sem separador,Seco e limpo,Coimbra,Tabua,Espariz,GANDARA DE ESPARIZ,,EN - Estrada Nacional,EN17,Em estado regular,57.92,Bom tempo,Sentido único,Em cruzamento,Fora das localidades,Em pleno dia,Com marcas - separadoras de sentido de trânsito,Colisão lateral com outro veículo em movimento,NÃO DEFINIDO,Inexistentes,NÃO DEFINIDO,Stop,Inexistentes,Betuminoso,Recta,Em patamar,Sem berma ou impraticável,Em plena via,Direita
2015918159,2015:04:06 19:15:00,01/06/00,04/01/00,01/01/00,Polícia de Segurança Pública,50.0,50.0,Segunda-Feira,"41,191941","-8,659255",0,0,1,Estrada sem separador,Seco e limpo,Porto,Matosinhos,União das freguesias de Matosinhos e Leça da Palmeira,Matosinhos,Rua Lagoa                                                                                           ,Arruamento,0,Em estado regular,,Bom tempo,Dois sentidos,Fora da intersecção,Dentro das localidades,Em pleno dia,Sem marcas rodoviárias ou pouco visíveis,Atropelamento de peões,NÃO DEFINIDO,Inexistentes,NÃO DEFINIDO,Passagem de peões,Inexistentes,Betuminoso,Recta,Em patamar,Berma pavimentada,Em plena via,Direita
20181383730,2018:04:19 09:45:00,01/19/00,04/01/00,01/01/00,Polícia de Segurança Pública,50.0,50.0,Quinta-Feira ,"0,0","0,0",0,0,1,Estrada sem separador,Seco e limpo,Porto,Gondomar,"União das freguesias de Gondomar (São Cosme), Valbom e Jovim",Valbom,Rua Luís de Camões                                                                                  ,Arruamento,0,Em estado regular,,Bom tempo,Dois sentidos,Em entroncamento,Dentro das localidades,Em pleno dia,Com marcas - separadoras de sentido de trânsito,Colisão lateral com outro veículo em movimento,NÃO DEFINIDO,Inexistentes,NÃO DEFINIDO,Stop,Inexistentes,Betuminoso,Curva,Em patamar,Berma pavimentada,Em plena via,Direita
2014791173,2014:04:18 21:24:00,01/18/00,04/01/00,01/01/00,Polícia de Segurança Pública,50.0,50.0,Sexta-Feira  ,"39,454881","-8,199721",0,1,0,Estrada sem separador,Seco e limpo,Santarém,Abrantes,União das freguesias de Abrantes (São Vicente e São João) e Alferrarede,Abrantes,Avenida do Paiol,Arruamento,0,Em estado regular,,Bom tempo,Dois sentidos,Em entroncamento,Dentro das localidades,"Noite, com iluminação",Com marcas - separadoras de sentido e de vias de trânsito,Despiste com capotamento,NÃO DEFINIDO,Inexistentes,NÃO DEFINIDO,NÃO DEFINIDO,Desligada,Betuminoso,Recta,Com inclinação,Sem berma ou impraticável,Em plena via,Direita
2010444932,2010:04:04 14:00:00,01/04/00,04/01/00,01/01/00,Polícia de Segurança Pública,50.0,50.0,Domingo      ,"0,00","0,00",0,0,1,Estrada sem separador,Húmido,Évora,Evora,Horta das Figueiras,,Rua São João Bosco,Arruamento,0,Em estado regular,,Bom tempo,Dois sentidos,NÃO DEFINIDO,Dentro das localidades,Em pleno dia,Sem marcas rodoviárias ou pouco visíveis,Despiste com capotamento,NÃO DEFINIDO,Inexistentes,NÃO DEFINIDO,NÃO DEFINIDO,Inexistentes,Terra batida,Recta,Em patamar,Sem berma ou impraticável,Em plena via,Direita
20161052378,2016:04:05 16:50:00,01/05/00,04/01/00,01/01/00,Polícia de Segurança Pública,50.0,50.0,Terça-Feira  ,"39,399743","-9,142522",0,0,1,Estrada sem separador,Seco e limpo,Leiria,Caldas da Rainha,União das freguesias de Caldas da Rainha - Santo Onofre e Serra do Bouro,,Avenida Mestre António Vitorino                                                                     ,Arruamento,0,Em estado regular,,Bom tempo,Dois sentidos,Fora da intersecção,Dentro das localidades,Em pleno dia,Sem marcas rodoviárias ou pouco visíveis,Atropelamento de peões,NÃO DEFINIDO,Inexistentes,NÃO DEFINIDO,NÃO DEFINIDO,Inexistentes,Terra batida,Recta,Em patamar,Berma não pavimentada,Na berma,Direita
2010447862,2010:04:13 20:50:00,01/13/00,04/01/00,01/01/00,Polícia de Segurança Pública,50.0,50.0,Terça-Feira  ,"0,00","0,00",0,0,1,Estrada sem separador,Seco e limpo,Lisboa,Cascais,Estoril,,Avenida António Marques Leal,Arruamento,0,Em bom estado,,Bom tempo,Sentido único,Fora da intersecção,Dentro das localidades,"Noite, com iluminação",Com marcas - separadoras de sentido e de vias de trânsito,Colisão com fuga,NÃO DEFINIDO,Inexistentes,NÃO DEFINIDO,Stop,A funcionar normalmente,Betuminoso,Recta,Em patamar,Sem berma ou impraticável,Em plena via,Esquerda
2014833376,2014:04:03 07:40:00,01/03/00,04/01/00,01/01/00,Guarda Nacional Republicana,50.0,50.0,Quinta-Feira ,"40,451715","-8,343237",0,0,1,Estrada sem separador,Molhado,Aveiro,Estarreja,União das freguesias de Beduído e Veiros,Estarreja,Rua Desembargador Correia Teles,Arruamento,0,Em bom estado,,Chuva,Sentido único,Em rotunda,Dentro das localidades,Aurora ou crepúsculo,Com marcas - separadoras de sentido e de vias de trânsito,Despiste simples,NÃO DEFINIDO,Inexistentes,NÃO DEFINIDO,NÃO DEFINIDO,Inexistentes,Betuminoso,Recta,Em patamar,Berma pavimentada,Em plena via,Direita
2010455822,2010:04:13 13:50:00,01/13/00,04/01/00,01/01/00,Guarda Nacional Republicana,50.0,50.0,Terça-Feira  ,,,0,0,2,Estrada sem separador,Seco e limpo,Porto,Valongo,Campo,CAMPO,R CENTRAL FERVANCA,Arruamento,0,Em mau estado,,Bom tempo,Dois sentidos,Fora da intersecção,Dentro das localidades,Em pleno dia,Sem marcas rodoviárias ou pouco visíveis,Despiste com capotamento,NÃO DEFINIDO,Inexistentes,NÃO DEFINIDO,Outros,Inexistentes,Calçada,Recta,Em patamar,Sem berma ou impraticável,Em plena via,Direita
20171261018,2017:04:30 18:20:00,01/30/00,04/01/00,01/01/00,Guarda Nacional Republicana,120.0,120.0,Domingo      ,"38,716428","-9,224250",0,0,2,Auto-estrada,Seco e limpo,Lisboa,Oeiras,"União das freguesias de Algés, Linda-a-Velha e Cruz Quebrada-Dafundo",Carnaxide,,A  - Auto-Estrada,A5,Em bom estado,"4,4",Bom tempo,Sentido único,Fora da intersecção,Fora das localidades,Em pleno dia,Com marcas - separadoras de sentido de trânsito,Colisão lateral com outro veículo em movimento,NÃO DEFINIDO,Inexistentes,No sentido crescente da quilometragem,NÃO DEFINIDO,Desligada,Betuminoso,Recta,Com inclinação,Berma pavimentada,Em plena via,Esquerda
20191670897,2019:04:08 15:45:00,01/08/00,04/01/00,01/01/00,Polícia de Segurança Pública,50.0,50.0,Segunda-Feira,"38,700426","-9,233238",0,0,1,Estrada sem separador,Seco e limpo,Lisboa,Oeiras,"União das freguesias de Algés, Linda-a-Velha e Cruz Quebrada-Dafundo",Linda a Velha,Rua João Chagas                                                                                     ,Arruamento,0,Em bom estado,,Bom tempo,Dois sentidos,Em entroncamento,Dentro das localidades,Em pleno dia,Com marcas - separadoras de sentido e de vias de trânsito,Colisão com veiculo ou obstáculo na faixa de rodagem,NÃO DEFINIDO,Inexistentes,NÃO DEFINIDO,Outros,Inexistentes,Betuminoso,Recta,Em Lomba,Sem berma ou impraticável,Em plena via,Direita
20161144293,2016:04:08 19:30:00,01/08/00,04/01/00,01/01/00,Guarda Nacional Republicana,50.0,50.0,Sexta-Feira  ,"38,499376","-9,213966",0,0,1,Estrada sem separador,Seco e limpo,Lisboa,Sintra,"União das freguesias de Sintra (Santa Maria e São Miguel, São Martinho e São Pedro de Penaferrim)",RAL,,EN - Estrada Nacional,EN9,Em bom estado,"17,66",Bom tempo,Dois sentidos,Fora da intersecção,Fora das localidades,"Noite, com iluminação",Com marcas - separadoras de sentido de trânsito,Colisão traseira com outro veículo em movimento,NÃO DEFINIDO,Inexistentes,NÃO DEFINIDO,NÃO DEFINIDO,Inexistentes,Betuminoso,Recta,Em patamar,Berma não pavimentada,Em plena via,Direita
2011529558,2011:04:21 17:00:00,01/21/00,04/01/00,01/01/00,Guarda Nacional Republicana,,,Quinta-Feira ,,,0,0,2,NÃO DEFINIDO,Húmido,Porto,Lousada,Lustosa,,R DO POMBAL - LUSTOSA,Arruamento,0,Em bom estado,,Chuva,Dois sentidos,Fora da intersecção,Dentro das localidades,Em pleno dia,Sem marcas rodoviárias ou pouco visíveis,Colisão lateral com outro veículo em movimento,NÃO DEFINIDO,Inexistentes,NÃO DEFINIDO,Outros,Inexistentes,Betuminoso,Recta,Em patamar,Sem berma ou impraticável,Em plena via,Esquerda
20161143142,2016:04:03 12:40:00,01/03/00,04/01/00,01/01/00,Guarda Nacional Republicana,50.0,50.0,Domingo      ,"38,624989","-9,088391",0,0,1,Estrada sem separador,Seco e limpo,Setúbal,Seixal,"União das freguesias do Seixal, Arrentela e Aldeia de Paio Pires",PAIO PIRES,Rua José Eugénio Pinheiro da Costa,Arruamento,0,Em bom estado,,Bom tempo,Dois sentidos,Em entroncamento,Dentro das localidades,Em pleno dia,Sem marcas rodoviárias ou pouco visíveis,Colisão lateral com outro veículo em movimento,NÃO DEFINIDO,Inexistentes,NÃO DEFINIDO,Cedência de passagem,Inexistentes,Betuminoso,Recta,Em patamar,Sem berma ou impraticável,Em plena via,Direita
20191692967,2019:04:05 18:30:00,01/05/00,04/01/00,01/01/00,Guarda Nacional Republicana,50.0,50.0,Sexta-Feira  ,"40,379820","-8,396475",0,0,1,Estrada sem separador,Húmido,Aveiro,Mealhada,Luso,Luso - Mealhada,,EN - Estrada Nacional,EN234,Em estado regular,"33,9",Chuva,Dois sentidos,Fora da intersecção,Fora das localidades,Aurora ou crepúsculo,Com marcas - separadoras de sentido de trânsito,Colisão lateral com outro veículo em movimento,NÃO DEFINIDO,Inexistentes,NÃO DEFINIDO,NÃO DEFINIDO,Inexistentes,Betuminoso,Recta,Em patamar,Berma não pavimentada,Em plena via,Direita
2011501701,2010:04:24 12:50:00,01/24/00,04/01/00,01/01/00,Polícia de Segurança Pública,100.0,100.0,Sábado       ,"0,00","0,00",0,0,6,Outra via,Húmido,Lisboa,Odivelas,Olival Basto,,,IC - Itinerário Complementar,IC17,Em estado regular,,Bom tempo,Dois sentidos,NÃO DEFINIDO,Fora das localidades,Em pleno dia,Com marcas - separadoras de sentido de trânsito,Colisão traseira com outro veículo em movimento,NÃO DEFINIDO,Inexistentes,NÃO DEFINIDO,Outros,Inexistentes,Betuminoso,Recta,Em patamar,Berma não pavimentada,Em plena via,Central
2013711027,2013:04:11 02:55:00,01/11/00,04/01/00,01/01/00,Guarda Nacional Republicana,50.0,50.0,Quinta-Feira ,"40,593222","-08,352669",0,1,0,Estrada sem separador,Molhado,Aveiro,Santa Maria da Feira,São Paio de Oleiros,São Paio de Oleiros,Rua do Ribeirinho,Arruamento,0,Em estado regular,,Chuva,Dois sentidos,Fora da intersecção,Dentro das localidades,"Noite, com iluminação",Sem marcas rodoviárias ou pouco visíveis,Despiste com colisão com veículo imobil. ou obstáculo,NÃO DEFINIDO,Inexistentes,NÃO DEFINIDO,Outros,Inexistentes,Betuminoso,Recta,Em patamar,Berma não pavimentada,Na berma,Direita
20181401249,2018:04:29 10:50:00,01/29/00,04/01/00,01/01/00,Polícia de Segurança Pública,50.0,50.0,Domingo      ,38.7239892,-9.1879848,0,0,1,Estrada sem separador,Molhado,Lisboa,Lisboa,Alcântara,,Estrada Alvito,Arruamento,0,Em estado regular,,Chuva,Dois sentidos,Fora da intersecção,Dentro das localidades,Em pleno dia,Com marcas - separadoras de sentido e de vias de trânsito,Colisão frontal,NÃO DEFINIDO,Inexistentes,NÃO DEFINIDO,Outros,Inexistentes,Betuminoso,Recta,Com inclinação,Berma pavimentada,Em plena via,Direita
20181384355,2018:04:22 14:50:00,01/22/00,04/01/00,01/01/00,Polícia de Segurança Pública,40.0,40.0,Domingo      ,"0,0","0,0",0,0,1,Estrada sem separador,Seco e limpo,Vila Real,Vila Real,"União das freguesias de Vila Real (Nossa Senhora da Conceição, São Pedro e São Dinis)",,Avenida Aureliano Barrigas                                                                          ,Arruamento,0,Em bom estado,,Bom tempo,Sentido único,Fora da intersecção,Dentro das localidades,Em pleno dia,Com marcas - separadoras de sentido de trânsito,Atropelamento de peões,NÃO DEFINIDO,Inexistentes,NÃO DEFINIDO,NÃO DEFINIDO,Inexistentes,Betuminoso,Recta,Em patamar,Berma pavimentada,Em plena via,Direita
20191671559,2019:04:05 11:30:00,01/05/00,04/01/00,01/01/00,Polícia de Segurança Pública,30.0,50.0,Sexta-Feira  ,"0,0","0,0",0,0,2,Estrada sem separador,Molhado,Braga,Barcelos,Arcozelo,Barcelos,Rua Esparrinha com a Rua da Cachada,Arruamento,0,Em estado regular,,Chuva,Dois sentidos,Em entroncamento,Dentro das localidades,Em pleno dia,Com marcas - separadoras de sentido de trânsito,Colisão lateral com outro veículo em movimento,NÃO DEFINIDO,Inexistentes,NÃO DEFINIDO,Stop,Inexistentes,Betuminoso,Curva,Em patamar,Berma pavimentada,Em plena via,Direita
2015959397,2015:04:18 03:00:00,01/18/00,04/01/00,01/01/00,Guarda Nacional Republicana,50.0,90.0,Sábado       ,"39,164164","-9,195126",0,0,1,Estrada sem separador,Seco e limpo,Lisboa,Lourinha,Ribamar,Vale de Adros,,EN - Estrada Nacional,EN247,Em estado regular,8.7,Bom tempo,Dois sentidos,Fora da intersecção,Dentro das localidades,"Noite, com iluminação",Com marcas - separadoras de sentido e de vias de trânsito,Despiste com colisão com veículo imobil. ou obstáculo,NÃO DEFINIDO,Inexistentes,NÃO DEFINIDO,NÃO DEFINIDO,Intermitente,Betuminoso,Recta,Com inclinação,Berma pavimentada,Na berma,Direita
2011528609,2011:04:03 18:35:00,01/03/00,04/01/00,01/01/00,Polícia de Segurança Pública,50.0,50.0,Domingo      ,"0,00","0,00",0,0,1,Estrada sem separador,NÃO DEFINIDO,Faro,Portimao,Portimão,Portimão,Arruamento sem nome ,Arruamento,0,NÃO DEFINIDO,,NÃO DEFINIDO,Dois sentidos,NÃO DEFINIDO,Dentro das localidades,NÃO DEFINIDO,NÃO DEFINIDO,Atropelamento de peões,NÃO DEFINIDO,NÃO DEFINIDO,NÃO DEFINIDO,NÃO DEFINIDO,NÃO DEFINIDO,NÃO DEFINIDO,NÃO DEFINIDO,NÃO DEFINIDO,NÃO DEFINIDO,NÃO DEFINIDO,Direita
20181383445,2018:04:16 15:00:00,01/16/00,04/01/00,01/01/00,Polícia de Segurança Pública,50.0,50.0,Segunda-Feira,41.6996738,-8.8244335,1,0,0,Estrada sem separador,Seco e limpo,Viana do Castelo,Viana do Castelo,União das freguesias de Viana do Castelo (Santa Maria Maior e Monserrate) e Meadela,Viana do Castelo,Avenida Capitão Gaspar de Castro,Arruamento,0,Em estado regular,,Bom tempo,Dois sentidos,Fora da intersecção,Dentro das localidades,Em pleno dia,Sem marcas rodoviárias ou pouco visíveis,Atropelamento de peões,NÃO DEFINIDO,Inexistentes,NÃO DEFINIDO,Outros,Inexistentes,Calçada,Recta,Em patamar,Sem berma ou impraticável,Em parque de estacionamento,Direita
2013678630,2013:04:25 13:40:00,01/25/00,04/01/00,01/01/00,Polícia de Segurança Pública,50.0,50.0,Quinta-Feira ,"0,00","0,00",0,0,1,Estrada sem separador,Seco e limpo,Porto,Porto,Paranhos,Porto,Rua Amial                                                                                           ,Arruamento,0,Em bom estado,,Bom tempo,Dois sentidos,Fora da intersecção,Dentro das localidades,Em pleno dia,Com marcas - separadoras de sentido e de vias de trânsito,Colisão com outras situações,NÃO DEFINIDO,Inexistentes,NÃO DEFINIDO,Outros,Inexistentes,Betuminoso,Recta,Em patamar,Berma pavimentada,Em plena via,Direita
2010450042,2010:04:26 14:50:00,01/26/00,04/01/00,01/01/00,Polícia de Segurança Pública,50.0,50.0,Segunda-Feira,"0,00","0,00",0,0,1,Estrada sem separador,Seco e limpo,Braga,Guimaraes,Guimarães (São Sebastião),,Avenida Dom João IV,Arruamento,0,Em bom estado,,Bom tempo,Dois sentidos,Fora da intersecção,Dentro das localidades,Em pleno dia,Com marcas - separadoras de sentido de trânsito,Atropelamento de peões,NÃO DEFINIDO,Inexistentes,NÃO DEFINIDO,Passagem de peões,Inexistentes,Betuminoso,Recta,Em patamar,Sem berma ou impraticável,Em plena via,Direita