Id. Acidente,Datahora,Dia,Mês,Hora,Entidades Fiscalizadoras,Velocidade local,Velocidade geral,Dia da Semana,Latitude GPS,Longitude GPS,Num. Mortos a 30 dias,Num. Feridos graves a 30 dias,Num. Feridos ligeiros a 30 dias,Características Tecnicas1,Cond Aderência,Distrito,Concelho,Freguesia,Pov. Proxima,Nome arruamento,Tipos Vias,Cod Via,Estado Conservação,Km,Factores Atmosféricos,Reg Circulação1,Intersecção Vias,Localizações,Luminosidade,Marca Via,Natureza,Obras Arte,Obstáculos,Sentidos,Sinais,Sinais Luminosos,Tipo Piso,Traçado 1,Traçado 2,Traçado 3,Traçado 4,Via Trânsito
2011529804,2011:04:19 13:45:00,01/19/00,04/01/00,01/01/00,Guarda Nacional Republicana,90.0,90.0,Terça-Feira  ,"39,07538","9,15712",0,0,1,Estrada sem separador,Molhado,Lisboa,Torres Vedras,Torres Vedras (São Pedro e Santiago,VALE DA AZENHA,,EN - Estrada Nacional,EN8-2,Em estado regular,1.9,Chuva,Dois sentidos,Fora da intersecção,Dentro das localidades,Em pleno dia,Com marcas - separadoras de sentido e de vias de trânsito,Despiste com capotamento,NÃO DEFINIDO,Inexistentes,NÃO DEFINIDO,Outros,Inexistentes,Betuminoso,Recta,Em patamar,Berma não pavimentada,Em plena via,Direita
20181433312,2018:04:24 17:30:00,01/24/00,04/01/00,01/01/00,Guarda Nacional Republicana,50.0,50.0,Terça-Feira  ,"41,546991","-8,642962",0,0,1,Estrada sem separador,Seco e limpo,Braga,Barcelos,Abade de Neiva,Abade de Neiva,rua de amorim,Arruamento,0,Em bom estado,,Bom tempo,Dois sentidos,Fora da intersecção,Dentro das localidades,Em pleno dia,Sem marcas rodoviárias ou pouco visíveis,Despiste simples,NÃO DEFINIDO,Inexistentes,NÃO DEFINIDO,NÃO DEFINIDO,Inexistentes,Terra batida,Recta,Em patamar,Sem berma ou impraticável,Em plena via,Direita
20181433932,2018:04:27 09:10:00,01/27/00,04/01/00,01/01/00,Guarda Nacional Republicana,120.0,120.0,Sexta-Feira  ,"41,157037","-8,571015",0,0,1,Auto-estrada,Molhado,Porto,Porto,Campanhã,Porto,,A  - Auto-Estrada,A43,Em estado regular,"1,683",Chuva,Sentido único,Fora da intersecção,Fora das localidades,Em pleno dia,Com marcas - separadoras de sentido de trânsito,Despiste simples,NÃO DEFINIDO,Inexistentes,No sentido crescente da quilometragem,NÃO DEFINIDO,Inexistentes,Betuminoso,Curva,Em patamar,Berma não pavimentada,Em plena via,Direita
20171227114,2017:04:19 13:50:00,01/19/00,04/01/00,01/01/00,Polícia de Segurança Pública,50.0,50.0,Quarta-Feira ,"39,737457","-8,822167",0,0,1,Estrada sem separador,Seco e limpo,Leiria,Leiria,União das freguesias de Parceiros e Azoia,Leiria,Rotunda Aérea sobre a A19,Arruamento,0,Em bom estado,,Bom tempo,Sentido único,Em via de desaceleração,Dentro das localidades,Em pleno dia,Com marcas - separadoras de sentido e de vias de trânsito,Colisão traseira com outro veículo em movimento,NÃO DEFINIDO,Inexistentes,NÃO DEFINIDO,Cedência de passagem,Inexistentes,Betuminoso,Curva,Com inclinação,Berma pavimentada,Em plena via,Direita
2015919892,2015:04:09 10:05:00,01/09/00,04/01/00,01/01/00,Polícia de Segurança Pública,50.0,50.0,Quinta-Feira ,"41,171370","-8,619361",0,0,1,Estrada sem separador,Seco e limpo,Porto,Porto,Paranhos,Porto,Rua Monsanto                                                                                        ,Arruamento,0,Em estado regular,,Bom tempo,Dois sentidos,Em cruzamento,Dentro das localidades,Em pleno dia,Sem marcas rodoviárias ou pouco visíveis,Colisão lateral com outro veículo em movimento,NÃO DEFINIDO,Inexistentes,NÃO DEFINIDO,Cedência de passagem,Inexistentes,Betuminoso,Recta,Em patamar,Sem berma ou impraticável,Em plena via,Direita
2010456404,2010:04:01 04:30:00,01/01/00,04/01/00,01/01/00,Guarda Nacional Republicana,50.0,90.0,Quinta-Feira ,,,0,0,2,Estrada sem separador,Húmido,Viseu,Satao,São Miguel de Vila Boa,,,EM - Estrada Municipal,EM583,Em bom estado,,Bom tempo,Dois sentidos,Fora da intersecção,Fora das localidades,"Noite, sem iluminação",Com marcas - separadoras de sentido de trânsito,Despiste com capotamento,NÃO DEFINIDO,Inexistentes,NÃO DEFINIDO,Outros,Inexistentes,Betuminoso,Curva,Com inclinação,Sem berma ou impraticável,Em plena via,Direita
2010460019,2010:04:04 07:10:00,01/04/00,04/01/00,01/01/00,Guarda Nacional Republicana,90.0,90.0,Domingo      ,,,0,0,1,Estrada sem separador,Com gravilha ou areia,Faro,Loule,Almancil,ALMANCIL,EST DAS FERRARIAS,Arruamento,0,Em estado regular,,Bom tempo,Dois sentidos,Fora da intersecção,Dentro das localidades,Em pleno dia,Com marcas - separadoras de sentido de trânsito,Despiste com transposição do dispositivo de retenção lateral,NÃO DEFINIDO,Não sinalizados,NÃO DEFINIDO,NÃO DEFINIDO,Inexistentes,Betuminoso,Recta,Com inclinação,Berma não pavimentada,Na berma,Direita
20171226928,2017:04:17 11:55:00,01/17/00,04/01/00,01/01/00,Polícia de Segurança Pública,50.0,50.0,Segunda-Feira,"38,737999","-9,160587",0,0,1,Outra via,Seco e limpo,Lisboa,Lisboa,Campolide,,Avenida Columbano Bordalo Pinheiro                                                                  ,Arruamento,0,Em bom estado,,Bom tempo,Dois sentidos,Fora da intersecção,Dentro das localidades,Em pleno dia,Com marcas - separadoras de sentido e de vias de trânsito,Atropelamento de peões,NÃO DEFINIDO,Inexistentes,NÃO DEFINIDO,Outros,A funcionar normalmente,Betuminoso,Recta,Em patamar,Sem berma ou impraticável,Em plena via,Direita
20161147202,2016:04:23 14:10:00,01/23/00,04/01/00,01/01/00,Guarda Nacional Republicana,50.0,50.0,Sábado       ,"41,443485","-8,369293",0,0,2,Estrada sem separador,Seco e limpo,Viana do Castelo,Ponte de Lima,Correlhã,CORRELHÃ,,EN - Estrada Nacional,EN203,Em estado regular,"17,3",Bom tempo,Dois sentidos,Fora da intersecção,Dentro das localidades,Em pleno dia,Com marcas - separadoras de sentido de trânsito,Colisão frontal,NÃO DEFINIDO,Inexistentes,NÃO DEFINIDO,NÃO DEFINIDO,Inexistentes,Betuminoso,Recta,Em patamar,Berma pavimentada,Em plena via,Direita
2015923804,2015:04:16 09:50:00,01/16/00,04/01/00,01/01/00,Polícia de Segurança Pública,50.0,50.0,Quinta-Feira ,"41,528717","-8,418018",0,0,1,Estrada sem separador,Húmido,Braga,Braga,"União das freguesias de Nogueira, Fraião e Lamaçães",Braga,,EN - Estrada Nacional,EN101,Em bom estado,,Bom tempo,Dois sentidos,Fora da intersecção,Dentro das localidades,Em pleno dia,Com marcas - separadoras de sentido de trânsito,Colisão choque em cadeia,NÃO DEFINIDO,Inexistentes,NÃO DEFINIDO,NÃO DEFINIDO,A funcionar normalmente,Betuminoso,Recta,Em Lomba,Sem berma ou impraticável,Em plena via,Direita
20181384254,2018:04:18 18:50:00,01/18/00,04/01/00,01/01/00,Polícia de Segurança Pública,50.0,50.0,Quarta-Feira ,"0,0","0,0",0,0,1,Estrada sem separador,Seco e limpo,Porto,Valongo,Valongo,Valongo,Rua Calfaioma                                                                                       ,Arruamento,0,Em estado regular,,Bom tempo,Dois sentidos,Em entroncamento,Dentro das localidades,Em pleno dia,Sem marcas rodoviárias ou pouco visíveis,Colisão lateral com outro veículo em movimento,NÃO DEFINIDO,Inexistentes,NÃO DEFINIDO,NÃO DEFINIDO,Inexistentes,Betuminoso,Recta,Com inclinação,Sem berma ou impraticável,Em plena via,Direita
20171226874,2017:04:21 18:00:00,01/21/00,04/01/00,01/01/00,Polícia de Segurança Pública,50.0,50.0,Sexta-Feira  ,"39,834362","-7,493639",0,0,1,Estrada sem separador,Seco e limpo,Castelo Branco,Castelo Branco,Castelo Branco,Castelo Branco,Avenida da Europa,Arruamento,0,Em bom estado,,Bom tempo,Dois sentidos,Fora da intersecção,Dentro das localidades,Em pleno dia,Com marcas - separadoras de sentido e de vias de trânsito,Atropelamento de peões,NÃO DEFINIDO,Inexistentes,NÃO DEFINIDO,Passagem de peões,Inexistentes,Betuminoso,Recta,Com inclinação,Berma pavimentada,Em plena via,Esquerda
20181429369,2018:04:08 13:10:00,01/08/00,04/01/00,01/01/00,Guarda Nacional Republicana,50.0,50.0,Domingo      ,"37,089934","-8,256810",0,0,1,Outra via,Seco e limpo,Faro,Albufeira,Albufeira e Olhos de Água,Albufeira,Avenida dos Descobrimentos - Edif. Lancemar,Arruamento,0,Em bom estado,,Bom tempo,Sentido único,Fora da intersecção,Dentro das localidades,Em pleno dia,Com marcas - separadoras de sentido e de vias de trânsito,Atropelamento de peões,NÃO DEFINIDO,Inexistentes,No sentido decrescente da quilometragem,Passagem de peões,Inexistentes,Betuminoso,Recta,Com inclinação,Berma pavimentada,Em plena via,Direita
20191689393,2019:04:22 07:45:00,01/22/00,04/01/00,01/01/00,Guarda Nacional Republicana,50.0,50.0,Segunda-Feira,"38,649670","-9,194411",0,0,1,Estrada sem separador,Seco e limpo,Setúbal,Almada,União das freguesias de Charneca de Caparica e Sobreda,Vale Figueira,,EN - Estrada Nacional,EN10-1,Em estado regular,"2,3",Bom tempo,Dois sentidos,Em entroncamento,Dentro das localidades,Em pleno dia,Com marcas - separadoras de sentido de trânsito,Colisão lateral com outro veículo em movimento,NÃO DEFINIDO,Inexistentes,NÃO DEFINIDO,NÃO DEFINIDO,Inexistentes,Betuminoso,Recta,Em patamar,Berma pavimentada,Em plena via,Direita
20171231045,2017:04:12 17:00:00,01/12/00,04/01/00,01/01/00,Polícia de Segurança Pública,50.0,50.0,Quarta-Feira ,"38,812303","-9,129225",0,0,1,Estrada sem separador,Seco e limpo,Lisboa,Loures,"União das freguesias de Camarate, Unhos e Apelação",Apelação,,EN - Estrada Nacional,EN250,Em estado regular,"33,1",Bom tempo,Dois sentidos,Fora da intersecção,Dentro das localidades,Em pleno dia,Sem marcas rodoviárias ou pouco visíveis,Colisão lateral com outro veículo em movimento,NÃO DEFINIDO,Inexistentes,NÃO DEFINIDO,NÃO DEFINIDO,Inexistentes,Betuminoso,Recta,Com inclinação,Berma não pavimentada,Em plena via,Direita
2012611764,2012:04:10 10:00:00,01/10/00,04/01/00,01/01/00,Guarda Nacional Republicana,50.0,50.0,Terça-Feira  ,,,0,1,0,Estrada sem separador,Molhado,Braga,Barcelos,Paradela,,R SANTA MARINHA,Arruamento,0,Em estado regular,,Chuva,Dois sentidos,Fora da intersecção,Dentro das localidades,Em pleno dia,Sem marcas rodoviárias ou pouco visíveis,Despiste simples,NÃO DEFINIDO,Inexistentes,NÃO DEFINIDO,Outros,Inexistentes,Calçada,Curva,Com inclinação,Sem berma ou impraticável,Na berma,Direita
2013677755,2013:04:18 14:35:00,01/18/00,04/01/00,01/01/00,Polícia de Segurança Pública,70.0,70.0,Quinta-Feira ,"0,00","0,00",0,0,1,Auto-estrada,Seco e limpo,Lisboa,Lisboa,Alcântara,,,A  - Auto-Estrada,A2,Em estado regular,3.8,Bom tempo,Sentido único,Fora da intersecção,Fora das localidades,Em pleno dia,Com marcas - separadoras de sentido e de vias de trânsito,Colisão traseira com outro veículo em movimento,NÃO DEFINIDO,Inexistentes,No sentido crescente da quilometragem,Outros,Inexistentes,Betuminoso,Recta,Em patamar,Berma pavimentada,Em plena via,Esquerda
2012603486,2012:04:18 10:05:00,01/18/00,04/01/00,01/01/00,Polícia de Segurança Pública,50.0,50.0,Quarta-Feira ,"0,00","0,00",0,0,1,Estrada sem separador,Seco e limpo,Braga,Braga,Braga (São José de São Lázaro),,Largo Santo Adrião                                                                                  ,Arruamento,0,Em bom estado,,Chuva,Dois sentidos,Em entroncamento,Dentro das localidades,Em pleno dia,Sem marcas rodoviárias ou pouco visíveis,Despiste simples,NÃO DEFINIDO,Inexistentes,NÃO DEFINIDO,NÃO DEFINIDO,Inexistentes,Betuminoso,Curva,Com inclinação,Berma pavimentada,Em plena via,Direita
2015958903,2015:04:15 00:15:00,01/15/00,04/01/00,01/01/00,Guarda Nacional Republicana,50.0,50.0,Quarta-Feira ,"40,242141","-8,134103",0,0,1,Estrada sem separador,Húmido,Viseu,Mortagua,"União das freguesias de Mortágua, Vale de Remígio, Cortegaça e Almaça",,Avª do Reguengo,Arruamento,0,Em estado regular,,Chuva,Dois sentidos,Fora da intersecção,Dentro das localidades,"Noite, com iluminação",Com marcas - separadoras de sentido de trânsito,Despiste com capotamento,NÃO DEFINIDO,Inexistentes,NÃO DEFINIDO,Outros,Inexistentes,Betuminoso,Curva,Em patamar,Berma pavimentada,Em plena via,Direita
2014832478,2014:04:19 18:10:00,01/19/00,04/01/00,01/01/00,Guarda Nacional Republicana,50.0,50.0,Sábado       ,"41,238222","-8,413296",0,0,1,Estrada sem separador,Seco e limpo,Porto,Paredes,Lordelo,Lordelo,Avª Adelino Amaro da Costa,Arruamento,0,Em bom estado,,Bom tempo,Dois sentidos,Fora da intersecção,Dentro das localidades,Em pleno dia,Com marcas - separadoras de sentido de trânsito,Atropelamento com fuga,NÃO DEFINIDO,Inexistentes,NÃO DEFINIDO,Outros,Inexistentes,Betuminoso,Recta,Com inclinação,Berma pavimentada,Em plena via,Direita
2013715609,2013:04:29 16:40:00,01/29/00,04/01/00,01/01/00,Guarda Nacional Republicana,50.0,90.0,Segunda-Feira,"41,252593","-08,292303",0,0,2,Estrada sem separador,Seco e limpo,Braga,Vila Nova de Famalicao,Vale (São Cosme),,,EN - Estrada Nacional,EN206,Em estado regular,24.6,Bom tempo,Dois sentidos,Fora da intersecção,Dentro das localidades,Em pleno dia,Com marcas - separadoras de sentido de trânsito,Colisão lateral com outro veículo em movimento,NÃO DEFINIDO,Inexistentes,NÃO DEFINIDO,NÃO DEFINIDO,Inexistentes,Betuminoso,Recta,Em patamar,Sem berma ou impraticável,Em plena via,Direita
20181393886,2018:04:28 10:06:00,01/28/00,04/01/00,01/01/00,Guarda Nacional Republicana,100.0,120.0,Sábado       ,"41,223244","-8,692700",0,0,1,Auto-estrada,Seco e limpo,Porto,Matosinhos,"União das freguesias de Perafita, Lavra e Santa Cruz do Bispo",Perafita,,A  - Auto-Estrada,A28,Em bom estado,"10,8",Bom tempo,Sentido único,Fora da intersecção,Fora das localidades,Em pleno dia,Com marcas - separadoras de sentido e de vias de trânsito,Colisão traseira com outro veículo em movimento,NÃO DEFINIDO,Inexistentes,No sentido crescente da quilometragem,NÃO DEFINIDO,Inexistentes,Betuminoso,Recta,Em patamar,Berma pavimentada,Em plena via,Esquerda
2011536693,2011:04:09 16:20:00,01/09/00,04/01/00,01/01/00,Guarda Nacional Republicana,70.0,70.0,Sábado       ,"40,152769","-8,509735",0,0,1,Estrada sem separador,Seco e limpo,Coimbra,Condeixa-a-Nova,Anobra,AVENAL,,EN - Estrada Nacional,EN1-7,Em bom estado,5.0,Bom tempo,Dois sentidos,Fora da intersecção,Dentro das localidades,Em pleno dia,Com marcas - separadoras de sentido de trânsito,Despiste simples,NÃO DEFINIDO,Inexistentes,NÃO DEFINIDO,Proibição de ultrapassagem,Inexistentes,Betuminoso,Curva,Em patamar,Berma não pavimentada,Em plena via,Direita
20191673146,2019:04:12 09:00:00,01/12/00,04/01/00,01/01/00,Polícia de Segurança Pública,50.0,50.0,Sexta-Feira  ,"0,0","0,0",0,0,2,Estrada sem separador,Seco e limpo,Leiria,Marinha Grande,Marinha Grande,Comeira,Rua das Fontainhas,Arruamento,0,Em estado regular,,Bom tempo,Dois sentidos,Em cruzamento,Dentro das localidades,Em pleno dia,Sem marcas rodoviárias ou pouco visíveis,Colisão lateral com outro veículo em movimento,NÃO DEFINIDO,Inexistentes,NÃO DEFINIDO,Stop,Inexistentes,Betuminoso,Recta,Em patamar,Berma pavimentada,Em plena via,Direita
20161144802,2016:04:11 17:45:00,01/11/00,04/01/00,01/01/00,Guarda Nacional Republicana,50.0,50.0,Segunda-Feira,"40,168928","-8,238366",0,0,1,Estrada sem separador,Molhado,Coimbra,Coimbra,União das freguesias de Souselas e Botão,LAGARES,Rua do Arneiro,Arruamento,0,Em bom estado,,Chuva,Dois sentidos,Fora da intersecção,Dentro das localidades,Em pleno dia,Sem marcas rodoviárias ou pouco visíveis,Colisão frontal,NÃO DEFINIDO,Inexistentes,NÃO DEFINIDO,NÃO DEFINIDO,Inexistentes,Betuminoso,Curva,Com inclinação,Sem berma ou impraticável,Em plena via,Direita
20161055438,2016:04:27 10:05:00,01/27/00,04/01/00,01/01/00,Polícia de Segurança Pública,50.0,50.0,Quarta-Feira ,"41,171302","-8,588190",0,0,1,Estrada sem separador,Seco e limpo,Porto,Porto,Paranhos,Porto,Rua Costa Cabral                                                                                    ,Arruamento,0,Em bom estado,,Bom tempo,Dois sentidos,Fora da intersecção,Dentro das localidades,Em pleno dia,Com marcas - separadoras de sentido e de vias de trânsito,Atropelamento de peões,NÃO DEFINIDO,Inexistentes,NÃO DEFINIDO,Outros,Inexistentes,Betuminoso,Recta,Em patamar,Sem berma ou impraticável,Em plena via,Direita
20191691161,2019:04:06 16:50:00,01/06/00,04/01/00,01/01/00,Guarda Nacional Republicana,50.0,50.0,Sábado       ,"40,637640","-7,832807",0,0,1,Estrada sem separador,Molhado,Viseu,Viseu,Fragosela,Prime,,EN - Estrada Nacional,EN16,Em bom estado,"99,58",Chuva,Dois sentidos,Fora da intersecção,Dentro das localidades,Em pleno dia,Sem marcas rodoviárias ou pouco visíveis,Colisão frontal,NÃO DEFINIDO,Inexistentes,NÃO DEFINIDO,Outros,Inexistentes,Betuminoso,Curva,Com inclinação,Berma não pavimentada,Em plena via,Direita
20181429424,2018:04:08 18:10:00,01/08/00,04/01/00,01/01/00,Guarda Nacional Republicana,90.0,90.0,Domingo      ,"40,612028","-7,863954",0,0,1,Estrada sem separador,Molhado,Viseu,Viseu,Fragosela,Viseu,,EM - Estrada Municipal,0,Em estado regular,,Chuva,Dois sentidos,Fora da intersecção,Dentro das localidades,Em pleno dia,Com marcas - separadoras de sentido de trânsito,Despiste simples,NÃO DEFINIDO,Inexistentes,NÃO DEFINIDO,NÃO DEFINIDO,Inexistentes,Betuminoso,Recta,Em patamar,Sem berma ou impraticável,Em plena via,Direita
20161144510,2016:04:10 13:00:00,01/10/00,04/01/00,01/01/00,Guarda Nacional Republicana,50.0,50.0,Domingo      ,"39,330265","-8,002701",0,0,1,Estrada sem separador,Seco e limpo,Santarém,Macao,"União das freguesias de Mação, Penhascoso e Aboboreira",MAÇÃO,,EN - Estrada Nacional,EN3,Em estado regular,"134,6",Bom tempo,Dois sentidos,Em cruzamento,Dentro das localidades,Em pleno dia,Com marcas - separadoras de sentido de trânsito,Colisão lateral com outro veículo em movimento,NÃO DEFINIDO,Inexistentes,NÃO DEFINIDO,Stop,Inexistentes,Betuminoso,Recta,Em patamar,Berma pavimentada,Em plena via,Direita
20191689300,2019:04:22 12:10:00,01/22/00,04/01/00,01/01/00,Guarda Nacional Republicana,90.0,90.0,Segunda-Feira,"39,665920","-8,096127",0,0,3,Estrada sem separador,Seco e limpo,Castelo Branco,Vila de Rei,Vila de Rei,Quinta das Laranjeiras,,EM - Estrada Municipal,0,Em bom estado,"1,25",Bom tempo,Dois sentidos,Fora da intersecção,Fora das localidades,Em pleno dia,Com marcas - separadoras de sentido de trânsito,Colisão lateral com outro veículo em movimento,NÃO DEFINIDO,Inexistentes,NÃO DEFINIDO,NÃO DEFINIDO,Inexistentes,Betuminoso,Curva,Em patamar,Sem berma ou impraticável,Em plena via,Direita
2012612395,2012:04:13 12:50:00,01/13/00,04/01/00,01/01/00,Guarda Nacional Republicana,50.0,50.0,Sexta-Feira  ,"40,07348","8,15573",0,0,1,Estrada sem separador,Molhado,Coimbra,Lousa,Gândaras,REGUENGO,R DO REGUENGO,Arruamento,0,Em estado regular,,Chuva,Dois sentidos,Fora da intersecção,Dentro das localidades,Em pleno dia,Sem marcas rodoviárias ou pouco visíveis,Despiste simples,NÃO DEFINIDO,Inexistentes,NÃO DEFINIDO,NÃO DEFINIDO,Inexistentes,Betuminoso,Recta,Em patamar,Sem berma ou impraticável,Em plena via,Direita
2014830608,2014:04:12 17:00:00,01/12/00,04/01/00,01/01/00,Guarda Nacional Republicana,50.0,50.0,Sábado       ,"38,585463","-8,488634",1,0,1,Estrada sem separador,Seco e limpo,Santarém,Benavente,Benavente,,,EN - Estrada Nacional,EN118,Em bom estado,41.0,Bom tempo,Dois sentidos,Fora da intersecção,Dentro das localidades,Em pleno dia,Com marcas - separadoras de sentido de trânsito,Atropelamento de peões,NÃO DEFINIDO,Inexistentes,NÃO DEFINIDO,NÃO DEFINIDO,A funcionar normalmente,Betuminoso,Recta,Em patamar,Berma pavimentada,Em plena via,Direita
2015926893,2015:04:26 20:55:00,01/26/00,04/01/00,01/01/00,Polícia de Segurança Pública,50.0,50.0,Domingo      ,"39,656983","-8,577216",0,0,1,Estrada sem separador,Molhado,Santarém,Ourem,Nossa Senhora da Piedade,Ourém,Avenida Dom Nuno Álvares Pereira                                                                    ,Arruamento,0,Em estado regular,,Chuva,Dois sentidos,Fora da intersecção,Dentro das localidades,"Noite, com iluminação",Com marcas - separadoras de sentido de trânsito,Atropelamento de peões,NÃO DEFINIDO,Inexistentes,NÃO DEFINIDO,Passagem de peões,Inexistentes,Betuminoso,Recta,Em patamar,Sem berma ou impraticável,Em plena via,Direita
2015928934,2015:04:27 12:00:00,01/27/00,04/01/00,01/01/00,Polícia de Segurança Pública,90.0,90.0,Segunda-Feira,"41,161530","-8,581433",0,0,1,Auto-estrada,Molhado,Porto,Porto,Paranhos,Porto,,A  - Auto-Estrada,A20,Em estado regular,10.8,Bom tempo,Sentido único,Fora da intersecção,Fora das localidades,Em pleno dia,Com marcas - separadoras de sentido de trânsito,Despiste com capotamento,NÃO DEFINIDO,Inexistentes,No sentido decrescente da quilometragem,Outros,Inexistentes,Betuminoso,Curva,Em patamar,Sem berma ou impraticável,Em plena via,Esquerda
2011535968,2011:04:22 13:25:00,01/22/00,04/01/00,01/01/00,Guarda Nacional Republicana,50.0,50.0,Sexta-Feira  ,,,0,0,2,NÃO DEFINIDO,Molhado,Leiria,Leiria,Monte Real,PILADO,,EF - Estrada Florestal,0,Em mau estado,,Chuva,Dois sentidos,Fora da intersecção,Dentro das localidades,Em pleno dia,Sem marcas rodoviárias ou pouco visíveis,Colisão lateral com outro veículo em movimento,NÃO DEFINIDO,Inexistentes,NÃO DEFINIDO,NÃO DEFINIDO,Inexistentes,Terra batida,Recta,Em patamar,Sem berma ou impraticável,Em plena via,NÃO DEFINIDO
20191694318,2019:04:02 18:40:00,01/02/00,04/01/00,01/01/00,Guarda Nacional Republicana,40.0,90.0,Terça-Feira  ,"38,061430","-8,781586",0,0,1,Outra via,Seco e limpo,Setúbal,Santiago do Cacem,Santo André,Vila Nova de Santo André,Avenida de Sines - Bairro do Liceu(a seguir á Rotunda do Intermarché),Arruamento,0,Em bom estado,,Bom tempo,Sentido único,Fora da intersecção,Dentro das localidades,Aurora ou crepúsculo,Com marcas - separadoras de sentido e de vias de trânsito,Colisão frontal,NÃO DEFINIDO,Inexistentes,No sentido crescente da quilometragem,Outros,Inexistentes,Betuminoso,Recta,Em patamar,Berma pavimentada,Em plena via,Direita
2012613139,2012:04:05 00:15:00,01/05/00,04/01/00,01/01/00,Guarda Nacional Republicana,90.0,90.0,Quinta-Feira ,,,0,0,2,Estrada sem separador,Seco e limpo,Beja,Cuba,Cuba,SAO MATIAS,,EN - Estrada Nacional,EN18,Em bom estado,329.8,Bom tempo,Dois sentidos,Fora da intersecção,Fora das localidades,"Noite, sem iluminação",Com marcas - separadoras de sentido de trânsito,Despiste com capotamento,NÃO DEFINIDO,Inexistentes,NÃO DEFINIDO,Proibição de ultrapassagem,Inexistentes,Betuminoso,Recta,Em patamar,Berma não pavimentada,Em plena via,Direita
2012614164,2012:04:10 11:00:00,01/10/00,04/01/00,01/01/00,Guarda Nacional Republicana,50.0,50.0,Terça-Feira  ,"39,08537","9,07020",0,0,1,Estrada sem separador,Húmido,Lisboa,Alenquer,Aldeia Gavinha,MONTEGIL,R MARTINS,Arruamento,0,Em estado regular,,Bom tempo,Dois sentidos,Fora da intersecção,Dentro das localidades,Em pleno dia,Sem marcas rodoviárias ou pouco visíveis,Despiste com colisão com veículo imobil. ou obstáculo,NÃO DEFINIDO,Inexistentes,NÃO DEFINIDO,NÃO DEFINIDO,Inexistentes,Betuminoso,Recta,Com inclinação,Berma não pavimentada,No passeio,Direita
20171259856,2017:04:24 11:30:00,01/24/00,04/01/00,01/01/00,Guarda Nacional Republicana,50.0,90.0,Segunda-Feira,"41,400732","-8,369084",0,0,1,Estrada sem separador,Seco e limpo,Braga,Guimaraes,Serzedelo,Serzedelo,,EN - Estrada Nacional,EN310,Em bom estado,"25,45",Bom tempo,Dois sentidos,Fora da intersecção,Dentro das localidades,Em pleno dia,Com marcas - separadoras de sentido de trânsito,Despiste simples,NÃO DEFINIDO,Inexistentes,NÃO DEFINIDO,Outros,Inexistentes,Betuminoso,Recta,Com inclinação,Berma pavimentada,Na berma,Direita
20181431843,2018:04:13 14:00:00,01/13/00,04/01/00,01/01/00,Guarda Nacional Republicana,90.0,90.0,Sexta-Feira  ,"38,397102","-8,601380",0,0,1,Estrada sem separador,Seco e limpo,Setúbal,Alcacer do Sal,União das freguesias de Alcácer do Sal (Santa Maria do Castelo e Santiago) e Santa Susana,Setúbal,,EN - Estrada Nacional,EN253,Em estado regular,"17,9",Bom tempo,Dois sentidos,Fora da intersecção,Fora das localidades,Em pleno dia,Com marcas - separadoras de sentido de trânsito,Despiste simples,NÃO DEFINIDO,Inexistentes,NÃO DEFINIDO,NÃO DEFINIDO,Inexistentes,Betuminoso,Recta,Em patamar,Sem berma ou impraticável,Em plena via,Direita
20181384669,2018:04:25 13:05:00,01/25/00,04/01/00,01/01/00,Polícia de Segurança Pública,50.0,50.0,Quarta-Feira ,"0,0","0,0",0,0,1,Estrada sem separador,Seco e limpo,Porto,Porto,"União das freguesias de Cedofeita, Santo Ildefonso, Sé, Miragaia, São Nicolau e Vitória",Porto,Rua Boavista,Arruamento,0,Em bom estado,,Bom tempo,Sentido único,Fora da intersecção,Dentro das localidades,Em pleno dia,Com marcas - separadoras de sentido de trânsito,Colisão com outras situações,NÃO DEFINIDO,Inexistentes,NÃO DEFINIDO,Outros,Inexistentes,Betuminoso,Recta,Em patamar,Sem berma ou impraticável,Em plena via,Direita
20191691594,2019:04:13 14:50:00,01/13/00,04/01/00,01/01/00,Guarda Nacional Republicana,50.0,50.0,Sábado       ,"41,589550","-8,736298",0,0,1,Estrada sem separador,Molhado,Braga,Esposende,Forjães,FORJÃES,,EN - Estrada Nacional,EN103,Em estado regular,"7,6",Chuva,Dois sentidos,Fora da intersecção,Dentro das localidades,Em pleno dia,Com marcas - separadoras de sentido de trânsito,Despiste simples,NÃO DEFINIDO,Inexistentes,NÃO DEFINIDO,Proibição de ultrapassagem,Inexistentes,Betuminoso,Curva,Em patamar,Berma não pavimentada,Em plena via,Direita
2010458770,2010:04:23 05:15:00,01/23/00,04/01/00,01/01/00,Guarda Nacional Republicana,100.0,120.0,Sexta-Feira  ,"41,069513","-8,642517",1,0,0,Auto-estrada,Húmido,Porto,Vila Nova de Gaia,Gulpilhares,,,A  - Auto-Estrada,A29,Em bom estado,45.98,Bom tempo,Sentido único,Fora da intersecção,Fora das localidades,"Noite, sem iluminação",Com marcas - separadoras de sentido e de vias de trânsito,Despiste com dispositivo de retenção,NÃO DEFINIDO,Inexistentes,No sentido decrescente da quilometragem,NÃO DEFINIDO,Inexistentes,Betuminoso,Curva,Em patamar,Berma pavimentada,Em plena via,Direita
20181429184,2018:04:07 15:40:00,01/07/00,04/01/00,01/01/00,Guarda Nacional Republicana,50.0,50.0,Sábado       ,"40,835129","-8,421366",0,0,1,Estrada sem separador,Húmido,Aveiro,Oliveira de Azemeis,Ossela,Vale de Cambra,Rua Escritor José Maria Ferreira de Castro,Arruamento,0,Em mau estado,,Chuva,Dois sentidos,Fora da intersecção,Dentro das localidades,Em pleno dia,Sem marcas rodoviárias ou pouco visíveis,Despiste simples,NÃO DEFINIDO,Inexistentes,NÃO DEFINIDO,NÃO DEFINIDO,Inexistentes,Calçada,Recta,Em patamar,Sem berma ou impraticável,Em plena via,Direita