Id. Acidente,Datahora,Dia,Mês,Hora,Entidades Fiscalizadoras,Velocidade local,Velocidade geral,Dia da Semana,Latitude GPS,Longitude GPS,Num. Mortos a 30 dias,Num. Feridos graves a 30 dias,Num. Feridos ligeiros a 30 dias,Características Tecnicas1,Cond Aderência,Distrito,Concelho,Freguesia,Pov. Proxima,Nome arruamento,Tipos Vias,Cod Via,Estado Conservação,Km,Factores Atmosféricos,Reg Circulação1,Intersecção Vias,Localizações,Luminosidade,Marca Via,Natureza,Obras Arte,Obstáculos,Sentidos,Sinais,Sinais Luminosos,Tipo Piso,Traçado 1,Traçado 2,Traçado 3,Traçado 4,Via Trânsito
2010460573,2010:04:09 09:45:00,01/09/00,04/01/00,01/01/00,Guarda Nacional Republicana,,50.0,Sexta-Feira  ,"39,09409","9,19777",0,0,1,Estrada sem separador,Seco e limpo,Lisboa,Torres Vedras,A dos Cunhados,BOAVISTA,R DA BELA VISTA,Arruamento,0,Em estado regular,,Bom tempo,Dois sentidos,Fora da intersecção,Dentro das localidades,Em pleno dia,Com marcas - separadoras de sentido de trânsito,Colisão lateral com outro veículo em movimento,NÃO DEFINIDO,Inexistentes,NÃO DEFINIDO,NÃO DEFINIDO,Inexistentes,Betuminoso,Recta,Em patamar,Sem berma ou impraticável,Em plena via,Direita
20181430638,2018:04:12 18:50:00,01/12/00,04/01/00,01/01/00,Guarda Nacional Republicana,40.0,120.0,Quinta-Feira ,"41,114281","-8,626067",0,0,1,Auto-estrada,Húmido,Porto,Vila Nova de Gaia,Canidelo,Vila Nova de Gaia,,A  - Auto-Estrada,A1,Em estado regular,"298,6",Chuva,Sentido único,Fora da intersecção,Fora das localidades,Em pleno dia,Com marcas - separadoras de sentido e de vias de trânsito,Despiste simples,NÃO DEFINIDO,Inexistentes,No sentido decrescente da quilometragem,NÃO DEFINIDO,Inexistentes,Betuminoso,Curva,Com inclinação,Berma pavimentada,Na berma,Direita
20191671354,2019:04:06 13:40:00,01/06/00,04/01/00,01/01/00,Polícia de Segurança Pública,80.0,100.0,Sábado       ,"0,0","0,0",0,0,1,Outra via,Molhado,Lisboa,Amadora,Mina de Água,Amadora,,IC - Itinerário Complementar,IC17,Em estado regular,9,Chuva,Sentido único,Fora da intersecção,Dentro das localidades,Em pleno dia,Com marcas - separadoras de sentido e de vias de trânsito,Despiste com dispositivo de retenção,NÃO DEFINIDO,Inexistentes,No sentido crescente da quilometragem,Outros,Inexistentes,Betuminoso,Curva,Em patamar,Berma pavimentada,Em plena via,Direita
20171224681,2017:04:03 22:15:00,01/03/00,04/01/00,01/01/00,Polícia de Segurança Pública,50.0,50.0,Segunda-Feira,"38,728329","-9,144950",0,0,1,Outra via,Seco e limpo,Lisboa,Lisboa,Arroios,Lisboa,Avenida Duque Loulé                                                                                 ,Arruamento,0,Em bom estado,,Bom tempo,Sentido único,Em cruzamento,Dentro das localidades,"Noite, com iluminação",Com marcas - separadoras de sentido e de vias de trânsito,Colisão lateral com outro veículo em movimento,NÃO DEFINIDO,Inexistentes,No sentido decrescente da quilometragem,Outros,A funcionar normalmente,Betuminoso,Recta,Com inclinação,Berma pavimentada,Em plena via,Esquerda
20171226577,2017:04:20 20:00:00,01/20/00,04/01/00,01/01/00,Polícia de Segurança Pública,60.0,120.0,Quinta-Feira ,"41,226979","-8,666506",0,0,1,Outra via,Seco e limpo,Porto,Maia,Moreira,Maia,,Outra Via,0,Em estado regular,0,Bom tempo,Sentido único,Em via de desaceleração,Fora das localidades,Em pleno dia,Com marcas - separadoras de sentido e de vias de trânsito,Despiste com dispositivo de retenção,NÃO DEFINIDO,Inexistentes,No sentido decrescente da quilometragem,Outros,Inexistentes,Betuminoso,Curva,Em patamar,Berma pavimentada,Em plena via,Direita
2015918180,2015:04:05 19:30:00,01/05/00,04/01/00,01/01/00,Polícia de Segurança Pública,50.0,50.0,Domingo      ,"41,165431","-8,546889",0,0,1,Estrada sem separador,Seco e limpo,Porto,Gondomar,Rio Tinto,Rio Tinto,Rua Doutor Oliveira Lobo                                                                            ,Arruamento,0,Em estado regular,,Bom tempo,Dois sentidos,Em cruzamento,Dentro das localidades,"Noite, com iluminação",Sem marcas rodoviárias ou pouco visíveis,Colisão com fuga,NÃO DEFINIDO,Inexistentes,NÃO DEFINIDO,Stop,Inexistentes,Betuminoso,Recta,Em patamar,Berma pavimentada,Em plena via,Direita
20171257147,2017:04:10 09:10:00,01/10/00,04/01/00,01/01/00,Guarda Nacional Republicana,50.0,50.0,Segunda-Feira,"41,290631","-8,355074",0,0,1,Estrada sem separador,Seco e limpo,Porto,Pacos de Ferreira,Carvalhosa,Carvalhosa,,EM - Estrada Municipal,0,Em bom estado,148,Bom tempo,Dois sentidos,Fora da intersecção,Dentro das localidades,Em pleno dia,Com marcas - separadoras de sentido de trânsito,Colisão traseira com outro veículo em movimento,NÃO DEFINIDO,Inexistentes,NÃO DEFINIDO,NÃO DEFINIDO,Inexistentes,Betuminoso,Recta,Em patamar,Berma pavimentada,Em plena via,Direita
2015960210,2015:04:22 13:05:00,01/22/00,04/01/00,01/01/00,Guarda Nacional Republicana,50.0,120.0,Quarta-Feira ,"41,201438","-8,305824",0,0,1,Auto-estrada,Húmido,Porto,Santo Tirso,"União das freguesias de Areias, Sequeiró, Lama e Palmeira",,,A  - Auto-Estrada,A3,Em estado regular,21.21,Bom tempo,Sentido único,Fora da intersecção,Fora das localidades,Em pleno dia,Com marcas - separadoras de sentido e de vias de trânsito,Despiste com capotamento,NÃO DEFINIDO,Inexistentes,No sentido crescente da quilometragem,NÃO DEFINIDO,Inexistentes,Betuminoso,Curva,Com inclinação,Berma pavimentada,Em plena via,Direita
20171259147,2017:04:20 14:27:00,01/20/00,04/01/00,01/01/00,Guarda Nacional Republicana,50.0,50.0,Quinta-Feira ,"41,631423","-8,433621",0,0,1,Estrada sem separador,Seco e limpo,Braga,Vila Verde,Loureira,Loureira,,EN - Estrada Nacional,EN101,Em bom estado,"80,75",Bom tempo,Dois sentidos,Fora da intersecção,Dentro das localidades,Em pleno dia,Com marcas - separadoras de sentido de trânsito,Colisão com veiculo ou obstáculo na faixa de rodagem,NÃO DEFINIDO,Inexistentes,NÃO DEFINIDO,NÃO DEFINIDO,Inexistentes,Betuminoso,Recta,Em patamar,Berma não pavimentada,Em plena via,Direita
2014832850,2014:04:11 00:50:00,01/11/00,04/01/00,01/01/00,Guarda Nacional Republicana,90.0,90.0,Sexta-Feira  ,"38,584937","-8,141130",0,0,1,Estrada sem separador,Seco e limpo,Évora,Mora,Mora,Mora,,EN - Estrada Nacional,EN251,Em bom estado,59.36,Bom tempo,Dois sentidos,Fora da intersecção,Fora das localidades,"Noite, sem iluminação",Com marcas - separadoras de sentido de trânsito,Despiste com capotamento,NÃO DEFINIDO,Inexistentes,NÃO DEFINIDO,NÃO DEFINIDO,Inexistentes,Betuminoso,Recta,Em patamar,Sem berma ou impraticável,Em plena via,Direita
2013675839,2013:04:07 17:35:00,01/07/00,04/01/00,01/01/00,Polícia de Segurança Pública,50.0,50.0,Domingo      ,"0,00","0,00",0,0,2,Estrada sem separador,Húmido,Leiria,Marinha Grande,Marinha Grande,Embra,Rua Leiria                                                                                          ,Arruamento,0,Em estado regular,,Bom tempo,Dois sentidos,Em entroncamento,Dentro das localidades,Em pleno dia,Com marcas - separadoras de sentido de trânsito,Colisão traseira com outro veículo em movimento,NÃO DEFINIDO,Inexistentes,NÃO DEFINIDO,Stop,Inexistentes,Betuminoso,Recta,Com inclinação,Berma pavimentada,Em plena via,Direita
20161050569,2016:04:14 12:15:00,01/14/00,04/01/00,01/01/00,Polícia de Segurança Pública,40.0,50.0,Quinta-Feira ,"40,902647","-8,484477",0,0,2,Outra via,Molhado,Aveiro,Sao Joao da Madeira,São João da Madeira,,Avenida do Vale,Arruamento,0,Em estado regular,,Chuva,Sentido único,Fora da intersecção,Dentro das localidades,Em pleno dia,Sem marcas rodoviárias ou pouco visíveis,Colisão com veiculo ou obstáculo na faixa de rodagem,NÃO DEFINIDO,Inexistentes,NÃO DEFINIDO,Outros,Inexistentes,Betuminoso,Recta,Em patamar,Berma pavimentada,Em plena via,Direita
2012614548,2012:04:16 14:00:00,01/16/00,04/01/00,01/01/00,Guarda Nacional Republicana,50.0,50.0,Segunda-Feira,,,0,0,1,Estrada sem separador,Seco e limpo,Setúbal,Seixal,Aldeia de Paio Pires,PAIO PIRES,LG 1º DE MAIO,Arruamento,0,Em bom estado,,Bom tempo,Dois sentidos,Em via de aceleração,Dentro das localidades,Em pleno dia,Com marcas - separadoras de sentido de trânsito,Despiste com transposição do dispositivo de retenção lateral,NÃO DEFINIDO,Inexistentes,NÃO DEFINIDO,Outros,Inexistentes,Betuminoso,Recta,Em patamar,Sem berma ou impraticável,Em plena via,Direita
2012601764,2012:04:16 21:40:00,01/16/00,04/01/00,01/01/00,Polícia de Segurança Pública,50.0,50.0,Segunda-Feira,"38,827265","-9,087002",0,0,1,Estrada sem separador,Húmido,Lisboa,Loures,São João da Talha,São João da Talha,,EN - Estrada Nacional,EN10,Em estado regular,137.8,Bom tempo,Dois sentidos,Fora da intersecção,Dentro das localidades,"Noite, com iluminação",Com marcas - separadoras de sentido de trânsito,Despiste sem dispositivo de retenção,NÃO DEFINIDO,Inexistentes,NÃO DEFINIDO,Outros,Inexistentes,Betuminoso,Recta,Em patamar,Berma pavimentada,Em plena via,Direita
2011536066,2011:04:20 13:00:00,01/20/00,04/01/00,01/01/00,Guarda Nacional Republicana,100.0,120.0,Quarta-Feira ,"40,679120","-8,282585",0,0,1,Auto-estrada,Molhado,Viseu,Oliveira de Frades,Destriz,,,A  - Auto-Estrada,A25,Em bom estado,48.625,Chuva,Sentido único,Fora da intersecção,Fora das localidades,Em pleno dia,Com marcas - separadoras de sentido e de vias de trânsito,Despiste com capotamento,NÃO DEFINIDO,Inexistentes,No sentido crescente da quilometragem,Outros,Inexistentes,Betuminoso,Curva,Com inclinação,Berma pavimentada,Em plena via,Direita
2011525772,2011:04:10 20:40:00,01/10/00,04/01/00,01/01/00,Polícia de Segurança Pública,50.0,50.0,Domingo      ,"0,00","0,00",0,0,1,Outra via,Húmido,Lisboa,Sintra,Queluz,Queluz,Avenida Doutor Miguel Bombarda,Arruamento,0,Em estado regular,,Bom tempo,Dois sentidos,Fora da intersecção,Dentro das localidades,"Noite, com iluminação",Sem marcas rodoviárias ou pouco visíveis,Atropelamento de peões,NÃO DEFINIDO,Inexistentes,No sentido crescente da quilometragem,Passagem de peões,Inexistentes,Betuminoso,Recta,Com inclinação,Berma pavimentada,Em plena via,Direita
20191694922,2019:04:01 09:45:00,01/01/00,04/01/00,01/01/00,Guarda Nacional Republicana,50.0,50.0,Segunda-Feira,"40,381010","-7,852137",0,0,1,Estrada sem separador,Seco e limpo,Coimbra,Oliveira do Hospital,União das freguesias de Lagos da Beira e Lajeosa,Lajeosa.,,Outra Via,0,Em estado regular,,Bom tempo,Dois sentidos,Fora da intersecção,Dentro das localidades,Em pleno dia,Sem marcas rodoviárias ou pouco visíveis,Colisão lateral com outro veículo em movimento,NÃO DEFINIDO,Inexistentes,NÃO DEFINIDO,Stop,Inexistentes,Betuminoso,Recta,Com inclinação,Sem berma ou impraticável,Em plena via,Direita
20171258552,2017:04:17 12:15:00,01/17/00,04/01/00,01/01/00,Guarda Nacional Republicana,90.0,90.0,Segunda-Feira,"39,465847","-9,115803",0,0,1,Estrada sem separador,Seco e limpo,Leiria,Alcobaca,Alfeizerão,Alfeizerão,,EN - Estrada Nacional,EN8,Em bom estado,"97,9",Bom tempo,Dois sentidos,Fora da intersecção,Fora das localidades,Em pleno dia,Com marcas - separadoras de sentido e de vias de trânsito,Colisão frontal,NÃO DEFINIDO,Inexistentes,NÃO DEFINIDO,NÃO DEFINIDO,Inexistentes,Betuminoso,Recta,Com inclinação,Berma não pavimentada,Em plena via,Direita
2011529867,2011:04:30 01:30:00,01/30/00,04/01/00,01/01/00,Guarda Nacional Republicana,50.0,50.0,Sábado       ,,,0,0,1,Estrada sem separador,Molhado,Porto,Gondomar,Jovim,ATAES,R DOS NETOS,Arruamento,0,Em estado regular,,Chuva,Dois sentidos,Fora da intersecção,Dentro das localidades,"Noite, com iluminação",Sem marcas rodoviárias ou pouco visíveis,Despiste com colisão com veículo imobil. ou obstáculo,NÃO DEFINIDO,Inexistentes,NÃO DEFINIDO,NÃO DEFINIDO,Inexistentes,Calçada,Curva,Com inclinação,Berma pavimentada,Na berma,Direita
20161143331,2016:04:04 08:46:00,01/04/00,04/01/00,01/01/00,Guarda Nacional Republicana,50.0,50.0,Segunda-Feira,"39,203542","-8,559868",0,0,1,Estrada sem separador,Molhado,Santarém,Rio Maior,Rio Maior,AZINHEIRA,Rua central - Azinheira - Rio Maior,Arruamento,0,Em bom estado,,Chuva,Dois sentidos,Fora da intersecção,Dentro das localidades,Em pleno dia,Sem marcas rodoviárias ou pouco visíveis,Colisão lateral com outro veículo em movimento,NÃO DEFINIDO,Inexistentes,NÃO DEFINIDO,NÃO DEFINIDO,Inexistentes,Betuminoso,Curva,Com inclinação,Sem berma ou impraticável,Em plena via,Direita
20191688680,2019:04:24 12:05:00,01/24/00,04/01/00,01/01/00,Guarda Nacional Republicana,50.0,50.0,Quarta-Feira ,"40,637940","-8,695175",0,0,1,Estrada sem separador,Seco e limpo,Aveiro,Ilhavo,Gafanha da Nazaré,Gafanha da Nazaré,Avenida dos Bacalhoeiros,Arruamento,0,Em bom estado,,Bom tempo,Sentido único,Fora da intersecção,Dentro das localidades,Em pleno dia,Com marcas - separadoras de sentido de trânsito,Colisão lateral com outro veículo em movimento,NÃO DEFINIDO,Inexistentes,NÃO DEFINIDO,NÃO DEFINIDO,Inexistentes,Betuminoso,Curva,Em patamar,Berma pavimentada,Em plena via,Direita
20161052507,2016:04:18 11:30:00,01/18/00,04/01/00,01/01/00,Polícia de Segurança Pública,80.0,80.0,Segunda-Feira,"38,741446","-9,222538",0,0,1,Outra via,Seco e limpo,Lisboa,Amadora,Águas Livres,,,IC - Itinerário Complementar,IC19,Em bom estado,"3,2",Bom tempo,Sentido único,Fora da intersecção,Dentro das localidades,Em pleno dia,Com marcas - separadoras de sentido e de vias de trânsito,Colisão traseira com outro veículo em movimento,NÃO DEFINIDO,Inexistentes,No sentido decrescente da quilometragem,Outros,Inexistentes,Betuminoso,Recta,Em patamar,Berma pavimentada,Em plena via,Direita
20161146719,2016:04:21 05:00:00,01/21/00,04/01/00,01/01/00,Guarda Nacional Republicana,40.0,50.0,Quinta-Feira ,"39,093823","-8,979658",0,0,1,Outra via,Molhado,Lisboa,Alenquer,Ota,OTA,ESTRADA DA BASE AÉREA DA OTA - CFMTFA,Arruamento,0,Em bom estado,,Bom tempo,Dois sentidos,Fora da intersecção,Dentro das localidades,"Noite, com iluminação",Sem marcas rodoviárias ou pouco visíveis,Despiste simples,NÃO DEFINIDO,Inexistentes,No sentido crescente da quilometragem,Stop,Inexistentes,Betuminoso,Recta,Em patamar,Sem berma ou impraticável,Em plena via,Direita
2015960381,2015:04:07 14:40:00,01/07/00,04/01/00,01/01/00,Guarda Nacional Republicana,50.0,50.0,Terça-Feira  ,"38,396670","-9,032820",0,0,1,Outra via,Seco e limpo,Setúbal,Barreiro,União das freguesias de Barreiro e Lavradio,,,IC - Itinerário Complementar,IC21,Em bom estado,9.35,Bom tempo,Dois sentidos,Em cruzamento,Dentro das localidades,Em pleno dia,Com marcas - separadoras de sentido e de vias de trânsito,Colisão lateral com outro veículo em movimento,NÃO DEFINIDO,Inexistentes,No sentido decrescente da quilometragem,NÃO DEFINIDO,A funcionar normalmente,Betuminoso,Recta,Em patamar,Sem berma ou impraticável,Em plena via,Direita
2011529658,2011:04:04 18:15:00,01/04/00,04/01/00,01/01/00,Guarda Nacional Republicana,50.0,50.0,Segunda-Feira,"41,23584","8,23255",0,0,1,Estrada sem separador,Seco e limpo,Braga,Vila Nova de Famalicao,Riba de Ave,RIBA DE AVE,R 25 DE ABRIL,Arruamento,0,Em estado regular,,Bom tempo,Dois sentidos,Em entroncamento,Dentro das localidades,Em pleno dia,Sem marcas rodoviárias ou pouco visíveis,Colisão lateral com outro veículo em movimento,NÃO DEFINIDO,Inexistentes,NÃO DEFINIDO,Outros,Inexistentes,Betuminoso,Recta,Em patamar,Sem berma ou impraticável,Em plena via,Direita
20161146521,2016:04:19 17:00:00,01/19/00,04/01/00,01/01/00,Guarda Nacional Republicana,50.0,50.0,Terça-Feira  ,"40,545053","-8,315713",0,0,1,Estrada sem separador,Seco e limpo,Aveiro,Santa Maria da Feira,Fornos,FORNOS,rua dos moinhos,Arruamento,0,Em estado regular,,Bom tempo,Dois sentidos,Fora da intersecção,Dentro das localidades,Em pleno dia,Com marcas - separadoras de sentido de trânsito,Atropelamento de peões,NÃO DEFINIDO,Inexistentes,NÃO DEFINIDO,NÃO DEFINIDO,Inexistentes,Betuminoso,Recta,Em patamar,Berma pavimentada,Em plena via,Direita
2015959858,2015:04:02 07:45:00,01/02/00,04/01/00,01/01/00,Guarda Nacional Republicana,50.0,50.0,Quinta-Feira ,"41,165639","-8,230791",0,0,1,Estrada sem separador,Seco e limpo,Porto,Pacos de Ferreira,Paços de Ferreira,,Rua Doutor Queiros Ribeiro,Arruamento,0,Em bom estado,,Bom tempo,Dois sentidos,Em entroncamento,Dentro das localidades,Em pleno dia,Com marcas - separadoras de sentido de trânsito,Colisão lateral com outro veículo em movimento,NÃO DEFINIDO,Inexistentes,NÃO DEFINIDO,Proibição de ultrapassagem,Inexistentes,Betuminoso,Recta,Em patamar,Berma pavimentada,Em plena via,Direita
2014831293,2014:04:15 14:30:00,01/15/00,04/01/00,01/01/00,Guarda Nacional Republicana,50.0,50.0,Terça-Feira  ,"40,518135","-7,421279",0,0,1,Estrada sem separador,Seco e limpo,Viseu,Vila Nova de Paiva,"União das freguesias de Vila Nova de Paiva, Alhais e Fráguas",Alhais,Avª Padre Manuel Ramos Pinto,Arruamento,0,Em estado regular,,Bom tempo,Dois sentidos,Fora da intersecção,Dentro das localidades,Em pleno dia,Com marcas - separadoras de sentido de trânsito,Colisão traseira com outro veículo em movimento,NÃO DEFINIDO,Inexistentes,NÃO DEFINIDO,Outros,Inexistentes,Betuminoso,Recta,Com inclinação,Sem berma ou impraticável,Em plena via,Direita
2013711006,2013:04:04 22:00:00,01/04/00,04/01/00,01/01/00,Guarda Nacional Republicana,50.0,50.0,Quinta-Feira ,"38,494870","-09,260861",0,1,0,Estrada sem separador,Molhado,Lisboa,Sintra,Sintra (São Martinho),Janas,Estrada de São Mamede,Arruamento,0,Em estado regular,,Chuva,Dois sentidos,Fora da intersecção,Dentro das localidades,"Noite, sem iluminação",Com marcas - separadoras de sentido de trânsito,Despiste simples,NÃO DEFINIDO,Inexistentes,NÃO DEFINIDO,NÃO DEFINIDO,Inexistentes,Betuminoso,Recta,Com inclinação,Sem berma ou impraticável,Na berma,Direita
2013714860,2013:04:22 16:30:00,01/22/00,04/01/00,01/01/00,Guarda Nacional Republicana,50.0,50.0,Segunda-Feira,"38,520436","-09,264680",0,0,1,Estrada sem separador,Seco e limpo,Lisboa,Sintra,São João das Lampas,Magoito,Estrada Santa Maria,Arruamento,0,Em bom estado,,Bom tempo,Dois sentidos,Fora da intersecção,Dentro das localidades,Em pleno dia,Com marcas - separadoras de sentido de trânsito,Despiste com capotamento,NÃO DEFINIDO,Inexistentes,NÃO DEFINIDO,NÃO DEFINIDO,Inexistentes,Betuminoso,Curva,Em patamar,Sem berma ou impraticável,Em plena via,Direita
2010466808,2010:04:18 01:20:00,01/18/00,04/01/00,01/01/00,Polícia de Segurança Pública,80.0,50.0,Domingo      ,"38,790512","-9,168758",0,0,1,Outra via,Seco e limpo,Lisboa,Odivelas,Olival Basto,Olival Basto,,IC - Itinerário Complementar,IC17,Em bom estado,14.0,Bom tempo,Sentido único,NÃO DEFINIDO,Fora das localidades,"Noite, com iluminação",Com marcas - separadoras de sentido e de vias de trânsito,Despiste com capotamento,NÃO DEFINIDO,Inexistentes,No sentido crescente da quilometragem,Outros,Inexistentes,Betuminoso,Recta,Em patamar,Sem berma ou impraticável,Em plena via,Esquerda
2011501705,2010:04:25 18:05:00,01/25/00,04/01/00,01/01/00,Polícia de Segurança Pública,50.0,50.0,Domingo      ,"0,00","0,00",0,0,1,Outra via,Húmido,Lisboa,Lisboa,Marvila,,Avenida Infante Dom Henrique,Arruamento,0,Em estado regular,,Bom tempo,Dois sentidos,Em cruzamento,Dentro das localidades,Em pleno dia,Com marcas - separadoras de sentido e de vias de trânsito,Colisão lateral com outro veículo em movimento,NÃO DEFINIDO,Inexistentes,NÃO DEFINIDO,Cedência de passagem,A funcionar normalmente,Betuminoso,Recta,Com inclinação,Berma pavimentada,Em plena via,Central
2015917104,2015:04:01 21:50:00,01/01/00,04/01/00,01/01/00,Polícia de Segurança Pública,50.0,50.0,Quarta-Feira ,"38,714772","-9,162655",0,0,1,Outra via,Seco e limpo,Lisboa,Lisboa,Estrela,Lisboa,Rua Domingos Sequeira,Arruamento,0,Em bom estado,,Bom tempo,Dois sentidos,Fora da intersecção,Dentro das localidades,"Noite, com iluminação",Com marcas - separadoras de sentido e de vias de trânsito,Atropelamento de peões,NÃO DEFINIDO,Inexistentes,No sentido decrescente da quilometragem,Passagem de peões,Inexistentes,Betuminoso,Recta,Com inclinação,Sem berma ou impraticável,Em plena via,Direita
2015926974,2015:04:21 10:05:00,01/21/00,04/01/00,01/01/00,Polícia de Segurança Pública,50.0,50.0,Terça-Feira  ,"41,167688","-8,628787",0,0,1,Estrada sem separador,Seco e limpo,Porto,Porto,Ramalde,Porto,Rua Castelos                                                                                        ,Arruamento,0,Em bom estado,,Bom tempo,Sentido único,Em entroncamento,Dentro das localidades,Em pleno dia,Sem marcas rodoviárias ou pouco visíveis,Atropelamento de peões,NÃO DEFINIDO,Inexistentes,NÃO DEFINIDO,Outros,Inexistentes,Betuminoso,Recta,Em patamar,Berma pavimentada,Em plena via,Direita
20171258420,2017:04:16 16:30:00,01/16/00,04/01/00,01/01/00,Guarda Nacional Republicana,50.0,50.0,Domingo      ,"40,619892","-7,706144",0,0,1,Estrada sem separador,Seco e limpo,Viseu,Mangualde,Quintela de Azurara,Quintela de Azurara,estrada de quintela,Arruamento,0,Em bom estado,,Bom tempo,Dois sentidos,Em via de desaceleração,Dentro das localidades,Em pleno dia,Com marcas - separadoras de sentido de trânsito,Despiste simples,Viaduto/Ponte,Inexistentes,NÃO DEFINIDO,NÃO DEFINIDO,Inexistentes,Betuminoso,Recta,Em patamar,Berma pavimentada,Na berma,Direita
20191689723,2019:04:20 18:30:00,01/20/00,04/01/00,01/01/00,Guarda Nacional Republicana,50.0,50.0,Sábado       ,"40,572880","-8,439880",0,0,1,Estrada sem separador,Seco e limpo,Aveiro,Agueda,União das freguesias de Águeda e Borralha,Assequins,Avenida 25 de Abril,Arruamento,0,Em estado regular,,Bom tempo,Dois sentidos,Fora da intersecção,Dentro das localidades,Aurora ou crepúsculo,Com marcas - separadoras de sentido de trânsito,Colisão lateral com outro veículo em movimento,NÃO DEFINIDO,Inexistentes,NÃO DEFINIDO,NÃO DEFINIDO,Inexistentes,Betuminoso,Recta,Em patamar,Berma pavimentada,Em plena via,Direita
2011522674,2011:04:10 08:00:00,01/10/00,04/01/00,01/01/00,Polícia de Segurança Pública,50.0,50.0,Domingo      ,"0,00","0,00",0,0,1,Estrada sem separador,Seco e limpo,Leiria,Caldas da Rainha,Caldas da Rainha (Santo Onofre),,Rua Vicente Paramos                                                                                 ,Arruamento,0,Em bom estado,,Bom tempo,Sentido único,Fora da intersecção,Dentro das localidades,Em pleno dia,Sem marcas rodoviárias ou pouco visíveis,Despiste com colisão com veículo imobil. ou obstáculo,NÃO DEFINIDO,Inexistentes,NÃO DEFINIDO,NÃO DEFINIDO,Inexistentes,Betuminoso,Recta,Com inclinação,Berma pavimentada,Em plena via,Direita
2011536359,2011:04:07 22:30:00,01/07/00,04/01/00,01/01/00,Guarda Nacional Republicana,50.0,50.0,Quinta-Feira ,,,0,0,1,Estrada sem separador,Seco e limpo,Porto,Penafiel,Duas Igrejas,DUAS IGREJAS,AV CENTRAL DE DUAS IGREJAS,Arruamento,0,Em estado regular,,Bom tempo,Dois sentidos,Fora da intersecção,Dentro das localidades,"Noite, com iluminação",Sem marcas rodoviárias ou pouco visíveis,Despiste com capotamento,NÃO DEFINIDO,Inexistentes,NÃO DEFINIDO,NÃO DEFINIDO,Inexistentes,Betuminoso,Curva,Com inclinação,Berma não pavimentada,Na berma,Direita
2010457874,2010:04:20 14:45:00,01/20/00,04/01/00,01/01/00,Guarda Nacional Republicana,50.0,50.0,Terça-Feira  ,,,0,0,1,Estrada sem separador,Seco e limpo,Setúbal,Barreiro,Santo António da Charneca,PENALVA,R JOSE VALE PATRONILHO,Arruamento,0,Em bom estado,,Bom tempo,Dois sentidos,Em cruzamento,Dentro das localidades,Em pleno dia,Sem marcas rodoviárias ou pouco visíveis,Colisão frontal,NÃO DEFINIDO,Inexistentes,NÃO DEFINIDO,Stop,Inexistentes,Betuminoso,Recta,Em patamar,Berma pavimentada,Em plena via,Central
20171256798,2017:04:08 08:45:00,01/08/00,04/01/00,01/01/00,Guarda Nacional Republicana,50.0,50.0,Sábado       ,"41,168625","-8,123595",0,0,3,Estrada sem separador,Seco e limpo,Porto,Marco de Canaveses,Soalhães,Tabuado,Rua de Bouças,Arruamento,0,Em estado regular,,Bom tempo,Dois sentidos,Fora da intersecção,Dentro das localidades,Em pleno dia,Com marcas - separadoras de sentido de trânsito,Colisão frontal,NÃO DEFINIDO,Inexistentes,NÃO DEFINIDO,NÃO DEFINIDO,Inexistentes,Betuminoso,Curva,Com inclinação,Sem berma ou impraticável,Em plena via,Direita
20191689935,2019:04:19 18:30:00,01/19/00,04/01/00,01/01/00,Guarda Nacional Republicana,50.0,50.0,Sexta-Feira  ,"41,171620","-8,162421",0,0,1,Estrada sem separador,Seco e limpo,Porto,Marco de Canaveses,Marco,Marco,Avenida Jorge Nuno Pinto da Costa,Arruamento,0,Em bom estado,,Bom tempo,Dois sentidos,Fora da intersecção,Dentro das localidades,Aurora ou crepúsculo,Com marcas - separadoras de sentido de trânsito,Colisão frontal,NÃO DEFINIDO,Inexistentes,NÃO DEFINIDO,NÃO DEFINIDO,Inexistentes,Betuminoso,Curva,Em patamar,Sem berma ou impraticável,Em plena via,Direita
2012599014,2012:04:02 08:00:00,01/02/00,04/01/00,01/01/00,Polícia de Segurança Pública,60.0,80.0,Segunda-Feira,"38,744248","-9,165078",0,0,1,Outra via,Seco e limpo,Lisboa,Lisboa,São Domingos de Benfica,,,IP- Itinerário Principal,IP7,Em bom estado,7.9,Chuva,Dois sentidos,Fora da intersecção,Dentro das localidades,Em pleno dia,Com marcas - separadoras de sentido e de vias de trânsito,Despiste com colisão com veículo imobil. ou obstáculo,Viaduto/Ponte,Inexistentes,No sentido decrescente da quilometragem,Outros,Inexistentes,Betuminoso,Curva,Em patamar,Berma pavimentada,Em plena via,Direita
2014832885,2014:04:12 00:10:00,01/12/00,04/01/00,01/01/00,Guarda Nacional Republicana,90.0,90.0,Sábado       ,"40,376386","-7,322839",0,0,1,Estrada sem separador,Seco e limpo,Guarda,Fornos de Algodres,Fornos de Algodres,Infias,,EM - Estrada Municipal,EM587,Em bom estado,,Bom tempo,Dois sentidos,Fora da intersecção,Fora das localidades,"Noite, sem iluminação",Com marcas - separadoras de sentido de trânsito,Despiste simples,NÃO DEFINIDO,Inexistentes,NÃO DEFINIDO,NÃO DEFINIDO,Inexistentes,Betuminoso,Recta,Com inclinação,Sem berma ou impraticável,Na berma,Direita
2015919354,2015:04:05 10:30:00,01/05/00,04/01/00,01/01/00,Polícia de Segurança Pública,50.0,50.0,Domingo      ,"0,0","0,0",0,0,1,Outra via,Seco e limpo,Aveiro,Aveiro,União das freguesias de Glória e Vera Cruz,,Rotunda do Alavarium,Arruamento,0,Em estado regular,,Bom tempo,Sentido único,Em rotunda,Dentro das localidades,Em pleno dia,Sem marcas rodoviárias ou pouco visíveis,Colisão lateral com outro veículo em movimento,NÃO DEFINIDO,Inexistentes,NÃO DEFINIDO,NÃO DEFINIDO,Inexistentes,Betuminoso,Curva,Em patamar,Berma pavimentada,Em plena via,Direita