Id. Acidente,Datahora,Dia,Mês,Hora,Entidades Fiscalizadoras,Velocidade local,Velocidade geral,Dia da Semana,Latitude GPS,Longitude GPS,Num. Mortos a 30 dias,Num. Feridos graves a 30 dias,Num. Feridos ligeiros a 30 dias,Características Tecnicas1,Cond Aderência,Distrito,Concelho,Freguesia,Pov. Proxima,Nome arruamento,Tipos Vias,Cod Via,Estado Conservação,Km,Factores Atmosféricos,Reg Circulação1,Intersecção Vias,Localizações,Luminosidade,Marca Via,Natureza,Obras Arte,Obstáculos,Sentidos,Sinais,Sinais Luminosos,Tipo Piso,Traçado 1,Traçado 2,Traçado 3,Traçado 4,Via Trânsito
2010456539,2010:04:21 08:20:00,01/21/00,04/01/00,01/01/00,Guarda Nacional Republicana,100.0,100.0,Quarta-Feira ,"41,754269","-8,797167",0,0,1,Auto-estrada,Molhado,Viana do Castelo,Viana do Castelo,Outeiro,,,A  - Auto-Estrada,A28,Em bom estado,75.9,Chuva,Sentido único,Fora da intersecção,Fora das localidades,Em pleno dia,Com marcas - separadoras de sentido e de vias de trânsito,Despiste com capotamento,NÃO DEFINIDO,Inexistentes,No sentido decrescente da quilometragem,Outros,Inexistentes,Betuminoso,Recta,Com inclinação,Berma pavimentada,Em plena via,Central
2015958102,2015:04:24 12:05:00,01/24/00,04/01/00,01/01/00,Guarda Nacional Republicana,50.0,50.0,Sexta-Feira  ,"41,386684","-8,463412",0,0,1,Estrada sem separador,Húmido,Braga,Esposende,União das freguesias de Apúlia e Fão,,Avª Visconde São Januário,Arruamento,0,Em estado regular,,Chuva,Reversível,Em cruzamento,Dentro das localidades,Em pleno dia,Com marcas - separadoras de sentido de trânsito,Colisão frontal,NÃO DEFINIDO,Inexistentes,NÃO DEFINIDO,Passagem de peões,Inexistentes,Betuminoso,Curva,Com inclinação,Berma pavimentada,Em plena via,Direita
20181429498,2018:04:09 00:35:00,01/09/00,04/01/00,01/01/00,Guarda Nacional Republicana,120.0,120.0,Segunda-Feira,"39,887212","-8,812091",0,0,2,Auto-estrada,Molhado,Leiria,Leiria,União das freguesias de Monte Redondo e Carreira,Leiria,,A  - Auto-Estrada,A17,Em bom estado,18,Granizo,Sentido único,Fora da intersecção,Fora das localidades,"Noite, sem iluminação",Com marcas - separadoras de sentido e de vias de trânsito,Colisão lateral com outro veículo em movimento,NÃO DEFINIDO,Inexistentes,No sentido crescente da quilometragem,NÃO DEFINIDO,Inexistentes,Betuminoso,Recta,Em patamar,Berma pavimentada,Em plena via,Direita
2010459953,2010:04:26 00:45:00,01/26/00,04/01/00,01/01/00,Guarda Nacional Republicana,50.0,50.0,Segunda-Feira,,,0,0,2,Estrada sem separador,Seco e limpo,Santarém,Ourem,Fátima,COVA DA IRIA,ROTUNDA NORTE FATIMA,Arruamento,0,Em estado regular,,Bom tempo,Sentido único,Em rotunda,Dentro das localidades,"Noite, com iluminação",Com marcas - separadoras de sentido e de vias de trânsito,Despiste simples,NÃO DEFINIDO,Inexistentes,NÃO DEFINIDO,Cedência de passagem,Inexistentes,Betuminoso,Curva,Em patamar,Berma pavimentada,Em plena via,Esquerda
20161054112,2016:04:16 22:00:00,01/16/00,04/01/00,01/01/00,Polícia de Segurança Pública,40.0,50.0,Sábado       ,"38,701859","-9,343091",0,0,2,Estrada sem separador,Húmido,Lisboa,Cascais,São Domingos de Rana,São Domingos de Rana,Rua Dom Pedro de Mascarenhas                                                                        ,Arruamento,0,Em estado regular,,Bom tempo,Sentido único,Fora da intersecção,Dentro das localidades,"Noite, com iluminação",Com marcas - separadoras de sentido e de vias de trânsito,Despiste com colisão com veículo imobil. ou obstáculo,NÃO DEFINIDO,Correctamente sinalizados,NÃO DEFINIDO,NÃO DEFINIDO,Inexistentes,Betuminoso,Curva,Com inclinação,Berma pavimentada,Em plena via,Direita
20161147944,2016:04:27 17:50:00,01/27/00,04/01/00,01/01/00,Guarda Nacional Republicana,50.0,50.0,Quarta-Feira ,"41,328162","-8,352253",0,0,2,Estrada sem separador,Seco e limpo,Braga,Barcelos,Manhente,MANHENTE,,EN - Estrada Nacional,EN205,Em bom estado,"26,55",Bom tempo,Dois sentidos,Fora da intersecção,Dentro das localidades,Em pleno dia,Com marcas - separadoras de sentido de trânsito,Colisão traseira com outro veículo em movimento,NÃO DEFINIDO,Inexistentes,NÃO DEFINIDO,Outros,Inexistentes,Betuminoso,Recta,Com inclinação,Berma pavimentada,Em plena via,Direita
20161053868,2016:04:17 09:30:00,01/17/00,04/01/00,01/01/00,Polícia de Segurança Pública,50.0,50.0,Domingo      ,"38,734322","-9,281022",0,0,2,Estrada sem separador,Seco e limpo,Lisboa,Oeiras,Barcarena,Barcarena,Estrada Cacém                                                                                       ,Arruamento,0,Em estado regular,,Bom tempo,Sentido único,Em rotunda,Dentro das localidades,Em pleno dia,Com marcas - separadoras de sentido e de vias de trânsito,Colisão lateral com outro veículo em movimento,NÃO DEFINIDO,Inexistentes,NÃO DEFINIDO,Cedência de passagem,Inexistentes,Betuminoso,Curva,Em patamar,Sem berma ou impraticável,Em plena via,Direita
20191674530,2019:04:26 17:14:00,01/26/00,04/01/00,01/01/00,Polícia de Segurança Pública,50.0,50.0,Sexta-Feira  ,"0,0","0,0",0,0,3,Outra via,Seco e limpo,Lisboa,Lisboa,Areeiro,Lisboa,Avenida Almirante Gago Coutinho                                                                     ,Arruamento,0,Em estado regular,,Bom tempo,Sentido único,Em cruzamento,Dentro das localidades,Em pleno dia,Com marcas - separadoras de sentido e de vias de trânsito,Colisão com outras situações,NÃO DEFINIDO,Inexistentes,NÃO DEFINIDO,Outros,A funcionar normalmente,Betuminoso,Recta,Em patamar,Sem berma ou impraticável,Em plena via,Direita
2014832703,2014:04:13 15:15:00,01/13/00,04/01/00,01/01/00,Guarda Nacional Republicana,90.0,90.0,Domingo      ,"39,394560","-8,455102",0,0,1,Outra via,Seco e limpo,Leiria,Batalha,Batalha,Torrão,,IC - Itinerário Complementar,IC9,Em bom estado,27.7,Bom tempo,Dois sentidos,Fora da intersecção,Fora das localidades,Em pleno dia,Com marcas - separadoras de sentido de trânsito,Despiste com transposição do dispositivo de retenção lateral,NÃO DEFINIDO,Inexistentes,No sentido crescente da quilometragem,NÃO DEFINIDO,Inexistentes,Betuminoso,Recta,Com inclinação,Berma pavimentada,Na berma,Direita
20171257936,2017:04:13 20:43:00,01/13/00,04/01/00,01/01/00,Guarda Nacional Republicana,120.0,120.0,Quinta-Feira ,"39,195946","-8,378674",0,0,1,Auto-estrada,Seco e limpo,Santarém,Torres Novas,"União das freguesias de Brogueira, Parceiros de Igreja e Alcorochel",Santarém,,A  - Auto-Estrada,A1,Em bom estado,"91,4",Bom tempo,Sentido único,Fora da intersecção,Fora das localidades,"Noite, sem iluminação",Com marcas - separadoras de sentido e de vias de trânsito,Colisão traseira com outro veículo em movimento,NÃO DEFINIDO,Inexistentes,No sentido crescente da quilometragem,Outros,Inexistentes,Betuminoso,Recta,Em patamar,Sem berma ou impraticável,Em plena via,Direita
20161147754,2016:04:26 15:50:00,01/26/00,04/01/00,01/01/00,Guarda Nacional Republicana,50.0,50.0,Terça-Feira  ,"41,300772","-8,255300",0,0,1,Estrada sem separador,Seco e limpo,Braga,Braga,União das freguesias de Morreira e Trandeiras,TRANDEIRAS,Rua de Almoinha,Arruamento,0,Em bom estado,,Bom tempo,Dois sentidos,Fora da intersecção,Dentro das localidades,Em pleno dia,Sem marcas rodoviárias ou pouco visíveis,Colisão frontal,NÃO DEFINIDO,Inexistentes,NÃO DEFINIDO,Outros,Inexistentes,Calçada,Recta,Em patamar,Sem berma ou impraticável,Em plena via,Direita
2012612305,2012:04:10 18:10:00,01/10/00,04/01/00,01/01/00,Guarda Nacional Republicana,50.0,50.0,Terça-Feira  ,,,0,0,1,Estrada sem separador,Húmido,Lisboa,Cascais,Alcabideche,ALVIDE,R DAS PADARIAS,Arruamento,0,Em estado regular,,Chuva,Dois sentidos,Em entroncamento,Dentro das localidades,Em pleno dia,Sem marcas rodoviárias ou pouco visíveis,Colisão lateral com outro veículo em movimento,NÃO DEFINIDO,Inexistentes,NÃO DEFINIDO,Stop,Inexistentes,Betuminoso,Recta,Em patamar,Berma pavimentada,Em plena via,Direita
2014832867,2014:04:03 14:10:00,01/03/00,04/01/00,01/01/00,Guarda Nacional Republicana,90.0,90.0,Quinta-Feira ,"37,336324","-7,397631",0,0,1,Estrada sem separador,Húmido,Beja,Mertola,Espírito Santo,Espirito Santo,,EN - Estrada Nacional,EN122,Em bom estado,62.5,Chuva,Dois sentidos,Fora da intersecção,Fora das localidades,Em pleno dia,Com marcas - separadoras de sentido de trânsito,Despiste com capotamento,NÃO DEFINIDO,Inexistentes,NÃO DEFINIDO,NÃO DEFINIDO,Inexistentes,Betuminoso,Recta,Com inclinação,Berma não pavimentada,Em plena via,Direita
2010460569,2010:04:14 07:30:00,01/14/00,04/01/00,01/01/00,Guarda Nacional Republicana,90.0,90.0,Quarta-Feira ,"39,17245","9,19071",0,0,1,Estrada sem separador,Seco e limpo,Lisboa,Lourinha,Lourinhã,CASAL DA MURTA,,EN - Estrada Nacional,EN247,Em estado regular,7.3,Bom tempo,Dois sentidos,Fora da intersecção,Fora das localidades,Em pleno dia,Com marcas - separadoras de sentido de trânsito,Colisão traseira com outro veículo em movimento,NÃO DEFINIDO,Inexistentes,NÃO DEFINIDO,NÃO DEFINIDO,Inexistentes,Betuminoso,Recta,Com inclinação,Sem berma ou impraticável,Em plena via,Direita
2012599843,2012:04:09 13:15:00,01/09/00,04/01/00,01/01/00,Polícia de Segurança Pública,50.0,50.0,Segunda-Feira,"0,00","0,00",0,0,1,Estrada sem separador,Seco e limpo,Porto,Porto,Foz do Douro,Porto,Praça do Império,Arruamento,0,Em bom estado,,Bom tempo,Sentido único,Em rotunda,Dentro das localidades,Em pleno dia,Com marcas - separadoras de sentido e de vias de trânsito,Colisão lateral com outro veículo em movimento,NÃO DEFINIDO,Inexistentes,NÃO DEFINIDO,Outros,Inexistentes,Betuminoso,Curva,Em patamar,Berma pavimentada,Em plena via,Esquerda
2015959325,2015:04:03 11:05:00,01/03/00,04/01/00,01/01/00,Guarda Nacional Republicana,60.0,60.0,Sexta-Feira  ,"38,509525","-9,062325",0,0,3,Estrada sem separador,Seco e limpo,Lisboa,Vila Franca de Xira,Vialonga,Granja,,EN - Estrada Nacional,EN115-5,Em bom estado,5.5,Bom tempo,Dois sentidos,Fora da intersecção,Fora das localidades,Em pleno dia,Com marcas - separadoras de sentido e de vias de trânsito,Despiste com capotamento,NÃO DEFINIDO,Inexistentes,NÃO DEFINIDO,NÃO DEFINIDO,Inexistentes,Betuminoso,Curva,Com inclinação,Berma pavimentada,Na berma,Direita
2014832742,2014:04:18 17:36:00,01/18/00,04/01/00,01/01/00,Guarda Nacional Republicana,50.0,50.0,Sexta-Feira  ,"39,210570","-9,098598",0,0,1,Estrada sem separador,Seco e limpo,Leiria,Obidos,"Santa Maria, São Pedro e Sobral da Lagoa",Pinhal,Estrada Real (antiga estrada real),Arruamento,0,Em estado regular,,Bom tempo,Dois sentidos,Fora da intersecção,Dentro das localidades,Em pleno dia,Sem marcas rodoviárias ou pouco visíveis,Despiste com capotamento,NÃO DEFINIDO,Inexistentes,NÃO DEFINIDO,Outros,Inexistentes,Betuminoso,Curva,Com inclinação,Berma não pavimentada,Em plena via,Direita
20181433563,2018:04:26 17:45:00,01/26/00,04/01/00,01/01/00,Guarda Nacional Republicana,90.0,90.0,Quinta-Feira ,"40,074325","-8,447691",0,0,1,Estrada sem separador,Seco e limpo,Coimbra,Penela,Podentes,Póvoa de Pegas,,EN - Estrada Nacional,EN347-1,Em estado regular,"0,5",Bom tempo,Dois sentidos,Fora da intersecção,Fora das localidades,Em pleno dia,Com marcas - separadoras de sentido de trânsito,Despiste simples,NÃO DEFINIDO,Inexistentes,NÃO DEFINIDO,Proibição de ultrapassagem,Inexistentes,Betuminoso,Recta,Em patamar,Sem berma ou impraticável,Em plena via,Direita
2010449317,2010:04:25 17:15:00,01/25/00,04/01/00,01/01/00,Polícia de Segurança Pública,50.0,50.0,Domingo      ,"0,00","0,00",0,0,1,Estrada sem separador,Húmido,Porto,Gondomar,Rio Tinto,,Rua D. Afonso Henriques - Areosa,Arruamento,0,Em estado regular,,Bom tempo,Dois sentidos,Fora da intersecção,Dentro das localidades,Em pleno dia,Com marcas - separadoras de sentido e de vias de trânsito,Atropelamento de peões,NÃO DEFINIDO,Inexistentes,NÃO DEFINIDO,Passagem de peões,Inexistentes,Betuminoso,Recta,Com inclinação,Sem berma ou impraticável,Em plena via,Direita
2011501704,2010:04:26 08:40:00,01/26/00,04/01/00,01/01/00,Polícia de Segurança Pública,100.0,100.0,Segunda-Feira,"0,00","0,00",0,0,2,Outra via,Seco e limpo,Lisboa,Sintra,Algueirão-Mem Martins,Mem Martins,,IC - Itinerário Complementar,IC19,Em bom estado,,Bom tempo,Sentido único,Fora da intersecção,Fora das localidades,Em pleno dia,Com marcas - separadoras de sentido e de vias de trânsito,Colisão com outras situações,NÃO DEFINIDO,Inexistentes,No sentido crescente da quilometragem,NÃO DEFINIDO,Inexistentes,Betuminoso,Recta,Em patamar,Berma pavimentada,Em plena via,Central
2014790763,2014:04:21 10:45:00,01/21/00,04/01/00,01/01/00,Polícia de Segurança Pública,50.0,50.0,Segunda-Feira,"38,716679","-9,150514",0,0,1,Estrada sem separador,Seco e limpo,Lisboa,Lisboa,Santo António,,Travessa Monte do Carmo                                                                             ,Arruamento,0,Em bom estado,,Bom tempo,Sentido único,Fora da intersecção,Dentro das localidades,Em pleno dia,Sem marcas rodoviárias ou pouco visíveis,Atropelamento de peões,NÃO DEFINIDO,Inexistentes,NÃO DEFINIDO,NÃO DEFINIDO,Inexistentes,Betuminoso,Recta,Em patamar,Berma pavimentada,Em plena via,Direita
2012599028,2012:04:03 15:20:00,01/03/00,04/01/00,01/01/00,Polícia de Segurança Pública,50.0,50.0,Terça-Feira  ,"0,00","0,00",0,0,1,Estrada sem separador,Seco e limpo,Lisboa,Lisboa,São Jorge de Arroios,,Rua General Garcia Rosado                                                                           ,Arruamento,0,Em bom estado,,Bom tempo,Sentido único,Fora da intersecção,Dentro das localidades,Em pleno dia,Sem marcas rodoviárias ou pouco visíveis,Atropelamento de peões,NÃO DEFINIDO,Inexistentes,NÃO DEFINIDO,Outros,Inexistentes,Betuminoso,Recta,Com inclinação,Berma pavimentada,Em plena via,Direita
2015959442,2015:04:23 18:50:00,01/23/00,04/01/00,01/01/00,Guarda Nacional Republicana,50.0,50.0,Quinta-Feira ,"39,045696","-8,527570",0,0,1,Estrada sem separador,Seco e limpo,Lisboa,Azambuja,Azambuja,,Rua da Lavandeira,Arruamento,0,Em estado regular,,Bom tempo,Dois sentidos,Em entroncamento,Dentro das localidades,Em pleno dia,Sem marcas rodoviárias ou pouco visíveis,Colisão frontal,NÃO DEFINIDO,Inexistentes,NÃO DEFINIDO,Stop,Inexistentes,Betuminoso,Recta,Em patamar,Sem berma ou impraticável,Em plena via,Direita
2010455073,2010:04:10 12:45:00,01/10/00,04/01/00,01/01/00,Polícia de Segurança Pública,50.0,50.0,Sábado       ,"0,00","0,00",0,0,1,Estrada sem separador,Húmido,Lisboa,Amadora,Brandoa,,Estrada dos Salgados,Arruamento,0,Em estado regular,,Bom tempo,Dois sentidos,Fora da intersecção,Dentro das localidades,Em pleno dia,Com marcas - separadoras de sentido de trânsito,Despiste sem dispositivo de retenção,NÃO DEFINIDO,Inexistentes,NÃO DEFINIDO,NÃO DEFINIDO,Inexistentes,Betuminoso,Recta,Em patamar,Berma pavimentada,Em plena via,Direita
20181429505,2018:04:09 04:30:00,01/09/00,04/01/00,01/01/00,Guarda Nacional Republicana,120.0,120.0,Segunda-Feira,"41,302435","-8,537421",0,0,2,Auto-estrada,Molhado,Porto,Trofa,Covelas,Covelas,,A  - Auto-Estrada,A3,Em estado regular,"16,27",Chuva,Sentido único,Fora da intersecção,Fora das localidades,"Noite, sem iluminação",Com marcas - separadoras de sentido e de vias de trânsito,Despiste simples,NÃO DEFINIDO,Inexistentes,No sentido decrescente da quilometragem,NÃO DEFINIDO,Inexistentes,Betuminoso,Curva,Com inclinação,Berma pavimentada,Em plena via,Direita
2014832001,2014:04:20 10:00:00,01/20/00,04/01/00,01/01/00,Guarda Nacional Republicana,50.0,50.0,Domingo      ,"39,422657","-8,393456",0,0,1,Estrada sem separador,Molhado,Santarém,Ourem,União das freguesias de Matas e Cercal,Cercal,Rua 31 de Dezembro,Arruamento,0,Em estado regular,,Chuva,Dois sentidos,Fora da intersecção,Dentro das localidades,Em pleno dia,Com marcas - separadoras de sentido de trânsito,Despiste simples,NÃO DEFINIDO,Inexistentes,NÃO DEFINIDO,NÃO DEFINIDO,Inexistentes,Betuminoso,Curva,Em patamar,Sem berma ou impraticável,Em plena via,Direita
2011524370,2011:04:22 08:25:00,01/22/00,04/01/00,01/01/00,Polícia de Segurança Pública,50.0,50.0,Sexta-Feira  ,"0,00","0,00",0,0,1,Outra via,Húmido,Aveiro,Espinho,Anta,,Rua 19,Arruamento,0,Em estado regular,,Chuva,Dois sentidos,NÃO DEFINIDO,Dentro das localidades,Em pleno dia,Com marcas - separadoras de sentido de trânsito,Atropelamento de peões,NÃO DEFINIDO,Inexistentes,No sentido decrescente da quilometragem,Passagem de peões,Inexistentes,Betuminoso,Recta,Com inclinação,Berma pavimentada,Em plena via,Direita
20161147397,2016:04:24 15:30:00,01/24/00,04/01/00,01/01/00,Guarda Nacional Republicana,50.0,90.0,Domingo      ,"41,065437","-8,320211",0,0,1,Estrada sem separador,Seco e limpo,Porto,Gondomar,União das freguesias de Foz do Sousa e Covelo,ATÃES,,EN - Estrada Nacional,EN108,Em bom estado,"6,2",Bom tempo,Dois sentidos,Em entroncamento,Dentro das localidades,Em pleno dia,Com marcas - separadoras de sentido e de vias de trânsito,Colisão lateral com outro veículo em movimento,NÃO DEFINIDO,Inexistentes,NÃO DEFINIDO,NÃO DEFINIDO,Inexistentes,Betuminoso,Recta,Em patamar,Sem berma ou impraticável,Em plena via,Direita
20171225049,2017:04:07 18:40:00,01/07/00,04/01/00,01/01/00,Polícia de Segurança Pública,50.0,50.0,Sexta-Feira  ,"39,462249","-8,471096",0,0,1,Estrada sem separador,Seco e limpo,Santarém,Entroncamento,Entroncamento / São João Batista,Entroncamento,Rua Manuel Rodrigues Gameiro                                                                        ,Arruamento,0,Em bom estado,,Bom tempo,Sentido único,NÃO DEFINIDO,Dentro das localidades,Em pleno dia,Sem marcas rodoviárias ou pouco visíveis,Colisão lateral com outro veículo em movimento,NÃO DEFINIDO,Inexistentes,NÃO DEFINIDO,NÃO DEFINIDO,Inexistentes,Betuminoso,Recta,Em patamar,Sem berma ou impraticável,Em plena via,Direita
2012600705,2012:04:09 18:45:00,01/09/00,04/01/00,01/01/00,Polícia de Segurança Pública,40.0,90.0,Segunda-Feira,"0,00","0,00",0,0,2,Estrada sem separador,Húmido,Lisboa,Vila Franca de Xira,Forte da Casa,Forte da Casa,,EN - Estrada Nacional,EN10,Em estado regular,131.6,Bom tempo,Dois sentidos,Fora da intersecção,Dentro das localidades,Em pleno dia,Com marcas - separadoras de sentido de trânsito,Colisão choque em cadeia,NÃO DEFINIDO,Inexistentes,NÃO DEFINIDO,Outros,Inexistentes,Betuminoso,Recta,Em patamar,Berma pavimentada,Em plena via,Direita
2014787501,2014:04:04 15:05:00,01/04/00,04/01/00,01/01/00,Polícia de Segurança Pública,50.0,50.0,Sexta-Feira  ,"38,677207","-9,163596",0,0,1,Estrada sem separador,Molhado,Setúbal,Almada,"União das freguesias de Almada, Cova da Piedade, Pragal e Cacilhas",Almada,Avenida Dom Nuno Álvares Pereira                                                                    ,Arruamento,0,Em bom estado,,Chuva,Dois sentidos,Fora da intersecção,Dentro das localidades,Em pleno dia,Sem marcas rodoviárias ou pouco visíveis,Atropelamento de peões,NÃO DEFINIDO,Inexistentes,NÃO DEFINIDO,Outros,Inexistentes,Betuminoso,Recta,Em patamar,Sem berma ou impraticável,Em plena via,Direita
20191674792,2019:04:30 13:00:00,01/30/00,04/01/00,01/01/00,Polícia de Segurança Pública,50.0,50.0,Terça-Feira  ,"0,0","0,0",0,0,1,Estrada sem separador,Seco e limpo,Porto,Matosinhos,União das freguesias de São Mamede de Infesta e Senhora da Hora,São Mamede de Infesta,Rua 5 de Outubro                                                                                    ,Arruamento,0,Em estado regular,,Bom tempo,Dois sentidos,Fora da intersecção,Dentro das localidades,Em pleno dia,Com marcas - separadoras de sentido e de vias de trânsito,Colisão com outras situações,NÃO DEFINIDO,Inexistentes,NÃO DEFINIDO,Outros,Inexistentes,Betuminoso,Recta,Em patamar,Berma pavimentada,Em plena via,Direita
2015928603,2015:04:30 11:15:00,01/30/00,04/01/00,01/01/00,Polícia de Segurança Pública,50.0,50.0,Quinta-Feira ,"38,532331","-8,874132",0,0,1,Estrada sem separador,Seco e limpo,Setúbal,Setubal,Setúbal (São Sebastião),Setúbal,Avenida Alentejo                                                                                    ,Arruamento,0,Em estado regular,,Bom tempo,Dois sentidos,Em entroncamento,Dentro das localidades,Em pleno dia,Sem marcas rodoviárias ou pouco visíveis,Colisão frontal,NÃO DEFINIDO,Inexistentes,NÃO DEFINIDO,NÃO DEFINIDO,Inexistentes,Betuminoso,Recta,Com inclinação,Sem berma ou impraticável,Em plena via,Direita
2013679856,2013:04:10 17:50:00,01/10/00,04/01/00,01/01/00,Polícia de Segurança Pública,50.0,50.0,Quarta-Feira ,"0,00","0,00",0,0,1,Estrada sem separador,Molhado,Vila Real,Chaves,Santa Maria Maior,,Avenida 5 de Outubro                                                                                ,Arruamento,0,Em bom estado,,Chuva,Dois sentidos,Fora da intersecção,Dentro das localidades,Em pleno dia,Sem marcas rodoviárias ou pouco visíveis,Atropelamento de peões,NÃO DEFINIDO,Inexistentes,NÃO DEFINIDO,NÃO DEFINIDO,Inexistentes,Betuminoso,Recta,Em patamar,Berma pavimentada,Em plena via,Direita
2011546692,2011:04:21 08:50:00,01/21/00,04/01/00,01/01/00,Polícia de Segurança Pública,50.0,50.0,Quinta-Feira ,"0,00","0,00",0,0,1,Estrada sem separador,Seco e limpo,Porto,Povoa de Varzim,Póvoa de Varzim,,Rua Gomes de Amorim,Arruamento,0,Em bom estado,,Bom tempo,Dois sentidos,Em cruzamento,Dentro das localidades,Em pleno dia,Com marcas - separadoras de sentido e de vias de trânsito,Colisão lateral com outro veículo em movimento,NÃO DEFINIDO,Inexistentes,NÃO DEFINIDO,Stop,Inexistentes,Betuminoso,Recta,Em patamar,Berma pavimentada,Em plena via,Direita
20191674815,2019:04:29 19:20:00,01/29/00,04/01/00,01/01/00,Polícia de Segurança Pública,50.0,50.0,Segunda-Feira,"0,0","0,0",0,0,1,Estrada sem separador,Seco e limpo,Lisboa,Lisboa,Avenidas Novas,,Rua Dona Filipa de Vilhena                                                                          ,Arruamento,0,Em bom estado,,Bom tempo,Dois sentidos,Em cruzamento,Dentro das localidades,Aurora ou crepúsculo,Com marcas - separadoras de sentido e de vias de trânsito,Atropelamento de peões,NÃO DEFINIDO,Inexistentes,NÃO DEFINIDO,Outros,A funcionar normalmente,Betuminoso,Recta,Em patamar,Sem berma ou impraticável,Em plena via,Direita
20171259212,2017:04:20 16:20:00,01/20/00,04/01/00,01/01/00,Guarda Nacional Republicana,50.0,50.0,Quinta-Feira ,"38,870338","-9,089962",0,0,1,Estrada sem separador,Seco e limpo,Lisboa,Vila Franca de Xira,Vialonga,Vialonga,Rua José António Veríssimo da Silva,Arruamento,0,Em bom estado,,Bom tempo,Dois sentidos,Fora da intersecção,Dentro das localidades,Em pleno dia,Sem marcas rodoviárias ou pouco visíveis,Atropelamento de peões,NÃO DEFINIDO,Inexistentes,NÃO DEFINIDO,NÃO DEFINIDO,Inexistentes,Betuminoso,Recta,Em patamar,Sem berma ou impraticável,Em plena via,Direita
2013711912,2013:04:09 19:15:00,01/09/00,04/01/00,01/01/00,Guarda Nacional Republicana,50.0,50.0,Terça-Feira  ,"41,134731","-08,243194",0,0,2,Estrada sem separador,Seco e limpo,Porto,Paredes,Rebordosa,Rebordosa,Praceta da Lage,Arruamento,0,Em bom estado,,Bom tempo,Dois sentidos,Em cruzamento,Dentro das localidades,Em pleno dia,Sem marcas rodoviárias ou pouco visíveis,Colisão frontal,NÃO DEFINIDO,Inexistentes,NÃO DEFINIDO,Stop,Inexistentes,Calçada,Recta,Com inclinação,Sem berma ou impraticável,Em plena via,Direita
2010457801,2010:04:28 08:50:00,01/28/00,04/01/00,01/01/00,Guarda Nacional Republicana,100.0,120.0,Quarta-Feira ,"38,805735","-9,360278",0,0,1,Auto-estrada,Seco e limpo,Lisboa,Sintra,Sintra (Santa Maria e São Miguel),SINTRA,,A  - Auto-Estrada,A16,Em bom estado,11.25,Bom tempo,Sentido único,Fora da intersecção,Fora das localidades,Em pleno dia,Com marcas - separadoras de sentido e de vias de trânsito,Despiste simples,NÃO DEFINIDO,Inexistentes,No sentido crescente da quilometragem,NÃO DEFINIDO,Inexistentes,Betuminoso,Recta,Em patamar,Berma pavimentada,Em plena via,Central
20191690011,2019:04:19 15:20:00,01/19/00,04/01/00,01/01/00,Guarda Nacional Republicana,50.0,50.0,Sexta-Feira  ,"41,397570","-8,444816",0,0,2,Estrada sem separador,Seco e limpo,Braga,Vila Nova de Famalicao,Landim,Landim,Avenida da Liberdade,Arruamento,0,Em mau estado,,Bom tempo,Dois sentidos,Fora da intersecção,Dentro das localidades,Em pleno dia,Com marcas - separadoras de sentido de trânsito,Colisão lateral com outro veículo em movimento,NÃO DEFINIDO,Inexistentes,NÃO DEFINIDO,Stop,Inexistentes,Betuminoso,Recta,Em patamar,Berma não pavimentada,Em plena via,Direita
2013681365,2013:04:26 18:30:00,01/26/00,04/01/00,01/01/00,Polícia de Segurança Pública,50.0,50.0,Sexta-Feira  ,"0,00","0,00",0,0,1,Estrada sem separador,Seco e limpo,Lisboa,Loures,Santa Iria de Azoia,Santa Iria de Azóia,,EN - Estrada Nacional,EN10,Em estado regular,135.9,Bom tempo,Dois sentidos,Fora da intersecção,Fora das localidades,Aurora ou crepúsculo,Com marcas - separadoras de sentido de trânsito,Colisão traseira com outro veículo em movimento,NÃO DEFINIDO,Inexistentes,NÃO DEFINIDO,Passagem de peões,Inexistentes,Betuminoso,Recta,Em patamar,Berma pavimentada,Em plena via,Direita
20181429540,2018:04:09 09:15:00,01/09/00,04/01/00,01/01/00,Guarda Nacional Republicana,50.0,50.0,Segunda-Feira,"41,045417","-8,484399",0,0,1,Estrada sem separador,Molhado,Aveiro,Santa Maria da Feira,"União das freguesias de Canedo, Vale e Vila Maior",Vila Maior,Rua Centro Social,Arruamento,0,Em estado regular,,Chuva,Dois sentidos,Fora da intersecção,Dentro das localidades,Em pleno dia,Com marcas - separadoras de sentido de trânsito,Despiste simples,NÃO DEFINIDO,Inexistentes,NÃO DEFINIDO,NÃO DEFINIDO,Inexistentes,Betuminoso,Curva,Em patamar,Berma pavimentada,Na berma,Direita
20171230610,2017:04:30 17:15:00,01/30/00,04/01/00,01/01/00,Polícia de Segurança Pública,50.0,50.0,Domingo      ,"37,136549","-8,565337",0,0,1,Estrada sem separador,Seco e limpo,Faro,Portimao,Portimão,Portimão,Rua Cristóvão Colombo                                                                               ,Arruamento,0,Em bom estado,,Bom tempo,Dois sentidos,Fora da intersecção,Dentro das localidades,Em pleno dia,Sem marcas rodoviárias ou pouco visíveis,Despiste sem dispositivo de retenção,NÃO DEFINIDO,Inexistentes,NÃO DEFINIDO,Outros,Inexistentes,Betuminoso,Recta,Em patamar,Berma pavimentada,Em plena via,Direita