Id. Acidente,Datahora,Dia,Mês,Hora,Entidades Fiscalizadoras,Velocidade local,Velocidade geral,Dia da Semana,Latitude GPS,Longitude GPS,Num. Mortos a 30 dias,Num. Feridos graves a 30 dias,Num. Feridos ligeiros a 30 dias,Características Tecnicas1,Cond Aderência,Distrito,Concelho,Freguesia,Pov. Proxima,Nome arruamento,Tipos Vias,Cod Via,Estado Conservação,Km,Factores Atmosféricos,Reg Circulação1,Intersecção Vias,Localizações,Luminosidade,Marca Via,Natureza,Obras Arte,Obstáculos,Sentidos,Sinais,Sinais Luminosos,Tipo Piso,Traçado 1,Traçado 2,Traçado 3,Traçado 4,Via Trânsito
20171155897,2016:05:23 16:20:00,01/23/00,05/01/00,01/01/00,Guarda Nacional Republicana,50.0,50.0,Segunda-Feira,"39,358819","-8,566834",0,0,1,Estrada sem separador,Seco e limpo,Leiria,Alcobaca,"União das freguesias de Coz, Alpedriz e Montes",CASTANHEIRA,Largo do Freixo,Arruamento,0,Em bom estado,,Bom tempo,Dois sentidos,Fora da intersecção,Dentro das localidades,Em pleno dia,Sem marcas rodoviárias ou pouco visíveis,Despiste simples,NÃO DEFINIDO,Inexistentes,NÃO DEFINIDO,NÃO DEFINIDO,Desligada,Betuminoso,Curva,Com inclinação,Berma pavimentada,Em plena via,Direita
2015976038,2015:05:25 09:40:00,01/25/00,05/01/00,01/01/00,Guarda Nacional Republicana,50.0,50.0,Segunda-Feira,"41,249896","-8,323125",0,0,1,Estrada sem separador,Seco e limpo,Braga,Vila Nova de Famalicao,Brufe,,,EN - Estrada Nacional,EN206,Em bom estado,21.1,Bom tempo,Dois sentidos,Fora da intersecção,Dentro das localidades,Em pleno dia,Com marcas - separadoras de sentido de trânsito,Colisão frontal,NÃO DEFINIDO,Inexistentes,NÃO DEFINIDO,Outros,Inexistentes,Betuminoso,Recta,Com inclinação,Berma pavimentada,Em plena via,Direita
20181400155,2018:05:03 18:45:00,01/03/00,05/01/00,01/01/00,Polícia de Segurança Pública,50.0,50.0,Quinta-Feira ,"0,0","0,0",0,0,1,Estrada sem separador,Seco e limpo,Aveiro,Espinho,União das freguesias de Anta e Guetim,,Rua da Congosta,Arruamento,0,Em estado regular,,Bom tempo,Sentido único,Em entroncamento,Dentro das localidades,Em pleno dia,Sem marcas rodoviárias ou pouco visíveis,Colisão traseira com outro veículo em movimento,NÃO DEFINIDO,Inexistentes,NÃO DEFINIDO,Cedência de passagem,Inexistentes,Betuminoso,Recta,Em patamar,Berma pavimentada,Em plena via,Direita
2015941143,2015:05:30 19:00:00,01/30/00,05/01/00,01/01/00,Polícia de Segurança Pública,50.0,50.0,Sábado       ,"40,555087","-7,245010",0,0,1,Estrada sem separador,Com gravilha ou areia,Guarda,Guarda,Guarda,,"Avenida São Miguel, frente a farmácia Moderna",Arruamento,0,Em estado regular,,Bom tempo,Dois sentidos,Fora da intersecção,Dentro das localidades,Em pleno dia,Com marcas - separadoras de sentido e de vias de trânsito,Despiste com dispositivo de retenção,NÃO DEFINIDO,Inexistentes,NÃO DEFINIDO,Outros,Inexistentes,Calçada,Recta,Com inclinação,Sem berma ou impraticável,Em plena via,Direita
2014836697,2014:05:17 14:30:00,01/17/00,05/01/00,01/01/00,Guarda Nacional Republicana,90.0,90.0,Sábado       ,"41,471497","-7,658063",0,0,2,Estrada sem separador,Seco e limpo,Bragança,Vinhais,União das freguesias de Nunes e Ousilhão,Romariz,,EM - Estrada Municipal,EM1510,Em bom estado,5.8,Bom tempo,Dois sentidos,Fora da intersecção,Fora das localidades,Em pleno dia,Com marcas - separadoras de sentido de trânsito,Colisão lateral com outro veículo em movimento,NÃO DEFINIDO,Inexistentes,NÃO DEFINIDO,Outros,Inexistentes,Betuminoso,Curva,Com inclinação,Sem berma ou impraticável,Em plena via,Direita
2012611292,2012:05:28 19:20:00,01/28/00,05/01/00,01/01/00,Polícia de Segurança Pública,50.0,50.0,Segunda-Feira,"0,00","0,00",0,0,1,Estrada sem separador,Húmido,Lisboa,Amadora,São Brás,,Avenida Doutor Fernando Piteira Santos                                                              ,Arruamento,0,Em estado regular,,Bom tempo,Sentido único,Fora da intersecção,Dentro das localidades,Em pleno dia,Sem marcas rodoviárias ou pouco visíveis,Atropelamento de peões,NÃO DEFINIDO,Inexistentes,NÃO DEFINIDO,Outros,Inexistentes,Betuminoso,Recta,Em patamar,Berma pavimentada,Em plena via,Esquerda
20171156923,2016:05:29 14:00:00,01/29/00,05/01/00,01/01/00,Guarda Nacional Republicana,90.0,90.0,Domingo      ,"40,200190","-7,273528",0,0,1,Estrada sem separador,Seco e limpo,Castelo Branco,Covilha,União das freguesias de Teixoso e Sarzedo,GIBALTAR - TEIXOSO,,EM - Estrada Municipal,0,Em estado regular,"1,72",Bom tempo,Dois sentidos,Fora da intersecção,Fora das localidades,Em pleno dia,Com marcas - separadoras de sentido de trânsito,Despiste simples,NÃO DEFINIDO,Inexistentes,NÃO DEFINIDO,NÃO DEFINIDO,Inexistentes,Betuminoso,Curva,Em patamar,Sem berma ou impraticável,Em plena via,Direita
20191677326,2019:05:14 07:55:00,01/14/00,05/01/00,01/01/00,Polícia de Segurança Pública,50.0,50.0,Terça-Feira  ,"0,0","0,0",0,0,1,Estrada sem separador,Seco e limpo,Leiria,Leiria,"União das freguesias de Leiria, Pousos, Barreira e Cortes",Leiria,,EN - Estrada Nacional,EN113,Em bom estado,,Bom tempo,Dois sentidos,Fora da intersecção,Dentro das localidades,Em pleno dia,Com marcas - separadoras de sentido e de vias de trânsito,Colisão traseira com outro veículo em movimento,NÃO DEFINIDO,Inexistentes,NÃO DEFINIDO,Outros,Inexistentes,Betuminoso,Curva,Com inclinação,Berma pavimentada,Em plena via,Direita
20181414845,2018:05:14 13:40:00,01/14/00,05/01/00,01/01/00,Polícia de Segurança Pública,50.0,50.0,Segunda-Feira,38.7580607,-9.0975472,0,0,1,Outra via,Seco e limpo,Lisboa,Lisboa,Parque das Nações,Lisboa,Avenida Fernando Pessoa                                                                             ,Arruamento,0,Em estado regular,,Bom tempo,Sentido único,Fora da intersecção,Dentro das localidades,Em pleno dia,Com marcas - separadoras de sentido e de vias de trânsito,Despiste sem dispositivo de retenção,NÃO DEFINIDO,Inexistentes,No sentido crescente da quilometragem,Outros,Inexistentes,Betuminoso,Recta,Com inclinação,Sem berma ou impraticável,Em plena via,Direita
20171265877,2017:05:14 18:55:00,01/14/00,05/01/00,01/01/00,Guarda Nacional Republicana,50.0,90.0,Domingo      ,"41,440663","-8,385851",0,0,1,Estrada sem separador,Seco e limpo,Braga,Guimaraes,Ronfe,Ronfe,,EN - Estrada Nacional,EN206,Em estado regular,35,Bom tempo,Dois sentidos,Fora da intersecção,Dentro das localidades,Em pleno dia,Sem marcas rodoviárias ou pouco visíveis,Colisão traseira com outro veículo em movimento,NÃO DEFINIDO,Inexistentes,NÃO DEFINIDO,Outros,Inexistentes,Betuminoso,Curva,Com inclinação,Berma pavimentada,Em plena via,Direita
2014805339,2014:05:23 22:50:00,01/23/00,05/01/00,01/01/00,Polícia de Segurança Pública,50.0,50.0,Sexta-Feira  ,"38,766911","-9,201249",0,0,1,Estrada sem separador,Seco e limpo,Lisboa,Odivelas,União das freguesias de Pontinha e Famões,Pontinha,Rua Santo Eloy                                                                                      ,Arruamento,0,Em estado regular,,Bom tempo,Sentido único,Em cruzamento,Dentro das localidades,"Noite, com iluminação",Sem marcas rodoviárias ou pouco visíveis,Colisão com fuga,NÃO DEFINIDO,Inexistentes,NÃO DEFINIDO,NÃO DEFINIDO,Inexistentes,Betuminoso,Recta,Em patamar,Berma pavimentada,Em plena via,Direita
2013684803,2013:05:20 17:45:00,01/20/00,05/01/00,01/01/00,Polícia de Segurança Pública,50.0,50.0,Segunda-Feira,"0,00","0,00",0,0,2,Estrada sem separador,Seco e limpo,Lisboa,Loures,Santa Iria de Azoia,Santa Iria de Azóia,Rua Olival                                                                                          ,Arruamento,0,Em bom estado,,Bom tempo,Dois sentidos,Fora da intersecção,Dentro das localidades,Em pleno dia,Com marcas - separadoras de sentido e de vias de trânsito,Colisão traseira com outro veículo em movimento,NÃO DEFINIDO,Inexistentes,NÃO DEFINIDO,Outros,A funcionar normalmente,Betuminoso,Recta,Em patamar,Berma pavimentada,Em plena via,Direita
2012618702,2012:05:13 19:10:00,01/13/00,05/01/00,01/01/00,Guarda Nacional Republicana,50.0,50.0,Domingo      ,"40,786932","-8,054375",0,0,3,Estrada sem separador,Seco e limpo,Viseu,Sao Pedro do Sul,São Félix,SAO FELIX,,EN - Estrada Nacional,EN228,Em estado regular,19.7,Bom tempo,Dois sentidos,Em entroncamento,Dentro das localidades,Em pleno dia,Com marcas - separadoras de sentido de trânsito,Colisão lateral com outro veículo em movimento,NÃO DEFINIDO,Inexistentes,NÃO DEFINIDO,Outros,A funcionar normalmente,Betuminoso,Recta,Com inclinação,Berma pavimentada,Em plena via,Direita
20191704739,2019:05:23 20:05:00,01/23/00,05/01/00,01/01/00,Polícia de Segurança Pública,50.0,50.0,Quinta-Feira ,"38,698139","-9,311520",0,0,1,Outra via,Seco e limpo,Lisboa,Oeiras,"União das freguesias de Oeiras e São Julião da Barra, Paço de Arcos e Caxias",Oeiras,Estrada Oeiras                                                                                      ,Arruamento,0,Em estado regular,,Bom tempo,Sentido único,Fora da intersecção,Dentro das localidades,Em pleno dia,Com marcas - separadoras de sentido e de vias de trânsito,Despiste sem dispositivo de retenção,NÃO DEFINIDO,Inexistentes,No sentido crescente da quilometragem,Outros,Inexistentes,Betuminoso,Recta,Em Lomba,Sem berma ou impraticável,Em plena via,Direita
20171233137,2017:05:24 09:40:00,01/24/00,05/01/00,01/01/00,Polícia de Segurança Pública,50.0,50.0,Quarta-Feira ,"38,780645","-9,335479",0,0,1,Estrada sem separador,Seco e limpo,Lisboa,Sintra,Rio de Mouro,Rio de Mouro,Avenida Irene Lisboa                                                                                ,Arruamento,0,Em estado regular,,Bom tempo,Sentido único,Em entroncamento,Dentro das localidades,Em pleno dia,Com marcas - separadoras de sentido de trânsito,Colisão traseira com outro veículo em movimento,NÃO DEFINIDO,Inexistentes,NÃO DEFINIDO,Outros,Inexistentes,Betuminoso,Curva,Em patamar,Sem berma ou impraticável,Em plena via,Direita
20191730448,2019:05:27 12:00:00,01/27/00,05/01/00,01/01/00,Guarda Nacional Republicana,50.0,50.0,Segunda-Feira,"41,205170","-8,330387",0,0,1,Estrada sem separador,Seco e limpo,Porto,Paredes,Lordelo,Fijó - Rebordosa,,EN - Estrada Nacional,EN209,Em bom estado,"23,65",Bom tempo,Dois sentidos,Em entroncamento,Dentro das localidades,Em pleno dia,Com marcas - separadoras de sentido e de vias de trânsito,Colisão lateral com outro veículo em movimento,NÃO DEFINIDO,Inexistentes,NÃO DEFINIDO,NÃO DEFINIDO,Inexistentes,Betuminoso,Recta,Em patamar,Berma pavimentada,Em plena via,Direita
2014838828,2014:05:24 10:00:00,01/24/00,05/01/00,01/01/00,Guarda Nacional Republicana,50.0,50.0,Sábado       ,"39,207607","-9,063627",0,0,1,Estrada sem separador,Seco e limpo,Leiria,Obidos,A dos Negros,A dos Negros,Rua Principal,Arruamento,0,Em bom estado,,Bom tempo,Dois sentidos,Fora da intersecção,Dentro das localidades,Em pleno dia,Sem marcas rodoviárias ou pouco visíveis,Colisão traseira com outro veículo em movimento,NÃO DEFINIDO,Inexistentes,NÃO DEFINIDO,Outros,Inexistentes,Betuminoso,Recta,Em patamar,Berma pavimentada,Em plena via,Direita
2012618991,2012:05:17 21:15:00,01/17/00,05/01/00,01/01/00,Guarda Nacional Republicana,90.0,90.0,Quinta-Feira ,"39,093845","-9,297470",0,0,2,Estrada sem separador,Seco e limpo,Lisboa,Torres Vedras,Ponte do Rol,GIBRALTAR,,EN - Estrada Nacional,EN9,Em bom estado,63.55,Bom tempo,Dois sentidos,Fora da intersecção,Fora das localidades,"Noite, sem iluminação",Com marcas - separadoras de sentido de trânsito,Despiste com capotamento,NÃO DEFINIDO,Inexistentes,NÃO DEFINIDO,Outros,Inexistentes,Betuminoso,Recta,Em patamar,Sem berma ou impraticável,Em plena via,Direita
2010464722,2010:05:08 13:40:00,01/08/00,05/01/00,01/01/00,Guarda Nacional Republicana,50.0,50.0,Sábado       ,,,0,0,3,Estrada sem separador,Molhado,Aveiro,Estarreja,Avanca,AVANCA,R NARCISO NEVES,Arruamento,0,Em bom estado,,Chuva,Dois sentidos,Em cruzamento,Dentro das localidades,Em pleno dia,Com marcas - separadoras de sentido de trânsito,Colisão lateral com outro veículo em movimento,NÃO DEFINIDO,Inexistentes,NÃO DEFINIDO,NÃO DEFINIDO,A funcionar normalmente,Betuminoso,Recta,Em patamar,Berma pavimentada,Em plena via,Direita
2010463113,2010:05:01 22:40:00,01/01/00,05/01/00,01/01/00,Guarda Nacional Republicana,90.0,90.0,Sábado       ,"41,644564","-8,771300",0,0,4,Estrada sem separador,Seco e limpo,Viana do Castelo,Viana do Castelo,Chafé,CHAFÉ,,EN - Estrada Nacional,EN13,Em bom estado,57.9,Bom tempo,Dois sentidos,Fora da intersecção,Fora das localidades,"Noite, com iluminação",Com marcas - separadoras de sentido de trânsito,Colisão lateral com outro veículo em movimento,NÃO DEFINIDO,Inexistentes,NÃO DEFINIDO,Outros,Inexistentes,Betuminoso,Recta,Em patamar,Berma pavimentada,Em plena via,Direita
20171241712,2017:05:28 14:30:00,01/28/00,05/01/00,01/01/00,Polícia de Segurança Pública,90.0,90.0,Domingo      ,"39,503329","-8,562239",0,0,1,Estrada sem separador,Seco e limpo,Santarém,Torres Novas,"União das freguesias de Torres Novas (São Pedro), Lapas e Ribeira Branca",,,EM - Estrada Municipal,EM563,Em estado regular,,Bom tempo,Dois sentidos,Fora da intersecção,Dentro das localidades,Em pleno dia,Sem marcas rodoviárias ou pouco visíveis,Despiste simples,NÃO DEFINIDO,Insuficentemente sinalizados,NÃO DEFINIDO,Outros,Inexistentes,Betuminoso,Curva,Com inclinação,Berma não pavimentada,Em plena via,Direita
2011540710,2011:05:15 19:00:00,01/15/00,05/01/00,01/01/00,Guarda Nacional Republicana,50.0,50.0,Domingo      ,"41,476953","-8,337279",0,0,3,Estrada sem separador,Seco e limpo,Braga,Guimaraes,Ponte,CALDAS DAS TAIPAS,,EN - Estrada Nacional,EN101,Em estado regular,106.4,Bom tempo,Dois sentidos,Fora da intersecção,Dentro das localidades,Em pleno dia,Com marcas - separadoras de sentido de trânsito,Colisão traseira com outro veículo em movimento,NÃO DEFINIDO,Inexistentes,NÃO DEFINIDO,Outros,Inexistentes,Betuminoso,Curva,Em patamar,Berma não pavimentada,Em plena via,Direita
2010450824,2010:05:09 09:35:00,01/09/00,05/01/00,01/01/00,Polícia de Segurança Pública,50.0,50.0,Domingo      ,"0,00","0,00",0,0,1,Estrada sem separador,Seco e limpo,Faro,Tavira,Tavira (Santiago),,Rua Mouros,Arruamento,0,Em bom estado,,Bom tempo,Sentido único,Fora da intersecção,Dentro das localidades,Em pleno dia,Sem marcas rodoviárias ou pouco visíveis,Atropelamento de peões,NÃO DEFINIDO,Inexistentes,NÃO DEFINIDO,NÃO DEFINIDO,Inexistentes,Betuminoso,Recta,Em patamar,Sem berma ou impraticável,Em plena via,Direita
2013717990,2013:05:21 08:25:00,01/21/00,05/01/00,01/01/00,Guarda Nacional Republicana,120.0,120.0,Terça-Feira  ,"38,537720","-05,118950",0,0,1,Auto-estrada,Seco e limpo,Lisboa,Loures,Lousa,Lousa,,A  - Auto-Estrada,A8,Em bom estado,15.3,Bom tempo,Sentido único,Fora da intersecção,Fora das localidades,Em pleno dia,Com marcas - separadoras de sentido de trânsito,Colisão traseira com outro veículo em movimento,NÃO DEFINIDO,Inexistentes,No sentido decrescente da quilometragem,Outros,Desligada,Betuminoso,Recta,Com inclinação,Berma pavimentada,Em plena via,Direita
2015975940,2015:05:14 20:40:00,01/14/00,05/01/00,01/01/00,Guarda Nacional Republicana,50.0,50.0,Quinta-Feira ,"41,282351","-8,163930",0,0,1,Estrada sem separador,Seco e limpo,Braga,Guimaraes,São Torcato,,Rua Cidade de Guimarães,Arruamento,0,Em estado regular,,Bom tempo,Sentido único,Fora da intersecção,Dentro das localidades,"Noite, sem iluminação",Com marcas - separadoras de sentido de trânsito,Colisão traseira com outro veículo em movimento,NÃO DEFINIDO,Inexistentes,NÃO DEFINIDO,NÃO DEFINIDO,Inexistentes,Betuminoso,Recta,Em patamar,Sem berma ou impraticável,Em plena via,Direita
20181410070,2018:05:19 14:00:00,01/19/00,05/01/00,01/01/00,Polícia de Segurança Pública,50.0,50.0,Sábado       ,"41,560409","-8,405702",0,1,0,Estrada sem separador,Seco e limpo,Braga,Braga,Braga (São Vítor),Braga,Rua Fernando de Oliveira Guimarães                                                                  ,Arruamento,0,Em bom estado,,Bom tempo,Dois sentidos,Em cruzamento,Dentro das localidades,Em pleno dia,Com marcas - separadoras de sentido e de vias de trânsito,Colisão lateral com outro veículo em movimento,NÃO DEFINIDO,Inexistentes,NÃO DEFINIDO,Stop,Inexistentes,Betuminoso,Recta,Com inclinação,Sem berma ou impraticável,Em plena via,Direita
2010452476,2010:05:08 15:20:00,01/08/00,05/01/00,01/01/00,Polícia de Segurança Pública,50.0,50.0,Sábado       ,"0,00","0,00",0,0,2,Outra via,Húmido,Lisboa,Vila Franca de Xira,Alverca do Ribatejo,Alverca do Ribatejo,,EN - Estrada Nacional,EN10,Em estado regular,,Chuva,Dois sentidos,Em ramo de ligação - entrada,Dentro das localidades,Em pleno dia,Com marcas - separadoras de sentido e de vias de trânsito,Despiste com capotamento,NÃO DEFINIDO,Inexistentes,NÃO DEFINIDO,NÃO DEFINIDO,Inexistentes,Betuminoso,Curva,Com inclinação,Berma pavimentada,Na berma,Direita
20171263644,2017:05:04 09:30:00,01/04/00,05/01/00,01/01/00,Guarda Nacional Republicana,50.0,50.0,Quinta-Feira ,"41,092480","-8,498232",0,0,1,Estrada sem separador,Seco e limpo,Porto,Gondomar,União das freguesias de Foz do Sousa e Covelo,Foz do Sousa,rua sra da aparecida,Arruamento,0,Em estado regular,,Bom tempo,Dois sentidos,Fora da intersecção,Dentro das localidades,Em pleno dia,Sem marcas rodoviárias ou pouco visíveis,Despiste simples,NÃO DEFINIDO,Inexistentes,NÃO DEFINIDO,NÃO DEFINIDO,Inexistentes,Calçada,Recta,Em patamar,Sem berma ou impraticável,Em plena via,Direita
20191733297,2019:05:14 12:05:00,01/14/00,05/01/00,01/01/00,Guarda Nacional Republicana,50.0,50.0,Terça-Feira  ,"41,862080","-8,813982",0,0,1,Estrada sem separador,Seco e limpo,Viana do Castelo,Caminha,União das freguesias de Venade e Azevedo,Vilarelho,Rua do Sobreiro - Sobral,Arruamento,0,Em mau estado,,Bom tempo,Dois sentidos,Fora da intersecção,Dentro das localidades,Em pleno dia,Sem marcas rodoviárias ou pouco visíveis,Despiste simples,NÃO DEFINIDO,Inexistentes,NÃO DEFINIDO,NÃO DEFINIDO,Inexistentes,Betuminoso,Recta,Em patamar,Berma não pavimentada,Em plena via,Direita
2010465896,2010:05:03 14:50:00,01/03/00,05/01/00,01/01/00,Guarda Nacional Republicana,50.0,50.0,Segunda-Feira,,,0,0,1,Estrada sem separador,Seco e limpo,Faro,Albufeira,Albufeira,ALBUFEIRA,AV DOS DESCOBRIMENTOS,Arruamento,0,Em bom estado,,Bom tempo,Sentido único,Fora da intersecção,Dentro das localidades,Em pleno dia,Sem marcas rodoviárias ou pouco visíveis,Colisão lateral com outro veículo em movimento,NÃO DEFINIDO,Inexistentes,NÃO DEFINIDO,NÃO DEFINIDO,Inexistentes,Betuminoso,Recta,Em patamar,Berma pavimentada,Em plena via,Direita
2013717720,2013:05:17 08:15:00,01/17/00,05/01/00,01/01/00,Guarda Nacional Republicana,50.0,90.0,Sexta-Feira  ,"40,270491","-08,271383",0,0,1,Estrada sem separador,Húmido,Aveiro,Anadia,Arcos,Malaposta,,EN - Estrada Nacional,EN1,Em estado regular,217.65,Bom tempo,Dois sentidos,Em cruzamento,Dentro das localidades,Em pleno dia,Com marcas - separadoras de sentido e de vias de trânsito,Colisão choque em cadeia,NÃO DEFINIDO,Inexistentes,NÃO DEFINIDO,NÃO DEFINIDO,Inexistentes,Betuminoso,Recta,Em patamar,Sem berma ou impraticável,Em plena via,Direita
2011534074,2011:05:30 11:00:00,01/30/00,05/01/00,01/01/00,Polícia de Segurança Pública,50.0,50.0,Segunda-Feira,"0,00","0,00",0,0,1,Estrada sem separador,Seco e limpo,Lisboa,Lisboa,Campo Grande,,Avenida Professor Egas Moniz                                                                        ,Arruamento,0,Em bom estado,,Bom tempo,Sentido único,Fora da intersecção,Dentro das localidades,Em pleno dia,Com marcas - separadoras de sentido e de vias de trânsito,Atropelamento de peões,NÃO DEFINIDO,NÃO DEFINIDO,NÃO DEFINIDO,Outros,A funcionar normalmente,Betuminoso,Recta,Em patamar,Sem berma ou impraticável,Em plena via,Direita
2010465801,2010:05:23 03:55:00,01/23/00,05/01/00,01/01/00,Guarda Nacional Republicana,,50.0,Domingo      ,,,0,0,1,Estrada sem separador,Seco e limpo,Setúbal,Sines,Porto Covo,AIRES PALMELA,AV ANTONIO VELGE,Arruamento,0,Em bom estado,,Bom tempo,Dois sentidos,Fora da intersecção,Dentro das localidades,"Noite, com iluminação",Sem marcas rodoviárias ou pouco visíveis,Atropelamento de peões,NÃO DEFINIDO,Inexistentes,NÃO DEFINIDO,NÃO DEFINIDO,Inexistentes,Betão de cimento,Recta,Em patamar,Berma pavimentada,Em plena via,Direita
2015928969,2015:05:03 17:05:00,01/03/00,05/01/00,01/01/00,Polícia de Segurança Pública,50.0,50.0,Domingo      ,"41,129320","-8,560772",0,0,1,Estrada sem separador,Molhado,Porto,Gondomar,"União das freguesias de Gondomar (São Cosme), Valbom e Jovim",Valbom,Rua Clube Naval Infante Dom Henrique                                                                ,Arruamento,0,Em estado regular,,Chuva,Dois sentidos,Fora da intersecção,Dentro das localidades,Em pleno dia,Sem marcas rodoviárias ou pouco visíveis,Atropelamento de peões,NÃO DEFINIDO,Inexistentes,NÃO DEFINIDO,NÃO DEFINIDO,Inexistentes,Betuminoso,Recta,Com inclinação,Berma pavimentada,Em plena via,Direita
20191728660,2019:05:02 22:35:00,01/02/00,05/01/00,01/01/00,Guarda Nacional Republicana,50.0,50.0,Quinta-Feira ,"40,519780","-8,722342",0,0,1,Estrada sem separador,Seco e limpo,Aveiro,Vagos,União das freguesias de Vagos e Santo António,Lomba,Estradão da Lomba,Arruamento,0,Em estado regular,,Bom tempo,Dois sentidos,Fora da intersecção,Dentro das localidades,"Noite, sem iluminação",Sem marcas rodoviárias ou pouco visíveis,Despiste simples,NÃO DEFINIDO,Inexistentes,NÃO DEFINIDO,NÃO DEFINIDO,Inexistentes,Betuminoso,Recta,Em patamar,Sem berma ou impraticável,Em plena via,Direita
2013731780,2013:05:18 20:10:00,01/18/00,05/01/00,01/01/00,Guarda Nacional Republicana,50.0,50.0,Sábado       ,"40,362406","-7,454886",0,0,1,Estrada sem separador,Seco e limpo,Viseu,Mangualde,Mangualde,Mangualde,Rua 25 de Abril,Arruamento,0,Em bom estado,,Bom tempo,Dois sentidos,Em cruzamento,Dentro das localidades,Aurora ou crepúsculo,Sem marcas rodoviárias ou pouco visíveis,Colisão lateral com outro veículo em movimento,NÃO DEFINIDO,Inexistentes,NÃO DEFINIDO,Stop,Inexistentes,Calçada,Recta,Em patamar,Berma pavimentada,Em plena via,Direita
20171157008,2016:05:29 16:35:00,01/29/00,05/01/00,01/01/00,Guarda Nacional Republicana,70.0,90.0,Domingo      ,"39,015941","-9,219947",0,0,4,Estrada sem separador,Seco e limpo,Lisboa,Mafra,Encarnação,ENCARNAÇÃO,,EN - Estrada Nacional,EN9,Em estado regular,"49,2",Bom tempo,Dois sentidos,Fora da intersecção,Fora das localidades,Em pleno dia,Sem marcas rodoviárias ou pouco visíveis,Colisão frontal,NÃO DEFINIDO,Inexistentes,NÃO DEFINIDO,Outros,Inexistentes,Betão de cimento,Curva,Com inclinação,Berma não pavimentada,Em plena via,Direita
2012617934,2012:05:06 10:15:00,01/06/00,05/01/00,01/01/00,Guarda Nacional Republicana,50.0,50.0,Domingo      ,"40,39851","8,36664",0,0,1,Estrada sem separador,Seco e limpo,Aveiro,Aveiro,Cacia,CACIA,R DA REPUBLICA,Arruamento,0,Em bom estado,,Bom tempo,Dois sentidos,Fora da intersecção,Dentro das localidades,Em pleno dia,Com marcas - separadoras de sentido de trânsito,Colisão traseira com outro veículo em movimento,NÃO DEFINIDO,Inexistentes,NÃO DEFINIDO,NÃO DEFINIDO,A funcionar normalmente,Betuminoso,Recta,Em patamar,Berma pavimentada,Em plena via,Direita
2010463506,2010:05:03 20:00:00,01/03/00,05/01/00,01/01/00,Guarda Nacional Republicana,50.0,50.0,Segunda-Feira,,,0,0,1,Estrada sem separador,Seco e limpo,Braga,Vila Nova de Famalicao,Nine,NINE,R DA ESTAÇÃO,Arruamento,0,Em bom estado,,Bom tempo,Sentido único,Em rotunda,Dentro das localidades,Em pleno dia,Sem marcas rodoviárias ou pouco visíveis,Atropelamento de peões,NÃO DEFINIDO,Inexistentes,NÃO DEFINIDO,Outros,Inexistentes,Betão de cimento,Recta,Em patamar,Berma pavimentada,Em parque de estacionamento,Direita
2012610015,2012:05:24 20:00:00,01/24/00,05/01/00,01/01/00,Polícia de Segurança Pública,50.0,50.0,Quinta-Feira ,"0,00","0,00",0,0,1,Estrada sem separador,Seco e limpo,Porto,Porto,Massarelos,Porto,Rua Guerra Junqueiro                                                                                ,Arruamento,0,Em bom estado,,Bom tempo,Sentido único,Fora da intersecção,Dentro das localidades,Em pleno dia,Com marcas - separadoras de sentido e de vias de trânsito,Atropelamento de peões,NÃO DEFINIDO,Inexistentes,NÃO DEFINIDO,Outros,Inexistentes,Betuminoso,Recta,Em patamar,Sem berma ou impraticável,Em plena via,Direita
20171232836,2017:05:18 14:45:00,01/18/00,05/01/00,01/01/00,Polícia de Segurança Pública,50.0,50.0,Quinta-Feira ,"38,749890","-9,168480",0,0,1,Outra via,Seco e limpo,Lisboa,Lisboa,São Domingos de Benfica,,Avenida Lusíada                                                                                     ,Arruamento,0,Em bom estado,,Bom tempo,Sentido único,Em via de desaceleração,Dentro das localidades,Em pleno dia,Sem marcas rodoviárias ou pouco visíveis,Colisão traseira com outro veículo em movimento,NÃO DEFINIDO,Inexistentes,NÃO DEFINIDO,Outros,A funcionar normalmente,Betuminoso,Curva,Em patamar,Sem berma ou impraticável,Em plena via,Direita
2010458031,2010:05:17 14:30:00,01/17/00,05/01/00,01/01/00,Polícia de Segurança Pública,50.0,50.0,Segunda-Feira,"0,00","0,00",0,0,1,Estrada sem separador,Húmido,Lisboa,Amadora,Reboleira,,Rua Correia Teles,Arruamento,0,Em estado regular,,Bom tempo,Dois sentidos,Em entroncamento,Dentro das localidades,Em pleno dia,Com marcas - separadoras de sentido de trânsito,Atropelamento de peões,NÃO DEFINIDO,Inexistentes,NÃO DEFINIDO,NÃO DEFINIDO,Inexistentes,Betuminoso,Recta,Em patamar,Berma pavimentada,Em plena via,Direita
2011532165,2011:05:19 18:35:00,01/19/00,05/01/00,01/01/00,Polícia de Segurança Pública,50.0,50.0,Quinta-Feira ,"0,00","0,00",0,0,1,Estrada sem separador,Húmido,Porto,Porto,Foz do Douro,Porto,Praça Cidade o Salvador,Arruamento,0,Em estado regular,,Bom tempo,Dois sentidos,Em rotunda,Dentro das localidades,Em pleno dia,Com marcas - separadoras de sentido e de vias de trânsito,Despiste sem dispositivo de retenção,NÃO DEFINIDO,Inexistentes,NÃO DEFINIDO,Outros,Inexistentes,Betuminoso,Recta,Em patamar,Sem berma ou impraticável,Em plena via,Direita