Id. Acidente,Datahora,Dia,Mês,Hora,Entidades Fiscalizadoras,Velocidade local,Velocidade geral,Dia da Semana,Latitude GPS,Longitude GPS,Num. Mortos a 30 dias,Num. Feridos graves a 30 dias,Num. Feridos ligeiros a 30 dias,Características Tecnicas1,Cond Aderência,Distrito,Concelho,Freguesia,Pov. Proxima,Nome arruamento,Tipos Vias,Cod Via,Estado Conservação,Km,Factores Atmosféricos,Reg Circulação1,Intersecção Vias,Localizações,Luminosidade,Marca Via,Natureza,Obras Arte,Obstáculos,Sentidos,Sinais,Sinais Luminosos,Tipo Piso,Traçado 1,Traçado 2,Traçado 3,Traçado 4,Via Trânsito
2010454121,2010:05:11 11:00:00,01/11/00,05/01/00,01/01/00,Polícia de Segurança Pública,50.0,50.0,Terça-Feira  ,"0,00","0,00",0,0,1,Estrada sem separador,Húmido,Lisboa,Sintra,São Marcos,,Avenida do Brasil,Arruamento,0,Em estado regular,,Bom tempo,Dois sentidos,Em cruzamento,Dentro das localidades,Em pleno dia,Com marcas - separadoras de sentido de trânsito,Atropelamento de peões,NÃO DEFINIDO,Inexistentes,NÃO DEFINIDO,NÃO DEFINIDO,Inexistentes,Betuminoso,Recta,Com inclinação,Berma pavimentada,Em plena via,Direita
2013732228,2013:05:12 15:00:00,01/12/00,05/01/00,01/01/00,Guarda Nacional Republicana,50.0,90.0,Domingo      ,"41,276164","-8,296487",0,0,2,Estrada sem separador,Seco e limpo,Braga,Vila Nova de Famalicao,Arnoso (Santa Maria),,,EN - Estrada Nacional,EN14,Em estado regular,34.965,Bom tempo,Dois sentidos,Em entroncamento,Dentro das localidades,Em pleno dia,Com marcas - separadoras de sentido de trânsito,Colisão traseira com outro veículo em movimento,NÃO DEFINIDO,Inexistentes,NÃO DEFINIDO,Proibição de ultrapassagem,Inexistentes,Betuminoso,Recta,Com inclinação,Berma pavimentada,Em plena via,Esquerda
2012605379,2012:05:05 08:35:00,01/05/00,05/01/00,01/01/00,Polícia de Segurança Pública,120.0,80.0,Sábado       ,"0,00","0,00",0,1,0,Outra via,Seco e limpo,Coimbra,Coimbra,Assafarge,,,IC - Itinerário Complementar,IC2,Em bom estado,,Bom tempo,Sentido único,Fora da intersecção,Dentro das localidades,Em pleno dia,Com marcas - separadoras de sentido e de vias de trânsito,Colisão lateral com outro veículo em movimento,NÃO DEFINIDO,Inexistentes,NÃO DEFINIDO,Outros,Inexistentes,Betuminoso,Recta,Com inclinação,Berma pavimentada,Em plena via,Esquerda
2010463157,2010:05:09 07:30:00,01/09/00,05/01/00,01/01/00,Guarda Nacional Republicana,90.0,90.0,Domingo      ,"38,649297","-8,221665",0,0,1,Estrada sem separador,Molhado,Évora,Montemor-o-Novo,Santiago do Escoural,ESCOURAL,,ER - Estrada Regional,ER2,Em bom estado,528.2,Chuva,Dois sentidos,Fora da intersecção,Fora das localidades,Em pleno dia,Com marcas - separadoras de sentido de trânsito,Despiste com capotamento,NÃO DEFINIDO,Inexistentes,NÃO DEFINIDO,Outros,Inexistentes,Betuminoso,Recta,Com inclinação,Sem berma ou impraticável,Em plena via,Direita
2012610252,2012:05:25 14:55:00,01/25/00,05/01/00,01/01/00,Polícia de Segurança Pública,50.0,50.0,Sexta-Feira  ,"0,00","0,00",0,1,0,Estrada sem separador,Seco e limpo,Faro,Tavira,Tavira (Santa Maria),Tavira,,EM - Estrada Municipal,EM508,Em bom estado,,Bom tempo,Dois sentidos,Em cruzamento,Dentro das localidades,Em pleno dia,Com marcas - separadoras de sentido de trânsito,Colisão lateral com outro veículo em movimento,NÃO DEFINIDO,Inexistentes,NÃO DEFINIDO,Stop,Inexistentes,Betuminoso,Recta,Com inclinação,Berma pavimentada,Em plena via,Direita
20171265784,2017:05:13 21:20:00,01/13/00,05/01/00,01/01/00,Guarda Nacional Republicana,50.0,50.0,Sábado       ,"40,610500","-8,655824",0,0,2,Estrada sem separador,Seco e limpo,Aveiro,Ilhavo,Ílhavo (São Salvador),Ílhavo,Rua de Ribas - ILhavo,Arruamento,0,Em bom estado,,Bom tempo,Dois sentidos,Em entroncamento,Dentro das localidades,"Noite, com iluminação",Com marcas - separadoras de sentido de trânsito,Colisão traseira com outro veículo em movimento,NÃO DEFINIDO,Inexistentes,NÃO DEFINIDO,Stop,Inexistentes,Betuminoso,Recta,Em patamar,Sem berma ou impraticável,Em plena via,Direita
2011542161,2011:05:30 17:45:00,01/30/00,05/01/00,01/01/00,Guarda Nacional Republicana,50.0,50.0,Segunda-Feira,"41,33264","8,14089",0,0,1,Estrada sem separador,Húmido,Braga,Povoa de Lanhoso,Taíde,TAIDE,R,Arruamento,0,Em bom estado,,Bom tempo,Dois sentidos,Fora da intersecção,Dentro das localidades,Em pleno dia,Sem marcas rodoviárias ou pouco visíveis,Colisão lateral com outro veículo em movimento,NÃO DEFINIDO,Inexistentes,NÃO DEFINIDO,NÃO DEFINIDO,Inexistentes,Betuminoso,Recta,Em patamar,Berma não pavimentada,Em plena via,Direita
2012617761,2012:05:17 13:10:00,01/17/00,05/01/00,01/01/00,Guarda Nacional Republicana,50.0,50.0,Quinta-Feira ,"39,59718","8,44718",0,0,1,Estrada sem separador,Seco e limpo,Leiria,Pombal,Louriçal,SANTO ANTONIO,R DO LAGAR,Arruamento,0,Em estado regular,,Bom tempo,Dois sentidos,Fora da intersecção,Dentro das localidades,Em pleno dia,Sem marcas rodoviárias ou pouco visíveis,Colisão frontal,NÃO DEFINIDO,Inexistentes,NÃO DEFINIDO,NÃO DEFINIDO,Inexistentes,Betuminoso,Curva,Com inclinação,Berma não pavimentada,Em plena via,Direita
20181397134,2018:05:03 08:15:00,01/03/00,05/01/00,01/01/00,Polícia de Segurança Pública,50.0,50.0,Quinta-Feira ,41.1784623,-8.5638248,0,0,1,Outra via,Seco e limpo,Porto,Gondomar,Rio Tinto,Rio Tinto,Avenida Conduta                                                                                     ,Arruamento,0,Em estado regular,,Bom tempo,Sentido único,Fora da intersecção,Dentro das localidades,Em pleno dia,Com marcas - separadoras de sentido e de vias de trânsito,Colisão com outras situações,NÃO DEFINIDO,Inexistentes,No sentido decrescente da quilometragem,NÃO DEFINIDO,Inexistentes,Betuminoso,Recta,Em patamar,Berma pavimentada,Em parque de estacionamento,Direita
2011530717,2011:05:09 18:40:00,01/09/00,05/01/00,01/01/00,Polícia de Segurança Pública,50.0,50.0,Segunda-Feira,"0,00","0,00",0,0,1,Estrada sem separador,Húmido,Braga,Braga,Lomar,,Travessa das Regadinhas                                                                             ,Arruamento,0,Em estado regular,,Bom tempo,Dois sentidos,Em entroncamento,Dentro das localidades,Em pleno dia,Sem marcas rodoviárias ou pouco visíveis,Colisão frontal,NÃO DEFINIDO,Inexistentes,NÃO DEFINIDO,NÃO DEFINIDO,Inexistentes,Calçada,Recta,Em patamar,Berma pavimentada,Em plena via,Esquerda
20181399257,2018:05:07 18:30:00,01/07/00,05/01/00,01/01/00,Guarda Nacional Republicana,90.0,90.0,Segunda-Feira,"38,997420","-7,095431",1,0,0,Estrada sem separador,Molhado,Portalegre,Campo Maior,São João Baptista,Campo Maior,,EN - Estrada Nacional,EN373,Em bom estado,"10,5",Chuva,Dois sentidos,Fora da intersecção,Fora das localidades,Em pleno dia,Com marcas - separadoras de sentido de trânsito,Colisão frontal,NÃO DEFINIDO,Inexistentes,NÃO DEFINIDO,Outros,Inexistentes,Betuminoso,Curva,Com inclinação,Sem berma ou impraticável,Em plena via,Direita
20161065568,2016:05:24 08:00:00,01/24/00,05/01/00,01/01/00,Polícia de Segurança Pública,80.0,120.0,Terça-Feira  ,"38,835774","-9,159868",0,0,1,Auto-estrada,Molhado,Lisboa,Loures,Loures,Loures,,A  - Auto-Estrada,A8,Em bom estado,"6,8",Chuva,Sentido único,Em ramo de ligação - entrada,Fora das localidades,Em pleno dia,Com marcas - separadoras de sentido e de vias de trânsito,Colisão com outras situações,NÃO DEFINIDO,Inexistentes,No sentido decrescente da quilometragem,NÃO DEFINIDO,Inexistentes,Betuminoso,Recta,Em patamar,Berma pavimentada,Em plena via,Direita
2015934234,2015:05:13 16:30:00,01/13/00,05/01/00,01/01/00,Polícia de Segurança Pública,50.0,50.0,Quarta-Feira ,"38,622356","-9,112764",0,0,1,Estrada sem separador,Seco e limpo,Setúbal,Seixal,Amora,Paivas,Avenida Afonso Costa                                                                                ,Arruamento,0,Em estado regular,,Bom tempo,Dois sentidos,Fora da intersecção,Dentro das localidades,Em pleno dia,Com marcas - separadoras de sentido de trânsito,Colisão traseira com outro veículo em movimento,NÃO DEFINIDO,Inexistentes,NÃO DEFINIDO,Passagem de peões,Inexistentes,Betuminoso,Recta,Com inclinação,Berma pavimentada,Em plena via,Direita
20181419558,2018:05:31 13:00:00,01/31/00,05/01/00,01/01/00,Guarda Nacional Republicana,50.0,50.0,Quinta-Feira ,"40,634101","-8,364046",0,0,2,Estrada sem separador,Molhado,Aveiro,Agueda,União das freguesias do Préstimo e Macieira de Alcoba,Á-dos-Ferreiros,,EN - Estrada Nacional,EN333,Em estado regular,"37,1",Chuva,Dois sentidos,Fora da intersecção,Fora das localidades,Em pleno dia,Com marcas - separadoras de sentido de trânsito,Despiste simples,NÃO DEFINIDO,Inexistentes,NÃO DEFINIDO,NÃO DEFINIDO,Inexistentes,Betuminoso,Curva,Em patamar,Sem berma ou impraticável,Em plena via,Direita
2015975955,2015:05:10 18:30:00,01/10/00,05/01/00,01/01/00,Guarda Nacional Republicana,50.0,50.0,Domingo      ,"41,275293","-8,133910",0,0,2,Estrada sem separador,Seco e limpo,Braga,Fafe,Arões (São Romão),,Rua dos Bons Caminhos,Arruamento,0,Em estado regular,,Bom tempo,Dois sentidos,Fora da intersecção,Dentro das localidades,Em pleno dia,Com marcas - separadoras de sentido de trânsito,Despiste simples,NÃO DEFINIDO,Inexistentes,NÃO DEFINIDO,Outros,Inexistentes,Betuminoso,Curva,Com inclinação,Sem berma ou impraticável,Em plena via,Direita
2015931923,2015:05:10 19:30:00,01/10/00,05/01/00,01/01/00,Polícia de Segurança Pública,50.0,50.0,Domingo      ,"38,759787","-9,155151",0,0,1,Outra via,Seco e limpo,Lisboa,Lisboa,Alvalade,Lisboa,Campo Grande                                                                                        ,Arruamento,0,Em estado regular,,Bom tempo,Sentido único,Em cruzamento,Dentro das localidades,Em pleno dia,Com marcas - separadoras de sentido e de vias de trânsito,Colisão lateral com outro veículo em movimento,NÃO DEFINIDO,Inexistentes,NÃO DEFINIDO,Outros,A funcionar normalmente,Betuminoso,Recta,Em patamar,Berma pavimentada,Em plena via,Central
20171157221,2016:05:31 08:30:00,01/31/00,05/01/00,01/01/00,Guarda Nacional Republicana,50.0,50.0,Terça-Feira  ,"39,179525","-8,558372",0,0,1,Estrada sem separador,Seco e limpo,Santarém,Rio Maior,Asseiceira,ASSEICEIRA,,EN - Estrada Nacional,EN1,Em estado regular,68,Bom tempo,Dois sentidos,Em cruzamento,Dentro das localidades,Em pleno dia,Com marcas - separadoras de sentido de trânsito,Colisão lateral com outro veículo em movimento,NÃO DEFINIDO,Inexistentes,NÃO DEFINIDO,Stop,Inexistentes,Betuminoso,Curva,Com inclinação,Berma pavimentada,Em plena via,Esquerda
20181402697,2018:05:06 08:20:00,01/06/00,05/01/00,01/01/00,Guarda Nacional Republicana,50.0,50.0,Domingo      ,"41,543586","-8,593803",0,0,1,Estrada sem separador,Seco e limpo,Braga,Barcelos,Tamel (São Veríssimo),Tamel (São Veríssimo),Rua de fraião,Arruamento,0,Em bom estado,,Bom tempo,Dois sentidos,Fora da intersecção,Dentro das localidades,Em pleno dia,Com marcas - separadoras de sentido de trânsito,Colisão traseira com outro veículo em movimento,NÃO DEFINIDO,Inexistentes,NÃO DEFINIDO,Stop,Inexistentes,Betuminoso,Recta,Em patamar,Berma pavimentada,Em plena via,Direita
2013717123,2013:05:23 20:15:00,01/23/00,05/01/00,01/01/00,Guarda Nacional Republicana,30.0,50.0,Quinta-Feira ,"41,398761","-08,726749",0,0,1,Estrada sem separador,Seco e limpo,Porto,Povoa de Varzim,Beiriz,Beiriz,Rua Sanguinhais,Arruamento,0,Em bom estado,,Bom tempo,Dois sentidos,Em cruzamento,Dentro das localidades,Aurora ou crepúsculo,Com marcas - separadoras de sentido de trânsito,Colisão lateral com outro veículo em movimento,NÃO DEFINIDO,Inexistentes,NÃO DEFINIDO,Outros,Inexistentes,Betuminoso,Recta,Em patamar,Berma pavimentada,Em plena via,Direita
20161059278,2016:05:05 15:00:00,01/05/00,05/01/00,01/01/00,Polícia de Segurança Pública,50.0,50.0,Quinta-Feira ,"38,778901","-9,189254",0,0,1,Estrada sem separador,Molhado,Lisboa,Odivelas,Odivelas,Odivelas,Rua Padre Américo Monteiro Aguiar                                                                   ,Arruamento,0,Em estado regular,,Chuva,Dois sentidos,Fora da intersecção,Dentro das localidades,Em pleno dia,Sem marcas rodoviárias ou pouco visíveis,Despiste com dispositivo de retenção,NÃO DEFINIDO,Inexistentes,NÃO DEFINIDO,NÃO DEFINIDO,Inexistentes,Betuminoso,Recta,Com inclinação,Berma pavimentada,Em plena via,Direita
2011536535,2011:05:26 16:45:00,01/26/00,05/01/00,01/01/00,Polícia de Segurança Pública,50.0,50.0,Quinta-Feira ,"0,00","0,00",0,0,1,Estrada sem separador,Húmido,Lisboa,Sintra,Algueirão-Mem Martins,,Av. N. Srª. da Luz,Arruamento,0,Em estado regular,,Chuva,Dois sentidos,Fora da intersecção,Dentro das localidades,Em pleno dia,Com marcas - separadoras de sentido de trânsito,Despiste com capotamento,NÃO DEFINIDO,Inexistentes,NÃO DEFINIDO,NÃO DEFINIDO,Inexistentes,Betuminoso,Curva,Com inclinação,Berma não pavimentada,Em plena via,Direita
20191733454,2019:05:14 08:50:00,01/14/00,05/01/00,01/01/00,Guarda Nacional Republicana,50.0,50.0,Terça-Feira  ,"38,589110","-9,009622",0,0,1,Estrada sem separador,Seco e limpo,Setúbal,Palmela,Quinta do Anjo,Quinta do Anjo,Rua Luís Vaz de Camões - Bairro Alentejano,Arruamento,0,Em estado regular,,Bom tempo,Dois sentidos,Em entroncamento,Dentro das localidades,Em pleno dia,Sem marcas rodoviárias ou pouco visíveis,Colisão frontal,NÃO DEFINIDO,Inexistentes,NÃO DEFINIDO,NÃO DEFINIDO,Inexistentes,Betuminoso,Recta,Em patamar,Sem berma ou impraticável,Em plena via,Direita
2010464651,2010:05:16 02:10:00,01/16/00,05/01/00,01/01/00,Guarda Nacional Republicana,50.0,50.0,Domingo      ,,,0,0,3,Estrada sem separador,Seco e limpo,Braga,Vizela,Caldas de Vizela (São João),S JOAO VIZELA,R SAUDADE,Arruamento,0,Em bom estado,,Bom tempo,Dois sentidos,Fora da intersecção,Dentro das localidades,"Noite, com iluminação",Sem marcas rodoviárias ou pouco visíveis,Despiste simples,NÃO DEFINIDO,Inexistentes,NÃO DEFINIDO,Outros,Inexistentes,Betuminoso,Curva,Em patamar,Sem berma ou impraticável,Em plena via,Direita
2011501886,2010:05:27 18:45:00,01/27/00,05/01/00,01/01/00,Polícia de Segurança Pública,50.0,50.0,Quinta-Feira ,"0,00","0,00",0,0,1,Estrada sem separador,Húmido,Setúbal,Seixal,Amora,Cruz de Pau,Rua da Cordoaria,Arruamento,0,Em estado regular,,Bom tempo,Dois sentidos,NÃO DEFINIDO,Dentro das localidades,Em pleno dia,Sem marcas rodoviárias ou pouco visíveis,Atropelamento de peões,NÃO DEFINIDO,Inexistentes,NÃO DEFINIDO,Passagem de peões,Inexistentes,Betuminoso,Curva,Com inclinação,Sem berma ou impraticável,Em plena via,Direita
2014799197,2014:05:14 12:50:00,01/14/00,05/01/00,01/01/00,Polícia de Segurança Pública,50.0,50.0,Quarta-Feira ,"38,735018","-9,147720",0,0,1,Estrada sem separador,Seco e limpo,Lisboa,Lisboa,Avenidas Novas,Lisboa,Avenida Duque Ávila                                                                                 ,Arruamento,0,Em bom estado,,Bom tempo,Sentido único,Fora da intersecção,Dentro das localidades,Em pleno dia,Com marcas - separadoras de sentido e de vias de trânsito,Atropelamento de peões,NÃO DEFINIDO,Inexistentes,NÃO DEFINIDO,NÃO DEFINIDO,A funcionar normalmente,Betuminoso,Recta,Em patamar,Berma pavimentada,Em plena via,Direita
2011531811,2011:05:13 18:00:00,01/13/00,05/01/00,01/01/00,Polícia de Segurança Pública,50.0,50.0,Sexta-Feira  ,"0,00","0,00",0,0,1,Estrada sem separador,Húmido,Lisboa,Loures,São João da Talha,Vale de Figueira,Rua Alfredo Vitorino da Costa                                                                       ,Arruamento,0,Em estado regular,,Bom tempo,Dois sentidos,Em entroncamento,Dentro das localidades,Em pleno dia,Sem marcas rodoviárias ou pouco visíveis,Colisão lateral com outro veículo em movimento,NÃO DEFINIDO,Inexistentes,NÃO DEFINIDO,Stop,Inexistentes,Betuminoso,Recta,Com inclinação,Berma pavimentada,Em plena via,Direita
20191676564,2019:05:13 13:10:00,01/13/00,05/01/00,01/01/00,Polícia de Segurança Pública,50.0,50.0,Segunda-Feira,"0,0","0,0",0,0,1,Estrada sem separador,Seco e limpo,Porto,Gondomar,Rio Tinto,Rio Tinto,Rua Castanheira                                                                                     ,Arruamento,0,Em estado regular,,Bom tempo,Sentido único,Em entroncamento,Dentro das localidades,Em pleno dia,Com marcas - separadoras de sentido de trânsito,Colisão traseira com outro veículo em movimento,NÃO DEFINIDO,Inexistentes,NÃO DEFINIDO,NÃO DEFINIDO,Inexistentes,Betuminoso,Recta,Com inclinação,Berma pavimentada,Em plena via,Direita
20191732926,2019:05:16 12:40:00,01/16/00,05/01/00,01/01/00,Guarda Nacional Republicana,50.0,50.0,Quinta-Feira ,"40,236600","-7,515357",0,0,1,Estrada sem separador,Seco e limpo,Castelo Branco,Covilha,Tortosendo,Tortosendo,,EN - Estrada Nacional,EN18,Em bom estado,"0,1",Bom tempo,Dois sentidos,Fora da intersecção,Dentro das localidades,Em pleno dia,Com marcas - separadoras de sentido e de vias de trânsito,Colisão com veiculo ou obstáculo na faixa de rodagem,NÃO DEFINIDO,Inexistentes,NÃO DEFINIDO,NÃO DEFINIDO,Inexistentes,Betuminoso,Recta,Em patamar,Sem berma ou impraticável,Em plena via,Direita
2013732686,2013:05:16 16:00:00,01/16/00,05/01/00,01/01/00,Guarda Nacional Republicana,50.0,50.0,Quinta-Feira ,"41,168572","-7,462266",0,0,2,Estrada sem separador,Molhado,Vila Real,Vila Real,Parada de Cunhos,Granja,Rua Principal,Arruamento,0,Em estado regular,,Chuva,Dois sentidos,Fora da intersecção,Dentro das localidades,Em pleno dia,Sem marcas rodoviárias ou pouco visíveis,Colisão frontal,NÃO DEFINIDO,Inexistentes,NÃO DEFINIDO,Outros,Inexistentes,Calçada,Curva,Com inclinação,Sem berma ou impraticável,Em plena via,Direita
2015942186,2015:05:24 12:00:00,01/24/00,05/01/00,01/01/00,Polícia de Segurança Pública,50.0,50.0,Domingo      ,"38,655914","-9,077225",0,0,1,Estrada sem separador,Seco e limpo,Setúbal,Barreiro,"União das freguesias de Alto do Seixalinho, Santo André e Verderena",Barreiro,Travessa Rio Coina                                                                                  ,Arruamento,0,Em bom estado,,Bom tempo,Dois sentidos,Em via de aceleração,Dentro das localidades,Em pleno dia,Sem marcas rodoviárias ou pouco visíveis,Atropelamento de peões,NÃO DEFINIDO,Inexistentes,NÃO DEFINIDO,NÃO DEFINIDO,Inexistentes,Betuminoso,Recta,Em patamar,Berma não pavimentada,Em plena via,Direita
20161059908,2016:05:08 07:15:00,01/08/00,05/01/00,01/01/00,Polícia de Segurança Pública,50.0,50.0,Domingo      ,"38,721733","-9,172357",0,0,2,Outra via,Molhado,Lisboa,Lisboa,Campolide,Lisboa,Saída A2,Arruamento,0,Em bom estado,,Chuva,Sentido único,Fora da intersecção,Dentro das localidades,Em pleno dia,Com marcas - separadoras de sentido e de vias de trânsito,Despiste com dispositivo de retenção,NÃO DEFINIDO,Inexistentes,No sentido decrescente da quilometragem,Outros,Inexistentes,Betuminoso,Curva,Com inclinação,Berma pavimentada,Em plena via,Direita
20171268985,2017:05:30 18:20:00,01/30/00,05/01/00,01/01/00,Guarda Nacional Republicana,50.0,50.0,Terça-Feira  ,"40,100251","-7,297425",0,0,1,Estrada sem separador,Seco e limpo,Castelo Branco,Fundao,"União das freguesias de Fundão, Valverde, Donas, Aldeia de Joanes e Aldeia Nova do Cabo",Fundão,,EN - Estrada Nacional,EN18,Em bom estado,"52,5",Bom tempo,Dois sentidos,Fora da intersecção,Dentro das localidades,Em pleno dia,Com marcas - separadoras de sentido de trânsito,Despiste com colisão com veículo imobil. ou obstáculo,NÃO DEFINIDO,Inexistentes,NÃO DEFINIDO,NÃO DEFINIDO,A funcionar normalmente,Betuminoso,Recta,Em patamar,Berma pavimentada,Na berma,Direita
2011539551,2011:05:25 18:45:00,01/25/00,05/01/00,01/01/00,Guarda Nacional Republicana,50.0,50.0,Quarta-Feira ,,,0,1,0,Estrada sem separador,Seco e limpo,Braga,Guimaraes,Ponte,CAMPELOS,R REITOR JOAQUIM AUGUSTO M RIBEIRO TORRES,Arruamento,0,Em estado regular,,Bom tempo,Dois sentidos,Fora da intersecção,Dentro das localidades,Em pleno dia,Sem marcas rodoviárias ou pouco visíveis,Atropelamento de peões,NÃO DEFINIDO,Inexistentes,NÃO DEFINIDO,NÃO DEFINIDO,Inexistentes,Betuminoso,Recta,Com inclinação,Sem berma ou impraticável,Em plena via,Direita
2013717414,2013:05:06 09:00:00,01/06/00,05/01/00,01/01/00,Guarda Nacional Republicana,50.0,50.0,Segunda-Feira,"40,356828","-08,294933",0,0,1,Estrada sem separador,Seco e limpo,Aveiro,Agueda,Travassô,Travasso,,EN - Estrada Nacional,EN230,Em estado regular,14.15,Bom tempo,Dois sentidos,Em entroncamento,Dentro das localidades,Em pleno dia,Com marcas - separadoras de sentido de trânsito,Colisão lateral com outro veículo em movimento,NÃO DEFINIDO,Inexistentes,NÃO DEFINIDO,Proibição de ultrapassagem,Inexistentes,Betuminoso,Recta,Em patamar,Berma não pavimentada,Em plena via,Direita
2013717112,2013:05:17 10:45:00,01/17/00,05/01/00,01/01/00,Guarda Nacional Republicana,50.0,50.0,Sexta-Feira  ,"41,313629","-08,287960",0,0,1,Estrada sem separador,Seco e limpo,Porto,Lousada,Lustosa,Lustosa,Estrada Serra Campelos,Arruamento,0,Em estado regular,,Bom tempo,Dois sentidos,Fora da intersecção,Dentro das localidades,Em pleno dia,Com marcas - separadoras de sentido e de vias de trânsito,Colisão traseira com outro veículo em movimento,NÃO DEFINIDO,Inexistentes,NÃO DEFINIDO,NÃO DEFINIDO,Inexistentes,Betuminoso,Recta,Com inclinação,Berma pavimentada,Em plena via,Direita
2012605178,2012:05:04 18:30:00,01/04/00,05/01/00,01/01/00,Polícia de Segurança Pública,50.0,50.0,Sexta-Feira  ,"0,00","0,00",0,0,1,Estrada sem separador,Húmido,Lisboa,Lisboa,Santa Isabel,,Rua Amoreiras                                                                                       ,Arruamento,0,Em estado regular,,Bom tempo,Dois sentidos,Fora da intersecção,Dentro das localidades,Em pleno dia,Sem marcas rodoviárias ou pouco visíveis,Atropelamento de peões,NÃO DEFINIDO,Inexistentes,NÃO DEFINIDO,Passagem de peões,Inexistentes,Betuminoso,Recta,Com inclinação,Sem berma ou impraticável,Em plena via,Direita
2010464200,2010:05:25 07:40:00,01/25/00,05/01/00,01/01/00,Guarda Nacional Republicana,120.0,120.0,Terça-Feira  ,"40,945938","-8,600683",0,0,1,Auto-estrada,Com água acumulada na faixa de rodagem,Aveiro,Ovar,Cortegaça,CORTEGAÇA,,A  - Auto-Estrada,A29,Em bom estado,31.3,Chuva,Sentido único,Fora da intersecção,Fora das localidades,Em pleno dia,Com marcas - separadoras de sentido e de vias de trânsito,Despiste simples,NÃO DEFINIDO,Inexistentes,No sentido crescente da quilometragem,NÃO DEFINIDO,Inexistentes,Betuminoso,Curva,Com inclinação,Berma pavimentada,Em plena via,Esquerda
20181424838,2018:05:28 05:45:00,01/28/00,05/01/00,01/01/00,Guarda Nacional Republicana,50.0,50.0,Segunda-Feira,"41,436707","-8,540362",0,1,0,Estrada sem separador,Seco e limpo,Braga,Vila Nova de Famalicao,Louro,Louro,,EN - Estrada Nacional,EN204,Em estado regular,33,Bom tempo,Dois sentidos,Em cruzamento,Dentro das localidades,"Noite, com iluminação",Com marcas - separadoras de sentido e de vias de trânsito,Colisão lateral com outro veículo em movimento,NÃO DEFINIDO,Inexistentes,NÃO DEFINIDO,NÃO DEFINIDO,Inexistentes,Betuminoso,Recta,Em patamar,Sem berma ou impraticável,Em plena via,Direita
20181414831,2018:05:23 19:00:00,01/23/00,05/01/00,01/01/00,Polícia de Segurança Pública,50.0,50.0,Quarta-Feira ,41.3522979,-8.7492355,0,0,1,Estrada sem separador,Seco e limpo,Porto,Vila do Conde,Vila do Conde,Vila do Conde,Avenida Júlio Graça                                                                                 ,Arruamento,0,Em bom estado,,Bom tempo,Dois sentidos,Em cruzamento,Dentro das localidades,Em pleno dia,Sem marcas rodoviárias ou pouco visíveis,Colisão com fuga,NÃO DEFINIDO,Inexistentes,NÃO DEFINIDO,Stop,Inexistentes,Betuminoso,Recta,Em patamar,Sem berma ou impraticável,Em plena via,Direita
20191677554,2019:05:20 14:20:00,01/20/00,05/01/00,01/01/00,Polícia de Segurança Pública,50.0,50.0,Segunda-Feira,"0,0","0,0",0,0,1,Estrada sem separador,Seco e limpo,Braga,Guimaraes,Creixomil,Guimarães,Rua Amadeu de Carvalho                                                                              ,Arruamento,0,Em bom estado,,Bom tempo,Dois sentidos,Em entroncamento,Dentro das localidades,Em pleno dia,Com marcas - separadoras de sentido de trânsito,Colisão com veiculo ou obstáculo na faixa de rodagem,NÃO DEFINIDO,Inexistentes,NÃO DEFINIDO,Stop,Inexistentes,Betuminoso,Recta,Em patamar,Berma pavimentada,Em plena via,Direita
2011530919,2011:05:07 08:00:00,01/07/00,05/01/00,01/01/00,Polícia de Segurança Pública,50.0,50.0,Sábado       ,"0,00","0,00",0,0,1,Estrada sem separador,Seco e limpo,Lisboa,Cascais,Estoril,Bairro de Santo António,Rua Marcelo Mathias                                                                                 ,Arruamento,0,Em bom estado,,Bom tempo,Dois sentidos,NÃO DEFINIDO,Dentro das localidades,Aurora ou crepúsculo,Sem marcas rodoviárias ou pouco visíveis,Despiste sem dispositivo de retenção,NÃO DEFINIDO,Inexistentes,NÃO DEFINIDO,NÃO DEFINIDO,Inexistentes,Betuminoso,Curva,Com inclinação,Berma pavimentada,No passeio,Direita
2010462810,2010:05:23 20:20:00,01/23/00,05/01/00,01/01/00,Guarda Nacional Republicana,90.0,90.0,Domingo      ,,,0,1,0,Estrada sem separador,Seco e limpo,Castelo Branco,Castelo Branco,Almaceda,ROCHAS DE BAIXO,,EM - Estrada Municipal,EM525,Em bom estado,,Bom tempo,Dois sentidos,Fora da intersecção,Fora das localidades,Aurora ou crepúsculo,Sem marcas rodoviárias ou pouco visíveis,Despiste simples,NÃO DEFINIDO,Inexistentes,NÃO DEFINIDO,Proibição de ultrapassagem,Inexistentes,Betuminoso,Curva,Com inclinação,Berma não pavimentada,Em plena via,Direita
20191686802,2019:05:22 03:40:00,01/22/00,05/01/00,01/01/00,Polícia de Segurança Pública,50.0,50.0,Quarta-Feira ,"0,0","0,0",0,0,1,Estrada sem separador,Seco e limpo,Lisboa,Lisboa,Campo de Ourique,,Rua Maria Pia                                                                                       ,Arruamento,0,Em bom estado,,Bom tempo,Dois sentidos,Em via de aceleração,Dentro das localidades,"Noite, com iluminação",Sem marcas rodoviárias ou pouco visíveis,Despiste sem dispositivo de retenção,NÃO DEFINIDO,Inexistentes,NÃO DEFINIDO,Outros,Inexistentes,Betuminoso,Recta,Em patamar,Sem berma ou impraticável,Em plena via,Direita