Id. Acidente,Datahora,Dia,Mês,Hora,Entidades Fiscalizadoras,Velocidade local,Velocidade geral,Dia da Semana,Latitude GPS,Longitude GPS,Num. Mortos a 30 dias,Num. Feridos graves a 30 dias,Num. Feridos ligeiros a 30 dias,Características Tecnicas1,Cond Aderência,Distrito,Concelho,Freguesia,Pov. Proxima,Nome arruamento,Tipos Vias,Cod Via,Estado Conservação,Km,Factores Atmosféricos,Reg Circulação1,Intersecção Vias,Localizações,Luminosidade,Marca Via,Natureza,Obras Arte,Obstáculos,Sentidos,Sinais,Sinais Luminosos,Tipo Piso,Traçado 1,Traçado 2,Traçado 3,Traçado 4,Via Trânsito
2014806648,2014:05:30 20:30:00,01/30/00,05/01/00,01/01/00,Polícia de Segurança Pública,50.0,50.0,Sexta-Feira  ,"38,742197","-9,116756",0,0,1,Estrada sem separador,Seco e limpo,Lisboa,Lisboa,Marvila,Lisboa,Largo Broma,Arruamento,0,Em bom estado,,Bom tempo,Dois sentidos,Fora da intersecção,Dentro das localidades,"Noite, com iluminação",Com marcas - separadoras de sentido de trânsito,Despiste sem dispositivo de retenção,NÃO DEFINIDO,Inexistentes,NÃO DEFINIDO,Outros,Inexistentes,Betuminoso,Recta,Em patamar,Berma pavimentada,Em plena via,Direita
2014805421,2014:05:27 20:00:00,01/27/00,05/01/00,01/01/00,Polícia de Segurança Pública,50.0,50.0,Terça-Feira  ,"38,713211","-9,369748",0,0,2,Estrada sem separador,Molhado,Lisboa,Cascais,União das freguesias de Cascais e Estoril,Livramento,Rua Samarra                                                                                         ,Arruamento,0,Em bom estado,,Chuva,Dois sentidos,Fora da intersecção,Dentro das localidades,"Noite, com iluminação",Com marcas - separadoras de sentido de trânsito,Despiste sem dispositivo de retenção,NÃO DEFINIDO,Inexistentes,NÃO DEFINIDO,Outros,Inexistentes,Betuminoso,Curva,Com inclinação,Berma pavimentada,Em plena via,Direita
20191734785,2019:05:08 20:20:00,01/08/00,05/01/00,01/01/00,Guarda Nacional Republicana,50.0,50.0,Quarta-Feira ,"41,257230","-8,644432",0,0,1,Estrada sem separador,Seco e limpo,Porto,Maia,Moreira,Gemunde,Rua Engenheiro Frederico Ulrich - Moreira,Arruamento,0,Em bom estado,,Bom tempo,Dois sentidos,Fora da intersecção,Dentro das localidades,"Noite, com iluminação",Com marcas - separadoras de sentido e de vias de trânsito,Despiste com colisão com veículo imobil. ou obstáculo,NÃO DEFINIDO,Inexistentes,NÃO DEFINIDO,NÃO DEFINIDO,Inexistentes,Betuminoso,Recta,Em patamar,Berma pavimentada,Em plena via,Direita
2013716954,2013:05:30 05:00:00,01/30/00,05/01/00,01/01/00,Guarda Nacional Republicana,50.0,50.0,Quinta-Feira ,"40,105736","-08,234506",0,1,1,Estrada sem separador,Seco e limpo,Coimbra,Coimbra,Ceira,Ceira,,EN - Estrada Nacional,EN17,Em bom estado,6.65,Bom tempo,Dois sentidos,Fora da intersecção,Dentro das localidades,"Noite, com iluminação",Com marcas - separadoras de sentido de trânsito,Colisão frontal,NÃO DEFINIDO,Inexistentes,NÃO DEFINIDO,NÃO DEFINIDO,Inexistentes,Betuminoso,Curva,Com inclinação,Berma pavimentada,Em plena via,Direita
2011547021,2011:05:08 08:40:00,01/08/00,05/01/00,01/01/00,Polícia de Segurança Pública,50.0,50.0,Domingo      ,"0,00","0,00",0,0,1,Estrada sem separador,Seco e limpo,Porto,Valongo,Ermesinde,,Avenida Engenheiro Duarte Pacheco                                                                   ,Arruamento,0,Em bom estado,,Bom tempo,Sentido único,Em rotunda,Dentro das localidades,Em pleno dia,Com marcas - separadoras de sentido de trânsito,Colisão lateral com outro veículo em movimento,NÃO DEFINIDO,Inexistentes,NÃO DEFINIDO,NÃO DEFINIDO,Desligada,Betuminoso,Curva,NÃO DEFINIDO,Berma pavimentada,Em plena via,Direita
2012617731,2012:05:28 09:10:00,01/28/00,05/01/00,01/01/00,Guarda Nacional Republicana,50.0,50.0,Segunda-Feira,,,0,0,1,Estrada sem separador,Seco e limpo,Aveiro,Albergaria-a-Velha,Albergaria-a-Velha,ALBERGARIA A VELHA,AV JOSE HOMEM DE ALBUQUERQUE,Arruamento,0,Em bom estado,,Bom tempo,Dois sentidos,Em cruzamento,Dentro das localidades,Em pleno dia,Com marcas - separadoras de sentido de trânsito,Colisão lateral com outro veículo em movimento,NÃO DEFINIDO,Inexistentes,NÃO DEFINIDO,Stop,Inexistentes,Betuminoso,Recta,Em patamar,Berma pavimentada,Em plena via,Direita
2011540093,2011:05:16 19:30:00,01/16/00,05/01/00,01/01/00,Guarda Nacional Republicana,50.0,50.0,Segunda-Feira,,,0,0,1,Estrada sem separador,Seco e limpo,Guarda,Figueira de Castelo Rodrigo,Figueira de Castelo Rodrigo,,R ALVARO CASTELOES,Arruamento,0,Em bom estado,,Bom tempo,Dois sentidos,Em cruzamento,Dentro das localidades,Em pleno dia,Com marcas - separadoras de sentido de trânsito,Atropelamento de peões,NÃO DEFINIDO,Inexistentes,NÃO DEFINIDO,NÃO DEFINIDO,Inexistentes,Betuminoso,Curva,Em patamar,Sem berma ou impraticável,Em plena via,Direita
20191677976,2019:05:13 23:15:00,01/13/00,05/01/00,01/01/00,Polícia de Segurança Pública,70.0,70.0,Segunda-Feira,"38,681620","-9,343878",0,0,1,Outra via,Com água acumulada na faixa de rodagem,Lisboa,Cascais,União das freguesias de Carcavelos e Parede,Carcavelos,,EN - Estrada Nacional,EN6,Em bom estado,"11,4",Bom tempo,Sentido único,Fora da intersecção,Dentro das localidades,"Noite, com iluminação",Sem marcas rodoviárias ou pouco visíveis,Despiste sem dispositivo de retenção,NÃO DEFINIDO,Inexistentes,NÃO DEFINIDO,Outros,A funcionar normalmente,Betuminoso,Recta,Em patamar,Berma pavimentada,Em plena via,Direita
2012619130,2012:05:01 12:25:00,01/01/00,05/01/00,01/01/00,Guarda Nacional Republicana,50.0,90.0,Terça-Feira  ,"39,04988","9,17928",0,0,1,Estrada sem separador,Seco e limpo,Lisboa,Torres Vedras,Torres V (Sta Maria do Castelo S Mi,RIBEIRA DE PEDRULHOS,,EM - Estrada Municipal,EM1069,Em estado regular,,Bom tempo,Dois sentidos,Fora da intersecção,Dentro das localidades,Em pleno dia,Sem marcas rodoviárias ou pouco visíveis,Colisão lateral com outro veículo em movimento,NÃO DEFINIDO,Inexistentes,NÃO DEFINIDO,NÃO DEFINIDO,Inexistentes,Betuminoso,Recta,Em patamar,Sem berma ou impraticável,Em plena via,Direita
20191686255,2019:05:20 11:30:00,01/20/00,05/01/00,01/01/00,Polícia de Segurança Pública,50.0,50.0,Segunda-Feira,"0,0","0,0",0,0,1,Estrada sem separador,Seco e limpo,Setúbal,Setubal,Setúbal (São Sebastião),Setúbal,Avenida Bento de Jesus Caraça                                                                       ,Arruamento,0,Em estado regular,,Bom tempo,Sentido único,Fora da intersecção,Dentro das localidades,Em pleno dia,Sem marcas rodoviárias ou pouco visíveis,Atropelamento de peões,NÃO DEFINIDO,Inexistentes,NÃO DEFINIDO,Passagem de peões,Inexistentes,Betuminoso,Recta,Em patamar,Berma pavimentada,Em plena via,Direita
20181407133,2018:05:15 13:00:00,01/15/00,05/01/00,01/01/00,Polícia de Segurança Pública,50.0,50.0,Terça-Feira  ,"0,0","0,0",0,0,1,Estrada sem separador,Seco e limpo,Porto,Santo Tirso,"União das freguesias de Santo Tirso, Couto (Santa Cristina e São Miguel) e Burgães",Santo Tirso,Rua do Cruzeiro,Arruamento,0,Em bom estado,,Bom tempo,Dois sentidos,Em entroncamento,Dentro das localidades,Em pleno dia,Com marcas - separadoras de sentido de trânsito,Colisão traseira com outro veículo em movimento,NÃO DEFINIDO,Inexistentes,NÃO DEFINIDO,Stop,Inexistentes,Betuminoso,Curva,Em patamar,Sem berma ou impraticável,Em plena via,Direita
2014837831,2014:05:20 06:30:00,01/20/00,05/01/00,01/01/00,Guarda Nacional Republicana,50.0,50.0,Terça-Feira  ,"41,089899","-7,493144",0,0,8,Estrada sem separador,Molhado,Vila Real,Peso da Regua,Fontelas,Caldas do Moledo,,EN - Estrada Nacional,EN108,Em bom estado,109.6,Chuva,Dois sentidos,Fora da intersecção,Dentro das localidades,Em pleno dia,Com marcas - separadoras de sentido de trânsito,Colisão frontal,NÃO DEFINIDO,Inexistentes,NÃO DEFINIDO,NÃO DEFINIDO,Inexistentes,Betuminoso,Curva,Em patamar,Sem berma ou impraticável,Em plena via,Direita
20191728462,2019:05:30 02:00:00,01/30/00,05/01/00,01/01/00,Guarda Nacional Republicana,50.0,50.0,Quinta-Feira ,"40,128410","-8,249402",0,0,1,Outra via,Seco e limpo,Coimbra,Lousa,União das freguesias de Lousã e Vilarinho,Lousã,,EN - Estrada Nacional,EN342,Em bom estado,"63,7",Bom tempo,Dois sentidos,Fora da intersecção,Fora das localidades,"Noite, com iluminação",Com marcas - separadoras de sentido de trânsito,Colisão traseira com outro veículo em movimento,NÃO DEFINIDO,Inexistentes,No sentido crescente da quilometragem,NÃO DEFINIDO,A funcionar normalmente,Betuminoso,Recta,Em patamar,Sem berma ou impraticável,Em plena via,Direita
2014804670,2014:05:22 09:00:00,01/22/00,05/01/00,01/01/00,Polícia de Segurança Pública,50.0,50.0,Quinta-Feira ,"38,583822","-7,898987",0,0,1,Estrada sem separador,Seco e limpo,Évora,Evora,União das freguesias de Bacelo e Senhora da Saúde,Parque Estacionamento Intermarché,,Outra Via,0,Em bom estado,,Bom tempo,Sentido único,Fora da intersecção,Dentro das localidades,Em pleno dia,Com marcas - separadoras de sentido de trânsito,Atropelamento de peões,NÃO DEFINIDO,Inexistentes,NÃO DEFINIDO,Passagem de peões,Inexistentes,Betuminoso,Curva,Em patamar,Berma pavimentada,Em parque de estacionamento,Direita
20191711526,2019:05:23 10:30:00,01/23/00,05/01/00,01/01/00,Polícia de Segurança Pública,50.0,50.0,Quinta-Feira ,0,0,0,0,1,Estrada sem separador,Seco e limpo,Leiria,Peniche,Peniche,Peniche,Rua General Humberto Delgado                                                                        ,Arruamento,0,Em bom estado,,Bom tempo,Dois sentidos,Em entroncamento,Dentro das localidades,Em pleno dia,Sem marcas rodoviárias ou pouco visíveis,Despiste com colisão com veículo imobil. ou obstáculo,NÃO DEFINIDO,Inexistentes,NÃO DEFINIDO,NÃO DEFINIDO,Inexistentes,Betuminoso,Recta,Em patamar,Berma pavimentada,Em plena via,Direita
2015976772,2015:05:31 09:20:00,01/31/00,05/01/00,01/01/00,Guarda Nacional Republicana,90.0,90.0,Domingo      ,"37,247777","-8,707268",0,0,1,Estrada sem separador,Seco e limpo,Faro,Monchique,Marmelete,Marmelete,,Outra Via,0,Em mau estado,,Bom tempo,Dois sentidos,Fora da intersecção,Fora das localidades,Em pleno dia,Sem marcas rodoviárias ou pouco visíveis,Despiste simples,NÃO DEFINIDO,Não sinalizados,NÃO DEFINIDO,Outros,Inexistentes,Terra batida,Curva,Em patamar,Sem berma ou impraticável,Em plena via,Direita
2010465565,2010:05:30 13:15:00,01/30/00,05/01/00,01/01/00,Guarda Nacional Republicana,50.0,50.0,Domingo      ,"38,55406","9,14004",0,0,1,Estrada sem separador,Seco e limpo,Lisboa,Mafra,Santo Estêvão das Galés,MONTEMURO,R PRINCIPAL,Arruamento,0,Em estado regular,,Bom tempo,Dois sentidos,Fora da intersecção,Dentro das localidades,Em pleno dia,Sem marcas rodoviárias ou pouco visíveis,Despiste simples,NÃO DEFINIDO,Inexistentes,NÃO DEFINIDO,Outros,Inexistentes,Betuminoso,Recta,Em patamar,Sem berma ou impraticável,Na berma,Direita
2013717392,2013:05:17 12:25:00,01/17/00,05/01/00,01/01/00,Guarda Nacional Republicana,50.0,50.0,Sexta-Feira  ,"41,484582","-08,247391",0,0,1,NÃO DEFINIDO,Molhado,Viana do Castelo,Ponte da Barca,Ponte da Barca,,Avª Comunidade Europeia,Arruamento,0,Em estado regular,,Chuva,Dois sentidos,Em entroncamento,Dentro das localidades,Em pleno dia,Com marcas - separadoras de sentido e de vias de trânsito,Colisão frontal,NÃO DEFINIDO,Correctamente sinalizados,NÃO DEFINIDO,Stop,Inexistentes,Betuminoso,Curva,Em patamar,Berma pavimentada,Em plena via,NÃO DEFINIDO
20171232030,2017:05:20 19:10:00,01/20/00,05/01/00,01/01/00,Polícia de Segurança Pública,50.0,50.0,Sábado       ,"38,716517","-9,161856",0,0,1,Estrada sem separador,Seco e limpo,Lisboa,Lisboa,Campo de Ourique,Lisboa,Rua Coelho da Rocha                                                                                 ,Arruamento,0,Em bom estado,,Bom tempo,Sentido único,Fora da intersecção,Dentro das localidades,Em pleno dia,Com marcas - separadoras de sentido e de vias de trânsito,Atropelamento de peões,NÃO DEFINIDO,Não sinalizados,NÃO DEFINIDO,Passagem de peões,Inexistentes,Betuminoso,Recta,Em patamar,Berma pavimentada,Em plena via,Direita
2012610572,2012:05:30 12:45:00,01/30/00,05/01/00,01/01/00,Polícia de Segurança Pública,50.0,50.0,Quarta-Feira ,"0,00","0,00",0,0,1,Outra via,Seco e limpo,Lisboa,Lisboa,Nossa Senhora de Fátima,,Avenida 5 de Outubro                                                                                ,Arruamento,0,Em estado regular,,Bom tempo,Sentido único,Fora da intersecção,Dentro das localidades,Em pleno dia,Com marcas - separadoras de sentido e de vias de trânsito,Colisão traseira com outro veículo em movimento,NÃO DEFINIDO,Inexistentes,NÃO DEFINIDO,Outros,Inexistentes,Betuminoso,Recta,Com inclinação,Berma pavimentada,Em plena via,Direita
2010452857,2010:05:13 19:15:00,01/13/00,05/01/00,01/01/00,Polícia de Segurança Pública,50.0,50.0,Quinta-Feira ,"39,092855","-9,258977",0,0,1,Estrada sem separador,Húmido,Lisboa,Torres Vedras,Torres Vedras (São Pedro e Santiago,,,EN - Estrada Nacional,EN8,Em estado regular,45.5,Bom tempo,Dois sentidos,Fora da intersecção,Dentro das localidades,Em pleno dia,Com marcas - separadoras de sentido de trânsito,Colisão frontal,NÃO DEFINIDO,Inexistentes,NÃO DEFINIDO,NÃO DEFINIDO,Inexistentes,Betuminoso,Recta,Em patamar,Berma não pavimentada,Em plena via,Direita
2012604747,2012:05:02 20:30:00,01/02/00,05/01/00,01/01/00,Polícia de Segurança Pública,50.0,50.0,Quarta-Feira ,"0,00","0,00",0,0,1,Estrada sem separador,Seco e limpo,Lisboa,Sintra,Casal de Cambra,Casal de Cambra,,EN - Estrada Nacional,EN250,Em bom estado,,Bom tempo,Dois sentidos,Fora da intersecção,Dentro das localidades,"Noite, com iluminação",Sem marcas rodoviárias ou pouco visíveis,Colisão frontal,NÃO DEFINIDO,Inexistentes,NÃO DEFINIDO,NÃO DEFINIDO,Inexistentes,Betuminoso,Curva,Em patamar,Sem berma ou impraticável,Em plena via,Direita
2014839506,2014:05:27 17:50:00,01/27/00,05/01/00,01/01/00,Guarda Nacional Republicana,90.0,90.0,Terça-Feira  ,"37,044791","-7,588957",0,0,2,Estrada sem separador,Seco e limpo,Faro,Loule,Almancil,Troto,,EN - Estrada Nacional,EN125,Em bom estado,96.8,Bom tempo,Dois sentidos,Fora da intersecção,Fora das localidades,Em pleno dia,Com marcas - separadoras de sentido de trânsito,Colisão choque em cadeia,NÃO DEFINIDO,Inexistentes,NÃO DEFINIDO,Outros,Inexistentes,Betuminoso,Recta,Em patamar,Berma pavimentada,Em plena via,Direita
2014837741,2014:05:24 16:15:00,01/24/00,05/01/00,01/01/00,Guarda Nacional Republicana,50.0,50.0,Sábado       ,"38,565661","-9,205016",0,0,1,Estrada sem separador,Seco e limpo,Lisboa,Mafra,Mafra,Mafra,Avª Doutor Francisco Sá Carneiro,Arruamento,0,Em estado regular,,Bom tempo,Sentido único,Em rotunda,Dentro das localidades,Em pleno dia,Com marcas - separadoras de sentido e de vias de trânsito,Colisão lateral com outro veículo em movimento,NÃO DEFINIDO,Inexistentes,NÃO DEFINIDO,Cedência de passagem,Inexistentes,Betuminoso,Curva,Em patamar,Berma pavimentada,Em plena via,Direita
2015976582,2015:05:03 12:47:00,01/03/00,05/01/00,01/01/00,Guarda Nacional Republicana,60.0,120.0,Domingo      ,"38,434531","-9,106525",0,0,2,Auto-estrada,Molhado,Lisboa,Lisboa,Campolide,Campolide (ramo C),,Outra Via,0,Em bom estado,,Chuva,Sentido único,Fora da intersecção,Fora das localidades,Em pleno dia,Com marcas - separadoras de sentido e de vias de trânsito,Despiste com capotamento,NÃO DEFINIDO,Inexistentes,No sentido crescente da quilometragem,Outros,Inexistentes,Betuminoso,Curva,Com inclinação,Berma pavimentada,Em plena via,Esquerda
2013716720,2013:05:03 16:45:00,01/03/00,05/01/00,01/01/00,Guarda Nacional Republicana,50.0,50.0,Sexta-Feira  ,"40,322395","-07,542742",0,1,0,Estrada sem separador,Seco e limpo,Viseu,Nelas,Carvalhal Redondo,Aguieira,Rua do Futuro,Arruamento,0,Em bom estado,,Bom tempo,Dois sentidos,Fora da intersecção,Dentro das localidades,Em pleno dia,Sem marcas rodoviárias ou pouco visíveis,Despiste simples,NÃO DEFINIDO,Inexistentes,NÃO DEFINIDO,Outros,Inexistentes,Betuminoso,Recta,Com inclinação,Berma pavimentada,Em plena via,Direita
2011540225,2011:05:16 21:50:00,01/16/00,05/01/00,01/01/00,Guarda Nacional Republicana,50.0,50.0,Segunda-Feira,,,0,0,1,Estrada sem separador,Seco e limpo,Aveiro,Oliveira do Bairro,Oliveira do Bairro,OLIVEIRA DO BAIRRO,R DO FORA,Arruamento,0,Em bom estado,,Bom tempo,Dois sentidos,Fora da intersecção,Dentro das localidades,"Noite, com iluminação",Sem marcas rodoviárias ou pouco visíveis,Colisão traseira com outro veículo em movimento,NÃO DEFINIDO,Inexistentes,NÃO DEFINIDO,NÃO DEFINIDO,A funcionar normalmente,Betuminoso,Recta,Com inclinação,Sem berma ou impraticável,Em plena via,Direita
2013732287,2013:05:08 19:06:00,01/08/00,05/01/00,01/01/00,Guarda Nacional Republicana,50.0,50.0,Quarta-Feira ,"38,396741","-8,587262",0,0,2,Estrada sem separador,Seco e limpo,Setúbal,Moita,Alhos Vedros,Vinha das Pedras,Rua Candido dos Reis,Arruamento,0,Em bom estado,,Bom tempo,Sentido único,Fora da intersecção,Dentro das localidades,Em pleno dia,Sem marcas rodoviárias ou pouco visíveis,Despiste simples,NÃO DEFINIDO,Inexistentes,NÃO DEFINIDO,NÃO DEFINIDO,Inexistentes,Betuminoso,Recta,Em patamar,Berma pavimentada,Em plena via,Direita
2014839914,2014:05:25 20:15:00,01/25/00,05/01/00,01/01/00,Guarda Nacional Republicana,50.0,50.0,Domingo      ,"41,211704","-8,432463",0,0,1,Estrada sem separador,Seco e limpo,Porto,Vila do Conde,Retorta,Retorta,Avª Casas Novas,Arruamento,0,Em estado regular,,Bom tempo,Dois sentidos,Fora da intersecção,Dentro das localidades,Aurora ou crepúsculo,Sem marcas rodoviárias ou pouco visíveis,Despiste simples,NÃO DEFINIDO,Inexistentes,NÃO DEFINIDO,Outros,Inexistentes,Calçada,Recta,Em patamar,Sem berma ou impraticável,Em plena via,Direita
2011530678,2011:05:07 17:30:00,01/07/00,05/01/00,01/01/00,Polícia de Segurança Pública,50.0,50.0,Sábado       ,"0,00","0,00",0,0,1,Estrada sem separador,Seco e limpo,Santarém,Santarem,Santarém (Marvila),Santarém,Avª do Brasil,Arruamento,0,Em bom estado,,Bom tempo,Dois sentidos,Em entroncamento,Dentro das localidades,Em pleno dia,Com marcas - separadoras de sentido de trânsito,Colisão lateral com outro veículo em movimento,NÃO DEFINIDO,Inexistentes,NÃO DEFINIDO,NÃO DEFINIDO,Inexistentes,Betuminoso,Recta,Em patamar,Sem berma ou impraticável,Em plena via,Direita
20171153985,2016:05:12 13:20:00,01/12/00,05/01/00,01/01/00,Guarda Nacional Republicana,90.0,90.0,Quinta-Feira ,"38,182324","-7,331663",0,0,3,Estrada sem separador,Húmido,Évora,Reguengos de Monsaraz,União das freguesias de Campo e Campinho,AMIEIRA,,ER - Estrada Regional,0,Em bom estado,"68,5",Chuva,Dois sentidos,Fora da intersecção,Fora das localidades,Em pleno dia,Com marcas - separadoras de sentido de trânsito,Despiste com capotamento,NÃO DEFINIDO,Inexistentes,NÃO DEFINIDO,NÃO DEFINIDO,Inexistentes,Betuminoso,Recta,Em patamar,Berma pavimentada,Em plena via,Direita
2012617732,2012:05:26 17:10:00,01/26/00,05/01/00,01/01/00,Guarda Nacional Republicana,50.0,50.0,Sábado       ,,,0,0,1,Estrada sem separador,Seco e limpo,Aveiro,Albergaria-a-Velha,Albergaria-a-Velha,ALBERGARIA A VELHA,R NOSSA SENHORA DO SOCORRO,Arruamento,0,Em bom estado,,Bom tempo,Dois sentidos,Fora da intersecção,Dentro das localidades,Em pleno dia,Sem marcas rodoviárias ou pouco visíveis,Colisão com veiculo ou obstáculo na faixa de rodagem,NÃO DEFINIDO,Inexistentes,NÃO DEFINIDO,Outros,Inexistentes,Betuminoso,Recta,Em patamar,Berma pavimentada,Em parque de estacionamento,Direita
2011540698,2011:05:11 07:55:00,01/11/00,05/01/00,01/01/00,Guarda Nacional Republicana,50.0,50.0,Quarta-Feira ,,,0,0,1,Estrada sem separador,Seco e limpo,Braga,Vizela,Caldas de Vizela (São João),S JOAO,R COMERCIO,Arruamento,0,Em bom estado,,Bom tempo,Sentido único,Em rotunda,Dentro das localidades,Em pleno dia,Com marcas - separadoras de sentido de trânsito,Colisão com outras situações,NÃO DEFINIDO,Inexistentes,NÃO DEFINIDO,Cedência de passagem,Inexistentes,Betuminoso,Curva,Em patamar,Berma pavimentada,Em plena via,Direita
20191710296,2019:05:28 20:40:00,01/28/00,05/01/00,01/01/00,Polícia de Segurança Pública,40.0,40.0,Terça-Feira  ,"0,0","0,0",0,0,1,Estrada sem separador,Seco e limpo,Lisboa,Oeiras,Porto Salvo,Porto Salvo,Avenida Professor Doutor Cavaco Silva                                                               ,Arruamento,0,Em estado regular,,Bom tempo,Dois sentidos,Em entroncamento,Dentro das localidades,"Noite, com iluminação",Com marcas - separadoras de sentido e de vias de trânsito,Colisão com outras situações,NÃO DEFINIDO,Inexistentes,NÃO DEFINIDO,Outros,Inexistentes,Betuminoso,Recta,Com inclinação,Sem berma ou impraticável,Em plena via,Direita
20181403123,2018:05:09 18:45:00,01/09/00,05/01/00,01/01/00,Polícia de Segurança Pública,50.0,50.0,Quarta-Feira ,38.6199385,-9.1132845,0,0,1,Estrada sem separador,Seco e limpo,Setúbal,Seixal,Amora,,Rua das Flores,Arruamento,0,Em bom estado,,Bom tempo,Dois sentidos,Em cruzamento,Dentro das localidades,Em pleno dia,Com marcas - separadoras de sentido e de vias de trânsito,Colisão lateral com outro veículo em movimento,NÃO DEFINIDO,Inexistentes,NÃO DEFINIDO,Stop,Inexistentes,Betuminoso,Recta,Em patamar,Berma pavimentada,Em plena via,Direita
20191728595,2019:05:30 07:40:00,01/30/00,05/01/00,01/01/00,Guarda Nacional Republicana,50.0,50.0,Quinta-Feira ,"40,890040","-8,342410",0,0,1,Estrada sem separador,Seco e limpo,Aveiro,Arouca,Chave,Chão de Ave,,EN - Estrada Nacional,EN224,Em bom estado,"43,5",Bom tempo,Dois sentidos,Fora da intersecção,Fora das localidades,Em pleno dia,Com marcas - separadoras de sentido de trânsito,Colisão frontal,NÃO DEFINIDO,Inexistentes,NÃO DEFINIDO,NÃO DEFINIDO,Inexistentes,Betuminoso,Recta,Em patamar,Sem berma ou impraticável,Em plena via,Direita
2012606753,2012:05:15 18:05:00,01/15/00,05/01/00,01/01/00,Polícia de Segurança Pública,50.0,50.0,Terça-Feira  ,"0,00","0,00",0,0,2,Outra via,Seco e limpo,Porto,Maia,Milheirós,Maia,Via Central de Milheirós,Arruamento,0,Em estado regular,,Bom tempo,Dois sentidos,Em entroncamento,Dentro das localidades,Em pleno dia,Com marcas - separadoras de sentido de trânsito,Colisão traseira com outro veículo em movimento,NÃO DEFINIDO,Inexistentes,NÃO DEFINIDO,NÃO DEFINIDO,Inexistentes,Betuminoso,Recta,Com inclinação,Berma pavimentada,Em plena via,Direita
2010464934,2010:05:18 17:30:00,01/18/00,05/01/00,01/01/00,Guarda Nacional Republicana,50.0,50.0,Terça-Feira  ,,,0,0,2,Estrada sem separador,Seco e limpo,Porto,Paredes,Gandra,GANDRA,R PONTE PINGUELA GANDRA,Arruamento,0,Em bom estado,,Bom tempo,Dois sentidos,Fora da intersecção,Dentro das localidades,Em pleno dia,Sem marcas rodoviárias ou pouco visíveis,Colisão frontal,NÃO DEFINIDO,Insuficentemente sinalizados,NÃO DEFINIDO,NÃO DEFINIDO,Inexistentes,Betuminoso,Curva,Com inclinação,Sem berma ou impraticável,Em plena via,Direita
2011542921,2011:05:20 19:40:00,01/20/00,05/01/00,01/01/00,Guarda Nacional Republicana,100.0,100.0,Sexta-Feira  ,"41,753441","-8,797605",0,0,1,Auto-estrada,Seco e limpo,Viana do Castelo,Viana do Castelo,Outeiro,,,A  - Auto-Estrada,A28,Em bom estado,75.8,Bom tempo,Sentido único,Fora da intersecção,Fora das localidades,Em pleno dia,Com marcas - separadoras de sentido e de vias de trânsito,Despiste com dispositivo de retenção,NÃO DEFINIDO,Inexistentes,No sentido decrescente da quilometragem,NÃO DEFINIDO,Inexistentes,Betuminoso,Recta,Com inclinação,Berma pavimentada,Em plena via,Esquerda
2015977360,2015:05:29 16:30:00,01/29/00,05/01/00,01/01/00,Guarda Nacional Republicana,90.0,90.0,Sexta-Feira  ,"40,557056","-7,440546",0,0,1,Estrada sem separador,Seco e limpo,Viseu,Vila Nova de Paiva,Touro,Touro,,EN - Estrada Nacional,EN329,Em estado regular,11.0,Bom tempo,Dois sentidos,Fora da intersecção,Fora das localidades,Em pleno dia,Com marcas - separadoras de sentido e de vias de trânsito,Despiste com capotamento,NÃO DEFINIDO,Inexistentes,NÃO DEFINIDO,Outros,Inexistentes,Betuminoso,Recta,Em patamar,Berma não pavimentada,Na berma,Direita
2011532135,2011:05:19 09:15:00,01/19/00,05/01/00,01/01/00,Polícia de Segurança Pública,50.0,50.0,Quinta-Feira ,"0,00","0,00",0,0,1,Estrada sem separador,Húmido,Lisboa,Cascais,Carcavelos,Carcavelos,Avenida Tenente Coronel Melo Antunes                                                                ,Arruamento,0,Em estado regular,,Bom tempo,Sentido único,Fora da intersecção,Dentro das localidades,Em pleno dia,Com marcas - separadoras de sentido e de vias de trânsito,Atropelamento de peões,NÃO DEFINIDO,Inexistentes,NÃO DEFINIDO,Passagem de peões,Inexistentes,Betuminoso,Recta,Em patamar,Berma pavimentada,Em plena via,Esquerda
2011542436,2011:05:25 23:45:00,01/25/00,05/01/00,01/01/00,Guarda Nacional Republicana,50.0,50.0,Quarta-Feira ,,,0,0,1,Estrada sem separador,Seco e limpo,Porto,Gondomar,São Pedro da Cova,,ROTUNDA DA COVILHA,Arruamento,0,Em bom estado,,Bom tempo,Dois sentidos,Em rotunda,Dentro das localidades,"Noite, com iluminação",Com marcas - separadoras de sentido e de vias de trânsito,Colisão lateral com outro veículo em movimento,NÃO DEFINIDO,Inexistentes,NÃO DEFINIDO,Stop,Inexistentes,Betuminoso,Recta,Em patamar,Berma pavimentada,Em plena via,Direita
2014838821,2014:05:22 07:30:00,01/22/00,05/01/00,01/01/00,Guarda Nacional Republicana,50.0,50.0,Quinta-Feira ,"39,290205","-8,596460",0,0,2,Estrada sem separador,Húmido,Leiria,Alcobaca,Turquel,Silval,Estrada do Silval,Arruamento,0,Em estado regular,,Bom tempo,Dois sentidos,Fora da intersecção,Dentro das localidades,Em pleno dia,Com marcas - separadoras de sentido de trânsito,Colisão lateral com outro veículo em movimento,NÃO DEFINIDO,Inexistentes,NÃO DEFINIDO,Outros,Inexistentes,Betuminoso,Curva,Em patamar,Berma não pavimentada,Em plena via,Direita
2011501859,2010:05:23 20:15:00,01/23/00,05/01/00,01/01/00,Polícia de Segurança Pública,50.0,50.0,Domingo      ,"0,00","0,00",0,0,2,Estrada sem separador,Seco e limpo,Évora,Evora,Horta das Figueiras,,Rua Horta das Figueiras,Arruamento,0,Em bom estado,,Bom tempo,Dois sentidos,Em cruzamento,Dentro das localidades,Em pleno dia,Com marcas - separadoras de sentido de trânsito,Colisão frontal,NÃO DEFINIDO,Inexistentes,NÃO DEFINIDO,Cedência de passagem,Inexistentes,Betuminoso,Recta,Em patamar,Berma pavimentada,Em plena via,Direita