Id. Acidente,Datahora,Dia,Mês,Hora,Entidades Fiscalizadoras,Velocidade local,Velocidade geral,Dia da Semana,Latitude GPS,Longitude GPS,Num. Mortos a 30 dias,Num. Feridos graves a 30 dias,Num. Feridos ligeiros a 30 dias,Características Tecnicas1,Cond Aderência,Distrito,Concelho,Freguesia,Pov. Proxima,Nome arruamento,Tipos Vias,Cod Via,Estado Conservação,Km,Factores Atmosféricos,Reg Circulação1,Intersecção Vias,Localizações,Luminosidade,Marca Via,Natureza,Obras Arte,Obstáculos,Sentidos,Sinais,Sinais Luminosos,Tipo Piso,Traçado 1,Traçado 2,Traçado 3,Traçado 4,Via Trânsito
2015975268,2015:05:31 12:10:00,01/31/00,05/01/00,01/01/00,Guarda Nacional Republicana,50.0,50.0,Domingo      ,"38,283003","-9,051995",0,0,1,Estrada sem separador,Seco e limpo,Setúbal,Sesimbra,Sesimbra (Castelo),Maçã,,EN - Estrada Nacional,EN379,Em estado regular,14.3,Bom tempo,Dois sentidos,Fora da intersecção,Dentro das localidades,Em pleno dia,Com marcas - separadoras de sentido de trânsito,Colisão com outras situações,NÃO DEFINIDO,Inexistentes,NÃO DEFINIDO,NÃO DEFINIDO,Inexistentes,Betuminoso,Recta,Em patamar,Berma pavimentada,Em plena via,Direita
2013680874,2013:05:03 00:00:00,01/03/00,05/01/00,01/01/00,Polícia de Segurança Pública,50.0,50.0,Sexta-Feira  ,"0,00","0,00",0,0,4,Outra via,Seco e limpo,Lisboa,Lisboa,Anjos,,Avenida Almirante Reis                                                                              ,Arruamento,0,Em bom estado,,Bom tempo,Dois sentidos,Em cruzamento,Dentro das localidades,"Noite, com iluminação",Com marcas - separadoras de sentido e de vias de trânsito,Colisão lateral com outro veículo em movimento,NÃO DEFINIDO,Inexistentes,No sentido decrescente da quilometragem,Outros,A funcionar normalmente,Betuminoso,Recta,Com inclinação,Berma pavimentada,Em plena via,Esquerda
20191709768,2019:05:30 16:30:00,01/30/00,05/01/00,01/01/00,Polícia de Segurança Pública,50.0,50.0,Quinta-Feira ,"0,0","0,0",0,0,1,Estrada sem separador,Seco e limpo,Lisboa,Sintra,Algueirão-Mem Martins,Mem Martins,Avenida Almirante Gago Coutinho                                                                     ,Arruamento,0,Em estado regular,,Bom tempo,Dois sentidos,Fora da intersecção,Dentro das localidades,Em pleno dia,Com marcas - separadoras de sentido e de vias de trânsito,Colisão com outras situações,NÃO DEFINIDO,Inexistentes,NÃO DEFINIDO,Outros,Inexistentes,Betuminoso,Recta,Em patamar,Berma pavimentada,Em plena via,Direita
20171248531,2017:05:20 13:55:00,01/20/00,05/01/00,01/01/00,Polícia de Segurança Pública,50.0,50.0,Sábado       ,"38,786475","-9,339978",0,0,1,Estrada sem separador,Seco e limpo,Lisboa,Sintra,Rio de Mouro,Rio de Mouro,Rua António Feijó                                                                                   ,Arruamento,0,Em estado regular,,Bom tempo,Dois sentidos,Fora da intersecção,Dentro das localidades,Em pleno dia,Com marcas - separadoras de sentido e de vias de trânsito,Atropelamento de peões,NÃO DEFINIDO,Inexistentes,NÃO DEFINIDO,Passagem de peões,Inexistentes,Betuminoso,Recta,Em patamar,Berma pavimentada,Em plena via,Direita
20191693636,2019:05:24 17:00:00,01/24/00,05/01/00,01/01/00,Polícia de Segurança Pública,50.0,50.0,Sexta-Feira  ,"0,0","0,0",0,0,1,Estrada sem separador,Seco e limpo,Coimbra,Coimbra,União das freguesias de Santa Clara e Castelo Viegas,Coimbra,Estrada Guarda Inglesa                                                                              ,Arruamento,0,Em bom estado,,Bom tempo,Sentido único,Em rotunda,Dentro das localidades,Em pleno dia,Com marcas - separadoras de sentido e de vias de trânsito,Colisão com outras situações,NÃO DEFINIDO,Inexistentes,NÃO DEFINIDO,Outros,Inexistentes,Betuminoso,Curva,Em patamar,Berma pavimentada,Em plena via,Direita
20181403863,2018:05:09 01:15:00,01/09/00,05/01/00,01/01/00,Polícia de Segurança Pública,50.0,50.0,Quarta-Feira ,"40,665948","-7,916655",0,0,1,Outra via,Seco e limpo,Viseu,Viseu,União das freguesias de Viseu,Viseu,Avenida Europa                                                                                      ,Arruamento,0,Em bom estado,,Nevoeiro,Dois sentidos,Fora da intersecção,Dentro das localidades,"Noite, com iluminação",Com marcas - separadoras de sentido e de vias de trânsito,Despiste simples,NÃO DEFINIDO,Inexistentes,No sentido crescente da quilometragem,Passagem de peões,A funcionar normalmente,Betuminoso,Recta,Em patamar,Berma pavimentada,Em plena via,Direita
2015974840,2015:05:16 15:15:00,01/16/00,05/01/00,01/01/00,Guarda Nacional Republicana,50.0,50.0,Sábado       ,"40,509721","-8,236323",0,0,2,Estrada sem separador,Seco e limpo,Aveiro,Vale de Cambra,São Pedro de Castelões,Cavião,Rua Nossa Senhora das Necessidades,Arruamento,0,Em bom estado,,Bom tempo,Dois sentidos,Fora da intersecção,Dentro das localidades,Em pleno dia,Com marcas - separadoras de sentido de trânsito,Colisão frontal,NÃO DEFINIDO,Inexistentes,NÃO DEFINIDO,NÃO DEFINIDO,Inexistentes,Betuminoso,Recta,Em patamar,Berma pavimentada,Em plena via,Direita
2014837105,2014:05:13 13:40:00,01/13/00,05/01/00,01/01/00,Guarda Nacional Republicana,50.0,50.0,Terça-Feira  ,"41,300441","-8,195528",0,0,2,Estrada sem separador,Seco e limpo,Braga,Guimaraes,Barco,São Cláudio de Barco,,EN - Estrada Nacional,EN310,Em bom estado,11.25,Bom tempo,Dois sentidos,Fora da intersecção,Dentro das localidades,Em pleno dia,Com marcas - separadoras de sentido de trânsito,Colisão traseira com outro veículo em movimento,NÃO DEFINIDO,Inexistentes,NÃO DEFINIDO,Passagem de peões,Inexistentes,Betuminoso,Recta,Em patamar,Berma pavimentada,Em plena via,Direita
20191677916,2019:05:22 09:35:00,01/22/00,05/01/00,01/01/00,Polícia de Segurança Pública,50.0,50.0,Quarta-Feira ,"0,0","0,0",0,0,1,Estrada sem separador,Seco e limpo,Lisboa,Lisboa,Belém,Lisboa,Calçada Ajuda                                                                                       ,Arruamento,0,Em estado regular,,Bom tempo,Dois sentidos,Fora da intersecção,Dentro das localidades,Em pleno dia,Com marcas - separadoras de sentido de trânsito,Atropelamento de peões,NÃO DEFINIDO,Inexistentes,NÃO DEFINIDO,Outros,Inexistentes,Calçada,Recta,Com inclinação,Sem berma ou impraticável,Em plena via,Direita
2011542153,2011:05:27 20:15:00,01/27/00,05/01/00,01/01/00,Guarda Nacional Republicana,50.0,50.0,Sexta-Feira  ,,,0,0,1,Estrada sem separador,Seco e limpo,Braga,Vila Nova de Famalicao,Ribeirão,RIBEIRAO,R RIO AVE,Arruamento,0,Em estado regular,,Bom tempo,Dois sentidos,Fora da intersecção,Dentro das localidades,"Noite, com iluminação",Com marcas - separadoras de sentido de trânsito,Colisão traseira com outro veículo em movimento,NÃO DEFINIDO,Inexistentes,NÃO DEFINIDO,Outros,Inexistentes,Betuminoso,Recta,Em patamar,Berma pavimentada,Em plena via,Direita
2015977030,2015:05:23 16:00:00,01/23/00,05/01/00,01/01/00,Guarda Nacional Republicana,70.0,70.0,Sábado       ,"41,121530","-7,581959",0,0,1,Estrada sem separador,Seco e limpo,Porto,Amarante,"União das freguesias de Bustelo, Carneiro e Carvalho de Rei",Caneiro,,EN - Estrada Nacional,EN101,Em bom estado,150.7,Bom tempo,Dois sentidos,Fora da intersecção,Fora das localidades,Em pleno dia,Com marcas - separadoras de sentido de trânsito,Colisão lateral com outro veículo em movimento,NÃO DEFINIDO,Inexistentes,NÃO DEFINIDO,NÃO DEFINIDO,Inexistentes,Betuminoso,Recta,Com inclinação,Sem berma ou impraticável,Em plena via,Direita
20181406010,2018:05:11 19:00:00,01/11/00,05/01/00,01/01/00,Polícia de Segurança Pública,50.0,50.0,Sexta-Feira  ,"38,777704","-9,201741",0,0,5,Estrada sem separador,Seco e limpo,Lisboa,Odivelas,União das freguesias de Pontinha e Famões,Pontinha,Avenida José Francisco Guerreiro                                                                    ,Arruamento,0,Em estado regular,,Bom tempo,Dois sentidos,Fora da intersecção,Dentro das localidades,Em pleno dia,Com marcas - separadoras de sentido de trânsito,Colisão frontal,NÃO DEFINIDO,Inexistentes,NÃO DEFINIDO,Outros,Inexistentes,Betuminoso,Curva,Com inclinação,Sem berma ou impraticável,Em plena via,Direita
2010463143,2010:05:07 17:30:00,01/07/00,05/01/00,01/01/00,Guarda Nacional Republicana,100.0,100.0,Sexta-Feira  ,"41,724036","-8,798525",0,0,1,Auto-estrada,Seco e limpo,Viana do Castelo,Viana do Castelo,Perre,PERRE,,A  - Auto-Estrada,A28,Em bom estado,72.0,Bom tempo,Sentido único,Fora da intersecção,Fora das localidades,Em pleno dia,Com marcas - separadoras de sentido e de vias de trânsito,Colisão com veiculo ou obstáculo na faixa de rodagem,NÃO DEFINIDO,Inexistentes,No sentido crescente da quilometragem,Outros,Inexistentes,Betuminoso,Curva,Com inclinação,Berma pavimentada,Em plena via,Direita
2015976681,2015:05:03 08:50:00,01/03/00,05/01/00,01/01/00,Guarda Nacional Republicana,50.0,50.0,Domingo      ,"41,258390","-8,717595",0,0,5,Estrada sem separador,Molhado,Porto,Matosinhos,Lavra,,Rua Antela,Arruamento,0,Em estado regular,,Chuva,Dois sentidos,Fora da intersecção,Dentro das localidades,Em pleno dia,Sem marcas rodoviárias ou pouco visíveis,Colisão frontal,NÃO DEFINIDO,Inexistentes,NÃO DEFINIDO,NÃO DEFINIDO,Inexistentes,Calçada,Curva,Em patamar,Sem berma ou impraticável,Em plena via,Direita
2011531457,2011:05:15 22:10:00,01/15/00,05/01/00,01/01/00,Polícia de Segurança Pública,50.0,50.0,Domingo      ,"0,00","0,00",0,0,1,Outra via,Seco e limpo,Lisboa,Lisboa,Marvila,,Avenida Marechal António de Spinola,Arruamento,0,Em bom estado,,Bom tempo,Sentido único,Em rotunda,Dentro das localidades,"Noite, com iluminação",Com marcas - separadoras de sentido e de vias de trânsito,Colisão traseira com outro veículo em movimento,NÃO DEFINIDO,Inexistentes,NÃO DEFINIDO,Outros,A funcionar normalmente,Betuminoso,Curva,Em patamar,Berma pavimentada,Em plena via,Direita
20191685205,2019:05:22 16:00:00,01/22/00,05/01/00,01/01/00,Polícia de Segurança Pública,50.0,50.0,Quarta-Feira ,"41,181502","-8,691916",0,0,1,Estrada sem separador,Seco e limpo,Porto,Matosinhos,União das freguesias de Matosinhos e Leça da Palmeira,Matosinhos,Avenida Serpa Pinto                                                                                 ,Arruamento,0,Em bom estado,,Bom tempo,Dois sentidos,Fora da intersecção,Dentro das localidades,Em pleno dia,Com marcas - separadoras de sentido e de vias de trânsito,Atropelamento de peões,NÃO DEFINIDO,Inexistentes,NÃO DEFINIDO,NÃO DEFINIDO,Inexistentes,Betuminoso,Recta,Em patamar,Sem berma ou impraticável,Em plena via,Direita
2013679865,2013:05:02 16:10:00,01/02/00,05/01/00,01/01/00,Polícia de Segurança Pública,50.0,50.0,Quinta-Feira ,"0,00","0,00",0,0,1,Estrada sem separador,Seco e limpo,Lisboa,Lisboa,São Domingos de Benfica,,Estrada de Benfica,Arruamento,0,Em bom estado,,Bom tempo,Dois sentidos,Fora da intersecção,Dentro das localidades,Em pleno dia,Com marcas - separadoras de sentido e de vias de trânsito,Atropelamento de peões,NÃO DEFINIDO,Inexistentes,NÃO DEFINIDO,Outros,Inexistentes,Betuminoso,Recta,Em patamar,Berma pavimentada,Em plena via,Direita
2011542687,2011:05:25 15:10:00,01/25/00,05/01/00,01/01/00,Guarda Nacional Republicana,50.0,50.0,Quarta-Feira ,,,0,0,1,Estrada sem separador,Com água acumulada na faixa de rodagem,Viseu,Tarouca,Tarouca,TAROUCA,AV BOMBEIROS VOLUNTARIOS,Arruamento,0,NÃO DEFINIDO,,Granizo,Dois sentidos,Em entroncamento,Dentro das localidades,Em pleno dia,Sem marcas rodoviárias ou pouco visíveis,Colisão frontal,NÃO DEFINIDO,Inexistentes,NÃO DEFINIDO,Outros,Inexistentes,Betuminoso,Recta,Em patamar,Berma pavimentada,Em plena via,Direita
20171233247,2017:05:30 17:10:00,01/30/00,05/01/00,01/01/00,Polícia de Segurança Pública,50.0,50.0,Terça-Feira  ,"38,526712","-8,898543",0,0,1,Estrada sem separador,Seco e limpo,Setúbal,Setubal,"União das freguesias de Setúbal (São Julião, Nossa Senhora da Anunciada e Santa Maria da Graça)",Setúbal,Rua General Daniel de Sousa                                                                         ,Arruamento,0,Em bom estado,,Bom tempo,Dois sentidos,Em entroncamento,Dentro das localidades,Em pleno dia,Com marcas - separadoras de sentido e de vias de trânsito,Colisão lateral com outro veículo em movimento,NÃO DEFINIDO,Inexistentes,NÃO DEFINIDO,NÃO DEFINIDO,A funcionar normalmente,Betuminoso,Recta,Em patamar,Sem berma ou impraticável,Em plena via,Direita
2015974372,2015:05:09 18:30:00,01/09/00,05/01/00,01/01/00,Guarda Nacional Republicana,50.0,50.0,Sábado       ,"40,011413","-8,432301",1,0,0,Estrada sem separador,Com gravilha ou areia,Leiria,Pombal,Louriçal,São João das Tábuas,,Outra Via,0,Em mau estado,,Bom tempo,Dois sentidos,Fora da intersecção,Fora das localidades,Em pleno dia,Sem marcas rodoviárias ou pouco visíveis,Despiste com colisão com veículo imobil. ou obstáculo,NÃO DEFINIDO,Não sinalizados,NÃO DEFINIDO,NÃO DEFINIDO,Inexistentes,Terra batida,Recta,Em patamar,Sem berma ou impraticável,Em plena via,Direita
20171265515,2017:05:12 17:00:00,01/12/00,05/01/00,01/01/00,Guarda Nacional Republicana,90.0,90.0,Sexta-Feira  ,"40,082324","-7,284503",0,0,2,Estrada sem separador,Seco e limpo,Castelo Branco,Fundao,"União das freguesias de Fundão, Valverde, Donas, Aldeia de Joanes e Aldeia Nova do Cabo",Castelo Novo,,VAR - Variante,0,Em bom estado,,Bom tempo,Sentido único,Fora da intersecção,Dentro das localidades,Em pleno dia,Com marcas - separadoras de sentido de trânsito,Colisão frontal,NÃO DEFINIDO,Inexistentes,NÃO DEFINIDO,NÃO DEFINIDO,Inexistentes,Betuminoso,Recta,Em patamar,Sem berma ou impraticável,Em plena via,Direita
20191707894,2019:05:31 20:20:00,01/31/00,05/01/00,01/01/00,Polícia de Segurança Pública,50.0,50.0,Sexta-Feira  ,"0,0","0,0",0,0,3,Estrada sem separador,Seco e limpo,Braga,Guimaraes,Mesão Frio,,Rua do Sairrão,Arruamento,0,Em bom estado,,Bom tempo,Dois sentidos,Fora da intersecção,Dentro das localidades,Em pleno dia,Com marcas - separadoras de sentido e de vias de trânsito,Colisão com fuga,NÃO DEFINIDO,Inexistentes,NÃO DEFINIDO,Outros,Inexistentes,Betuminoso,Recta,Em patamar,Sem berma ou impraticável,Em plena via,Direita
20181411009,2018:05:16 21:00:00,01/16/00,05/01/00,01/01/00,Polícia de Segurança Pública,50.0,50.0,Quarta-Feira ,38.8386487,-9.1615779,0,0,1,Outra via,Seco e limpo,Lisboa,Loures,Loures,Loures,Avenida Descobertas                                                                                 ,Arruamento,0,Em bom estado,,Bom tempo,Sentido único,Fora da intersecção,Dentro das localidades,"Noite, com iluminação",Com marcas - separadoras de sentido e de vias de trânsito,Atropelamento de peões,NÃO DEFINIDO,Inexistentes,No sentido crescente da quilometragem,Outros,Inexistentes,Betuminoso,Recta,Com inclinação,Berma pavimentada,Em plena via,Esquerda
20161067274,2016:05:29 12:19:00,01/29/00,05/01/00,01/01/00,Polícia de Segurança Pública,50.0,50.0,Domingo      ,"39,917694","-8,627791",0,0,1,Estrada sem separador,Molhado,Leiria,Pombal,Pombal,Pombal,Rua Santa Luzia                                                                                     ,Arruamento,0,Em bom estado,,Chuva,Sentido único,Em cruzamento,Dentro das localidades,Em pleno dia,Sem marcas rodoviárias ou pouco visíveis,Colisão com outras situações,NÃO DEFINIDO,Inexistentes,NÃO DEFINIDO,Stop,Inexistentes,Betuminoso,Recta,Em patamar,Sem berma ou impraticável,Em plena via,Direita
20161076004,2016:05:11 21:30:00,01/11/00,05/01/00,01/01/00,Polícia de Segurança Pública,50.0,50.0,Quarta-Feira ,"38,755524","-9,278758",0,0,1,Estrada sem separador,Seco e limpo,Lisboa,Sintra,União das freguesias de Massamá e Monte Abraão,Queluz,Rua Professor Doutor Fernando da Conceição Fonseca                                                  ,Arruamento,0,Em estado regular,,Bom tempo,Dois sentidos,Fora da intersecção,Dentro das localidades,"Noite, com iluminação",Sem marcas rodoviárias ou pouco visíveis,Colisão frontal,NÃO DEFINIDO,Inexistentes,NÃO DEFINIDO,Outros,Inexistentes,Betuminoso,Recta,Em patamar,Berma pavimentada,Em plena via,Direita
2011542198,2011:05:26 08:45:00,01/26/00,05/01/00,01/01/00,Guarda Nacional Republicana,120.0,120.0,Quinta-Feira ,"41,173848","-8,435782",0,0,1,Auto-estrada,Seco e limpo,Porto,Paredes,Gandra,GANDRA,,A  - Auto-Estrada,A4,Em bom estado,22.1,Bom tempo,Sentido único,Fora da intersecção,Fora das localidades,Em pleno dia,Com marcas - separadoras de sentido e de vias de trânsito,Despiste com capotamento,NÃO DEFINIDO,Inexistentes,No sentido decrescente da quilometragem,Outros,Inexistentes,Betuminoso,Recta,Em patamar,Berma pavimentada,Em plena via,Direita
20191731360,2019:05:24 08:30:00,01/24/00,05/01/00,01/01/00,Guarda Nacional Republicana,50.0,50.0,Sexta-Feira  ,"41,235390","-8,361797",0,0,1,Estrada sem separador,Seco e limpo,Porto,Paredes,Cristelo,CRISTELO - PAREDES,,ER - Estrada Regional,ER319,Em bom estado,"20,7",Bom tempo,Dois sentidos,Em entroncamento,Dentro das localidades,Em pleno dia,Com marcas - separadoras de sentido de trânsito,Colisão frontal,NÃO DEFINIDO,Inexistentes,NÃO DEFINIDO,NÃO DEFINIDO,Inexistentes,Betuminoso,Curva,Em patamar,Sem berma ou impraticável,Em plena via,Direita
2014794182,2014:05:04 16:55:00,01/04/00,05/01/00,01/01/00,Polícia de Segurança Pública,50.0,50.0,Domingo      ,"38,719597","-9,164129",0,0,2,Estrada sem separador,Seco e limpo,Lisboa,Lisboa,Campo de Ourique,Lisboa,Rua Ferreira Borges                                                                                 ,Arruamento,0,Em estado regular,,Bom tempo,Dois sentidos,Fora da intersecção,Dentro das localidades,Em pleno dia,Sem marcas rodoviárias ou pouco visíveis,Despiste sem dispositivo de retenção,NÃO DEFINIDO,Inexistentes,NÃO DEFINIDO,Outros,Inexistentes,Calçada,Recta,Em patamar,Berma pavimentada,Em plena via,Direita
20171267529,2017:05:23 14:30:00,01/23/00,05/01/00,01/01/00,Guarda Nacional Republicana,50.0,50.0,Terça-Feira  ,"39,430391","-9,189562",0,0,5,Estrada sem separador,Seco e limpo,Leiria,Caldas da Rainha,Nadadouro,Nadadouro,,EN - Estrada Nacional,EN360,Em bom estado,"4,2",Bom tempo,Dois sentidos,Em cruzamento,Dentro das localidades,Em pleno dia,Com marcas - separadoras de sentido de trânsito,Colisão frontal,NÃO DEFINIDO,Inexistentes,NÃO DEFINIDO,Stop,Inexistentes,Betuminoso,Recta,Em patamar,Sem berma ou impraticável,Em plena via,Direita
2011531547,2011:05:13 23:15:00,01/13/00,05/01/00,01/01/00,Polícia de Segurança Pública,50.0,50.0,Sexta-Feira  ,"0,00","0,00",0,0,1,Estrada sem separador,Húmido,Setúbal,Barreiro,Lavradio,Lavradio,Rua da Amizade                                                                                      ,Arruamento,0,Em estado regular,,Bom tempo,Dois sentidos,Em entroncamento,Dentro das localidades,"Noite, com iluminação",Sem marcas rodoviárias ou pouco visíveis,Colisão com outras situações,NÃO DEFINIDO,Inexistentes,NÃO DEFINIDO,Stop,Inexistentes,Betuminoso,Recta,Em patamar,Berma pavimentada,Em plena via,Direita
2015937821,2015:05:19 16:00:00,01/19/00,05/01/00,01/01/00,Polícia de Segurança Pública,50.0,50.0,Terça-Feira  ,"38,757926","-9,256826",0,0,1,Estrada sem separador,Seco e limpo,Lisboa,Sintra,União das freguesias de Queluz e Belas,Queluz,Rua Mateus Vicente de Oliveira                                                                      ,Arruamento,0,Em estado regular,,Bom tempo,Sentido único,Em cruzamento,Dentro das localidades,Em pleno dia,Sem marcas rodoviárias ou pouco visíveis,Atropelamento de peões,NÃO DEFINIDO,Inexistentes,NÃO DEFINIDO,Outros,Inexistentes,Betuminoso,Recta,Com inclinação,Berma pavimentada,Em plena via,Direita
2014836668,2014:05:14 17:00:00,01/14/00,05/01/00,01/01/00,Guarda Nacional Republicana,90.0,90.0,Quarta-Feira ,"38,422566","-8,032818",0,0,3,Estrada sem separador,Seco e limpo,Évora,Arraiolos,Vimieiro,Vimieiro,,EM - Estrada Municipal,EM1014,Em bom estado,,Bom tempo,Dois sentidos,Fora da intersecção,Fora das localidades,Em pleno dia,Sem marcas rodoviárias ou pouco visíveis,Despiste com capotamento,NÃO DEFINIDO,Inexistentes,NÃO DEFINIDO,NÃO DEFINIDO,Inexistentes,Betuminoso,Recta,Em patamar,Sem berma ou impraticável,Na berma,Direita
2010464102,2010:05:09 11:00:00,01/09/00,05/01/00,01/01/00,Guarda Nacional Republicana,120.0,120.0,Domingo      ,"38,713373","-9,292839",0,0,1,Auto-estrada,Húmido,Lisboa,Oeiras,Porto Salvo,PORTO SALVO,,A  - Auto-Estrada,A5,Em bom estado,10.8,Chuva,Sentido único,Fora da intersecção,Fora das localidades,Em pleno dia,Com marcas - separadoras de sentido e de vias de trânsito,Colisão traseira com outro veículo em movimento,NÃO DEFINIDO,Inexistentes,No sentido crescente da quilometragem,NÃO DEFINIDO,Inexistentes,Betuminoso,Recta,Em patamar,Berma pavimentada,Em plena via,Direita
2014800812,2014:05:14 15:30:00,01/14/00,05/01/00,01/01/00,Polícia de Segurança Pública,50.0,50.0,Quarta-Feira ,"38,762979","-9,098264",0,0,1,Outra via,Seco e limpo,Lisboa,Lisboa,Parque das Nações,,Avenida Mediterrâneo                                                                                ,Arruamento,0,Em bom estado,,Bom tempo,Dois sentidos,Em cruzamento,Dentro das localidades,Em pleno dia,Sem marcas rodoviárias ou pouco visíveis,Colisão lateral com outro veículo em movimento,NÃO DEFINIDO,Inexistentes,NÃO DEFINIDO,Outros,Inexistentes,Betuminoso,Recta,Em patamar,Berma pavimentada,Em plena via,Central
2011533357,2011:05:30 05:45:00,01/30/00,05/01/00,01/01/00,Polícia de Segurança Pública,90.0,90.0,Segunda-Feira,"41,151939","-8,642920",0,0,1,Auto-estrada,Seco e limpo,Porto,Porto,Lordelo do Ouro,Porto,,A  - Auto-Estrada,A20,Em bom estado,0.3,Chuva,Sentido único,Fora da intersecção,Fora das localidades,Aurora ou crepúsculo,Com marcas - separadoras de sentido e de vias de trânsito,Despiste com dispositivo de retenção,NÃO DEFINIDO,Inexistentes,No sentido decrescente da quilometragem,Outros,Inexistentes,Betuminoso,Curva,Em patamar,Sem berma ou impraticável,Em plena via,Direita
20201866704,2019:05:07 08:10:00,01/07/00,05/01/00,01/01/00,Polícia de Segurança Pública,50.0,50.0,Terça-Feira  ,0,0,0,0,1,Outra via,Molhado,Coimbra,Coimbra,"União das freguesias de Coimbra (Sé Nova, Santa Cruz, Almedina e São Bartolomeu)",Coimbra,Avenida Fernão de Magalhães,Arruamento,0,Em bom estado,,Chuva,Dois sentidos,Fora da intersecção,Dentro das localidades,Em pleno dia,Com marcas - separadoras de sentido e de vias de trânsito,Atropelamento com fuga,NÃO DEFINIDO,Inexistentes,NÃO DEFINIDO,Passagem de peões,Inexistentes,Betuminoso,Recta,Em patamar,NÃO DEFINIDO,NÃO DEFINIDO,Direita
2010464027,2010:05:13 15:45:00,01/13/00,05/01/00,01/01/00,Guarda Nacional Republicana,120.0,120.0,Quinta-Feira ,,,0,0,1,Outra via,Seco e limpo,Setúbal,Moita,Alhos Vedros,BARRO CHEIO,,IC - Itinerário Complementar,IC32,Em bom estado,3.2,NÃO DEFINIDO,Sentido único,Fora da intersecção,Fora das localidades,Em pleno dia,Com marcas - separadoras de sentido e de vias de trânsito,Despiste com transposição do dispositivo de retenção lateral,NÃO DEFINIDO,Inexistentes,No sentido crescente da quilometragem,NÃO DEFINIDO,Inexistentes,Betuminoso,Recta,Em patamar,Berma pavimentada,Na berma,Direita
2011501878,2010:05:26 09:35:00,01/26/00,05/01/00,01/01/00,Polícia de Segurança Pública,50.0,50.0,Quarta-Feira ,"0,00","0,00",0,0,1,Outra via,Seco e limpo,Braga,Barcelos,Arcozelo,,Circular Interna,Arruamento,0,Em bom estado,,NÃO DEFINIDO,Dois sentidos,Em rotunda,Dentro das localidades,Em pleno dia,Sem marcas rodoviárias ou pouco visíveis,Colisão com veiculo ou obstáculo na faixa de rodagem,NÃO DEFINIDO,Inexistentes,NÃO DEFINIDO,Cedência de passagem,Inexistentes,Betuminoso,Curva,Em patamar,Berma pavimentada,Em plena via,Direita
20171155159,2016:05:19 12:05:00,01/19/00,05/01/00,01/01/00,Guarda Nacional Republicana,50.0,50.0,Quinta-Feira ,"41,214450","-8,175364",0,0,1,Estrada sem separador,Seco e limpo,Braga,Vizela,Barrosas (Santa Eulália),SANTA EULALIA,Rua de Sá,Arruamento,0,Em estado regular,,Bom tempo,Sentido único,Fora da intersecção,Dentro das localidades,Em pleno dia,Com marcas - separadoras de sentido de trânsito,Colisão lateral com outro veículo em movimento,NÃO DEFINIDO,Inexistentes,NÃO DEFINIDO,Outros,Inexistentes,Betuminoso,Recta,Em patamar,Sem berma ou impraticável,Em plena via,Direita
2010465889,2010:05:06 14:10:00,01/06/00,05/01/00,01/01/00,Guarda Nacional Republicana,120.0,120.0,Quinta-Feira ,"39,071675","-8,934169",0,0,1,Auto-estrada,Seco e limpo,Lisboa,Azambuja,Azambuja,AZAMBUJA,,A  - Auto-Estrada,A1,Em bom estado,36.98,Bom tempo,Sentido único,Fora da intersecção,Fora das localidades,Em pleno dia,Com marcas - separadoras de sentido e de vias de trânsito,Despiste simples,NÃO DEFINIDO,Inexistentes,No sentido crescente da quilometragem,NÃO DEFINIDO,Inexistentes,Betuminoso,Recta,Em patamar,Berma pavimentada,Em plena via,Esquerda
2010454519,2010:05:17 17:30:00,01/17/00,05/01/00,01/01/00,Polícia de Segurança Pública,50.0,50.0,Segunda-Feira,"0,00","0,00",0,0,1,Estrada sem separador,Seco e limpo,Coimbra,Figueira da Foz,Buarcos,Buarcos,Rua das Tamargueiras,Arruamento,0,Em bom estado,,Bom tempo,Dois sentidos,Fora da intersecção,Dentro das localidades,Em pleno dia,Sem marcas rodoviárias ou pouco visíveis,Atropelamento de peões,NÃO DEFINIDO,Inexistentes,NÃO DEFINIDO,NÃO DEFINIDO,Inexistentes,Betuminoso,Recta,Em patamar,Berma pavimentada,Em plena via,Direita
20191675586,2019:05:07 18:15:00,01/07/00,05/01/00,01/01/00,Polícia de Segurança Pública,50.0,50.0,Terça-Feira  ,"0,0","0,0",0,0,1,Outra via,Seco e limpo,Castelo Branco,Covilha,União das freguesias de Covilhã e Canhoso,Covilhã,Alameda Europa                                                                                      ,Arruamento,0,Em estado regular,,Bom tempo,Sentido único,Fora da intersecção,Dentro das localidades,Em pleno dia,Com marcas - separadoras de sentido e de vias de trânsito,Colisão traseira com outro veículo em movimento,NÃO DEFINIDO,Inexistentes,NÃO DEFINIDO,Passagem de peões,Inexistentes,Betuminoso,Recta,Em patamar,Berma pavimentada,Em plena via,Direita