Id. Acidente,Datahora,Dia,Mês,Hora,Entidades Fiscalizadoras,Velocidade local,Velocidade geral,Dia da Semana,Latitude GPS,Longitude GPS,Num. Mortos a 30 dias,Num. Feridos graves a 30 dias,Num. Feridos ligeiros a 30 dias,Características Tecnicas1,Cond Aderência,Distrito,Concelho,Freguesia,Pov. Proxima,Nome arruamento,Tipos Vias,Cod Via,Estado Conservação,Km,Factores Atmosféricos,Reg Circulação1,Intersecção Vias,Localizações,Luminosidade,Marca Via,Natureza,Obras Arte,Obstáculos,Sentidos,Sinais,Sinais Luminosos,Tipo Piso,Traçado 1,Traçado 2,Traçado 3,Traçado 4,Via Trânsito
20171240233,2017:05:30 17:00:00,01/30/00,05/01/00,01/01/00,Polícia de Segurança Pública,50.0,50.0,Terça-Feira  ,"38,743471","-9,145743",0,0,1,Estrada sem separador,Seco e limpo,Lisboa,Lisboa,Avenidas Novas,Lisboa,Campo Pequeno,Arruamento,0,Em bom estado,,Bom tempo,Dois sentidos,Fora da intersecção,Dentro das localidades,Em pleno dia,Com marcas - separadoras de sentido e de vias de trânsito,Atropelamento de peões,NÃO DEFINIDO,Inexistentes,NÃO DEFINIDO,Passagem de peões,Inexistentes,Betuminoso,Recta,Em patamar,Berma pavimentada,Em plena via,Esquerda
2012618627,2012:05:08 20:30:00,01/08/00,05/01/00,01/01/00,Guarda Nacional Republicana,90.0,90.0,Terça-Feira  ,,,0,0,1,Estrada sem separador,Húmido,Bragança,Macedo de Cavaleiros,Salselas,SALSELAS,,EM - Estrada Municipal,EM1108,Em bom estado,,Bom tempo,Dois sentidos,Fora da intersecção,Fora das localidades,"Noite, sem iluminação",Sem marcas rodoviárias ou pouco visíveis,Despiste sem dispositivo de retenção,NÃO DEFINIDO,Inexistentes,NÃO DEFINIDO,NÃO DEFINIDO,Inexistentes,Betuminoso,Recta,Em patamar,Berma não pavimentada,Na berma,Direita
2013716948,2013:05:28 19:00:00,01/28/00,05/01/00,01/01/00,Guarda Nacional Republicana,50.0,50.0,Terça-Feira  ,"39,194993","-07,299492",0,1,0,Estrada sem separador,Seco e limpo,Portalegre,Portalegre,Fortios,Fortios,Rua da Boa Vista,Arruamento,0,Em bom estado,,Bom tempo,Dois sentidos,Fora da intersecção,Dentro das localidades,Em pleno dia,Sem marcas rodoviárias ou pouco visíveis,Despiste simples,NÃO DEFINIDO,Inexistentes,NÃO DEFINIDO,NÃO DEFINIDO,Inexistentes,Betuminoso,Recta,Com inclinação,Sem berma ou impraticável,Em plena via,Direita
20181417658,2018:05:20 21:15:00,01/20/00,05/01/00,01/01/00,Polícia de Segurança Pública,50.0,50.0,Domingo      ,38.740552,-9.1446138,0,0,1,Estrada sem separador,Seco e limpo,Lisboa,Lisboa,Avenidas Novas,Lisboa,Avenida Defensores de Chaves                                                                        ,Arruamento,0,Em bom estado,,Bom tempo,Sentido único,Em cruzamento,Dentro das localidades,"Noite, com iluminação",Com marcas - separadoras de sentido de trânsito,Atropelamento de peões,NÃO DEFINIDO,Inexistentes,NÃO DEFINIDO,Outros,A funcionar normalmente,Betuminoso,Recta,Em patamar,Berma pavimentada,Em plena via,Central
2011540770,2011:05:06 09:30:00,01/06/00,05/01/00,01/01/00,Guarda Nacional Republicana,50.0,50.0,Sexta-Feira  ,"39,495911","-8,976225",0,0,2,Estrada sem separador,Seco e limpo,Leiria,Alcobaca,Évora de Alcobaça,ALTO AZUL,,EN - Estrada Nacional,EN8-6,Em bom estado,7.1,Bom tempo,Dois sentidos,Fora da intersecção,Dentro das localidades,Em pleno dia,Com marcas - separadoras de sentido de trânsito,Colisão frontal,NÃO DEFINIDO,Inexistentes,NÃO DEFINIDO,Outros,Inexistentes,Betuminoso,Curva,Com inclinação,Sem berma ou impraticável,Em plena via,Direita
20181412417,2018:05:21 15:30:00,01/21/00,05/01/00,01/01/00,Guarda Nacional Republicana,50.0,50.0,Segunda-Feira,"37,064661","-8,090202",0,0,1,Outra via,Seco e limpo,Faro,Loule,Quarteira,Quarteira,,Outra Via,0,Em bom estado,,Bom tempo,Sentido único,Fora da intersecção,Dentro das localidades,Em pleno dia,Sem marcas rodoviárias ou pouco visíveis,Atropelamento com fuga,NÃO DEFINIDO,Inexistentes,No sentido decrescente da quilometragem,Stop,Inexistentes,Betuminoso,Recta,Em patamar,Sem berma ou impraticável,Em plena via,Esquerda
2013717646,2013:05:17 17:10:00,01/17/00,05/01/00,01/01/00,Guarda Nacional Republicana,90.0,90.0,Sexta-Feira  ,"40,199143","-08,252102",0,0,4,Estrada sem separador,Seco e limpo,Aveiro,Mealhada,Luso,Lameira de São Pedro,,EN - Estrada Nacional,EN234,Em estado regular,33.7,Bom tempo,Dois sentidos,Fora da intersecção,Fora das localidades,Em pleno dia,Com marcas - separadoras de sentido de trânsito,Colisão traseira com outro veículo em movimento,NÃO DEFINIDO,Inexistentes,NÃO DEFINIDO,NÃO DEFINIDO,Inexistentes,Betuminoso,Curva,Com inclinação,Berma pavimentada,Em plena via,Direita
2012606315,2012:05:09 19:25:00,01/09/00,05/01/00,01/01/00,Polícia de Segurança Pública,50.0,50.0,Quarta-Feira ,"0,00","0,00",0,0,1,Estrada sem separador,Húmido,Lisboa,Lisboa,Anjos,,Rua Palma,Arruamento,0,Em estado regular,,Bom tempo,Dois sentidos,NÃO DEFINIDO,Dentro das localidades,Em pleno dia,Com marcas - separadoras de sentido e de vias de trânsito,Atropelamento de peões,NÃO DEFINIDO,Inexistentes,NÃO DEFINIDO,Outros,Inexistentes,Betuminoso,Recta,Em patamar,Sem berma ou impraticável,No passeio,Direita
20171151699,2016:05:03 16:00:00,01/03/00,05/01/00,01/01/00,Guarda Nacional Republicana,90.0,90.0,Terça-Feira  ,"37,172950","-8,339630",0,0,1,Estrada sem separador,Seco e limpo,Faro,Monchique,Monchique,MONCHIQUE,,EN - Estrada Nacional,EN266,Em bom estado,"46,58",Bom tempo,Dois sentidos,Fora da intersecção,Fora das localidades,Em pleno dia,Com marcas - separadoras de sentido de trânsito,Despiste simples,NÃO DEFINIDO,Inexistentes,NÃO DEFINIDO,NÃO DEFINIDO,Inexistentes,Betuminoso,Curva,Com inclinação,Berma não pavimentada,Em plena via,Direita
2015937234,2015:05:23 14:45:00,01/23/00,05/01/00,01/01/00,Polícia de Segurança Pública,50.0,50.0,Sábado       ,"41,115591","-8,605614",0,0,1,Estrada sem separador,Seco e limpo,Porto,Vila Nova de Gaia,União das freguesias de Mafamude e Vilar do Paraíso,Vila Nova de Gaia,Rua Coats & Clark                                                                                   ,Arruamento,0,Em estado regular,,Bom tempo,Dois sentidos,Fora da intersecção,Dentro das localidades,Em pleno dia,Com marcas - separadoras de sentido de trânsito,Colisão com veiculo ou obstáculo na faixa de rodagem,NÃO DEFINIDO,Inexistentes,NÃO DEFINIDO,NÃO DEFINIDO,Inexistentes,Betuminoso,Curva,Com inclinação,Berma pavimentada,Em plena via,Direita
2014837685,2014:05:28 08:40:00,01/28/00,05/01/00,01/01/00,Guarda Nacional Republicana,90.0,90.0,Quarta-Feira ,"38,505611","-9,210027",0,0,1,Estrada sem separador,Húmido,Lisboa,Sintra,"União das freguesias de Almargem do Bispo, Pêro Pinheiro e Montelavar",Pero Pinheiro,,VAR - Variante,0,Em estado regular,,Chuva,Sentido único,Em entroncamento,Fora das localidades,Em pleno dia,Com marcas - separadoras de sentido e de vias de trânsito,Colisão com veiculo ou obstáculo na faixa de rodagem,NÃO DEFINIDO,Inexistentes,NÃO DEFINIDO,Outros,Inexistentes,Betuminoso,Curva,Com inclinação,Berma pavimentada,Em plena via,Esquerda
20191736149,2019:05:03 18:42:00,01/03/00,05/01/00,01/01/00,Guarda Nacional Republicana,90.0,90.0,Sexta-Feira  ,"38,841180","-8,880043",0,0,1,Estrada sem separador,Seco e limpo,Santarém,Benavente,Samora Correia,Alcochete,,EN - Estrada Nacional,EN118,Em bom estado,"13,4",Bom tempo,Dois sentidos,Fora da intersecção,Fora das localidades,Aurora ou crepúsculo,Com marcas - separadoras de sentido de trânsito,Colisão com outras situações,NÃO DEFINIDO,Inexistentes,NÃO DEFINIDO,NÃO DEFINIDO,Desligada,Betuminoso,Recta,Em patamar,Berma pavimentada,Em plena via,Direita
2011541360,2011:05:25 20:15:00,01/25/00,05/01/00,01/01/00,Guarda Nacional Republicana,120.0,120.0,Quarta-Feira ,"38,956899","-9,061888",0,0,1,Auto-estrada,Seco e limpo,Lisboa,Arruda dos Vinhos,Arruda dos Vinhos,A-DA-BARRIGA,,A  - Auto-Estrada,A10,Em bom estado,5.7,Bom tempo,Sentido único,Fora da intersecção,Fora das localidades,Em pleno dia,Com marcas - separadoras de sentido e de vias de trânsito,Despiste com transposição do dispositivo de retenção lateral,NÃO DEFINIDO,Inexistentes,No sentido crescente da quilometragem,Outros,Inexistentes,Betuminoso,Curva,Com inclinação,Berma pavimentada,Em plena via,Central
20191693669,2019:05:21 17:30:00,01/21/00,05/01/00,01/01/00,Polícia de Segurança Pública,50.0,50.0,Terça-Feira  ,"0,0","0,0",0,0,1,Estrada sem separador,Seco e limpo,Leiria,Marinha Grande,Marinha Grande,Albergaria,Rua Nova do Moinho de Cima                                                                          ,Arruamento,0,Em estado regular,,Bom tempo,Dois sentidos,Em cruzamento,Dentro das localidades,Em pleno dia,Com marcas - separadoras de sentido de trânsito,Colisão com outras situações,NÃO DEFINIDO,Inexistentes,NÃO DEFINIDO,Stop,Inexistentes,Betuminoso,Recta,Em patamar,Sem berma ou impraticável,Em plena via,Direita
2012607403,2012:05:15 19:00:00,01/15/00,05/01/00,01/01/00,Polícia de Segurança Pública,50.0,50.0,Terça-Feira  ,"0,00","0,00",0,1,2,Outra via,Seco e limpo,Aveiro,Aveiro,Vera Cruz,,Avenida Central                                                                                     ,Arruamento,0,Em estado regular,,Bom tempo,Sentido único,Fora da intersecção,Dentro das localidades,Em pleno dia,Sem marcas rodoviárias ou pouco visíveis,Atropelamento de peões,NÃO DEFINIDO,Inexistentes,NÃO DEFINIDO,NÃO DEFINIDO,Inexistentes,Betuminoso,Recta,Em patamar,Berma pavimentada,Em plena via,Direita
2014796728,2014:05:09 13:20:00,01/09/00,05/01/00,01/01/00,Polícia de Segurança Pública,50.0,50.0,Sexta-Feira  ,"37,128213","-8,547951",0,0,3,Estrada sem separador,Seco e limpo,Faro,Portimao,Portimão,Portimão,Rua Jaime Palhinha                                                                                  ,Arruamento,0,Em estado regular,,Bom tempo,Dois sentidos,Em entroncamento,Dentro das localidades,Em pleno dia,Com marcas - separadoras de sentido de trânsito,Colisão lateral com outro veículo em movimento,NÃO DEFINIDO,Inexistentes,NÃO DEFINIDO,Stop,Inexistentes,Betuminoso,Curva,Com inclinação,Berma pavimentada,Em plena via,Central
20191710821,2019:05:29 22:00:00,01/29/00,05/01/00,01/01/00,Polícia de Segurança Pública,50.0,50.0,Quarta-Feira ,"0,0","0,0",0,0,1,Estrada sem separador,Seco e limpo,Lisboa,Sintra,Algueirão-Mem Martins,Mem Martins,Avenida Almirante Gago Coutinho,Arruamento,0,Em estado regular,,Bom tempo,Dois sentidos,Fora da intersecção,Dentro das localidades,"Noite, com iluminação",Com marcas - separadoras de sentido e de vias de trânsito,Colisão lateral com outro veículo em movimento,NÃO DEFINIDO,Inexistentes,NÃO DEFINIDO,Outros,Inexistentes,Betuminoso,Recta,Em patamar,Sem berma ou impraticável,Em plena via,Direita
2015941134,2015:05:30 18:15:00,01/30/00,05/01/00,01/01/00,Polícia de Segurança Pública,80.0,100.0,Sábado       ,"38,786022","-9,175607",0,0,2,Outra via,Seco e limpo,Lisboa,Odivelas,Odivelas,,,IC - Itinerário Complementar,IC17,Em estado regular,12.6,Bom tempo,Sentido único,Fora da intersecção,Fora das localidades,Em pleno dia,Com marcas - separadoras de sentido e de vias de trânsito,Colisão choque em cadeia,NÃO DEFINIDO,Inexistentes,No sentido decrescente da quilometragem,NÃO DEFINIDO,Inexistentes,Betuminoso,Recta,Em patamar,Berma pavimentada,Em plena via,Central
20181420554,2018:05:28 21:45:00,01/28/00,05/01/00,01/01/00,Polícia de Segurança Pública,50.0,50.0,Segunda-Feira,38.7513935,-9.1696168,0,0,1,Estrada sem separador,Seco e limpo,Lisboa,Lisboa,São Domingos de Benfica,Lisboa,Rua Pedro Monjardino                                                                                ,Arruamento,0,Em bom estado,,Bom tempo,Sentido único,Em entroncamento,Dentro das localidades,"Noite, com iluminação",Sem marcas rodoviárias ou pouco visíveis,Colisão lateral com outro veículo em movimento,NÃO DEFINIDO,Inexistentes,NÃO DEFINIDO,Cedência de passagem,Inexistentes,Betuminoso,Recta,Em patamar,Berma pavimentada,Em plena via,Direita
2014837220,2014:05:21 08:00:00,01/21/00,05/01/00,01/01/00,Guarda Nacional Republicana,50.0,50.0,Quarta-Feira ,"41,217669","-8,170905",0,0,3,Estrada sem separador,Molhado,Braga,Vizela,Vizela (Santo Adrião),,Rua de Felgueiras,Arruamento,0,Em estado regular,,Chuva,Dois sentidos,Fora da intersecção,Dentro das localidades,Em pleno dia,Com marcas - separadoras de sentido de trânsito,Colisão frontal,NÃO DEFINIDO,Inexistentes,NÃO DEFINIDO,Outros,Inexistentes,Betuminoso,Curva,Em patamar,Sem berma ou impraticável,Em plena via,Direita
2010465555,2010:05:17 12:30:00,01/17/00,05/01/00,01/01/00,Guarda Nacional Republicana,50.0,90.0,Segunda-Feira,"39,18395","9,14176",0,0,1,Estrada sem separador,Seco e limpo,Leiria,Obidos,Olho Marinho,OLHO MARINHO,R MOINHO DOS VENTOS,Arruamento,0,Em bom estado,,Bom tempo,Dois sentidos,Fora da intersecção,Dentro das localidades,Em pleno dia,Sem marcas rodoviárias ou pouco visíveis,Colisão com fuga,NÃO DEFINIDO,Inexistentes,NÃO DEFINIDO,NÃO DEFINIDO,Inexistentes,Betuminoso,Curva,Em patamar,Sem berma ou impraticável,Em plena via,Direita
20161061915,2016:05:14 08:25:00,01/14/00,05/01/00,01/01/00,Polícia de Segurança Pública,50.0,50.0,Sábado       ,"41,141353","-8,611433",0,0,1,Estrada sem separador,Molhado,Porto,Porto,"União das freguesias de Cedofeita, Santo Ildefonso, Sé, Miragaia, São Nicolau e Vitória",Porto,Túnel da Ribeira                                                                                    ,Arruamento,0,Em bom estado,,Chuva,Dois sentidos,Fora da intersecção,Dentro das localidades,Em pleno dia,Com marcas - separadoras de sentido e de vias de trânsito,Colisão traseira com outro veículo em movimento,NÃO DEFINIDO,Inexistentes,NÃO DEFINIDO,Outros,Inexistentes,Betuminoso,Recta,Em patamar,Sem berma ou impraticável,Em plena via,Direita
2010455303,2010:05:26 08:00:00,01/26/00,05/01/00,01/01/00,Polícia de Segurança Pública,50.0,50.0,Quarta-Feira ,"0,00","0,00",0,0,1,Estrada sem separador,Seco e limpo,Évora,Evora,Senhora da Saúde,,"Quinta do Alcaide-Zona de Cargas e Descargas do "" AKI""",Arruamento,0,Em bom estado,,Bom tempo,Sentido único,NÃO DEFINIDO,Dentro das localidades,Em pleno dia,Sem marcas rodoviárias ou pouco visíveis,Atropelamento de peões,NÃO DEFINIDO,Inexistentes,NÃO DEFINIDO,Outros,Inexistentes,Betão de cimento,Recta,Em patamar,Sem berma ou impraticável,Em plena via,Direita
20191796137,2019:05:28 12:40:00,01/28/00,05/01/00,01/01/00,Polícia de Segurança Pública,50.0,50.0,Terça-Feira  ,0,0,0,0,1,Estrada sem separador,Seco e limpo,Lisboa,Sintra,Algueirão-Mem Martins,Mem Martins,Estrada Mem Martins                                                                                 ,Arruamento,0,Em estado regular,,Bom tempo,Sentido único,Em via de aceleração,Dentro das localidades,Em pleno dia,Sem marcas rodoviárias ou pouco visíveis,Atropelamento de peões,NÃO DEFINIDO,Inexistentes,NÃO DEFINIDO,Outros,Inexistentes,Calçada,Recta,Em patamar,Berma pavimentada,Em plena via,Direita
2014836335,2014:05:13 19:30:00,01/13/00,05/01/00,01/01/00,Guarda Nacional Republicana,50.0,50.0,Terça-Feira  ,"40,534759","-7,555534",0,1,0,Estrada sem separador,Com lama,Viseu,Castro Daire,Castro Daire,Mosteiro,,EM - Estrada Municipal,0,Em mau estado,0.001,Bom tempo,Dois sentidos,Fora da intersecção,Dentro das localidades,Em pleno dia,Sem marcas rodoviárias ou pouco visíveis,Despiste com capotamento,NÃO DEFINIDO,Inexistentes,NÃO DEFINIDO,Outros,Inexistentes,Terra batida,Recta,Com inclinação,Sem berma ou impraticável,Na berma,Direita
2012620050,2012:05:12 08:45:00,01/12/00,05/01/00,01/01/00,Guarda Nacional Republicana,50.0,90.0,Sábado       ,"41,676276","-8,524445",0,0,1,Estrada sem separador,Seco e limpo,Braga,Vila Verde,Marrancos,,,EN - Estrada Nacional,EN201,Em bom estado,47.6,Bom tempo,Dois sentidos,Fora da intersecção,Dentro das localidades,Em pleno dia,Com marcas - separadoras de sentido de trânsito,Colisão traseira com outro veículo em movimento,NÃO DEFINIDO,Inexistentes,NÃO DEFINIDO,NÃO DEFINIDO,Inexistentes,Betuminoso,Recta,Em patamar,Berma pavimentada,Em plena via,Direita
2011539850,2011:05:02 08:30:00,01/02/00,05/01/00,01/01/00,Guarda Nacional Republicana,90.0,90.0,Segunda-Feira,,,0,0,3,Estrada sem separador,Húmido,Viseu,Oliveira de Frades,Ribeiradio,PARADA,,EM - Estrada Municipal,0,Em estado regular,0.001,Bom tempo,Dois sentidos,Fora da intersecção,Fora das localidades,Em pleno dia,Sem marcas rodoviárias ou pouco visíveis,Colisão frontal,NÃO DEFINIDO,Inexistentes,NÃO DEFINIDO,Outros,Inexistentes,Betuminoso,Curva,Com inclinação,Sem berma ou impraticável,Em plena via,Direita
20171155478,2016:05:20 21:45:00,01/20/00,05/01/00,01/01/00,Guarda Nacional Republicana,50.0,50.0,Sexta-Feira  ,"40,384595","-8,325673",0,0,1,Estrada sem separador,Seco e limpo,Aveiro,Albergaria-a-Velha,São João de Loure e Frossos,LOURE,,EN - Estrada Nacional,EN230-2,Em estado regular,1,Bom tempo,Dois sentidos,Fora da intersecção,Dentro das localidades,"Noite, sem iluminação",Com marcas - separadoras de sentido de trânsito,Colisão com fuga,NÃO DEFINIDO,Inexistentes,NÃO DEFINIDO,NÃO DEFINIDO,Inexistentes,Betuminoso,Recta,Com inclinação,Berma não pavimentada,Em plena via,Direita
2010464617,2010:05:31 07:45:00,01/31/00,05/01/00,01/01/00,Guarda Nacional Republicana,50.0,50.0,Segunda-Feira,,,0,0,3,Estrada sem separador,Seco e limpo,Braga,Vila Nova de Famalicao,Vale (São Cosme),VALE S MARTINHO,,EM - Estrada Municipal,EM309,Em estado regular,,Bom tempo,Dois sentidos,Fora da intersecção,Dentro das localidades,Em pleno dia,Com marcas - separadoras de sentido de trânsito,Colisão traseira com outro veículo em movimento,NÃO DEFINIDO,Inexistentes,NÃO DEFINIDO,Outros,Inexistentes,Betuminoso,Recta,Em patamar,Berma não pavimentada,Em plena via,Direita
20181423854,2018:05:24 11:50:00,01/24/00,05/01/00,01/01/00,Polícia de Segurança Pública,50.0,50.0,Quinta-Feira ,"41,303227","-7,746033",0,0,1,Estrada sem separador,Seco e limpo,Vila Real,Vila Real,"União das freguesias de Vila Real (Nossa Senhora da Conceição, São Pedro e São Dinis)",Vila Real,Rua Morgados de Mateus                                                                              ,Arruamento,0,Em bom estado,,Bom tempo,Dois sentidos,Em entroncamento,Dentro das localidades,Em pleno dia,Sem marcas rodoviárias ou pouco visíveis,Colisão lateral com outro veículo em movimento,NÃO DEFINIDO,Inexistentes,NÃO DEFINIDO,NÃO DEFINIDO,Inexistentes,Calçada,Recta,Em patamar,Berma pavimentada,Em plena via,Direita
20181445018,2018:05:06 11:15:00,01/06/00,05/01/00,01/01/00,Guarda Nacional Republicana,90.0,90.0,Domingo      ,"38,646073","-7,849588",0,0,1,Estrada sem separador,Seco e limpo,Évora,Evora,"União das freguesias de Évora (São Mamede, Sé, São Pedro e Santo Antão)",Lisboa,,EN - Estrada Nacional,EN18,Em bom estado,"258,291",Bom tempo,Dois sentidos,Fora da intersecção,Fora das localidades,Em pleno dia,Com marcas - separadoras de sentido de trânsito,Despiste simples,NÃO DEFINIDO,Inexistentes,NÃO DEFINIDO,NÃO DEFINIDO,Inexistentes,Betuminoso,Recta,Em patamar,Sem berma ou impraticável,Na berma,Direita
2013683989,2013:05:18 00:15:00,01/18/00,05/01/00,01/01/00,Polícia de Segurança Pública,50.0,50.0,Sábado       ,"0,00","0,00",0,0,1,Estrada sem separador,Molhado,Lisboa,Vila Franca de Xira,Alverca do Ribatejo,Alverca do Ribatejo,Avenida Capitão João de Almeida Meleças                                                             ,Arruamento,0,Em estado regular,,Chuva,Sentido único,NÃO DEFINIDO,Dentro das localidades,"Noite, com iluminação",Sem marcas rodoviárias ou pouco visíveis,Despiste sem dispositivo de retenção,NÃO DEFINIDO,Inexistentes,NÃO DEFINIDO,Outros,Inexistentes,Betuminoso,Recta,Em patamar,Berma pavimentada,No passeio,Direita
2014796833,2014:05:09 08:40:00,01/09/00,05/01/00,01/01/00,Polícia de Segurança Pública,50.0,50.0,Sexta-Feira  ,"39,158917","-8,786564",0,0,1,Estrada sem separador,Seco e limpo,Santarém,Cartaxo,União das freguesias do Cartaxo e Vale da Pinta,Cartaxo,Rua 5 de Outubro                                                                                    ,Arruamento,0,Em bom estado,,Bom tempo,Dois sentidos,Fora da intersecção,Dentro das localidades,Em pleno dia,Sem marcas rodoviárias ou pouco visíveis,Despiste com colisão com veículo imobil. ou obstáculo,NÃO DEFINIDO,Inexistentes,NÃO DEFINIDO,NÃO DEFINIDO,Inexistentes,Betuminoso,Recta,Em patamar,Berma pavimentada,Em plena via,Direita
20171263821,2017:05:05 09:50:00,01/05/00,05/01/00,01/01/00,Guarda Nacional Republicana,50.0,50.0,Sexta-Feira  ,"38,928506","-9,064948",0,0,1,Estrada sem separador,Húmido,Lisboa,Vila Franca de Xira,"União das freguesias de Alhandra, São João dos Montes e Calhandriz",Calhandriz,Rua da Igreja,Arruamento,0,Em estado regular,,Chuva,Dois sentidos,Fora da intersecção,Dentro das localidades,Em pleno dia,Sem marcas rodoviárias ou pouco visíveis,Colisão com veiculo ou obstáculo na faixa de rodagem,NÃO DEFINIDO,Inexistentes,NÃO DEFINIDO,NÃO DEFINIDO,Inexistentes,Betuminoso,Recta,Em patamar,Sem berma ou impraticável,Em plena via,Direita
2010450028,2010:05:02 09:00:00,01/02/00,05/01/00,01/01/00,Polícia de Segurança Pública,50.0,50.0,Domingo      ,"0,00","0,00",0,0,1,Estrada sem separador,Seco e limpo,Guarda,Guarda,Guarda (Sé),,"VICEG Rotunda do ""G""",Arruamento,0,Em bom estado,,Bom tempo,Sentido único,Em rotunda,Dentro das localidades,Em pleno dia,Sem marcas rodoviárias ou pouco visíveis,Colisão lateral com outro veículo em movimento,NÃO DEFINIDO,Inexistentes,NÃO DEFINIDO,Cedência de passagem,Inexistentes,Betuminoso,NÃO DEFINIDO,Com inclinação,Sem berma ou impraticável,Em plena via,Direita
20171151504,2016:05:02 09:10:00,01/02/00,05/01/00,01/01/00,Guarda Nacional Republicana,80.0,80.0,Segunda-Feira,"38,532284","-9,033914",0,0,1,Auto-estrada,Seco e limpo,Lisboa,Vila Franca de Xira,União das freguesias de Alverca do Ribatejo e Sobralinho,ALVERCA DO RIBATEJO,,A  - Auto-Estrada,A1,Em bom estado,"13,8",Bom tempo,Sentido único,Fora da intersecção,Fora das localidades,Em pleno dia,Com marcas - separadoras de sentido e de vias de trânsito,Colisão choque em cadeia,NÃO DEFINIDO,Inexistentes,No sentido crescente da quilometragem,NÃO DEFINIDO,Inexistentes,Betuminoso,Recta,Com inclinação,Berma pavimentada,Em plena via,Direita
2012618976,2012:05:02 08:55:00,01/02/00,05/01/00,01/01/00,Guarda Nacional Republicana,50.0,50.0,Quarta-Feira ,"39,24537","8,54324",0,0,1,Estrada sem separador,Molhado,Leiria,Alcobaca,Évora de Alcobaça,PORTELA NOVA,R PRINCIPAL,Arruamento,0,Em estado regular,,Chuva,Dois sentidos,Fora da intersecção,Dentro das localidades,Em pleno dia,Sem marcas rodoviárias ou pouco visíveis,Despiste com capotamento,NÃO DEFINIDO,Inexistentes,NÃO DEFINIDO,Outros,Inexistentes,Betuminoso,Curva,Com inclinação,Sem berma ou impraticável,Na berma,Direita
2010454897,2010:05:08 18:00:00,01/08/00,05/01/00,01/01/00,Polícia de Segurança Pública,50.0,50.0,Sábado       ,"0,00","0,00",0,2,0,Estrada sem separador,Seco e limpo,Lisboa,Loures,Camarate,Camarate,Rua Associação de Moradores Força do Povo,Arruamento,0,Em bom estado,,Bom tempo,Dois sentidos,Fora da intersecção,Dentro das localidades,Em pleno dia,Sem marcas rodoviárias ou pouco visíveis,Despiste com colisão com veículo imobil. ou obstáculo,NÃO DEFINIDO,Inexistentes,NÃO DEFINIDO,NÃO DEFINIDO,Inexistentes,Calçada,Recta,Com inclinação,Berma pavimentada,Em plena via,Direita
2010463057,2010:05:15 16:50:00,01/15/00,05/01/00,01/01/00,Guarda Nacional Republicana,100.0,100.0,Sábado       ,"39,334095","-9,200742",0,0,1,Outra via,Seco e limpo,Leiria,Obidos,Amoreira,AMOREIRA,,IP- Itinerário Principal,IP6,Em estado regular,15.6,Bom tempo,Sentido único,Fora da intersecção,Fora das localidades,Em pleno dia,Com marcas - separadoras de sentido e de vias de trânsito,Despiste com capotamento,NÃO DEFINIDO,Inexistentes,No sentido crescente da quilometragem,Outros,Inexistentes,Betuminoso,Recta,Em patamar,Berma pavimentada,Na berma,Direita
20171230733,2017:05:15 15:20:00,01/15/00,05/01/00,01/01/00,Polícia de Segurança Pública,50.0,50.0,Segunda-Feira,"38,760628","-9,096265",0,0,1,Outra via,Seco e limpo,Lisboa,Lisboa,Parque das Nações,Lisboa,Alameda dos Oceanos,Arruamento,0,Em bom estado,,Bom tempo,Sentido único,Em entroncamento,Dentro das localidades,Em pleno dia,Com marcas - separadoras de sentido e de vias de trânsito,Colisão lateral com outro veículo em movimento,NÃO DEFINIDO,Inexistentes,No sentido decrescente da quilometragem,Outros,Inexistentes,Betuminoso,Recta,Em patamar,Berma pavimentada,Em plena via,Direita
20181416643,2018:05:18 21:40:00,01/18/00,05/01/00,01/01/00,Guarda Nacional Republicana,50.0,90.0,Sexta-Feira  ,"37,065111","-7,878983",0,0,1,Estrada sem separador,Seco e limpo,Faro,Faro,União das freguesias de Conceição e Estoi,Olhão,,EN - Estrada Nacional,EN2-6,Em bom estado,"4,6",Bom tempo,Dois sentidos,Fora da intersecção,Dentro das localidades,"Noite, com iluminação",Com marcas - separadoras de sentido de trânsito,Despiste simples,NÃO DEFINIDO,Inexistentes,NÃO DEFINIDO,NÃO DEFINIDO,Inexistentes,Betuminoso,Curva,Em patamar,Sem berma ou impraticável,Em plena via,Direita
20151010454,2015:05:20 15:30:00,01/20/00,05/01/00,01/01/00,Polícia de Segurança Pública,50.0,50.0,Quarta-Feira ,"40,148046","-8,851945",0,0,1,Estrada sem separador,Seco e limpo,Coimbra,Figueira da Foz,Buarcos,,Avenida Saraiva de Carvalho                                                                         ,Arruamento,0,Em bom estado,,Bom tempo,Dois sentidos,Fora da intersecção,Dentro das localidades,Em pleno dia,Com marcas - separadoras de sentido de trânsito,Colisão traseira com outro veículo em movimento,NÃO DEFINIDO,Inexistentes,NÃO DEFINIDO,Outros,A funcionar normalmente,Betuminoso,Recta,Em patamar,Berma pavimentada,Em plena via,Direita
20161063419,2016:05:20 01:40:00,01/20/00,05/01/00,01/01/00,Polícia de Segurança Pública,80.0,100.0,Sexta-Feira  ,"38,792129","-9,169075",1,0,0,Outra via,Seco e limpo,Lisboa,Odivelas,União das freguesias de Póvoa de Santo Adrião e Olival Basto,Póvoa de Santo Adrião,,Outra Via,0,Em bom estado,13,Bom tempo,Sentido único,Em ramo de ligação - entrada,Fora das localidades,"Noite, com iluminação",Com marcas - separadoras de sentido e de vias de trânsito,Despiste com dispositivo de retenção,Viaduto/Ponte,Inexistentes,No sentido crescente da quilometragem,Outros,Inexistentes,Betuminoso,Curva,Com inclinação,Berma pavimentada,Em plena via,Direita