Id. Acidente,Datahora,Dia,Mês,Hora,Entidades Fiscalizadoras,Velocidade local,Velocidade geral,Dia da Semana,Latitude GPS,Longitude GPS,Num. Mortos a 30 dias,Num. Feridos graves a 30 dias,Num. Feridos ligeiros a 30 dias,Características Tecnicas1,Cond Aderência,Distrito,Concelho,Freguesia,Pov. Proxima,Nome arruamento,Tipos Vias,Cod Via,Estado Conservação,Km,Factores Atmosféricos,Reg Circulação1,Intersecção Vias,Localizações,Luminosidade,Marca Via,Natureza,Obras Arte,Obstáculos,Sentidos,Sinais,Sinais Luminosos,Tipo Piso,Traçado 1,Traçado 2,Traçado 3,Traçado 4,Via Trânsito
20171231913,2017:05:18 18:20:00,01/18/00,05/01/00,01/01/00,Polícia de Segurança Pública,50.0,50.0,Quinta-Feira ,"38,726553","-9,189177",0,0,1,Estrada sem separador,Seco e limpo,Lisboa,Lisboa,Benfica,Lisboa,Estrada Bela Vista                                                                                  ,Arruamento,0,Em estado regular,,Bom tempo,Sentido único,Fora da intersecção,Dentro das localidades,Em pleno dia,Com marcas - separadoras de sentido e de vias de trânsito,Colisão lateral com outro veículo em movimento,NÃO DEFINIDO,Inexistentes,NÃO DEFINIDO,NÃO DEFINIDO,Inexistentes,Betuminoso,Curva,Com inclinação,Sem berma ou impraticável,Em via ou pista reservada,Direita
20161066582,2016:05:18 16:05:00,01/18/00,05/01/00,01/01/00,Polícia de Segurança Pública,50.0,50.0,Quarta-Feira ,"38,763136","-9,238928",0,0,1,Estrada sem separador,Seco e limpo,Lisboa,Amadora,Mina de Água,Amadora,Avenida Marquês Pombal                                                                              ,Arruamento,0,Em estado regular,,Bom tempo,Sentido único,Fora da intersecção,Dentro das localidades,Em pleno dia,Com marcas - separadoras de sentido de trânsito,Atropelamento de peões,NÃO DEFINIDO,Inexistentes,NÃO DEFINIDO,Passagem de peões,Inexistentes,Betuminoso,Recta,Em patamar,Berma pavimentada,Em plena via,Direita
2012626974,2012:05:30 14:30:00,01/30/00,05/01/00,01/01/00,Guarda Nacional Republicana,50.0,50.0,Quarta-Feira ,"41,26682","8,07284",0,0,1,Estrada sem separador,Seco e limpo,Porto,Amarante,Cepelos,Amarante,Avª Combatentes do Ultramar,Arruamento,0,Em estado regular,,Bom tempo,Sentido único,Em entroncamento,Dentro das localidades,Em pleno dia,Com marcas - separadoras de sentido e de vias de trânsito,Colisão traseira com outro veículo em movimento,NÃO DEFINIDO,Correctamente sinalizados,NÃO DEFINIDO,Cedência de passagem,Inexistentes,Betuminoso,Recta,Em patamar,Berma pavimentada,Em plena via,Direita
2010451328,2010:05:06 00:35:00,01/06/00,05/01/00,01/01/00,Polícia de Segurança Pública,50.0,50.0,Quinta-Feira ,"0,00","0,00",0,0,1,Estrada sem separador,Húmido,Porto,Vila Nova de Gaia,Vila Nova de Gaia (Santa Marinha),,Rua Cândido dos Reis (Santa Marinha),Arruamento,0,Em estado regular,,Bom tempo,Sentido único,Fora da intersecção,Dentro das localidades,"Noite, com iluminação",Sem marcas rodoviárias ou pouco visíveis,Colisão com outras situações,NÃO DEFINIDO,Correctamente sinalizados,NÃO DEFINIDO,NÃO DEFINIDO,A funcionar normalmente,Calçada,Recta,Com inclinação,Berma pavimentada,Em plena via,Direita
2013681278,2013:05:09 18:13:00,01/09/00,05/01/00,01/01/00,Polícia de Segurança Pública,50.0,50.0,Quinta-Feira ,"0,00","0,00",0,0,1,Estrada sem separador,Seco e limpo,Porto,Maia,Maia,Maia,Avenida João Paulo II                                                                               ,Arruamento,0,Em estado regular,,Bom tempo,Reversível,Em rotunda,Dentro das localidades,Em pleno dia,Com marcas - separadoras de sentido e de vias de trânsito,Colisão com outras situações,NÃO DEFINIDO,Inexistentes,NÃO DEFINIDO,NÃO DEFINIDO,Inexistentes,Betuminoso,Curva,Em patamar,Berma pavimentada,Em plena via,Direita
2015975587,2015:05:01 15:00:00,01/01/00,05/01/00,01/01/00,Guarda Nacional Republicana,50.0,50.0,Sexta-Feira  ,"40,432891","-8,751919",0,0,1,Estrada sem separador,Molhado,Coimbra,Mira,Mira,Lagoa,Rua Central Sul,Arruamento,0,Em bom estado,,Chuva,Dois sentidos,Fora da intersecção,Dentro das localidades,Em pleno dia,Com marcas - separadoras de sentido de trânsito,Colisão frontal,NÃO DEFINIDO,Inexistentes,NÃO DEFINIDO,Outros,Inexistentes,Betuminoso,Recta,Em patamar,Sem berma ou impraticável,Em plena via,Direita
2012619659,2012:05:31 19:00:00,01/31/00,05/01/00,01/01/00,Guarda Nacional Republicana,50.0,50.0,Quinta-Feira ,"41,21475","8,24338",0,0,2,Estrada sem separador,Seco e limpo,Porto,Santo Tirso,Aves,VILA DAS AVES,AV CONDE VIZELA,Arruamento,0,Em estado regular,,Bom tempo,Dois sentidos,Em entroncamento,Dentro das localidades,Em pleno dia,Com marcas - separadoras de sentido de trânsito,Colisão lateral com outro veículo em movimento,NÃO DEFINIDO,Inexistentes,NÃO DEFINIDO,Cedência de passagem,Inexistentes,Calçada,Recta,Em patamar,Berma pavimentada,Em plena via,Direita
20171176156,2016:05:11 19:35:00,01/11/00,05/01/00,01/01/00,Polícia de Segurança Pública,50.0,50.0,Quarta-Feira ,"40,673442","-7,926932",0,0,1,Estrada sem separador,Molhado,Viseu,Viseu,Abraveses,Viseu,Rua Santo Estêvão                                                                                   ,Arruamento,0,Em bom estado,,Chuva,Dois sentidos,Fora da intersecção,Dentro das localidades,Aurora ou crepúsculo,Com marcas - separadoras de sentido de trânsito,Colisão lateral com outro veículo em movimento,NÃO DEFINIDO,Inexistentes,NÃO DEFINIDO,Outros,Inexistentes,Betuminoso,Curva,Com inclinação,Sem berma ou impraticável,Em plena via,Direita
2014837096,2014:05:30 14:15:00,01/30/00,05/01/00,01/01/00,Guarda Nacional Republicana,50.0,50.0,Sexta-Feira  ,"40,637205","-8,712088",0,0,1,Estrada sem separador,Seco e limpo,Aveiro,Ilhavo,Gafanha da Nazaré,Gafanha da Nazaré,Avª José Estevão,Arruamento,0,Em mau estado,,Bom tempo,Dois sentidos,Em cruzamento,Dentro das localidades,Sol escandeante,Com marcas - separadoras de sentido de trânsito,Colisão com outras situações,NÃO DEFINIDO,Inexistentes,NÃO DEFINIDO,Stop,Inexistentes,Betuminoso,Recta,Em patamar,Berma pavimentada,Em plena via,Direita
2011540526,2011:05:13 11:15:00,01/13/00,05/01/00,01/01/00,Guarda Nacional Republicana,100.0,100.0,Sexta-Feira  ,"40,288496","-8,258705",0,0,1,Outra via,Seco e limpo,Coimbra,Penacova,Friúmes,MIRA,,IP- Itinerário Principal,IP3,Em bom estado,63.8,Bom tempo,Sentido único,Fora da intersecção,Fora das localidades,Em pleno dia,Com marcas - separadoras de sentido e de vias de trânsito,Despiste com capotamento,NÃO DEFINIDO,Inexistentes,No sentido crescente da quilometragem,Outros,Inexistentes,Betuminoso,Curva,Em patamar,Berma pavimentada,Em plena via,Direita
2010465479,2010:05:07 17:15:00,01/07/00,05/01/00,01/01/00,Guarda Nacional Republicana,50.0,50.0,Sexta-Feira  ,,,0,0,1,Estrada sem separador,Seco e limpo,Porto,Amarante,Telões,FONTEMOR,R PRINCIPAL,Arruamento,0,Em estado regular,,Bom tempo,Dois sentidos,Fora da intersecção,Dentro das localidades,Em pleno dia,Com marcas - separadoras de sentido e de vias de trânsito,Colisão traseira com outro veículo em movimento,NÃO DEFINIDO,Inexistentes,NÃO DEFINIDO,Outros,Inexistentes,Betuminoso,Recta,Em patamar,Berma pavimentada,Em plena via,Direita
2011540142,2011:05:16 09:15:00,01/16/00,05/01/00,01/01/00,Guarda Nacional Republicana,90.0,90.0,Segunda-Feira,"38,93876","9,35946",0,0,1,Estrada sem separador,Seco e limpo,Lisboa,Mafra,Mafra,GONÇALVINHOS,,EM - Estrada Municipal,EM549,Em estado regular,,Bom tempo,Dois sentidos,Fora da intersecção,Fora das localidades,Em pleno dia,Com marcas - separadoras de sentido de trânsito,Colisão traseira com outro veículo em movimento,NÃO DEFINIDO,Inexistentes,NÃO DEFINIDO,NÃO DEFINIDO,Inexistentes,Betuminoso,Recta,Em patamar,Sem berma ou impraticável,Em plena via,Direita
2015938651,2015:05:21 16:10:00,01/21/00,05/01/00,01/01/00,Polícia de Segurança Pública,50.0,50.0,Quinta-Feira ,"39,743605","-8,805292",0,0,1,Estrada sem separador,Seco e limpo,Leiria,Leiria,"União das freguesias de Leiria, Pousos, Barreira e Cortes",Leiria,Rua Conde Ferreira                                                                                  ,Arruamento,0,Em estado regular,,Bom tempo,Sentido único,Fora da intersecção,Dentro das localidades,Em pleno dia,Com marcas - separadoras de sentido e de vias de trânsito,Colisão traseira com outro veículo em movimento,NÃO DEFINIDO,Inexistentes,NÃO DEFINIDO,Outros,Inexistentes,Calçada,Recta,Em patamar,Sem berma ou impraticável,Em plena via,Direita
20171266898,2017:05:20 07:00:00,01/20/00,05/01/00,01/01/00,Guarda Nacional Republicana,50.0,50.0,Sábado       ,"41,474368","-8,269865",0,0,2,Estrada sem separador,Seco e limpo,Braga,Guimaraes,São Torcato,São Torcato,"R. Cidade de Guimarães , 4800-858 São Torcato, Portugal",Arruamento,0,Em bom estado,,Bom tempo,Dois sentidos,Fora da intersecção,Dentro das localidades,Em pleno dia,Sem marcas rodoviárias ou pouco visíveis,Colisão frontal,NÃO DEFINIDO,Inexistentes,NÃO DEFINIDO,NÃO DEFINIDO,Inexistentes,Terra batida,Recta,Em patamar,Berma pavimentada,Em plena via,Direita
20171155796,2016:05:22 10:30:00,01/22/00,05/01/00,01/01/00,Guarda Nacional Republicana,50.0,50.0,Domingo      ,"40,456690","-8,420259",0,0,1,Estrada sem separador,Seco e limpo,Aveiro,Murtosa,Torreira,TORREIRA,Avª Engenheiro Duarte Pacheco,Arruamento,0,Em estado regular,,Bom tempo,Dois sentidos,Fora da intersecção,Dentro das localidades,Em pleno dia,Com marcas - separadoras de sentido de trânsito,Colisão traseira com outro veículo em movimento,NÃO DEFINIDO,Inexistentes,NÃO DEFINIDO,NÃO DEFINIDO,Inexistentes,Betuminoso,Recta,Em patamar,Berma pavimentada,Em plena via,Direita
2015930140,2015:05:04 13:45:00,01/04/00,05/01/00,01/01/00,Polícia de Segurança Pública,50.0,50.0,Segunda-Feira,"41,547714","-8,414706",0,0,1,Estrada sem separador,Molhado,Braga,Braga,União das freguesias de Braga (São José de São Lázaro e São João do Souto),,Rua André Soares                                                                                    ,Arruamento,0,Em bom estado,,Chuva,Dois sentidos,Em cruzamento,Dentro das localidades,Em pleno dia,Com marcas - separadoras de sentido e de vias de trânsito,Atropelamento de peões,NÃO DEFINIDO,Inexistentes,NÃO DEFINIDO,Passagem de peões,Inexistentes,Calçada,Recta,Em patamar,Sem berma ou impraticável,Em plena via,Direita
2012609008,2012:05:16 08:24:00,01/16/00,05/01/00,01/01/00,Polícia de Segurança Pública,50.0,50.0,Quarta-Feira ,"0,00","0,00",0,0,2,Estrada sem separador,Húmido,Lisboa,Lisboa,Santo Condestável,,Rua Coelho da Rocha                                                                                 ,Arruamento,0,Em estado regular,,Bom tempo,Sentido único,Em cruzamento,Dentro das localidades,Em pleno dia,Sem marcas rodoviárias ou pouco visíveis,Colisão com outras situações,NÃO DEFINIDO,Inexistentes,NÃO DEFINIDO,Outros,Inexistentes,Betuminoso,Recta,Em patamar,Sem berma ou impraticável,Em plena via,Direita
20191675808,2019:05:06 16:15:00,01/06/00,05/01/00,01/01/00,Polícia de Segurança Pública,50.0,50.0,Segunda-Feira,"0,0","0,0",0,0,1,Estrada sem separador,Seco e limpo,Porto,Vila Nova de Gaia,União das freguesias de Santa Marinha e São Pedro da Afurada,,,Outra Via,0,Em bom estado,,Bom tempo,Sentido único,Fora da intersecção,Dentro das localidades,Em pleno dia,Com marcas - separadoras de sentido e de vias de trânsito,Colisão com veiculo ou obstáculo na faixa de rodagem,NÃO DEFINIDO,Inexistentes,NÃO DEFINIDO,NÃO DEFINIDO,Inexistentes,Betuminoso,Curva,Em patamar,Berma pavimentada,Em plena via,Esquerda
20161061682,2016:05:13 23:50:00,01/13/00,05/01/00,01/01/00,Polícia de Segurança Pública,50.0,50.0,Sexta-Feira  ,"41,184121","-8,552729",0,0,1,Estrada sem separador,Húmido,Porto,Gondomar,Rio Tinto,Rio Tinto,Rua Campaínha                                                                                       ,Arruamento,0,Em bom estado,,Chuva,Sentido único,Em rotunda,Dentro das localidades,"Noite, com iluminação",Com marcas - separadoras de sentido de trânsito,Despiste sem dispositivo de retenção,NÃO DEFINIDO,Inexistentes,NÃO DEFINIDO,NÃO DEFINIDO,Inexistentes,Betuminoso,Curva,Em patamar,Berma pavimentada,Em plena via,Direita
20181419432,2018:05:31 11:00:00,01/31/00,05/01/00,01/01/00,Polícia de Segurança Pública,50.0,50.0,Quinta-Feira ,41.1766246,-8.6280621,0,0,3,Estrada sem separador,Seco e limpo,Porto,Porto,Paranhos,Porto,Rua Monte dos Burgos                                                                                ,Arruamento,0,Em estado regular,,Bom tempo,Dois sentidos,Em entroncamento,Dentro das localidades,Em pleno dia,Com marcas - separadoras de sentido e de vias de trânsito,Colisão lateral com outro veículo em movimento,NÃO DEFINIDO,Inexistentes,NÃO DEFINIDO,Outros,A funcionar normalmente,Betuminoso,Recta,Em patamar,Berma pavimentada,Em plena via,Direita
20171265987,2017:05:15 13:50:00,01/15/00,05/01/00,01/01/00,Guarda Nacional Republicana,50.0,50.0,Segunda-Feira,"39,952430","-8,785956",0,1,0,Estrada sem separador,Seco e limpo,Leiria,Pombal,"União das freguesias de Guia, Ilha e Mata Mourisca",Guia,,EN - Estrada Nacional,EN109,Em estado regular,"143,15",Bom tempo,Dois sentidos,Fora da intersecção,Dentro das localidades,Em pleno dia,Com marcas - separadoras de sentido de trânsito,Atropelamento de peões,NÃO DEFINIDO,Inexistentes,NÃO DEFINIDO,NÃO DEFINIDO,Inexistentes,Betuminoso,Recta,Em patamar,Berma pavimentada,Em plena via,Direita
20191710263,2019:05:29 08:05:00,01/29/00,05/01/00,01/01/00,Polícia de Segurança Pública,50.0,50.0,Quarta-Feira ,"0,0","0,0",0,0,1,Estrada sem separador,Seco e limpo,Setúbal,Barreiro,União das freguesias de Barreiro e Lavradio,Barreiro,Rua Industrial Alfredo da Silva                                                                     ,Arruamento,0,Em bom estado,,Bom tempo,Dois sentidos,Fora da intersecção,Dentro das localidades,Sol escandeante,Com marcas - separadoras de sentido de trânsito,Atropelamento de peões,NÃO DEFINIDO,Inexistentes,NÃO DEFINIDO,Passagem de peões,Inexistentes,Betuminoso,Recta,Em patamar,Berma pavimentada,Em plena via,Direita
20161063500,2016:05:14 12:25:00,01/14/00,05/01/00,01/01/00,Polícia de Segurança Pública,50.0,50.0,Sábado       ,"38,753780","-9,196058",0,0,2,Estrada sem separador,Seco e limpo,Lisboa,Lisboa,Benfica,Lisboa,Avenida Uruguai                                                                                     ,Arruamento,0,Em bom estado,,Bom tempo,Dois sentidos,Fora da intersecção,Dentro das localidades,Em pleno dia,Com marcas - separadoras de sentido e de vias de trânsito,Colisão traseira com outro veículo em movimento,NÃO DEFINIDO,Inexistentes,NÃO DEFINIDO,Outros,Inexistentes,Betuminoso,Recta,Em patamar,Berma pavimentada,Em plena via,Esquerda
2015941152,2015:05:28 21:30:00,01/28/00,05/01/00,01/01/00,Polícia de Segurança Pública,50.0,50.0,Quinta-Feira ,"41,173918","-8,555642",0,0,1,Estrada sem separador,Seco e limpo,Porto,Gondomar,Rio Tinto,Rio Tinto,Avenida Doutor Domingos Gonçalves de Sá                                                             ,Arruamento,0,Em bom estado,,Bom tempo,Dois sentidos,Em entroncamento,Dentro das localidades,"Noite, com iluminação",Com marcas - separadoras de sentido de trânsito,Colisão com outras situações,NÃO DEFINIDO,Inexistentes,NÃO DEFINIDO,Stop,Inexistentes,Betuminoso,Recta,Com inclinação,Berma pavimentada,Em plena via,Esquerda
2015976995,2015:05:24 18:40:00,01/24/00,05/01/00,01/01/00,Guarda Nacional Republicana,50.0,50.0,Domingo      ,"41,056486","-8,646295",0,0,1,Estrada sem separador,Seco e limpo,Porto,Vila Nova de Gaia,Arcozelo,,Rua Heróis da Pátria,Arruamento,0,Em bom estado,,Bom tempo,Dois sentidos,Fora da intersecção,Dentro das localidades,Em pleno dia,Com marcas - separadoras de sentido de trânsito,Colisão traseira com outro veículo em movimento,NÃO DEFINIDO,Inexistentes,NÃO DEFINIDO,Outros,Inexistentes,Betuminoso,Recta,Em patamar,Berma pavimentada,Em plena via,Direita
2010454528,2010:05:19 09:15:00,01/19/00,05/01/00,01/01/00,Polícia de Segurança Pública,50.0,50.0,Quarta-Feira ,"0,00","0,00",0,0,4,Estrada sem separador,Seco e limpo,Porto,Matosinhos,Custóias,,Rua da Fonte Velha,Arruamento,0,Em bom estado,,Bom tempo,Sentido único,Em cruzamento,Dentro das localidades,Em pleno dia,Sem marcas rodoviárias ou pouco visíveis,Colisão lateral com outro veículo em movimento,NÃO DEFINIDO,Inexistentes,NÃO DEFINIDO,Stop,Inexistentes,Betuminoso,Recta,Em patamar,Berma pavimentada,Em plena via,Direita
20181401407,2018:05:09 17:50:00,01/09/00,05/01/00,01/01/00,Guarda Nacional Republicana,50.0,50.0,Quarta-Feira ,"37,183611","-7,466889",1,0,0,Estrada sem separador,Seco e limpo,Faro,Vila Real de Santo Antonio,Monte Gordo,Monte Gordo,Avenida de Portugal - Aldeia Nova,Arruamento,0,Em bom estado,,Bom tempo,Dois sentidos,Fora da intersecção,Dentro das localidades,Em pleno dia,Com marcas - separadoras de sentido de trânsito,Despiste simples,NÃO DEFINIDO,Inexistentes,NÃO DEFINIDO,NÃO DEFINIDO,Inexistentes,Betuminoso,Recta,Em patamar,Berma pavimentada,No passeio,Direita
2010457111,2010:05:27 11:00:00,01/27/00,05/01/00,01/01/00,Polícia de Segurança Pública,50.0,50.0,Quinta-Feira ,"0,00","0,00",0,0,1,Estrada sem separador,Húmido,Setúbal,Setubal,Setúbal (São Sebastião),,Rotunda Monte Belo,Arruamento,0,Em estado regular,,Bom tempo,Sentido único,Em rotunda,Dentro das localidades,Em pleno dia,Sem marcas rodoviárias ou pouco visíveis,Colisão com fuga,NÃO DEFINIDO,Inexistentes,NÃO DEFINIDO,Cedência de passagem,Intermitente,Betuminoso,Curva,Em patamar,Sem berma ou impraticável,Em plena via,Esquerda
2010459641,2010:05:11 18:50:00,01/11/00,05/01/00,01/01/00,Polícia de Segurança Pública,50.0,50.0,Terça-Feira  ,"0,00","0,00",0,0,1,Estrada sem separador,Húmido,Lisboa,Sintra,Cacém,,Avenida dos Missionarios,Arruamento,0,Em estado regular,,Bom tempo,Dois sentidos,Fora da intersecção,Dentro das localidades,Em pleno dia,Com marcas - separadoras de sentido de trânsito,Atropelamento de peões,NÃO DEFINIDO,Não sinalizados,NÃO DEFINIDO,Passagem de peões,Inexistentes,Betuminoso,Curva,Com inclinação,Berma pavimentada,Em plena via,Direita
2011530454,2011:05:05 20:30:00,01/05/00,05/01/00,01/01/00,Polícia de Segurança Pública,50.0,50.0,Quinta-Feira ,"0,00","0,00",0,0,2,Estrada sem separador,Seco e limpo,Setúbal,Almada,Laranjeiro,,Avª 23 de Julho,Arruamento,0,Em bom estado,,Bom tempo,Dois sentidos,Em entroncamento,Dentro das localidades,Aurora ou crepúsculo,Com marcas - separadoras de sentido de trânsito,Colisão lateral com outro veículo em movimento,NÃO DEFINIDO,Inexistentes,NÃO DEFINIDO,Outros,Inexistentes,Betuminoso,Recta,Com inclinação,Sem berma ou impraticável,Em plena via,Direita
2010465799,2010:05:18 07:40:00,01/18/00,05/01/00,01/01/00,Guarda Nacional Republicana,50.0,50.0,Terça-Feira  ,,,0,0,1,Estrada sem separador,Seco e limpo,Setúbal,Palmela,Quinta do Anjo,COLINAS DA ARRABIDA,,EM - Estrada Municipal,EM1029,Em estado regular,,Bom tempo,Dois sentidos,Em cruzamento,Fora das localidades,Em pleno dia,Com marcas - separadoras de sentido de trânsito,Colisão com veiculo ou obstáculo na faixa de rodagem,NÃO DEFINIDO,Inexistentes,NÃO DEFINIDO,Outros,Inexistentes,Betuminoso,Recta,Em patamar,Berma não pavimentada,Em plena via,Direita
20161067908,2016:05:29 19:30:00,01/29/00,05/01/00,01/01/00,Polícia de Segurança Pública,50.0,50.0,Domingo      ,"39,412869","-9,143069",0,0,1,Estrada sem separador,Seco e limpo,Leiria,Caldas da Rainha,União das freguesias de Caldas da Rainha - Santo Onofre e Serra do Bouro,Caldas da Rainha,Rua Centro de Exposições                                                                            ,Arruamento,0,Em bom estado,,Bom tempo,Dois sentidos,Fora da intersecção,Dentro das localidades,Em pleno dia,Sem marcas rodoviárias ou pouco visíveis,Atropelamento de peões,NÃO DEFINIDO,Inexistentes,NÃO DEFINIDO,NÃO DEFINIDO,Inexistentes,Betuminoso,Recta,Em patamar,Berma pavimentada,Em plena via,Direita
20171156936,2016:05:29 15:55:00,01/29/00,05/01/00,01/01/00,Guarda Nacional Republicana,60.0,120.0,Domingo      ,"41,223769","-8,301633",0,0,1,Auto-estrada,Húmido,Braga,Vila Nova de Famalicao,União das freguesias de Esmeriz e Cabeçudos,CABEÇUDOS,,A  - Auto-Estrada,A3,Em bom estado,"25,735",Chuva,Sentido único,Fora da intersecção,Fora das localidades,Em pleno dia,Com marcas - separadoras de sentido e de vias de trânsito,Despiste simples,NÃO DEFINIDO,Inexistentes,No sentido crescente da quilometragem,NÃO DEFINIDO,Inexistentes,Betuminoso,Curva,Em patamar,Berma pavimentada,Na berma,Direita
20181406262,2018:05:15 18:00:00,01/15/00,05/01/00,01/01/00,Guarda Nacional Republicana,50.0,50.0,Terça-Feira  ,"38,646021","-9,174883",0,0,1,Estrada sem separador,Seco e limpo,Setúbal,Almada,União das freguesias de Charneca de Caparica e Sobreda,Sobreda,,EN - Estrada Nacional,EN10-1,Em bom estado,"2,3",Bom tempo,Dois sentidos,Em entroncamento,Dentro das localidades,Em pleno dia,Com marcas - separadoras de sentido de trânsito,Colisão lateral com outro veículo em movimento,NÃO DEFINIDO,Inexistentes,NÃO DEFINIDO,Stop,Inexistentes,Betuminoso,Recta,Em patamar,Berma pavimentada,Em plena via,Direita
20161067282,2016:05:26 17:10:00,01/26/00,05/01/00,01/01/00,Polícia de Segurança Pública,50.0,50.0,Quinta-Feira ,"41,231097","-8,626219",0,0,1,Estrada sem separador,Seco e limpo,Porto,Maia,Cidade da Maia,Maia,Rua Viso                                                                                            ,Arruamento,0,Em estado regular,,Bom tempo,Sentido único,Fora da intersecção,Dentro das localidades,Em pleno dia,Sem marcas rodoviárias ou pouco visíveis,Atropelamento de peões,NÃO DEFINIDO,Inexistentes,NÃO DEFINIDO,NÃO DEFINIDO,Inexistentes,Calçada,Recta,Com inclinação,Sem berma ou impraticável,No passeio,Direita
20181415779,2018:05:03 23:45:00,01/03/00,05/01/00,01/01/00,Guarda Nacional Republicana,50.0,50.0,Quinta-Feira ,"41,105433","-8,208818",0,0,1,Estrada sem separador,Seco e limpo,Porto,Marco de Canaveses,Bem Viver,Magrelos,Avenida da Carvalheira,Arruamento,0,Em estado regular,,Bom tempo,Sentido único,Fora da intersecção,Dentro das localidades,"Noite, com iluminação",Com marcas - separadoras de sentido de trânsito,Despiste simples,NÃO DEFINIDO,Inexistentes,NÃO DEFINIDO,NÃO DEFINIDO,Inexistentes,Betuminoso,Curva,Em patamar,Sem berma ou impraticável,Em plena via,Esquerda
20191735437,2019:05:07 10:05:00,01/07/00,05/01/00,01/01/00,Guarda Nacional Republicana,50.0,50.0,Terça-Feira  ,"40,360360","-7,854871",0,0,1,Estrada sem separador,Húmido,Coimbra,Oliveira do Hospital,União das freguesias de Oliveira do Hospital e São Paio de Gramaços,Oliveira do Hospital,Rua Doutor António Dias,Arruamento,0,Em bom estado,,Chuva,Dois sentidos,Fora da intersecção,Dentro das localidades,Em pleno dia,Sem marcas rodoviárias ou pouco visíveis,Colisão lateral com outro veículo em movimento,NÃO DEFINIDO,Inexistentes,NÃO DEFINIDO,NÃO DEFINIDO,Inexistentes,Betuminoso,Recta,Em patamar,Berma pavimentada,Em plena via,Direita
2010463033,2010:05:06 07:45:00,01/06/00,05/01/00,01/01/00,Guarda Nacional Republicana,40.0,50.0,Quinta-Feira ,,,0,0,1,Estrada sem separador,Seco e limpo,Leiria,Pombal,Ilha,ESCOURA,R PRINCIPAL - ESCOURA,Arruamento,0,Em bom estado,,Bom tempo,Dois sentidos,Em cruzamento,Dentro das localidades,Em pleno dia,Com marcas - separadoras de sentido de trânsito,Colisão com veiculo ou obstáculo na faixa de rodagem,NÃO DEFINIDO,Inexistentes,NÃO DEFINIDO,Cedência de passagem,Inexistentes,Betuminoso,Recta,Com inclinação,Berma não pavimentada,Em plena via,Direita
20171154769,2016:05:16 22:10:00,01/16/00,05/01/00,01/01/00,Guarda Nacional Republicana,90.0,90.0,Segunda-Feira,"39,162261","-9,173305",0,0,1,Estrada sem separador,Seco e limpo,Lisboa,Lourinha,União das freguesias de São Bartolomeu dos Galegos e Moledo,SÃO BARTOLOMEU DOS GALEGOS,,EN - Estrada Nacional,EN247-1,Em estado regular,"3,9",Bom tempo,Dois sentidos,Fora da intersecção,Fora das localidades,"Noite, sem iluminação",Sem marcas rodoviárias ou pouco visíveis,Despiste simples,NÃO DEFINIDO,Inexistentes,NÃO DEFINIDO,NÃO DEFINIDO,Inexistentes,Betuminoso,Recta,Com inclinação,Berma não pavimentada,Na berma,Direita
2014837702,2014:05:30 15:30:00,01/30/00,05/01/00,01/01/00,Guarda Nacional Republicana,50.0,50.0,Sexta-Feira  ,"38,732996","-9,416935",0,0,3,NÃO DEFINIDO,Seco e limpo,Lisboa,Cascais,Alcabideche,,Rua Manuel Manique,Arruamento,0,Em bom estado,,Bom tempo,Dois sentidos,Fora da intersecção,Dentro das localidades,Em pleno dia,Com marcas - separadoras de sentido de trânsito,Colisão traseira com outro veículo em movimento,NÃO DEFINIDO,Inexistentes,NÃO DEFINIDO,Passagem de peões,Inexistentes,Betuminoso,Recta,Em patamar,Berma pavimentada,Em plena via,Direita
20191730243,2019:05:26 21:00:00,01/26/00,05/01/00,01/01/00,Guarda Nacional Republicana,50.0,50.0,Domingo      ,"37,101440","-8,233444",0,0,1,Estrada sem separador,Seco e limpo,Faro,Albufeira,Albufeira e Olhos de Água,Albufeira,Rua Fernando Namora - Correeira,Arruamento,0,Em estado regular,,Bom tempo,Dois sentidos,Fora da intersecção,Dentro das localidades,"Noite, com iluminação",Com marcas - separadoras de sentido de trânsito,Colisão lateral com outro veículo em movimento,NÃO DEFINIDO,Inexistentes,NÃO DEFINIDO,Stop,Inexistentes,Betuminoso,Recta,Em patamar,Sem berma ou impraticável,Em plena via,Direita
20171264599,2017:05:09 08:45:00,01/09/00,05/01/00,01/01/00,Guarda Nacional Republicana,50.0,50.0,Terça-Feira  ,"38,859588","-9,155213",0,0,4,Estrada sem separador,Seco e limpo,Lisboa,Loures,União das freguesias de Santo Antão e São Julião do Tojal,Santo Antão do Tojal,Rua 1º de Maio,Arruamento,0,Em estado regular,,Bom tempo,Dois sentidos,Em entroncamento,Dentro das localidades,Em pleno dia,Sem marcas rodoviárias ou pouco visíveis,Colisão frontal,NÃO DEFINIDO,Inexistentes,NÃO DEFINIDO,NÃO DEFINIDO,Inexistentes,Betuminoso,Recta,Em patamar,Sem berma ou impraticável,Em plena via,Direita