Id. Acidente,Datahora,Dia,Mês,Hora,Entidades Fiscalizadoras,Velocidade local,Velocidade geral,Dia da Semana,Latitude GPS,Longitude GPS,Num. Mortos a 30 dias,Num. Feridos graves a 30 dias,Num. Feridos ligeiros a 30 dias,Características Tecnicas1,Cond Aderência,Distrito,Concelho,Freguesia,Pov. Proxima,Nome arruamento,Tipos Vias,Cod Via,Estado Conservação,Km,Factores Atmosféricos,Reg Circulação1,Intersecção Vias,Localizações,Luminosidade,Marca Via,Natureza,Obras Arte,Obstáculos,Sentidos,Sinais,Sinais Luminosos,Tipo Piso,Traçado 1,Traçado 2,Traçado 3,Traçado 4,Via Trânsito
20171265884,2017:05:14 20:45:00,01/14/00,05/01/00,01/01/00,Guarda Nacional Republicana,90.0,90.0,Domingo      ,"41,257153","-8,053555",0,1,1,Estrada sem separador,Seco e limpo,Porto,Amarante,Travanca,São Pedro de Avioso,,EN - Estrada Nacional,EN15,Em bom estado,"42,246",Chuva,Sentido único,Fora da intersecção,Fora das localidades,"Noite, sem iluminação",Sem marcas rodoviárias ou pouco visíveis,Colisão frontal,NÃO DEFINIDO,Inexistentes,NÃO DEFINIDO,NÃO DEFINIDO,Inexistentes,Betuminoso,Recta,Em patamar,Sem berma ou impraticável,Em plena via,Direita
2012620354,2012:05:07 13:45:00,01/07/00,05/01/00,01/01/00,Guarda Nacional Republicana,,90.0,Segunda-Feira,"38,933224","-8,120995",0,0,1,Estrada sem separador,Molhado,Évora,Mora,Mora,MORA,,EN - Estrada Nacional,EN251,Em bom estado,69.5,Chuva,Dois sentidos,Fora da intersecção,Fora das localidades,Em pleno dia,Com marcas - separadoras de sentido de trânsito,Despiste com colisão com veículo imobil. ou obstáculo,NÃO DEFINIDO,Inexistentes,NÃO DEFINIDO,NÃO DEFINIDO,Inexistentes,Betuminoso,Curva,Em patamar,Berma não pavimentada,Na berma,Direita
2011532577,2011:05:19 16:30:00,01/19/00,05/01/00,01/01/00,Polícia de Segurança Pública,50.0,50.0,Quinta-Feira ,"0,00","0,00",0,0,1,Outra via,Húmido,Lisboa,Lisboa,Lapa,,Rua da Lapa,Arruamento,0,Em estado regular,,Bom tempo,Dois sentidos,Fora da intersecção,Dentro das localidades,Em pleno dia,Com marcas - separadoras de sentido e de vias de trânsito,Atropelamento de peões,NÃO DEFINIDO,Inexistentes,No sentido decrescente da quilometragem,Passagem de peões,Inexistentes,Betuminoso,Recta,Com inclinação,Berma pavimentada,Em plena via,Direita
2011544655,2011:05:24 08:45:00,01/24/00,05/01/00,01/01/00,Guarda Nacional Republicana,50.0,50.0,Terça-Feira  ,,,0,0,2,Estrada sem separador,Seco e limpo,Setúbal,Moita,Moita,CARVALHINHO,,EM - Estrada Municipal,EM1024,Em mau estado,0.8,Bom tempo,Dois sentidos,Fora da intersecção,Dentro das localidades,Em pleno dia,Sem marcas rodoviárias ou pouco visíveis,Colisão traseira com outro veículo em movimento,NÃO DEFINIDO,NÃO DEFINIDO,NÃO DEFINIDO,NÃO DEFINIDO,Inexistentes,Betuminoso,Recta,Em patamar,Sem berma ou impraticável,Em plena via,Direita
2012619740,2012:05:28 16:30:00,01/28/00,05/01/00,01/01/00,Guarda Nacional Republicana,50.0,50.0,Segunda-Feira,,,0,0,2,Outra via,Seco e limpo,Porto,Matosinhos,Santa Cruz do Bispo,,,Outra Via,0,Em bom estado,,Bom tempo,Sentido único,Em ramo de ligação - saída,Fora das localidades,Em pleno dia,Com marcas - separadoras de sentido de trânsito,Despiste simples,NÃO DEFINIDO,Inexistentes,No sentido crescente da quilometragem,Cedência de passagem,Inexistentes,Betuminoso,Curva,Em patamar,Berma pavimentada,Em plena via,Direita
2010464882,2010:05:21 08:00:00,01/21/00,05/01/00,01/01/00,Guarda Nacional Republicana,50.0,90.0,Sexta-Feira  ,"41,251657","-7,992093",0,0,2,Estrada sem separador,Seco e limpo,Porto,Amarante,Várzea,VARZEA,,EN - Estrada Nacional,EN15,Em estado regular,73.5,Bom tempo,Dois sentidos,Fora da intersecção,Dentro das localidades,Em pleno dia,Com marcas - separadoras de sentido de trânsito,Colisão frontal,NÃO DEFINIDO,Inexistentes,NÃO DEFINIDO,Outros,Inexistentes,Betuminoso,Curva,Com inclinação,Sem berma ou impraticável,Em plena via,Direita
20171264588,2017:05:09 08:00:00,01/09/00,05/01/00,01/01/00,Guarda Nacional Republicana,50.0,50.0,Terça-Feira  ,"40,478234","-7,978987",0,0,1,Estrada sem separador,Seco e limpo,Viseu,Carregal do Sal,Cabanas de Viriato,Cabanas de Viriato,rua do viriato,Arruamento,0,Em bom estado,,Bom tempo,Dois sentidos,Em via de aceleração,Dentro das localidades,Em pleno dia,Com marcas - separadoras de sentido de trânsito,Colisão lateral com outro veículo em movimento,NÃO DEFINIDO,Inexistentes,NÃO DEFINIDO,NÃO DEFINIDO,Inexistentes,Betuminoso,Recta,Com inclinação,Berma pavimentada,Em plena via,Direita
2012617608,2012:05:31 14:40:00,01/31/00,05/01/00,01/01/00,Guarda Nacional Republicana,50.0,50.0,Quinta-Feira ,"39,54857","7,54601",0,1,0,Estrada sem separador,Seco e limpo,Castelo Branco,Oleiros,Oleiros,TORNA,,EN - Estrada Nacional,EN358,Em bom estado,0.001,Bom tempo,Dois sentidos,Fora da intersecção,Dentro das localidades,Em pleno dia,Sem marcas rodoviárias ou pouco visíveis,Colisão com outras situações,NÃO DEFINIDO,Inexistentes,NÃO DEFINIDO,NÃO DEFINIDO,Inexistentes,Betuminoso,Recta,Em patamar,Berma pavimentada,Em plena via,Direita
20171266809,2017:05:19 22:00:00,01/19/00,05/01/00,01/01/00,Guarda Nacional Republicana,50.0,90.0,Sexta-Feira  ,"40,250975","-8,479865",0,0,1,Estrada sem separador,Seco e limpo,Coimbra,Coimbra,União das freguesias de Antuzede e Vil de Matos,Antuzede,,EN - Estrada Nacional,EN111,Em bom estado,"36,5",Bom tempo,Dois sentidos,Fora da intersecção,Dentro das localidades,"Noite, com iluminação",Com marcas - separadoras de sentido de trânsito,Despiste simples,NÃO DEFINIDO,Inexistentes,NÃO DEFINIDO,Proibição de ultrapassagem,Inexistentes,Betuminoso,Curva,Com inclinação,Berma pavimentada,Em plena via,Direita
2012620148,2012:05:02 11:00:00,01/02/00,05/01/00,01/01/00,Guarda Nacional Republicana,50.0,50.0,Quarta-Feira ,,,0,0,2,Estrada sem separador,Molhado,Setúbal,Seixal,Fernão Ferro,QUINTA DAS LARANJEIRAS,AV 25 DE ABRIL,Arruamento,0,Em estado regular,,Chuva,Dois sentidos,Em cruzamento,Dentro das localidades,Em pleno dia,Sem marcas rodoviárias ou pouco visíveis,Colisão lateral com outro veículo em movimento,NÃO DEFINIDO,Inexistentes,NÃO DEFINIDO,Stop,Inexistentes,Betuminoso,Recta,Em patamar,Berma não pavimentada,Em plena via,Direita
20171151780,2016:05:03 18:40:00,01/03/00,05/01/00,01/01/00,Guarda Nacional Republicana,50.0,90.0,Terça-Feira  ,"40,231715","-8,062659",0,0,1,Outra via,Seco e limpo,Viseu,Santa Comba Dao,São João de Areias,CANCELA,,EN - Estrada Nacional,EN234-6,Em bom estado,37,Bom tempo,Sentido único,Fora da intersecção,Fora das localidades,Sol escandeante,Com marcas - separadoras de sentido e de vias de trânsito,Despiste simples,NÃO DEFINIDO,Inexistentes,No sentido crescente da quilometragem,NÃO DEFINIDO,Inexistentes,Betuminoso,Curva,Em patamar,Berma não pavimentada,Na berma,Direita
2015975504,2015:05:04 16:00:00,01/04/00,05/01/00,01/01/00,Guarda Nacional Republicana,90.0,90.0,Segunda-Feira,"41,354462","-6,551255",0,0,1,Estrada sem separador,Molhado,Bragança,Macedo de Cavaleiros,União das freguesias de Podence e Santa Combinha,Podence,,EN - Estrada Nacional,EN15,Em bom estado,207.8,Chuva,Dois sentidos,Fora da intersecção,Fora das localidades,Em pleno dia,Com marcas - separadoras de sentido de trânsito,Despiste simples,NÃO DEFINIDO,Inexistentes,NÃO DEFINIDO,Outros,Inexistentes,Betuminoso,Curva,Com inclinação,Berma não pavimentada,Em plena via,Direita
2014838829,2014:05:22 18:10:00,01/22/00,05/01/00,01/01/00,Guarda Nacional Republicana,50.0,50.0,Quinta-Feira ,"39,200557","-9,160899",0,0,1,Estrada sem separador,Seco e limpo,Leiria,Peniche,Serra d' El-Rei,Serra D'El Rei,Rua 4 de Agosto,Arruamento,0,Em estado regular,,Bom tempo,Dois sentidos,Em entroncamento,Dentro das localidades,Em pleno dia,Sem marcas rodoviárias ou pouco visíveis,Despiste simples,NÃO DEFINIDO,Inexistentes,NÃO DEFINIDO,Stop,Inexistentes,Betuminoso,Recta,Com inclinação,Berma pavimentada,Em plena via,Direita
20161069724,2016:05:15 16:45:00,01/15/00,05/01/00,01/01/00,Polícia de Segurança Pública,50.0,50.0,Domingo      ,"38,746256","-9,233350",0,0,1,Outra via,Seco e limpo,Lisboa,Amadora,Venteira,Amadora,,EN - Estrada Nacional,EN117,Em estado regular,,Bom tempo,Sentido único,Fora da intersecção,Dentro das localidades,Em pleno dia,Com marcas - separadoras de sentido de trânsito,Colisão traseira com outro veículo em movimento,NÃO DEFINIDO,Inexistentes,No sentido decrescente da quilometragem,Outros,A funcionar normalmente,Betuminoso,Recta,Com inclinação,Berma pavimentada,Em plena via,Esquerda
2010464675,2010:05:31 18:50:00,01/31/00,05/01/00,01/01/00,Guarda Nacional Republicana,,50.0,Segunda-Feira,,,0,0,1,Estrada sem separador,Seco e limpo,Braga,Amares,Ferreiros,PROZELO,R FRANCISCO SA CARNEIRO,Arruamento,0,Em estado regular,,Bom tempo,Sentido único,Em entroncamento,Dentro das localidades,Em pleno dia,Sem marcas rodoviárias ou pouco visíveis,Colisão lateral com outro veículo em movimento,NÃO DEFINIDO,Inexistentes,NÃO DEFINIDO,Outros,Inexistentes,Calçada,Recta,Em patamar,Berma pavimentada,Em plena via,Direita
2014838151,2014:05:15 18:45:00,01/15/00,05/01/00,01/01/00,Guarda Nacional Republicana,90.0,90.0,Quinta-Feira ,"38,547819","-8,509583",0,0,1,Estrada sem separador,Seco e limpo,Santarém,Benavente,Samora Correia,Porto Alto,,EN - Estrada Nacional,EN10,Em bom estado,106.7,Bom tempo,Dois sentidos,Fora da intersecção,Fora das localidades,Em pleno dia,Com marcas - separadoras de sentido de trânsito,Despiste com capotamento,NÃO DEFINIDO,Inexistentes,NÃO DEFINIDO,NÃO DEFINIDO,Inexistentes,Betuminoso,Curva,Em patamar,NÃO DEFINIDO,Na berma,Direita
20171240051,2017:05:30 16:00:00,01/30/00,05/01/00,01/01/00,Polícia de Segurança Pública,50.0,50.0,Terça-Feira  ,"41,202751","-8,572218",0,0,1,Estrada sem separador,Seco e limpo,Porto,Maia,Águas Santas,Maia,Rua Dom Afonso Henriques                                                                            ,Arruamento,0,Em estado regular,,Bom tempo,Dois sentidos,Fora da intersecção,Dentro das localidades,Em pleno dia,Com marcas - separadoras de sentido de trânsito,Colisão lateral com outro veículo em movimento,NÃO DEFINIDO,Inexistentes,NÃO DEFINIDO,NÃO DEFINIDO,Inexistentes,Betuminoso,Recta,Em patamar,Sem berma ou impraticável,Em plena via,Direita
20191735489,2019:05:07 00:45:00,01/07/00,05/01/00,01/01/00,Guarda Nacional Republicana,50.0,50.0,Terça-Feira  ,"41,450380","-8,211448",0,0,1,Estrada sem separador,Seco e limpo,Braga,Fafe,Arões (São Romão),Arões (São Romão),Avenida da Torre,Arruamento,0,Em bom estado,,Bom tempo,Dois sentidos,Em entroncamento,Dentro das localidades,"Noite, com iluminação",Com marcas - separadoras de sentido de trânsito,Despiste com capotamento,NÃO DEFINIDO,Inexistentes,NÃO DEFINIDO,NÃO DEFINIDO,Inexistentes,Betuminoso,Recta,Com inclinação,Sem berma ou impraticável,Em plena via,Direita
2012605979,2012:05:11 20:10:00,01/11/00,05/01/00,01/01/00,Polícia de Segurança Pública,50.0,50.0,Sexta-Feira  ,"0,00","0,00",0,0,1,Outra via,Molhado,Lisboa,Lisboa,Penha de França,,Rua Angelina Vidal,Arruamento,0,Em mau estado,,Bom tempo,Dois sentidos,Fora da intersecção,Dentro das localidades,Em pleno dia,Sem marcas rodoviárias ou pouco visíveis,Despiste sem dispositivo de retenção,NÃO DEFINIDO,Inexistentes,No sentido crescente da quilometragem,Outros,Inexistentes,Calçada,Recta,Com inclinação,Berma pavimentada,Em plena via,Direita
20181403058,2018:05:10 14:30:00,01/10/00,05/01/00,01/01/00,Polícia de Segurança Pública,50.0,50.0,Quinta-Feira ,41.1959684,-8.6420127,0,0,1,Outra via,Seco e limpo,Porto,Porto,Ramalde,Porto,Rua Travagem                                                                                        ,Arruamento,0,Em bom estado,,Bom tempo,Dois sentidos,Em cruzamento,Dentro das localidades,Em pleno dia,Sem marcas rodoviárias ou pouco visíveis,Atropelamento com fuga,NÃO DEFINIDO,Inexistentes,No sentido crescente da quilometragem,Outros,Inexistentes,Calçada,Recta,Em patamar,Sem berma ou impraticável,Em plena via,Direita
2010464128,2010:05:08 10:00:00,01/08/00,05/01/00,01/01/00,Guarda Nacional Republicana,120.0,120.0,Sábado       ,"39,017982","-8,965894",0,0,1,Auto-estrada,Molhado,Lisboa,Alenquer,Carregado,,,A  - Auto-Estrada,A1,Em bom estado,30.3,Chuva,Sentido único,Fora da intersecção,Fora das localidades,Em pleno dia,Com marcas - separadoras de sentido e de vias de trânsito,Despiste com dispositivo de retenção,NÃO DEFINIDO,Inexistentes,No sentido decrescente da quilometragem,NÃO DEFINIDO,Inexistentes,Betuminoso,Recta,Em patamar,Berma pavimentada,Em plena via,Central
2010454980,2010:05:18 19:07:00,01/18/00,05/01/00,01/01/00,Polícia de Segurança Pública,50.0,50.0,Terça-Feira  ,"0,00","0,00",0,0,1,Estrada sem separador,Seco e limpo,Lisboa,Torres Vedras,Torres Vedras (São Pedro e Santiago,,Avª General Humberto Delgado,Arruamento,0,Em bom estado,,Bom tempo,Dois sentidos,NÃO DEFINIDO,Dentro das localidades,Em pleno dia,Com marcas - separadoras de sentido de trânsito,Colisão traseira com outro veículo em movimento,NÃO DEFINIDO,Inexistentes,NÃO DEFINIDO,Passagem de peões,Inexistentes,Betuminoso,Recta,Em patamar,Berma pavimentada,Em plena via,Direita
2014838119,2014:05:30 20:45:00,01/30/00,05/01/00,01/01/00,Guarda Nacional Republicana,50.0,50.0,Sexta-Feira  ,"38,420030","-8,570623",0,0,1,Estrada sem separador,Com gravilha ou areia,Setúbal,Montijo,União das freguesias de Montijo e Afonsoeiro,Afonsoeiro,Rua Ilha do Principe,Arruamento,0,Em estado regular,,Bom tempo,Dois sentidos,Fora da intersecção,Dentro das localidades,Em pleno dia,Sem marcas rodoviárias ou pouco visíveis,Despiste simples,NÃO DEFINIDO,Inexistentes,NÃO DEFINIDO,Stop,Inexistentes,Terra batida,Recta,Em patamar,Sem berma ou impraticável,Em plena via,Direita
2013684609,2013:05:24 18:30:00,01/24/00,05/01/00,01/01/00,Polícia de Segurança Pública,50.0,50.0,Sexta-Feira  ,"0,00","0,00",0,0,2,Estrada sem separador,Seco e limpo,Lisboa,Loures,São João da Talha,São João da Talha,Rua Deputado Pedro Botelho Neves                                                                    ,Arruamento,0,Em bom estado,,Bom tempo,Dois sentidos,Fora da intersecção,Dentro das localidades,Em pleno dia,Com marcas - separadoras de sentido de trânsito,Atropelamento de peões,NÃO DEFINIDO,Inexistentes,NÃO DEFINIDO,Passagem de peões,Inexistentes,Betuminoso,Recta,Com inclinação,Berma pavimentada,Em plena via,Direita
2013685534,2013:05:14 13:10:00,01/14/00,05/01/00,01/01/00,Polícia de Segurança Pública,50.0,50.0,Terça-Feira  ,"0,00","0,00",0,0,3,Estrada sem separador,Seco e limpo,Lisboa,Odivelas,Ramada,,Rua João Villaret                                                                                   ,Arruamento,0,Em bom estado,,Bom tempo,Dois sentidos,Em entroncamento,Dentro das localidades,Em pleno dia,Sem marcas rodoviárias ou pouco visíveis,Colisão lateral com outro veículo em movimento,NÃO DEFINIDO,Inexistentes,NÃO DEFINIDO,Cedência de passagem,Inexistentes,Betuminoso,Recta,Em patamar,Sem berma ou impraticável,Em plena via,Direita
2010464164,2010:05:09 05:00:00,01/09/00,05/01/00,01/01/00,Guarda Nacional Republicana,90.0,90.0,Domingo      ,"40,695276","-6,934818",0,0,1,Estrada sem separador,Molhado,Guarda,Almeida,Almeida,,,EN - Estrada Nacional,EN340,Em bom estado,35.4,Chuva,Dois sentidos,Fora da intersecção,Fora das localidades,"Noite, sem iluminação",Com marcas - separadoras de sentido de trânsito,Despiste com capotamento,NÃO DEFINIDO,Inexistentes,NÃO DEFINIDO,NÃO DEFINIDO,Inexistentes,Betuminoso,Curva,Com inclinação,Berma pavimentada,Na berma,Direita
2012610623,2012:05:27 10:35:00,01/27/00,05/01/00,01/01/00,Polícia de Segurança Pública,50.0,50.0,Domingo      ,"38,704511","-9,404413",0,0,1,Estrada sem separador,Seco e limpo,Lisboa,Cascais,Estoril,Estoril,,EN - Estrada Nacional,EN6,Em bom estado,17.5,Bom tempo,Dois sentidos,Fora da intersecção,Dentro das localidades,Em pleno dia,Com marcas - separadoras de sentido e de vias de trânsito,Colisão lateral com outro veículo em movimento,NÃO DEFINIDO,Inexistentes,NÃO DEFINIDO,Outros,Inexistentes,Betão de cimento,Recta,Em patamar,Sem berma ou impraticável,Em plena via,Direita
2015934906,2015:05:16 04:10:00,01/16/00,05/01/00,01/01/00,Polícia de Segurança Pública,50.0,50.0,Sábado       ,"37,027497","-7,840394",0,0,2,Estrada sem separador,Seco e limpo,Faro,Olhao,Olhão,Olhão,Rua 18 de Junho                                                                                     ,Arruamento,0,Em estado regular,,Bom tempo,Sentido único,Fora da intersecção,Dentro das localidades,"Noite, com iluminação",Sem marcas rodoviárias ou pouco visíveis,Despiste com colisão com veículo imobil. ou obstáculo,NÃO DEFINIDO,Inexistentes,NÃO DEFINIDO,Outros,Inexistentes,Betuminoso,Recta,Em patamar,Berma pavimentada,Em plena via,Direita
20171266437,2017:05:17 23:10:00,01/17/00,05/01/00,01/01/00,Guarda Nacional Republicana,50.0,50.0,Quarta-Feira ,"40,229832","-8,771039",0,0,1,Estrada sem separador,Seco e limpo,Coimbra,Figueira da Foz,Moinhos da Gândara,Ribas,Rua 5 de Janeiro,Arruamento,0,Em bom estado,,Bom tempo,Sentido único,Fora da intersecção,Dentro das localidades,"Noite, com iluminação",Com marcas - separadoras de sentido de trânsito,Colisão com outras situações,NÃO DEFINIDO,Inexistentes,NÃO DEFINIDO,NÃO DEFINIDO,Inexistentes,Betuminoso,Recta,Em patamar,Sem berma ou impraticável,Em plena via,Direita
20181407198,2018:05:11 17:15:00,01/11/00,05/01/00,01/01/00,Polícia de Segurança Pública,50.0,40.0,Sexta-Feira  ,"0,0","0,0",0,1,5,Estrada sem separador,Seco e limpo,Porto,Matosinhos,"União das freguesias de Custóias, Leça do Balio e Guifões",Guifões,Rua Passos Manuel                                                                                   ,Arruamento,0,Em bom estado,,Bom tempo,Dois sentidos,Em cruzamento,Dentro das localidades,Em pleno dia,Sem marcas rodoviárias ou pouco visíveis,Colisão lateral com outro veículo em movimento,NÃO DEFINIDO,Inexistentes,NÃO DEFINIDO,Stop,Inexistentes,Betuminoso,Recta,Em patamar,Berma pavimentada,Em plena via,Direita
2012620141,2012:05:13 23:30:00,01/13/00,05/01/00,01/01/00,Guarda Nacional Republicana,50.0,50.0,Domingo      ,"38,628563","-8,964368",0,0,1,Estrada sem separador,Seco e limpo,Setúbal,Moita,Moita,MOITA,,EN - Estrada Nacional,EN379-2,Em estado regular,8.5,Bom tempo,Dois sentidos,Fora da intersecção,Dentro das localidades,"Noite, com iluminação",Sem marcas rodoviárias ou pouco visíveis,Despiste com capotamento,NÃO DEFINIDO,Inexistentes,NÃO DEFINIDO,NÃO DEFINIDO,A funcionar normalmente,Betuminoso,Recta,Em patamar,Sem berma ou impraticável,Na berma,Direita
20171156330,2016:05:25 19:00:00,01/25/00,05/01/00,01/01/00,Guarda Nacional Republicana,50.0,50.0,Quarta-Feira ,"37,033651","-8,026708",0,0,1,Estrada sem separador,Seco e limpo,Faro,Loule,Almancil,ALMANCIL,Avenida da Encosta - Vale do Lobo - Almancil,Arruamento,0,Em bom estado,,Bom tempo,Dois sentidos,Fora da intersecção,Dentro das localidades,Em pleno dia,Com marcas - separadoras de sentido de trânsito,Colisão traseira com outro veículo em movimento,NÃO DEFINIDO,Inexistentes,NÃO DEFINIDO,NÃO DEFINIDO,Inexistentes,Betuminoso,Curva,Em patamar,Berma pavimentada,Em plena via,Direita
20181445334,2018:05:12 10:00:00,01/12/00,05/01/00,01/01/00,Guarda Nacional Republicana,50.0,50.0,Sábado       ,"41,386224","-8,709769",0,0,1,Estrada sem separador,Molhado,Porto,Vila do Conde,União das freguesias de Touguinha e Touguinhó,Touguinhó,RUA DA GANDARA,Arruamento,0,Em bom estado,,Chuva,Dois sentidos,Fora da intersecção,Dentro das localidades,Em pleno dia,Com marcas - separadoras de sentido de trânsito,Despiste simples,NÃO DEFINIDO,Inexistentes,NÃO DEFINIDO,Outros,Inexistentes,Betuminoso,Recta,Em patamar,Berma pavimentada,Na berma,Direita
2010463068,2010:05:12 20:30:00,01/12/00,05/01/00,01/01/00,Guarda Nacional Republicana,50.0,50.0,Quarta-Feira ,,,0,0,1,Estrada sem separador,Seco e limpo,Viseu,Armamar,Folgosa,,AV HERNANI ALMEIDA,Arruamento,0,Em bom estado,,Bom tempo,Dois sentidos,Em via de desaceleração,Dentro das localidades,Em pleno dia,Sem marcas rodoviárias ou pouco visíveis,Atropelamento de peões,NÃO DEFINIDO,Inexistentes,NÃO DEFINIDO,Outros,Inexistentes,Betuminoso,Recta,Em patamar,Berma pavimentada,Em plena via,Direita
20191731024,2019:05:25 22:30:00,01/25/00,05/01/00,01/01/00,Guarda Nacional Republicana,50.0,50.0,Sábado       ,"37,056950","-7,925026",0,0,2,Estrada sem separador,Seco e limpo,Faro,Faro,União das freguesias de Conceição e Estoi,Chelote,,EN - Estrada Nacional,EN2,Em bom estado,"735,3",Bom tempo,Dois sentidos,Fora da intersecção,Dentro das localidades,"Noite, com iluminação",Com marcas - separadoras de sentido de trânsito,Colisão lateral com outro veículo em movimento,NÃO DEFINIDO,Inexistentes,NÃO DEFINIDO,NÃO DEFINIDO,Inexistentes,Betuminoso,Recta,Em patamar,Berma não pavimentada,Em plena via,Direita
2014802068,2014:05:14 10:30:00,01/14/00,05/01/00,01/01/00,Polícia de Segurança Pública,50.0,50.0,Quarta-Feira ,"41,093312","-7,819214",0,0,1,Estrada sem separador,Seco e limpo,Viseu,Lamego,Lamego (Almacave e Sé),Lamego,,EN - Estrada Nacional,EN2,Em estado regular,,Bom tempo,Dois sentidos,Em cruzamento,Dentro das localidades,Em pleno dia,Com marcas - separadoras de sentido e de vias de trânsito,Colisão lateral com outro veículo em movimento,NÃO DEFINIDO,Inexistentes,NÃO DEFINIDO,Stop,Inexistentes,Betuminoso,Curva,Com inclinação,Berma pavimentada,Em plena via,Direita
2015975897,2015:05:20 22:15:00,01/20/00,05/01/00,01/01/00,Guarda Nacional Republicana,70.0,90.0,Quarta-Feira ,"39,027925","-8,402616",0,0,1,Estrada sem separador,Seco e limpo,Santarém,Salvaterra de Magos,União das freguesias de Glória do Ribatejo e Granho,Glória do Ribatejo,,EN - Estrada Nacional,EN367,Em bom estado,5.5,Bom tempo,Dois sentidos,Em entroncamento,Fora das localidades,"Noite, sem iluminação",Com marcas - separadoras de sentido de trânsito,Colisão com veiculo ou obstáculo na faixa de rodagem,NÃO DEFINIDO,Inexistentes,NÃO DEFINIDO,Proibição de ultrapassagem,Inexistentes,Betuminoso,Recta,NÃO DEFINIDO,Sem berma ou impraticável,Em plena via,Direita
2014836370,2014:05:19 13:30:00,01/19/00,05/01/00,01/01/00,Guarda Nacional Republicana,50.0,50.0,Segunda-Feira,"41,253575","-7,354276",0,1,1,Estrada sem separador,Molhado,Vila Real,Vila Pouca de Aguiar,Vreia de Jales,Barrela de Jales,,EM - Estrada Municipal,EM567,Em estado regular,,Chuva,Dois sentidos,Em cruzamento,Dentro das localidades,Em pleno dia,Sem marcas rodoviárias ou pouco visíveis,Colisão lateral com outro veículo em movimento,NÃO DEFINIDO,Inexistentes,NÃO DEFINIDO,NÃO DEFINIDO,Inexistentes,Betuminoso,Recta,Em patamar,Berma não pavimentada,Em plena via,Direita
20171157253,2016:05:31 07:00:00,01/31/00,05/01/00,01/01/00,Guarda Nacional Republicana,50.0,50.0,Terça-Feira  ,"41,119205","-7,414614",0,1,1,Estrada sem separador,Seco e limpo,Vila Real,Peso da Regua,União das freguesias de Galafura e Covelinhas,GALAFURA,,EM - Estrada Municipal,0,Em bom estado,,Bom tempo,Dois sentidos,Fora da intersecção,Fora das localidades,Em pleno dia,Sem marcas rodoviárias ou pouco visíveis,Atropelamento de peões,NÃO DEFINIDO,Inexistentes,NÃO DEFINIDO,NÃO DEFINIDO,Inexistentes,Betuminoso,Recta,Em patamar,Sem berma ou impraticável,Na berma,Direita
20191730180,2019:05:28 18:15:00,01/28/00,05/01/00,01/01/00,Guarda Nacional Republicana,50.0,50.0,Terça-Feira  ,"41,050900","-8,363729",0,0,1,Estrada sem separador,Seco e limpo,Porto,Penafiel,Rio Mau,Rio Mau.,,EN - Estrada Nacional,EN108,Em bom estado,"28,7",Bom tempo,Dois sentidos,Fora da intersecção,Dentro das localidades,Aurora ou crepúsculo,Com marcas - separadoras de sentido de trânsito,Colisão traseira com outro veículo em movimento,NÃO DEFINIDO,Inexistentes,NÃO DEFINIDO,NÃO DEFINIDO,Inexistentes,Betuminoso,Recta,Com inclinação,Sem berma ou impraticável,Em plena via,Direita
20171152742,2016:05:07 09:30:00,01/07/00,05/01/00,01/01/00,Guarda Nacional Republicana,50.0,50.0,Sábado       ,"40,103124","-8,168074",0,0,1,Estrada sem separador,Molhado,Coimbra,Lousa,União das freguesias de Foz de Arouce e Casal de Ermio,COVELOS,,EN - Estrada Nacional,EN17,Em estado regular,"20,2",Chuva,Dois sentidos,Fora da intersecção,Dentro das localidades,Em pleno dia,Com marcas - separadoras de sentido de trânsito,Despiste com capotamento,NÃO DEFINIDO,Inexistentes,NÃO DEFINIDO,Proibição de ultrapassagem,Inexistentes,Betuminoso,Curva,Em patamar,Berma não pavimentada,Na berma,Direita
2014839770,2014:05:05 20:00:00,01/05/00,05/01/00,01/01/00,Guarda Nacional Republicana,50.0,50.0,Segunda-Feira,"41,132300","-8,193320",0,0,3,Outra via,Seco e limpo,Porto,Paredes,Bitarães,Bitarães,Rua de Além,Arruamento,0,Em estado regular,,Bom tempo,Dois sentidos,Fora da intersecção,Dentro das localidades,"Noite, com iluminação",Com marcas - separadoras de sentido e de vias de trânsito,Despiste simples,NÃO DEFINIDO,Inexistentes,No sentido crescente da quilometragem,NÃO DEFINIDO,Inexistentes,Betuminoso,Curva,Com inclinação,Sem berma ou impraticável,Na berma,Direita
2013717598,2013:05:11 19:25:00,01/11/00,05/01/00,01/01/00,Guarda Nacional Republicana,50.0,50.0,Sábado       ,"40,489653","-08,306927",0,0,2,Estrada sem separador,Seco e limpo,Aveiro,Oliveira de Azemeis,Ul,Ul,Rua Descacadores de Arroz,Arruamento,0,Em estado regular,,Bom tempo,Dois sentidos,Fora da intersecção,Dentro das localidades,Em pleno dia,Sem marcas rodoviárias ou pouco visíveis,Despiste simples,NÃO DEFINIDO,Inexistentes,NÃO DEFINIDO,NÃO DEFINIDO,Inexistentes,Betuminoso,Curva,Com inclinação,Berma pavimentada,Em plena via,Direita
2011542544,2011:05:18 09:00:00,01/18/00,05/01/00,01/01/00,Guarda Nacional Republicana,50.0,50.0,Quarta-Feira ,,,0,0,1,Estrada sem separador,Seco e limpo,Viseu,Viseu,Rio de Loba,,R DAS ENTREVINHAS,Arruamento,0,Em bom estado,,Bom tempo,Dois sentidos,Fora da intersecção,Dentro das localidades,Em pleno dia,Sem marcas rodoviárias ou pouco visíveis,Atropelamento de peões,NÃO DEFINIDO,Inexistentes,NÃO DEFINIDO,Outros,Inexistentes,Betuminoso,Recta,Em patamar,Sem berma ou impraticável,Em plena via,Esquerda