Id. Acidente,Datahora,Dia,Mês,Hora,Entidades Fiscalizadoras,Velocidade local,Velocidade geral,Dia da Semana,Latitude GPS,Longitude GPS,Num. Mortos a 30 dias,Num. Feridos graves a 30 dias,Num. Feridos ligeiros a 30 dias,Características Tecnicas1,Cond Aderência,Distrito,Concelho,Freguesia,Pov. Proxima,Nome arruamento,Tipos Vias,Cod Via,Estado Conservação,Km,Factores Atmosféricos,Reg Circulação1,Intersecção Vias,Localizações,Luminosidade,Marca Via,Natureza,Obras Arte,Obstáculos,Sentidos,Sinais,Sinais Luminosos,Tipo Piso,Traçado 1,Traçado 2,Traçado 3,Traçado 4,Via Trânsito
20181423237,2018:05:31 13:15:00,01/31/00,05/01/00,01/01/00,Guarda Nacional Republicana,50.0,50.0,Quinta-Feira ,"40,569601","-8,446237",0,0,1,Estrada sem separador,Molhado,Aveiro,Agueda,União das freguesias de Águeda e Borralha,Aveiro,Rua dos Industriais,Arruamento,0,Em estado regular,,Chuva,Dois sentidos,Fora da intersecção,Dentro das localidades,Em pleno dia,Com marcas - separadoras de sentido de trânsito,Colisão com veiculo ou obstáculo na faixa de rodagem,Viaduto/Ponte,Inexistentes,NÃO DEFINIDO,NÃO DEFINIDO,Inexistentes,Betuminoso,Recta,Em patamar,Berma pavimentada,Em plena via,Direita
20181410104,2018:05:15 12:00:00,01/15/00,05/01/00,01/01/00,Polícia de Segurança Pública,50.0,50.0,Terça-Feira  ,"0,0","0,0",0,0,1,Outra via,Seco e limpo,Lisboa,Lisboa,Santa Maria dos Olivais,Lisboa,Alameda das Comunidades Portuguesas,Arruamento,0,Em bom estado,,Bom tempo,Sentido único,Fora da intersecção,Dentro das localidades,Em pleno dia,Sem marcas rodoviárias ou pouco visíveis,Atropelamento de peões,NÃO DEFINIDO,Inexistentes,No sentido decrescente da quilometragem,Passagem de peões,Inexistentes,Betuminoso,Curva,Com inclinação,Berma pavimentada,Em plena via,Direita
2014795980,2014:05:07 22:30:00,01/07/00,05/01/00,01/01/00,Polícia de Segurança Pública,50.0,50.0,Quarta-Feira ,"41,340795","-8,488126",0,0,1,Estrada sem separador,Seco e limpo,Porto,Santo Tirso,"União das freguesias de Santo Tirso, Couto (Santa Cristina e São Miguel) e Burgães",Santo Tirso,Rua Fontiscos                                                                                       ,Arruamento,0,Em estado regular,,Bom tempo,Dois sentidos,Fora da intersecção,Dentro das localidades,"Noite, com iluminação",Com marcas - separadoras de sentido de trânsito,Colisão com outras situações,NÃO DEFINIDO,Inexistentes,NÃO DEFINIDO,NÃO DEFINIDO,Inexistentes,Betuminoso,Curva,Com inclinação,Berma pavimentada,Em plena via,Direita
20171264726,2017:05:09 16:40:00,01/09/00,05/01/00,01/01/00,Guarda Nacional Republicana,50.0,50.0,Terça-Feira  ,"38,922680","-9,275448",0,0,1,Estrada sem separador,Húmido,Lisboa,Mafra,União das freguesias de Malveira e São Miguel de Alcainça,Malveira,,EN - Estrada Nacional,EN116,Em estado regular,"16,8",Chuva,Dois sentidos,Fora da intersecção,Dentro das localidades,Em pleno dia,Sem marcas rodoviárias ou pouco visíveis,Colisão frontal,NÃO DEFINIDO,Inexistentes,NÃO DEFINIDO,NÃO DEFINIDO,Inexistentes,Betuminoso,Curva,Em patamar,Sem berma ou impraticável,Em plena via,Direita
2011542764,2011:05:20 15:40:00,01/20/00,05/01/00,01/01/00,Guarda Nacional Republicana,,50.0,Sexta-Feira  ,,,0,0,1,Estrada sem separador,Molhado,Vila Real,Ribeira de Pena,Cerva,CABRIZ,CABRIZ - R PENA,Arruamento,0,Em bom estado,,Chuva,Dois sentidos,Fora da intersecção,Dentro das localidades,Em pleno dia,Sem marcas rodoviárias ou pouco visíveis,Atropelamento de peões,NÃO DEFINIDO,Inexistentes,NÃO DEFINIDO,NÃO DEFINIDO,Inexistentes,Betuminoso,Recta,Com inclinação,Sem berma ou impraticável,Em plena via,Direita
2011534105,2011:05:04 13:15:00,01/04/00,05/01/00,01/01/00,Polícia de Segurança Pública,50.0,50.0,Quarta-Feira ,"0,00","0,00",0,0,1,Estrada sem separador,Húmido,Lisboa,Lisboa,São Sebastião da Pedreira,,Praça de Espanha (Lisboa),Arruamento,0,Em estado regular,,Bom tempo,Dois sentidos,Fora da intersecção,Dentro das localidades,Em pleno dia,Sem marcas rodoviárias ou pouco visíveis,Atropelamento de peões,NÃO DEFINIDO,Inexistentes,NÃO DEFINIDO,Outros,Inexistentes,Betuminoso,Recta,Em patamar,Sem berma ou impraticável,Em plena via,Direita
20191676608,2019:05:09 09:00:00,01/09/00,05/01/00,01/01/00,Polícia de Segurança Pública,50.0,50.0,Quinta-Feira ,"0,0","0,0",0,0,1,Estrada sem separador,Seco e limpo,Faro,Portimao,Portimão,Portimão,Rua Professor José Buísel                                                                           ,Arruamento,0,Em estado regular,,Bom tempo,Sentido único,Em entroncamento,Dentro das localidades,Em pleno dia,Sem marcas rodoviárias ou pouco visíveis,Despiste sem dispositivo de retenção,NÃO DEFINIDO,Inexistentes,NÃO DEFINIDO,Outros,Inexistentes,Calçada,Recta,Em patamar,Sem berma ou impraticável,Em plena via,Direita
20171230929,2017:05:08 18:00:00,01/08/00,05/01/00,01/01/00,Polícia de Segurança Pública,50.0,50.0,Segunda-Feira,"38,633408","-9,118242",0,0,3,Estrada sem separador,Seco e limpo,Setúbal,Seixal,Amora,Amora,Rua Quinta da Medideira                                                                             ,Arruamento,0,Em estado regular,,Bom tempo,Dois sentidos,Fora da intersecção,Dentro das localidades,Em pleno dia,Sem marcas rodoviárias ou pouco visíveis,Atropelamento de peões,NÃO DEFINIDO,Inexistentes,NÃO DEFINIDO,Outros,Inexistentes,Betuminoso,Recta,Em patamar,Sem berma ou impraticável,Em plena via,Direita
2011539600,2011:05:20 21:45:00,01/20/00,05/01/00,01/01/00,Guarda Nacional Republicana,,,Sexta-Feira  ,,,0,0,1,Estrada sem separador,Seco e limpo,Évora,Evora,Canaviais,EVORA,,EM - Estrada Municipal,EM527,Em estado regular,8.862,Bom tempo,Dois sentidos,Fora da intersecção,Fora das localidades,"Noite, sem iluminação",Com marcas - separadoras de sentido de trânsito,Despiste com capotamento,NÃO DEFINIDO,Inexistentes,NÃO DEFINIDO,NÃO DEFINIDO,Inexistentes,Betuminoso,Recta,Em patamar,Berma não pavimentada,Na berma,Direita
20181411920,2018:05:14 12:45:00,01/14/00,05/01/00,01/01/00,Polícia de Segurança Pública,50.0,50.0,Segunda-Feira,"0,0","0,0",0,0,2,Estrada sem separador,Seco e limpo,Lisboa,Oeiras,"União das freguesias de Oeiras e São Julião da Barra, Paço de Arcos e Caxias",Oeiras,Avenida Pedro Álvares Cabral                                                                        ,Arruamento,0,Em estado regular,,Bom tempo,Dois sentidos,Em entroncamento,Dentro das localidades,Em pleno dia,Com marcas - separadoras de sentido de trânsito,Colisão traseira com outro veículo em movimento,NÃO DEFINIDO,Inexistentes,NÃO DEFINIDO,Outros,A funcionar normalmente,Betuminoso,Recta,Em patamar,Sem berma ou impraticável,Em plena via,Direita
2015975495,2015:05:01 07:30:00,01/01/00,05/01/00,01/01/00,Guarda Nacional Republicana,90.0,90.0,Sexta-Feira  ,"41,374694","-6,364031",0,0,1,Estrada sem separador,Húmido,Bragança,Vimioso,Argozelo,,,EN - Estrada Nacional,EN218,Em bom estado,40.0,Chuva,Dois sentidos,Fora da intersecção,Fora das localidades,Aurora ou crepúsculo,Com marcas - separadoras de sentido de trânsito,Despiste com capotamento,NÃO DEFINIDO,Inexistentes,NÃO DEFINIDO,Outros,Inexistentes,Betuminoso,Recta,Em patamar,Sem berma ou impraticável,Em plena via,Direita
20181445695,2018:05:19 09:45:00,01/19/00,05/01/00,01/01/00,Guarda Nacional Republicana,50.0,50.0,Sábado       ,"38,888433","-9,328030",0,0,1,Outra via,Seco e limpo,Lisboa,Mafra,União das freguesias de Igreja Nova e Cheleiros,Cheleiros,,EN - Estrada Nacional,EN9,Em bom estado,"26,1",Bom tempo,Sentido único,Fora da intersecção,Dentro das localidades,Em pleno dia,Com marcas - separadoras de sentido de trânsito,Colisão traseira com outro veículo em movimento,NÃO DEFINIDO,Inexistentes,No sentido crescente da quilometragem,Outros,Inexistentes,Betuminoso,Recta,Em patamar,Sem berma ou impraticável,Em plena via,Direita
2014839358,2014:05:26 13:20:00,01/26/00,05/01/00,01/01/00,Guarda Nacional Republicana,90.0,90.0,Segunda-Feira,"39,337922","-8,472431",0,0,2,Estrada sem separador,Seco e limpo,Leiria,Porto de Mos,Mira de Aire,Alvados,,EM - Estrada Municipal,EM555,Em bom estado,0.01,Bom tempo,Dois sentidos,Fora da intersecção,Fora das localidades,Em pleno dia,Com marcas - separadoras de sentido de trânsito,Colisão traseira com outro veículo em movimento,NÃO DEFINIDO,Inexistentes,NÃO DEFINIDO,NÃO DEFINIDO,Inexistentes,Betuminoso,Recta,Em patamar,Berma não pavimentada,Em plena via,Direita
2011531933,2011:05:09 13:06:00,01/09/00,05/01/00,01/01/00,Polícia de Segurança Pública,50.0,50.0,Segunda-Feira,"0,00","0,00",0,0,1,Estrada sem separador,Seco e limpo,Coimbra,Coimbra,Coimbra (Santa Cruz),,Cruzamento da Casa do Sal,Arruamento,0,Em bom estado,,Bom tempo,Sentido único,Em cruzamento,Dentro das localidades,Em pleno dia,Com marcas - separadoras de sentido e de vias de trânsito,Colisão traseira com outro veículo em movimento,NÃO DEFINIDO,Inexistentes,NÃO DEFINIDO,NÃO DEFINIDO,NÃO DEFINIDO,Betuminoso,Curva,Em patamar,Berma pavimentada,Em plena via,Direita
2014800337,2014:05:14 22:30:00,01/14/00,05/01/00,01/01/00,Polícia de Segurança Pública,50.0,50.0,Quarta-Feira ,"38,764531","-9,257003",0,0,1,Estrada sem separador,Seco e limpo,Lisboa,Sintra,União das freguesias de Queluz e Belas,Queluz,,EN - Estrada Nacional,EN117,Em estado regular,7.32,Bom tempo,Dois sentidos,Em entroncamento,Dentro das localidades,"Noite, com iluminação",Com marcas - separadoras de sentido de trânsito,Colisão com outras situações,NÃO DEFINIDO,Inexistentes,NÃO DEFINIDO,NÃO DEFINIDO,Inexistentes,Betuminoso,Recta,Em patamar,Sem berma ou impraticável,Em plena via,Direita
2011541378,2011:05:17 08:15:00,01/17/00,05/01/00,01/01/00,Guarda Nacional Republicana,50.0,50.0,Terça-Feira  ,,,0,0,1,Estrada sem separador,Seco e limpo,Setúbal,Seixal,Aldeia de Paio Pires,PAIO PIRES,AV 1º DE JUNHO,Arruamento,0,Em bom estado,,Bom tempo,Dois sentidos,Fora da intersecção,Dentro das localidades,Em pleno dia,Com marcas - separadoras de sentido de trânsito,Atropelamento de peões,NÃO DEFINIDO,Inexistentes,NÃO DEFINIDO,NÃO DEFINIDO,Inexistentes,Betão de cimento,Recta,NÃO DEFINIDO,Berma pavimentada,Em plena via,Direita
20191729943,2019:05:29 17:10:00,01/29/00,05/01/00,01/01/00,Guarda Nacional Republicana,70.0,90.0,Quarta-Feira ,"40,366990","-8,603647",0,0,1,Estrada sem separador,Seco e limpo,Coimbra,Cantanhede,União das freguesias de Cantanhede e Pocariça,Cantanhede,,EN - Estrada Nacional,EN234,Em estado regular,"12,95",Bom tempo,Dois sentidos,Fora da intersecção,Fora das localidades,Em pleno dia,Com marcas - separadoras de sentido de trânsito,Despiste simples,NÃO DEFINIDO,Inexistentes,NÃO DEFINIDO,Outros,Inexistentes,Betuminoso,Recta,Em patamar,Berma pavimentada,Na berma,Direita
20191731614,2019:05:12 14:40:00,01/12/00,05/01/00,01/01/00,Guarda Nacional Republicana,90.0,90.0,Domingo      ,"40,800500","-8,014934",0,0,1,Estrada sem separador,Seco e limpo,Viseu,Sao Pedro do Sul,Vila Maior,Cobertinha - Vila maior - São Pedro do Sul,,EN - Estrada Nacional,EN228,Em bom estado,"13,6",Bom tempo,Dois sentidos,Fora da intersecção,Dentro das localidades,Em pleno dia,Com marcas - separadoras de sentido de trânsito,Despiste simples,NÃO DEFINIDO,Inexistentes,NÃO DEFINIDO,NÃO DEFINIDO,Inexistentes,Betuminoso,Recta,Com inclinação,Berma pavimentada,Na berma,Direita
20171152479,2016:05:06 13:40:00,01/06/00,05/01/00,01/01/00,Guarda Nacional Republicana,50.0,50.0,Sexta-Feira  ,"40,381380","-8,350940",0,0,1,Estrada sem separador,Molhado,Aveiro,Aveiro,Eixo e Eirol,AZURVA,RUA DA RIBEIRA,Arruamento,0,Em estado regular,,Chuva,Dois sentidos,Em entroncamento,Dentro das localidades,Em pleno dia,Sem marcas rodoviárias ou pouco visíveis,Colisão traseira com outro veículo em movimento,NÃO DEFINIDO,Inexistentes,NÃO DEFINIDO,Outros,A funcionar normalmente,Betuminoso,Recta,Em patamar,Berma não pavimentada,Em plena via,Direita
20191730558,2019:05:27 17:30:00,01/27/00,05/01/00,01/01/00,Guarda Nacional Republicana,50.0,50.0,Segunda-Feira,"41,377260","-8,452265",0,0,1,Estrada sem separador,Seco e limpo,Braga,Vila Nova de Famalicao,Landim,Landim,Rua da Nacional 204-5,Arruamento,0,Em estado regular,,Bom tempo,Dois sentidos,Fora da intersecção,Dentro das localidades,Em pleno dia,Com marcas - separadoras de sentido de trânsito,Colisão traseira com outro veículo em movimento,NÃO DEFINIDO,Inexistentes,NÃO DEFINIDO,NÃO DEFINIDO,Inexistentes,Betuminoso,Recta,Em patamar,Berma pavimentada,Em plena via,Direita
20171265504,2017:05:12 17:47:00,01/12/00,05/01/00,01/01/00,Guarda Nacional Republicana,120.0,120.0,Sexta-Feira  ,"40,147352","-8,382929",0,0,1,Auto-estrada,Molhado,Coimbra,Coimbra,Almalaguês,Braçais,,A  - Auto-Estrada,A13,Em bom estado,"198,545",Chuva,Sentido único,Fora da intersecção,Fora das localidades,Em pleno dia,Com marcas - separadoras de sentido e de vias de trânsito,Despiste simples,NÃO DEFINIDO,Inexistentes,No sentido crescente da quilometragem,Outros,Inexistentes,Betuminoso,Curva,Com inclinação,Berma pavimentada,Em plena via,Direita
2013718083,2013:05:18 13:30:00,01/18/00,05/01/00,01/01/00,Guarda Nacional Republicana,50.0,50.0,Sábado       ,"39,253820","-08,314701",0,0,1,Estrada sem separador,Seco e limpo,Santarém,Torres Novas,Riachos,Riachos,,EM - Estrada Municipal,EM569,Em estado regular,,Bom tempo,Dois sentidos,Fora da intersecção,Dentro das localidades,Em pleno dia,Sem marcas rodoviárias ou pouco visíveis,Despiste com capotamento,NÃO DEFINIDO,Inexistentes,NÃO DEFINIDO,NÃO DEFINIDO,Inexistentes,Betuminoso,Curva,Em patamar,Sem berma ou impraticável,Em plena via,Direita
2013716801,2013:05:21 21:20:00,01/21/00,05/01/00,01/01/00,Guarda Nacional Republicana,90.0,90.0,Terça-Feira  ,"37,041937","-07,482957",0,1,0,Estrada sem separador,Seco e limpo,Faro,Olhao,Moncarapacho,Lagoão,,EN - Estrada Nacional,EN398,Em bom estado,5.0,Bom tempo,Dois sentidos,Fora da intersecção,Fora das localidades,"Noite, sem iluminação",Com marcas - separadoras de sentido e de vias de trânsito,Despiste simples,NÃO DEFINIDO,Inexistentes,NÃO DEFINIDO,Proibição de ultrapassagem,Inexistentes,Betuminoso,Recta,Em patamar,Sem berma ou impraticável,Em plena via,Direita
2011547800,2011:05:11 18:45:00,01/11/00,05/01/00,01/01/00,Polícia de Segurança Pública,50.0,50.0,Quarta-Feira ,"0,00","0,00",0,1,0,Estrada sem separador,Seco e limpo,Guarda,Gouveia,Gouveia (São Julião),Gouveia,Avenida Cidade da Covilhã,Arruamento,0,Em bom estado,,Bom tempo,Dois sentidos,Em entroncamento,Dentro das localidades,Em pleno dia,Com marcas - separadoras de sentido de trânsito,Colisão lateral com outro veículo em movimento,NÃO DEFINIDO,Inexistentes,NÃO DEFINIDO,NÃO DEFINIDO,Inexistentes,Betuminoso,Recta,Com inclinação,Berma pavimentada,Em plena via,Direita
2013685210,2013:05:24 18:45:00,01/24/00,05/01/00,01/01/00,Polícia de Segurança Pública,50.0,50.0,Sexta-Feira  ,"0,00","0,00",0,0,1,Estrada sem separador,Seco e limpo,Setúbal,Setubal,Setúbal (São Sebastião),Setúbal,Rua Padre José Maria Nunes da Silva                                                                 ,Arruamento,0,Em estado regular,,Bom tempo,Dois sentidos,Em entroncamento,Dentro das localidades,Em pleno dia,Sem marcas rodoviárias ou pouco visíveis,Despiste com colisão com veículo imobil. ou obstáculo,NÃO DEFINIDO,Inexistentes,NÃO DEFINIDO,NÃO DEFINIDO,Inexistentes,Betuminoso,Recta,Em patamar,Sem berma ou impraticável,Em plena via,Direita
2013681259,2013:05:09 09:55:00,01/09/00,05/01/00,01/01/00,Polícia de Segurança Pública,50.0,50.0,Quinta-Feira ,"0,00","0,00",0,0,1,Outra via,Seco e limpo,Lisboa,Lisboa,Lumiar,,Avenida Nações Unidas                                                                               ,Arruamento,0,Em estado regular,,Bom tempo,Dois sentidos,Em cruzamento,Dentro das localidades,Em pleno dia,Com marcas - separadoras de sentido e de vias de trânsito,Colisão lateral com outro veículo em movimento,NÃO DEFINIDO,Inexistentes,No sentido decrescente da quilometragem,Outros,A funcionar normalmente,Betuminoso,Recta,Em patamar,Sem berma ou impraticável,Em plena via,Esquerda
2015934189,2015:05:17 12:10:00,01/17/00,05/01/00,01/01/00,Polícia de Segurança Pública,50.0,50.0,Domingo      ,"40,616408","-8,654331",0,0,1,Estrada sem separador,Seco e limpo,Aveiro,Aveiro,Aradas,,Rua Capitão Lebre                                                                                   ,Arruamento,0,Em estado regular,,Bom tempo,Dois sentidos,Fora da intersecção,Dentro das localidades,Em pleno dia,Sem marcas rodoviárias ou pouco visíveis,Colisão com outras situações,NÃO DEFINIDO,Inexistentes,NÃO DEFINIDO,NÃO DEFINIDO,Inexistentes,Betuminoso,Recta,Em patamar,Berma pavimentada,Em plena via,Direita
20171263322,2017:05:02 15:30:00,01/02/00,05/01/00,01/01/00,Guarda Nacional Republicana,50.0,50.0,Terça-Feira  ,"40,748318","-7,905043",0,0,1,Estrada sem separador,Seco e limpo,Viseu,Viseu,Lordosa,Viseu,,EN - Estrada Nacional,EN2,Em bom estado,"162,1",Bom tempo,Dois sentidos,Em cruzamento,Fora das localidades,Em pleno dia,Com marcas - separadoras de sentido de trânsito,Colisão traseira com outro veículo em movimento,NÃO DEFINIDO,Inexistentes,NÃO DEFINIDO,NÃO DEFINIDO,A funcionar normalmente,Betuminoso,Recta,Com inclinação,Sem berma ou impraticável,Em plena via,Direita
2011540694,2011:05:01 12:05:00,01/01/00,05/01/00,01/01/00,Guarda Nacional Republicana,50.0,50.0,Domingo      ,"41,40159","8,16394",0,0,2,Estrada sem separador,Molhado,Braga,Amares,Bouro (Santa Maria),ABADIA,R N SRA ABADIA,Arruamento,0,Em estado regular,,Chuva,Dois sentidos,Fora da intersecção,Dentro das localidades,Em pleno dia,Sem marcas rodoviárias ou pouco visíveis,Colisão frontal,NÃO DEFINIDO,Inexistentes,NÃO DEFINIDO,NÃO DEFINIDO,Inexistentes,Calçada,Curva,Com inclinação,Sem berma ou impraticável,Em plena via,Direita
20191729336,2019:05:30 19:30:00,01/30/00,05/01/00,01/01/00,Guarda Nacional Republicana,50.0,50.0,Quinta-Feira ,"40,189530","-8,160900",0,0,2,Estrada sem separador,Seco e limpo,Coimbra,Gois,Vila Nova de Ceira,Barreiro,,EN - Estrada Nacional,EN2,Em bom estado,"265,25",Bom tempo,Dois sentidos,Fora da intersecção,Dentro das localidades,"Noite, com iluminação",Com marcas - separadoras de sentido de trânsito,Colisão lateral com outro veículo em movimento,NÃO DEFINIDO,Inexistentes,NÃO DEFINIDO,NÃO DEFINIDO,Inexistentes,Betuminoso,Curva,Em patamar,Sem berma ou impraticável,Em plena via,Direita
2010463871,2010:05:09 11:15:00,01/09/00,05/01/00,01/01/00,Guarda Nacional Republicana,60.0,120.0,Domingo      ,,,0,0,1,Estrada sem separador,Molhado,Setúbal,Montijo,Montijo,MONTIJO,,IC - Itinerário Complementar,IC32,Em bom estado,,Chuva,Sentido único,Fora da intersecção,Fora das localidades,Em pleno dia,Com marcas - separadoras de sentido e de vias de trânsito,Despiste com dispositivo de retenção,NÃO DEFINIDO,Inexistentes,NÃO DEFINIDO,Outros,Inexistentes,Betuminoso,Curva,Com inclinação,Berma pavimentada,Em plena via,Esquerda
2014802047,2014:05:18 13:00:00,01/18/00,05/01/00,01/01/00,Polícia de Segurança Pública,50.0,50.0,Domingo      ,"41,799453","-6,766548",0,0,1,Outra via,Seco e limpo,Bragança,Braganca,"União das freguesias de Sé, Santa Maria e Meixedo",Bragança,Avenida Doutor Francisco Sá Carneiro                                                                ,Arruamento,0,Em bom estado,,Bom tempo,Reversível,NÃO DEFINIDO,Dentro das localidades,Em pleno dia,Com marcas - separadoras de sentido e de vias de trânsito,Colisão traseira com outro veículo em movimento,NÃO DEFINIDO,Inexistentes,No sentido crescente da quilometragem,NÃO DEFINIDO,Inexistentes,Betuminoso,Recta,Em patamar,Berma pavimentada,Em plena via,Direita
20191730516,2019:05:27 16:50:00,01/27/00,05/01/00,01/01/00,Guarda Nacional Republicana,50.0,90.0,Segunda-Feira,"38,505900","-8,846639",0,0,1,Estrada sem separador,Seco e limpo,Setúbal,Setubal,Sado,Setúbal,,EN - Estrada Nacional,EN10-4,Em bom estado,15,Bom tempo,Dois sentidos,Fora da intersecção,Fora das localidades,Em pleno dia,Com marcas - separadoras de sentido e de vias de trânsito,Colisão lateral com outro veículo em movimento,NÃO DEFINIDO,Inexistentes,NÃO DEFINIDO,NÃO DEFINIDO,Inexistentes,Betuminoso,Recta,Em patamar,Berma pavimentada,Em plena via,Direita
2010464123,2010:05:08 15:55:00,01/08/00,05/01/00,01/01/00,Guarda Nacional Republicana,,120.0,Sábado       ,"38,946796","-8,994717",0,0,1,Auto-estrada,Molhado,Lisboa,Vila Franca de Xira,Vila Franca de Xira,,,A  - Auto-Estrada,A1,Em bom estado,21.8,Chuva,Sentido único,Fora da intersecção,Fora das localidades,Em pleno dia,Com marcas - separadoras de sentido e de vias de trânsito,Colisão traseira com outro veículo em movimento,NÃO DEFINIDO,Inexistentes,No sentido decrescente da quilometragem,Outros,Inexistentes,Betuminoso,Recta,Com inclinação,Berma pavimentada,Em plena via,Direita
20191677172,2019:05:17 13:48:00,01/17/00,05/01/00,01/01/00,Polícia de Segurança Pública,20.0,20.0,Sexta-Feira  ,"38,764222","-9,176912",0,0,1,Estrada sem separador,Seco e limpo,Lisboa,Lisboa,Lumiar,Lisboa,Avenida Nações Unidas                                                                               ,Arruamento,0,Em estado regular,,Bom tempo,Sentido único,Fora da intersecção,Dentro das localidades,Em pleno dia,Com marcas - separadoras de sentido e de vias de trânsito,Colisão com veiculo ou obstáculo na faixa de rodagem,NÃO DEFINIDO,Inexistentes,NÃO DEFINIDO,Cedência de passagem,Inexistentes,Betão de cimento,Recta,Em patamar,Berma pavimentada,Em parque de estacionamento,Direita
20161069684,2016:05:31 18:15:00,01/31/00,05/01/00,01/01/00,Polícia de Segurança Pública,50.0,50.0,Terça-Feira  ,"39,917098","-8,638492",0,0,3,Estrada sem separador,Seco e limpo,Leiria,Pombal,Pombal,Pombal,Rua Figueira da Foz                                                                                 ,Arruamento,0,Em estado regular,,Bom tempo,Dois sentidos,Em rotunda,Dentro das localidades,Em pleno dia,Com marcas - separadoras de sentido e de vias de trânsito,Colisão com outras situações,NÃO DEFINIDO,Inexistentes,NÃO DEFINIDO,Cedência de passagem,Inexistentes,Betuminoso,Recta,Em patamar,Berma pavimentada,Em plena via,Direita
2012618996,2012:05:27 12:30:00,01/27/00,05/01/00,01/01/00,Guarda Nacional Republicana,50.0,50.0,Domingo      ,"39,136796","-9,233534",0,0,1,Estrada sem separador,Seco e limpo,Lisboa,Torres Vedras,Ramalhal,AMEAL,,EN - Estrada Nacional,EN8,Em estado regular,52.45,Bom tempo,Dois sentidos,Fora da intersecção,Dentro das localidades,Em pleno dia,Com marcas - separadoras de sentido de trânsito,Despiste simples,NÃO DEFINIDO,Inexistentes,NÃO DEFINIDO,Outros,Inexistentes,Betuminoso,Curva,Em patamar,Berma não pavimentada,Em plena via,Direita
2015976712,2015:05:02 07:50:00,01/02/00,05/01/00,01/01/00,Guarda Nacional Republicana,50.0,50.0,Sábado       ,"41,098684","-8,324078",0,0,1,Estrada sem separador,Molhado,Porto,Gondomar,União das freguesias de Fânzeres e São Pedro da Cova,,Avª Doutor António Soares,Arruamento,0,Em estado regular,,Chuva,Dois sentidos,Fora da intersecção,Dentro das localidades,Em pleno dia,Com marcas - separadoras de sentido e de vias de trânsito,Atropelamento de peões,NÃO DEFINIDO,Inexistentes,NÃO DEFINIDO,Passagem de peões,Inexistentes,Betuminoso,Recta,Em patamar,Berma pavimentada,Em plena via,Direita
2015975610,2015:05:11 10:45:00,01/11/00,05/01/00,01/01/00,Guarda Nacional Republicana,50.0,50.0,Segunda-Feira,"40,065874","-8,141854",0,0,1,Estrada sem separador,Seco e limpo,Coimbra,Lousa,União das freguesias de Lousã e Vilarinho,,Avª Doutor José Maria Cardoso,Arruamento,0,Em bom estado,,Bom tempo,Dois sentidos,Fora da intersecção,Dentro das localidades,Em pleno dia,Com marcas - separadoras de sentido de trânsito,Despiste simples,NÃO DEFINIDO,Inexistentes,NÃO DEFINIDO,Outros,Inexistentes,Betuminoso,Curva,Em patamar,Berma pavimentada,Na berma,Direita
20181409428,2018:05:05 14:30:00,01/05/00,05/01/00,01/01/00,Guarda Nacional Republicana,50.0,50.0,Sábado       ,"41,147361","-8,617169",0,0,1,Estrada sem separador,Seco e limpo,Porto,Paredes,Cristelo,Porto,Rua Drº. Bernardo Pereira Leite - Cristelo,Arruamento,0,Em bom estado,,Bom tempo,Sentido único,Fora da intersecção,Dentro das localidades,Em pleno dia,Sem marcas rodoviárias ou pouco visíveis,Colisão frontal,NÃO DEFINIDO,Inexistentes,NÃO DEFINIDO,NÃO DEFINIDO,Inexistentes,Terra batida,Recta,Em patamar,Sem berma ou impraticável,Em plena via,Direita
2014839765,2014:05:10 11:00:00,01/10/00,05/01/00,01/01/00,Guarda Nacional Republicana,50.0,50.0,Sábado       ,"41,114212","-8,187429",0,0,1,Estrada sem separador,Seco e limpo,Porto,Penafiel,Guilhufe,Guilhufe,Rua Guilhufe,Arruamento,0,Em bom estado,,Bom tempo,Dois sentidos,Fora da intersecção,Dentro das localidades,Em pleno dia,Com marcas - separadoras de sentido de trânsito,Atropelamento de peões,NÃO DEFINIDO,Inexistentes,NÃO DEFINIDO,NÃO DEFINIDO,Inexistentes,Betuminoso,Recta,Com inclinação,Sem berma ou impraticável,Na berma,Direita
20181417162,2018:05:26 16:00:00,01/26/00,05/01/00,01/01/00,Guarda Nacional Republicana,50.0,50.0,Sábado       ,"41,216462","-8,121158",0,0,1,Estrada sem separador,Seco e limpo,Porto,Felgueiras,"União das freguesias de Margaride (Santa Eulália), Várzea, Lagares, Varziela e Moure",Margaride,Rua D. Gomes De Aciegas,Arruamento,0,Em estado regular,,Bom tempo,Sentido único,Fora da intersecção,Dentro das localidades,Em pleno dia,Com marcas - separadoras de sentido de trânsito,Colisão traseira com outro veículo em movimento,NÃO DEFINIDO,Inexistentes,NÃO DEFINIDO,NÃO DEFINIDO,Inexistentes,Betuminoso,Recta,Em patamar,Berma pavimentada,Em plena via,Direita
20191729523,2019:05:31 15:02:00,01/31/00,05/01/00,01/01/00,Guarda Nacional Republicana,50.0,50.0,Sexta-Feira  ,"41,712920","-8,687580",0,0,1,Estrada sem separador,Seco e limpo,Viana do Castelo,Viana do Castelo,"União das freguesias de Geraz do Lima (Santa Maria, Santa Leocádia e Moreira) e Deão",Moreira de Geraz do Lima-Viana do Castelo,Avenida de Santa Marinha,Arruamento,0,Em estado regular,,Bom tempo,Dois sentidos,Fora da intersecção,Dentro das localidades,Em pleno dia,Com marcas - separadoras de sentido de trânsito,Despiste simples,NÃO DEFINIDO,Inexistentes,NÃO DEFINIDO,NÃO DEFINIDO,Inexistentes,Betuminoso,Curva,Em patamar,Berma pavimentada,Na berma,Direita