Id. Acidente,Datahora,Dia,Mês,Hora,Entidades Fiscalizadoras,Velocidade local,Velocidade geral,Dia da Semana,Latitude GPS,Longitude GPS,Num. Mortos a 30 dias,Num. Feridos graves a 30 dias,Num. Feridos ligeiros a 30 dias,Características Tecnicas1,Cond Aderência,Distrito,Concelho,Freguesia,Pov. Proxima,Nome arruamento,Tipos Vias,Cod Via,Estado Conservação,Km,Factores Atmosféricos,Reg Circulação1,Intersecção Vias,Localizações,Luminosidade,Marca Via,Natureza,Obras Arte,Obstáculos,Sentidos,Sinais,Sinais Luminosos,Tipo Piso,Traçado 1,Traçado 2,Traçado 3,Traçado 4,Via Trânsito
2014839886,2014:05:24 20:05:00,01/24/00,05/01/00,01/01/00,Guarda Nacional Republicana,50.0,50.0,Sábado       ,"41,220502","-8,093057",0,0,2,Estrada sem separador,Seco e limpo,Porto,Felgueiras,Pinheiro,Pinheiro,Rua da Estrada,Arruamento,0,Em estado regular,,Bom tempo,Dois sentidos,Em entroncamento,Dentro das localidades,Em pleno dia,Com marcas - separadoras de sentido de trânsito,Colisão lateral com outro veículo em movimento,NÃO DEFINIDO,Inexistentes,NÃO DEFINIDO,Stop,Inexistentes,Betuminoso,Recta,Em patamar,Berma pavimentada,Em plena via,Direita
20191704737,2019:05:26 23:20:00,01/26/00,05/01/00,01/01/00,Polícia de Segurança Pública,50.0,50.0,Domingo      ,"41,178020","-8,689290",0,0,1,Estrada sem separador,Seco e limpo,Porto,Matosinhos,União das freguesias de Matosinhos e Leça da Palmeira,Matosinhos,Rua Brito Capelo                                                                                    ,Arruamento,0,Em bom estado,,Bom tempo,Dois sentidos,Fora da intersecção,Dentro das localidades,"Noite, com iluminação",Sem marcas rodoviárias ou pouco visíveis,Colisão com outras situações,NÃO DEFINIDO,Inexistentes,NÃO DEFINIDO,NÃO DEFINIDO,Inexistentes,Betuminoso,Recta,Em patamar,Sem berma ou impraticável,Em plena via,Direita
2012604976,2012:05:03 22:45:00,01/03/00,05/01/00,01/01/00,Polícia de Segurança Pública,50.0,50.0,Quinta-Feira ,"0,00","0,00",0,0,2,Estrada sem separador,Húmido,Aveiro,Santa Maria da Feira,Feira,Santa Maria da Feira, via de acesso para o hospital vindo da E.N 223 P/Nascente,Arruamento,0,Em estado regular,,Chuva,Dois sentidos,Fora da intersecção,Dentro das localidades,"Noite, sem iluminação",Com marcas - separadoras de sentido e de vias de trânsito,Despiste sem dispositivo de retenção,NÃO DEFINIDO,Inexistentes,NÃO DEFINIDO,Outros,Inexistentes,Betuminoso,Curva,Com inclinação,Sem berma ou impraticável,Em plena via,Direita
20181444896,2018:05:03 17:40:00,01/03/00,05/01/00,01/01/00,Guarda Nacional Republicana,50.0,50.0,Quinta-Feira ,"41,564862","-8,450165",0,0,1,Estrada sem separador,Seco e limpo,Braga,Braga,União das freguesias de Merelim (São Pedro) e Frossos,Frossos,,EN - Estrada Nacional,EN201,Em bom estado,"62,74",Bom tempo,Dois sentidos,Fora da intersecção,Dentro das localidades,Em pleno dia,Com marcas - separadoras de sentido de trânsito,Atropelamento de peões,NÃO DEFINIDO,Inexistentes,NÃO DEFINIDO,NÃO DEFINIDO,Inexistentes,Betuminoso,Recta,Em patamar,Berma pavimentada,Em plena via,Direita
20191733139,2019:05:11 11:10:00,01/11/00,05/01/00,01/01/00,Guarda Nacional Republicana,50.0,50.0,Sábado       ,"41,229830","-8,527521",0,0,1,Estrada sem separador,Seco e limpo,Porto,Valongo,Alfena,ALFENA,Rua de São Vicente 1681,Arruamento,0,Em bom estado,,Bom tempo,Dois sentidos,Fora da intersecção,Dentro das localidades,Em pleno dia,Sem marcas rodoviárias ou pouco visíveis,Colisão lateral com outro veículo em movimento,NÃO DEFINIDO,Inexistentes,NÃO DEFINIDO,NÃO DEFINIDO,Inexistentes,Betuminoso,Recta,Em patamar,Berma pavimentada,Em plena via,Direita
2015974889,2015:05:16 16:00:00,01/16/00,05/01/00,01/01/00,Guarda Nacional Republicana,90.0,90.0,Sábado       ,"37,405457","-7,422572",0,0,1,Estrada sem separador,Seco e limpo,Beja,Mertola,Mértola,Corte da Velha,,EN - Estrada Nacional,EN122,Em bom estado,44.9,Bom tempo,Dois sentidos,Fora da intersecção,Fora das localidades,Em pleno dia,Com marcas - separadoras de sentido de trânsito,Despiste simples,NÃO DEFINIDO,Inexistentes,NÃO DEFINIDO,Outros,Inexistentes,Betuminoso,Recta,Em patamar,Berma não pavimentada,Em plena via,Direita
20171230381,2017:05:09 16:27:00,01/09/00,05/01/00,01/01/00,Polícia de Segurança Pública,50.0,50.0,Terça-Feira  ,"38,754233","-9,123914",0,0,1,Estrada sem separador,Seco e limpo,Lisboa,Lisboa,Marvila,,Avenida Avelino Teixeira da Mota                                                                    ,Arruamento,0,Em estado regular,,Bom tempo,Dois sentidos,Fora da intersecção,Dentro das localidades,Em pleno dia,Com marcas - separadoras de sentido de trânsito,Colisão traseira com outro veículo em movimento,NÃO DEFINIDO,Inexistentes,NÃO DEFINIDO,Outros,Inexistentes,Betuminoso,Recta,Com inclinação,Sem berma ou impraticável,Em plena via,Direita
20191710440,2019:05:25 11:45:00,01/25/00,05/01/00,01/01/00,Polícia de Segurança Pública,50.0,50.0,Sábado       ,"0,0","0,0",0,0,1,Estrada sem separador,Seco e limpo,Leiria,Caldas da Rainha,"União das freguesias de Caldas da Rainha - Nossa Senhora do Pópulo, Coto e São Gregório",Caldas da Rainha,Rua Sebastião de Lima (Caldas da Rainha),Arruamento,0,Em estado regular,,Bom tempo,Sentido único,Em entroncamento,Dentro das localidades,Em pleno dia,Sem marcas rodoviárias ou pouco visíveis,Despiste sem dispositivo de retenção,NÃO DEFINIDO,Inexistentes,NÃO DEFINIDO,Outros,Inexistentes,Calçada,Curva,Em patamar,Berma pavimentada,Em plena via,Direita
20191731027,2019:05:25 09:40:00,01/25/00,05/01/00,01/01/00,Guarda Nacional Republicana,50.0,50.0,Sábado       ,"41,421200","-8,441432",0,0,1,Estrada sem separador,Seco e limpo,Braga,Vila Nova de Famalicao,Vermoim,VERMOIM,,EN - Estrada Nacional,EN206,Em estado regular,"29,2",Bom tempo,Dois sentidos,Fora da intersecção,Dentro das localidades,Em pleno dia,Com marcas - separadoras de sentido de trânsito,Colisão lateral com outro veículo em movimento,NÃO DEFINIDO,Inexistentes,NÃO DEFINIDO,NÃO DEFINIDO,Inexistentes,Betuminoso,Recta,Em patamar,Berma pavimentada,Em plena via,Direita
2014836637,2014:05:20 09:30:00,01/20/00,05/01/00,01/01/00,Guarda Nacional Republicana,50.0,50.0,Terça-Feira  ,"40,538533","-7,556221",0,0,1,Estrada sem separador,Molhado,Viseu,Castro Daire,Castro Daire,,,EN - Estrada Nacional,EN2,Em bom estado,136.65,Chuva,Dois sentidos,Em cruzamento,Dentro das localidades,Em pleno dia,Com marcas - separadoras de sentido de trânsito,Colisão choque em cadeia,NÃO DEFINIDO,Inexistentes,NÃO DEFINIDO,Outros,Inexistentes,Betuminoso,Recta,Em patamar,Berma pavimentada,Em plena via,Direita
2015933356,2015:05:09 10:15:00,01/09/00,05/01/00,01/01/00,Polícia de Segurança Pública,50.0,50.0,Sábado       ,"38,709541","-9,142514",0,0,1,Estrada sem separador,Seco e limpo,Lisboa,Lisboa,Misericórdia,Lisboa,Rua António Maria Cardoso                                                                           ,Arruamento,0,Em bom estado,,Bom tempo,Sentido único,Fora da intersecção,Dentro das localidades,Em pleno dia,Sem marcas rodoviárias ou pouco visíveis,Colisão traseira com outro veículo em movimento,NÃO DEFINIDO,Inexistentes,NÃO DEFINIDO,NÃO DEFINIDO,Inexistentes,Betuminoso,Recta,Em patamar,Berma pavimentada,Em plena via,Direita
20181410458,2018:05:16 14:45:00,01/16/00,05/01/00,01/01/00,Guarda Nacional Republicana,50.0,50.0,Quarta-Feira ,"41,276965","-8,280562",0,0,1,Estrada sem separador,Seco e limpo,Porto,Lousada,"União das freguesias de Silvares, Pias, Nogueira e Alvarenga",Lousada,Rua Palmira Meireles,Arruamento,0,Em estado regular,,Bom tempo,Dois sentidos,Em entroncamento,Dentro das localidades,Em pleno dia,Sem marcas rodoviárias ou pouco visíveis,Colisão lateral com outro veículo em movimento,NÃO DEFINIDO,Inexistentes,NÃO DEFINIDO,Stop,Inexistentes,Calçada,Curva,Em patamar,Berma pavimentada,Em plena via,Direita
20171266055,2017:05:15 18:15:00,01/15/00,05/01/00,01/01/00,Guarda Nacional Republicana,50.0,50.0,Segunda-Feira,"39,496384","-8,434596",0,0,1,Estrada sem separador,Seco e limpo,Leiria,Leiria,União das freguesias de Colmeias e Memória,Atalaia,Rua da Bidoeira,Arruamento,0,Em bom estado,,Bom tempo,Sentido único,Fora da intersecção,Dentro das localidades,Em pleno dia,Com marcas - separadoras de sentido de trânsito,Colisão traseira com outro veículo em movimento,NÃO DEFINIDO,Inexistentes,NÃO DEFINIDO,NÃO DEFINIDO,Inexistentes,Betuminoso,Recta,Em patamar,Sem berma ou impraticável,Em plena via,Direita
20171153759,2016:05:11 14:11:00,01/11/00,05/01/00,01/01/00,Guarda Nacional Republicana,50.0,90.0,Quarta-Feira ,"37,133031","-8,326226",0,0,2,Estrada sem separador,Seco e limpo,Faro,Portimao,Portimão,RASMALHO,,EN - Estrada Nacional,EN266,Em bom estado,"57,88",Bom tempo,Dois sentidos,Fora da intersecção,Dentro das localidades,Em pleno dia,Com marcas - separadoras de sentido de trânsito,Colisão com veiculo ou obstáculo na faixa de rodagem,NÃO DEFINIDO,Inexistentes,NÃO DEFINIDO,Outros,A funcionar normalmente,Betuminoso,Recta,Em patamar,Sem berma ou impraticável,Em plena via,Direita
2014839951,2014:05:18 06:10:00,01/18/00,05/01/00,01/01/00,Guarda Nacional Republicana,50.0,50.0,Domingo      ,"41,136398","-8,139666",0,0,1,Estrada sem separador,Seco e limpo,Porto,Penafiel,Recezinhos (São Martinho),,,EN - Estrada Nacional,EN15,Em bom estado,36.8,Bom tempo,Dois sentidos,Fora da intersecção,Dentro das localidades,Aurora ou crepúsculo,Com marcas - separadoras de sentido de trânsito,Despiste com capotamento,NÃO DEFINIDO,Inexistentes,NÃO DEFINIDO,NÃO DEFINIDO,Inexistentes,Betuminoso,Recta,Em patamar,Berma não pavimentada,Na berma,Direita
2015975500,2015:05:10 12:00:00,01/10/00,05/01/00,01/01/00,Guarda Nacional Republicana,90.0,90.0,Domingo      ,"41,154335","-7,153157",0,0,1,Estrada sem separador,Seco e limpo,Bragança,Carrazeda de Ansiaes,União das freguesias de Belver e Mogo de Malta,Mogo de Ansiães,,IC - Itinerário Complementar,IC5,Em bom estado,57.9,Bom tempo,Dois sentidos,Fora da intersecção,Fora das localidades,Em pleno dia,Com marcas - separadoras de sentido de trânsito,Despiste simples,NÃO DEFINIDO,Inexistentes,NÃO DEFINIDO,Outros,Desligada,Betuminoso,Recta,Em patamar,Berma pavimentada,Em plena via,Direita
2011500840,2010:05:11 17:45:00,01/11/00,05/01/00,01/01/00,Polícia de Segurança Pública,50.0,50.0,Terça-Feira  ,"0,00","0,00",0,1,1,Estrada sem separador,Seco e limpo,Portalegre,Portalegre,Sé,,Joinal                                                                                              ,Arruamento,0,Em bom estado,,Bom tempo,Dois sentidos,Fora da intersecção,Dentro das localidades,Em pleno dia,Com marcas - separadoras de sentido e de vias de trânsito,Colisão frontal,NÃO DEFINIDO,Inexistentes,NÃO DEFINIDO,NÃO DEFINIDO,Inexistentes,Betuminoso,Recta,Em patamar,Berma pavimentada,Em plena via,Direita
2012618638,2012:05:18 12:00:00,01/18/00,05/01/00,01/01/00,Guarda Nacional Republicana,90.0,90.0,Sexta-Feira  ,,,0,0,1,Estrada sem separador,Seco e limpo,Viseu,Mangualde,Freixiosa,FREIXIOSA,,EN - Estrada Nacional,EN16,Em estado regular,118.7,Bom tempo,Dois sentidos,Fora da intersecção,Fora das localidades,Em pleno dia,Com marcas - separadoras de sentido de trânsito,Despiste simples,NÃO DEFINIDO,Inexistentes,NÃO DEFINIDO,Outros,Inexistentes,Betuminoso,Recta,Em patamar,Berma não pavimentada,Na berma,Direita
2011539626,2011:05:19 14:50:00,01/19/00,05/01/00,01/01/00,Guarda Nacional Republicana,50.0,50.0,Quinta-Feira ,"39,39264","8,49297",0,0,1,Estrada sem separador,Seco e limpo,Leiria,Batalha,Batalha,BATALHA,LARGO GOA DAMAO E DIU,Arruamento,0,Em bom estado,,Bom tempo,Sentido único,Fora da intersecção,Dentro das localidades,Em pleno dia,Sem marcas rodoviárias ou pouco visíveis,Atropelamento de peões,NÃO DEFINIDO,Inexistentes,NÃO DEFINIDO,NÃO DEFINIDO,Inexistentes,Calçada,Recta,Com inclinação,Sem berma ou impraticável,Em plena via,Direita
20171265930,2017:05:12 18:20:00,01/12/00,05/01/00,01/01/00,Guarda Nacional Republicana,50.0,50.0,Sexta-Feira  ,"39,252800","-8,006716",0,1,1,Estrada sem separador,Seco e limpo,Portalegre,Ponte de Sor,"União das freguesias de Ponte de Sor, Tramaga e Vale de Açor",Ponte de Sor,Av. Manuel Pires Filipe,Arruamento,0,Em bom estado,,Bom tempo,Dois sentidos,Fora da intersecção,Dentro das localidades,Em pleno dia,Sem marcas rodoviárias ou pouco visíveis,Despiste simples,NÃO DEFINIDO,Inexistentes,NÃO DEFINIDO,NÃO DEFINIDO,Inexistentes,Betuminoso,Recta,Em patamar,Berma pavimentada,Em plena via,Direita
2012619098,2012:05:18 12:20:00,01/18/00,05/01/00,01/01/00,Guarda Nacional Republicana,50.0,90.0,Sexta-Feira  ,,,0,0,1,Estrada sem separador,Seco e limpo,Santarém,Torres Novas,Assentiz,ASSENTIZ,R DO FORNO,Arruamento,0,Em estado regular,,Bom tempo,Dois sentidos,Fora da intersecção,Dentro das localidades,Em pleno dia,Com marcas - separadoras de sentido de trânsito,Colisão lateral com outro veículo em movimento,NÃO DEFINIDO,Inexistentes,NÃO DEFINIDO,NÃO DEFINIDO,Inexistentes,Betuminoso,Curva,Com inclinação,Sem berma ou impraticável,Na berma,Direita
20171156866,2016:05:28 23:30:00,01/28/00,05/01/00,01/01/00,Guarda Nacional Republicana,50.0,50.0,Sábado       ,"37,062079","-8,222854",0,0,1,Estrada sem separador,Seco e limpo,Faro,Lagoa (Algarve),Porches,ALPORCHINHOS,,EM - Estrada Municipal,EM530-1,Em bom estado,,Bom tempo,Dois sentidos,Fora da intersecção,Fora das localidades,"Noite, com iluminação",Com marcas - separadoras de sentido de trânsito,Colisão lateral com outro veículo em movimento,NÃO DEFINIDO,Inexistentes,NÃO DEFINIDO,Stop,Inexistentes,Betuminoso,Recta,Com inclinação,Sem berma ou impraticável,Em plena via,Direita
20171264928,2017:05:10 12:50:00,01/10/00,05/01/00,01/01/00,Guarda Nacional Republicana,90.0,90.0,Quarta-Feira ,"40,199538","-8,699286",0,0,3,Estrada sem separador,Molhado,Coimbra,Montemor-o-Velho,União das freguesias de Montemor-o-Velho e Gatões,Gatões,,EN - Estrada Nacional,EN347,Em estado regular,"8,4",Chuva,Reversível,Fora da intersecção,Fora das localidades,Em pleno dia,Sem marcas rodoviárias ou pouco visíveis,Colisão frontal,NÃO DEFINIDO,Inexistentes,NÃO DEFINIDO,NÃO DEFINIDO,Inexistentes,Betuminoso,Recta,Em patamar,Sem berma ou impraticável,Em plena via,Esquerda
2014838127,2014:05:16 13:30:00,01/16/00,05/01/00,01/01/00,Guarda Nacional Republicana,50.0,50.0,Sexta-Feira  ,"38,384702","-9,105175",0,0,1,Estrada sem separador,Seco e limpo,Setúbal,Almada,Sobreda,Vale Figueira,Rua General Humberto Delgado,Arruamento,0,Em bom estado,,Bom tempo,Dois sentidos,Em entroncamento,Dentro das localidades,Em pleno dia,Com marcas - separadoras de sentido de trânsito,Colisão choque em cadeia,NÃO DEFINIDO,Inexistentes,NÃO DEFINIDO,NÃO DEFINIDO,Desligada,Betuminoso,Recta,Em patamar,Sem berma ou impraticável,Em plena via,Direita
2015976971,2015:05:27 16:30:00,01/27/00,05/01/00,01/01/00,Guarda Nacional Republicana,50.0,50.0,Quarta-Feira ,"41,204996","-8,440522",0,0,2,Estrada sem separador,Seco e limpo,Porto,Vila do Conde,Azurara,,Rua Estrada Nacional Nº 13,Arruamento,0,Em bom estado,,Bom tempo,Sentido único,Em rotunda,Dentro das localidades,Em pleno dia,Sem marcas rodoviárias ou pouco visíveis,Colisão com fuga,NÃO DEFINIDO,Inexistentes,NÃO DEFINIDO,Outros,Inexistentes,Betuminoso,Curva,Em patamar,Berma pavimentada,Em plena via,Direita
2014839424,2014:05:15 13:01:00,01/15/00,05/01/00,01/01/00,Guarda Nacional Republicana,90.0,90.0,Quinta-Feira ,"39,592783","-8,476357",0,0,2,Auto-estrada,Seco e limpo,Leiria,Pombal,Carriço,Carriço,,A  - Auto-Estrada,A17,Em bom estado,32.086,Bom tempo,Sentido único,Fora da intersecção,Fora das localidades,Em pleno dia,Com marcas - separadoras de sentido e de vias de trânsito,Despiste simples,NÃO DEFINIDO,Inexistentes,No sentido decrescente da quilometragem,NÃO DEFINIDO,Desligada,Betuminoso,Curva,Em patamar,Berma pavimentada,Em plena via,Central
20191676551,2019:05:13 17:47:00,01/13/00,05/01/00,01/01/00,Polícia de Segurança Pública,50.0,50.0,Segunda-Feira,"0,0","0,0",0,0,1,Outra via,Seco e limpo,Leiria,Nazare,Nazaré,Nazaré,Avenida Nogent Sur Marne                                                                            ,Arruamento,0,Em bom estado,,Bom tempo,Dois sentidos,Em rotunda,Dentro das localidades,Em pleno dia,Com marcas - separadoras de sentido e de vias de trânsito,Colisão traseira com outro veículo em movimento,NÃO DEFINIDO,Inexistentes,No sentido decrescente da quilometragem,Cedência de passagem,Inexistentes,Betuminoso,Curva,Com inclinação,Berma pavimentada,Em plena via,Direita
2010464709,2010:05:09 06:00:00,01/09/00,05/01/00,01/01/00,Guarda Nacional Republicana,120.0,120.0,Domingo      ,"40,934395","-8,602053",0,0,1,Auto-estrada,Molhado,Aveiro,Santa Maria da Feira,Paços de Brandão,PAÇOS BRANDÃO,,A  - Auto-Estrada,A29,Em bom estado,30.0,Chuva,Sentido único,Fora da intersecção,Fora das localidades,Em pleno dia,Com marcas - separadoras de sentido e de vias de trânsito,Despiste com capotamento,NÃO DEFINIDO,Inexistentes,No sentido crescente da quilometragem,NÃO DEFINIDO,Inexistentes,Betuminoso,Curva,Com inclinação,Berma pavimentada,Na berma,Direita
20181404499,2018:05:12 18:10:00,01/12/00,05/01/00,01/01/00,Guarda Nacional Republicana,50.0,50.0,Sábado       ,"41,565263","-8,354882",0,0,1,Estrada sem separador,Seco e limpo,Braga,Braga,União das freguesias de Este (São Pedro e São Mamede),Este (São Mamede),,VAR - Variante,0,Em bom estado,,Bom tempo,Dois sentidos,Fora da intersecção,Dentro das localidades,Em pleno dia,Com marcas - separadoras de sentido e de vias de trânsito,Despiste simples,NÃO DEFINIDO,Inexistentes,NÃO DEFINIDO,NÃO DEFINIDO,Inexistentes,Betuminoso,Curva,Em patamar,Sem berma ou impraticável,Em plena via,Esquerda
2013718070,2013:05:26 15:50:00,01/26/00,05/01/00,01/01/00,Guarda Nacional Republicana,50.0,50.0,Domingo      ,"39,178415","-8,437875",0,0,1,Estrada sem separador,Seco e limpo,Santarém,Santarem,Romeira,Romeira,,EN - Estrada Nacional,EN362,Em bom estado,48.4,Bom tempo,Dois sentidos,Fora da intersecção,Dentro das localidades,Em pleno dia,Com marcas - separadoras de sentido de trânsito,Colisão lateral com outro veículo em movimento,NÃO DEFINIDO,Inexistentes,NÃO DEFINIDO,NÃO DEFINIDO,Inexistentes,Betuminoso,Recta,Em patamar,Berma não pavimentada,Em plena via,Direita
20191686856,2019:05:25 07:20:00,01/25/00,05/01/00,01/01/00,Polícia de Segurança Pública,50.0,50.0,Sábado       ,"0,0","0,0",0,0,1,Outra via,Seco e limpo,Lisboa,Lisboa,Avenidas Novas,,Avenida Forças Armadas                                                                              ,Arruamento,0,Em estado regular,,Bom tempo,Sentido único,Em entroncamento,Dentro das localidades,Em pleno dia,Com marcas - separadoras de sentido e de vias de trânsito,Despiste com colisão com veículo imobil. ou obstáculo,NÃO DEFINIDO,Inexistentes,NÃO DEFINIDO,Outros,Inexistentes,Betuminoso,Recta,Com inclinação,Berma pavimentada,Em plena via,Direita
2013718085,2013:05:22 07:45:00,01/22/00,05/01/00,01/01/00,Guarda Nacional Republicana,90.0,90.0,Quarta-Feira ,"39,277427","-08,272734",0,0,1,Estrada sem separador,Seco e limpo,Santarém,Vila Nova da Barquinha,Moita do Norte,Cardal,,EN - Estrada Nacional,EN3,Em bom estado,84.9,Bom tempo,Dois sentidos,Em cruzamento,Fora das localidades,Em pleno dia,Com marcas - separadoras de sentido e de vias de trânsito,Colisão frontal,NÃO DEFINIDO,Inexistentes,NÃO DEFINIDO,Outros,A funcionar normalmente,Betuminoso,Recta,Em patamar,Berma pavimentada,Em plena via,Direita
2015930126,2015:05:04 09:30:00,01/04/00,05/01/00,01/01/00,Polícia de Segurança Pública,50.0,50.0,Segunda-Feira,"38,636601","-9,129221",0,0,2,Estrada sem separador,Molhado,Setúbal,Seixal,Amora,Cruz de Pau,Rua Infante Dom Augusto                                                                             ,Arruamento,0,Em mau estado,,Chuva,Dois sentidos,NÃO DEFINIDO,Dentro das localidades,Em pleno dia,Com marcas - separadoras de sentido de trânsito,Colisão frontal,NÃO DEFINIDO,Inexistentes,NÃO DEFINIDO,NÃO DEFINIDO,Inexistentes,Betuminoso,Curva,Com inclinação,Sem berma ou impraticável,Em plena via,Direita
2014795322,2014:05:06 16:00:00,01/06/00,05/01/00,01/01/00,Polícia de Segurança Pública,50.0,50.0,Terça-Feira  ,"38,709856","-9,143136",0,0,1,Estrada sem separador,Seco e limpo,Lisboa,Lisboa,Misericórdia,,Rua Alecrim,Arruamento,0,Em bom estado,,Bom tempo,Dois sentidos,Em entroncamento,Dentro das localidades,Em pleno dia,Com marcas - separadoras de sentido e de vias de trânsito,Colisão lateral com outro veículo em movimento,NÃO DEFINIDO,Inexistentes,NÃO DEFINIDO,Outros,Inexistentes,Betuminoso,Recta,Com inclinação,Berma pavimentada,Em plena via,Direita
2013688506,2013:05:30 11:30:00,01/30/00,05/01/00,01/01/00,Polícia de Segurança Pública,50.0,50.0,Quinta-Feira ,"0,00","0,00",0,0,1,Estrada sem separador,Seco e limpo,Lisboa,Oeiras,Cruz Quebrada-Dafundo,Dafundo,Rua Clemente Vicente                                                                                ,Arruamento,0,Em bom estado,,Bom tempo,Dois sentidos,Fora da intersecção,Dentro das localidades,Em pleno dia,Sem marcas rodoviárias ou pouco visíveis,Atropelamento de peões,NÃO DEFINIDO,Inexistentes,NÃO DEFINIDO,Outros,Inexistentes,Betuminoso,Recta,Em patamar,Berma pavimentada,Em plena via,Direita
2013718002,2013:05:13 21:30:00,01/13/00,05/01/00,01/01/00,Guarda Nacional Republicana,90.0,90.0,Segunda-Feira,"39,331464","-8,098237",0,0,2,Estrada sem separador,Seco e limpo,Santarém,Sardoal,Sardoal,Andreus,,EN - Estrada Nacional,EN358,Em bom estado,37.9,Bom tempo,Dois sentidos,Em cruzamento,Fora das localidades,"Noite, com iluminação",Com marcas - separadoras de sentido de trânsito,Colisão frontal,NÃO DEFINIDO,Inexistentes,NÃO DEFINIDO,Stop,Inexistentes,Betuminoso,Recta,Com inclinação,Berma pavimentada,Em plena via,Direita
20181446439,2018:05:29 14:00:00,01/29/00,05/01/00,01/01/00,Guarda Nacional Republicana,50.0,50.0,Terça-Feira  ,"41,259724","-8,606354",0,0,1,Estrada sem separador,Seco e limpo,Porto,Maia,Castêlo da Maia,Castelo da Maia,Via Diagonal,Arruamento,0,Em bom estado,,Bom tempo,Sentido único,Fora da intersecção,Dentro das localidades,Em pleno dia,Sem marcas rodoviárias ou pouco visíveis,Colisão frontal,NÃO DEFINIDO,Inexistentes,NÃO DEFINIDO,NÃO DEFINIDO,Inexistentes,Terra batida,Recta,Em patamar,Sem berma ou impraticável,Em plena via,Direita
2011540405,2011:05:07 12:30:00,01/07/00,05/01/00,01/01/00,Guarda Nacional Republicana,50.0,50.0,Sábado       ,,,0,0,1,Estrada sem separador,Seco e limpo,Viana do Castelo,Viana do Castelo,Barroselas,BARROSELAS,R DO OUTEIRO,Arruamento,0,Em bom estado,,Bom tempo,Dois sentidos,Em entroncamento,Dentro das localidades,Em pleno dia,Sem marcas rodoviárias ou pouco visíveis,Atropelamento de peões,NÃO DEFINIDO,Inexistentes,NÃO DEFINIDO,Stop,Inexistentes,Betuminoso,Recta,Em patamar,Berma pavimentada,Na berma,Direita
2012619718,2012:05:31 09:20:00,01/31/00,05/01/00,01/01/00,Guarda Nacional Republicana,50.0,50.0,Quinta-Feira ,,,0,0,1,Estrada sem separador,Seco e limpo,Porto,Marco de Canaveses,São Nicolau,SAO NICOLAU,AV BOMBEIROS VOLUNTARIOS MARCO,Arruamento,0,Em estado regular,,Bom tempo,Dois sentidos,Em cruzamento,Dentro das localidades,Em pleno dia,Com marcas - separadoras de sentido e de vias de trânsito,Colisão lateral com outro veículo em movimento,NÃO DEFINIDO,Inexistentes,NÃO DEFINIDO,Stop,Inexistentes,Betuminoso,Curva,Em patamar,Berma pavimentada,Em plena via,Direita
2010465447,2010:05:08 17:30:00,01/08/00,05/01/00,01/01/00,Guarda Nacional Republicana,50.0,90.0,Sábado       ,,,0,0,4,Estrada sem separador,Molhado,Porto,Penafiel,Eja,EJA,,EN - Estrada Nacional,EN106,Em estado regular,40.35,Chuva,Dois sentidos,Fora da intersecção,Fora das localidades,Em pleno dia,Sem marcas rodoviárias ou pouco visíveis,Colisão frontal,NÃO DEFINIDO,Inexistentes,NÃO DEFINIDO,Outros,Inexistentes,Betuminoso,Curva,Em patamar,Sem berma ou impraticável,Em plena via,Direita
20191675831,2019:05:05 15:35:00,01/05/00,05/01/00,01/01/00,Polícia de Segurança Pública,50.0,50.0,Domingo      ,"39,747877","-8,912439",0,0,1,Estrada sem separador,Seco e limpo,Leiria,Marinha Grande,Marinha Grande,Marinha Grande,Rua Leiria,Arruamento,0,Em bom estado,,Bom tempo,Dois sentidos,Fora da intersecção,Dentro das localidades,Em pleno dia,Com marcas - separadoras de sentido de trânsito,Colisão traseira com outro veículo em movimento,NÃO DEFINIDO,Inexistentes,NÃO DEFINIDO,NÃO DEFINIDO,Inexistentes,Betuminoso,Recta,Em patamar,Berma pavimentada,Em plena via,Direita
2011530655,2011:05:05 00:45:00,01/05/00,05/01/00,01/01/00,Polícia de Segurança Pública,50.0,50.0,Quinta-Feira ,"0,00","0,00",0,0,1,Estrada sem separador,Húmido,Porto,Porto,Campanhã,Porto,Travessa Nova Sintra                                                                                ,Arruamento,0,Em estado regular,,Bom tempo,Dois sentidos,Em entroncamento,Dentro das localidades,"Noite, com iluminação",Sem marcas rodoviárias ou pouco visíveis,Atropelamento de peões,NÃO DEFINIDO,Inexistentes,NÃO DEFINIDO,Outros,Inexistentes,Calçada,Recta,Com inclinação,Berma pavimentada,Em plena via,Direita
2015937003,2015:05:07 12:50:00,01/07/00,05/01/00,01/01/00,Polícia de Segurança Pública,50.0,50.0,Quinta-Feira ,"41,224985","-8,555070",0,0,1,Estrada sem separador,Seco e limpo,Porto,Valongo,Ermesinde,Ermesinde,Rua Elias Garcia                                                                                    ,Arruamento,0,Em estado regular,,Bom tempo,Dois sentidos,Em entroncamento,Dentro das localidades,Em pleno dia,Com marcas - separadoras de sentido de trânsito,Despiste com colisão com veículo imobil. ou obstáculo,NÃO DEFINIDO,Inexistentes,NÃO DEFINIDO,Outros,Inexistentes,Betuminoso,Recta,Em patamar,Berma pavimentada,Na berma,Direita
20191731301,2019:05:19 15:15:00,01/19/00,05/01/00,01/01/00,Guarda Nacional Republicana,50.0,50.0,Domingo      ,"41,174050","-8,269725",0,0,3,Estrada sem separador,Seco e limpo,Porto,Penafiel,Duas Igrejas,DUAS IGREJAS,Rua da Presa,Arruamento,0,Em estado regular,,Bom tempo,Dois sentidos,Fora da intersecção,Dentro das localidades,Em pleno dia,Sem marcas rodoviárias ou pouco visíveis,Colisão lateral com outro veículo em movimento,NÃO DEFINIDO,Inexistentes,NÃO DEFINIDO,Outros,Inexistentes,Betuminoso,Recta,Em patamar,Berma pavimentada,Em plena via,Direita