Id. Acidente,Datahora,Dia,Mês,Hora,Entidades Fiscalizadoras,Velocidade local,Velocidade geral,Dia da Semana,Latitude GPS,Longitude GPS,Num. Mortos a 30 dias,Num. Feridos graves a 30 dias,Num. Feridos ligeiros a 30 dias,Características Tecnicas1,Cond Aderência,Distrito,Concelho,Freguesia,Pov. Proxima,Nome arruamento,Tipos Vias,Cod Via,Estado Conservação,Km,Factores Atmosféricos,Reg Circulação1,Intersecção Vias,Localizações,Luminosidade,Marca Via,Natureza,Obras Arte,Obstáculos,Sentidos,Sinais,Sinais Luminosos,Tipo Piso,Traçado 1,Traçado 2,Traçado 3,Traçado 4,Via Trânsito
20171266614,2017:05:18 17:30:00,01/18/00,05/01/00,01/01/00,Guarda Nacional Republicana,90.0,90.0,Quinta-Feira ,"41,149729","-8,640823",0,0,1,Auto-estrada,Seco e limpo,Porto,Porto,União das freguesias de Lordelo do Ouro e Massarelos,Porto,,A  - Auto-Estrada,A1,Em bom estado,303,Bom tempo,Sentido único,Fora da intersecção,Fora das localidades,Em pleno dia,Com marcas - separadoras de sentido e de vias de trânsito,Colisão traseira com outro veículo em movimento,NÃO DEFINIDO,Inexistentes,No sentido decrescente da quilometragem,NÃO DEFINIDO,Inexistentes,Betuminoso,Recta,Em patamar,Berma pavimentada,Em plena via,Direita
20171230552,2017:05:10 14:38:00,01/10/00,05/01/00,01/01/00,Polícia de Segurança Pública,50.0,50.0,Quarta-Feira ,"40,677103","-7,925278",0,0,2,Outra via,Molhado,Viseu,Viseu,Abraveses,Viseu,,EN - Estrada Nacional,EN16,Em bom estado,,Chuva,Dois sentidos,Fora da intersecção,Dentro das localidades,Em pleno dia,Com marcas - separadoras de sentido e de vias de trânsito,Atropelamento de peões,NÃO DEFINIDO,Inexistentes,No sentido crescente da quilometragem,Passagem de peões,Inexistentes,Betuminoso,Curva,Com inclinação,Berma pavimentada,Em plena via,Esquerda
2014809366,2014:05:15 16:15:00,01/15/00,05/01/00,01/01/00,Polícia de Segurança Pública,50.0,50.0,Quinta-Feira ,"38,707528","-9,311663",0,0,1,Estrada sem separador,Seco e limpo,Lisboa,Oeiras,"União das freguesias de Oeiras e São Julião da Barra, Paço de Arcos e Caxias",Oeiras,Estrada da Ribeira da Laje,Arruamento,0,Em estado regular,,Bom tempo,Dois sentidos,Fora da intersecção,Dentro das localidades,Em pleno dia,Com marcas - separadoras de sentido de trânsito,Despiste com colisão com veículo imobil. ou obstáculo,NÃO DEFINIDO,Inexistentes,NÃO DEFINIDO,NÃO DEFINIDO,Inexistentes,Betuminoso,Recta,Com inclinação,Sem berma ou impraticável,Em plena via,Direita
2010464945,2010:05:19 07:00:00,01/19/00,05/01/00,01/01/00,Guarda Nacional Republicana,50.0,50.0,Quarta-Feira ,"41,414586","-8,651708",0,0,1,Estrada sem separador,Seco e limpo,Porto,Povoa de Varzim,Balazar,BALAZAR,,EN - Estrada Nacional,EN206,Em bom estado,10.3,Bom tempo,Dois sentidos,Fora da intersecção,Dentro das localidades,Em pleno dia,Com marcas - separadoras de sentido de trânsito,Colisão traseira com outro veículo em movimento,NÃO DEFINIDO,Inexistentes,NÃO DEFINIDO,Outros,Inexistentes,Betuminoso,Recta,Em patamar,Berma pavimentada,Em plena via,Direita
20161057729,2016:05:01 20:20:00,01/01/00,05/01/00,01/01/00,Polícia de Segurança Pública,50.0,50.0,Domingo      ,"38,831728","-9,135989",0,0,2,Estrada sem separador,Seco e limpo,Lisboa,Loures,"União das freguesias de Camarate, Unhos e Apelação",Unhos,Rua Caminho do Povo                                                                                 ,Arruamento,0,Em bom estado,,Bom tempo,Dois sentidos,Fora da intersecção,Dentro das localidades,"Noite, sem iluminação",Sem marcas rodoviárias ou pouco visíveis,Colisão frontal,NÃO DEFINIDO,Inexistentes,NÃO DEFINIDO,Outros,Inexistentes,Betuminoso,Curva,Com inclinação,Sem berma ou impraticável,Em plena via,Direita
20191728835,2019:05:31 13:15:00,01/31/00,05/01/00,01/01/00,Guarda Nacional Republicana,50.0,50.0,Sexta-Feira  ,"38,799370","-9,385579",0,0,1,Estrada sem separador,Seco e limpo,Lisboa,Sintra,"União das freguesias de Sintra (Santa Maria e São Miguel, São Martinho e São Pedro de Penaferrim)",Sintra,Avenida Doutor Miguel Bombarda,Arruamento,0,Em estado regular,,Bom tempo,Dois sentidos,Fora da intersecção,Dentro das localidades,Em pleno dia,Sem marcas rodoviárias ou pouco visíveis,Atropelamento de peões,NÃO DEFINIDO,Inexistentes,NÃO DEFINIDO,NÃO DEFINIDO,Inexistentes,Betuminoso,Recta,Com inclinação,Berma pavimentada,Em plena via,Direita
2011501873,2010:05:12 16:50:00,01/12/00,05/01/00,01/01/00,Polícia de Segurança Pública,50.0,50.0,Quarta-Feira ,"0,00","0,00",0,0,1,Outra via,NÃO DEFINIDO,Lisboa,Sintra,Massamá,,Avenida Doutor Fernando Ricardo Ribeiro Leitão                                                      ,Arruamento,0,NÃO DEFINIDO,,NÃO DEFINIDO,Dois sentidos,NÃO DEFINIDO,Dentro das localidades,NÃO DEFINIDO,NÃO DEFINIDO,Colisão traseira com outro veículo em movimento,NÃO DEFINIDO,NÃO DEFINIDO,NÃO DEFINIDO,NÃO DEFINIDO,NÃO DEFINIDO,NÃO DEFINIDO,NÃO DEFINIDO,NÃO DEFINIDO,NÃO DEFINIDO,NÃO DEFINIDO,Direita
20191735846,2019:05:01 12:45:00,01/01/00,05/01/00,01/01/00,Guarda Nacional Republicana,90.0,90.0,Quarta-Feira ,"37,343030","-8,420758",0,0,1,Estrada sem separador,Seco e limpo,Faro,Monchique,Monchique,São Marcos da Serra,,EN - Estrada Nacional,EN267,Em estado regular,"0,1",Bom tempo,Dois sentidos,Fora da intersecção,Fora das localidades,Em pleno dia,Sem marcas rodoviárias ou pouco visíveis,Despiste simples,NÃO DEFINIDO,Inexistentes,NÃO DEFINIDO,NÃO DEFINIDO,Inexistentes,Betuminoso,Curva,Em patamar,Berma não pavimentada,Em plena via,Direita
2012620128,2012:05:02 17:30:00,01/02/00,05/01/00,01/01/00,Guarda Nacional Republicana,50.0,50.0,Quarta-Feira ,"38,518180","-8,969300",0,0,1,Estrada sem separador,Seco e limpo,Setúbal,Setubal,Setúbal (Nossa Senhora da Anunciada,ALDEIA GRANDE,,EN - Estrada Nacional,EN10,Em estado regular,31.3,Bom tempo,Dois sentidos,Fora da intersecção,Dentro das localidades,Em pleno dia,Com marcas - separadoras de sentido de trânsito,Colisão com veiculo ou obstáculo na faixa de rodagem,NÃO DEFINIDO,Inexistentes,NÃO DEFINIDO,Outros,A funcionar normalmente,Betuminoso,Recta,Em patamar,Berma não pavimentada,Em plena via,Direita
20171154365,2016:05:14 15:00:00,01/14/00,05/01/00,01/01/00,Guarda Nacional Republicana,50.0,50.0,Sábado       ,"40,200474","-7,508391",0,0,3,Estrada sem separador,Com gravilha ou areia,Coimbra,Oliveira do Hospital,União das freguesias de Oliveira do Hospital e São Paio de Gramaços,LAGOS DA BEIRA,,EM - Estrada Municipal,EM503,Em estado regular,,Bom tempo,Dois sentidos,Fora da intersecção,Dentro das localidades,Em pleno dia,Sem marcas rodoviárias ou pouco visíveis,Despiste simples,NÃO DEFINIDO,Inexistentes,NÃO DEFINIDO,NÃO DEFINIDO,Inexistentes,Betuminoso,Curva,Com inclinação,Berma não pavimentada,Na berma,Direita
20171152319,2016:05:05 19:50:00,01/05/00,05/01/00,01/01/00,Guarda Nacional Republicana,50.0,50.0,Quinta-Feira ,"41,104090","-7,458756",0,0,2,Estrada sem separador,Molhado,Vila Real,Peso da Regua,Vilarinho dos Freires,VILARINHO DOS FREIRES,,EM - Estrada Municipal,EM313,Em bom estado,"57,41",Chuva,Dois sentidos,Fora da intersecção,Fora das localidades,Em pleno dia,Sem marcas rodoviárias ou pouco visíveis,Colisão frontal,NÃO DEFINIDO,Inexistentes,NÃO DEFINIDO,NÃO DEFINIDO,Inexistentes,Betuminoso,Curva,Com inclinação,Sem berma ou impraticável,Em plena via,Direita
20191731134,2019:05:22 11:00:00,01/22/00,05/01/00,01/01/00,Guarda Nacional Republicana,50.0,50.0,Quarta-Feira ,"38,938530","-9,026832",0,0,2,Estrada sem separador,Seco e limpo,Lisboa,Vila Franca de Xira,"União das freguesias de Alhandra, São João dos Montes e Calhandriz",São João dos Montes,,EN - Estrada Nacional,EN248-3,Em estado regular,0,Bom tempo,Dois sentidos,Fora da intersecção,Dentro das localidades,Em pleno dia,Com marcas - separadoras de sentido de trânsito,Despiste simples,NÃO DEFINIDO,Inexistentes,NÃO DEFINIDO,NÃO DEFINIDO,Desligada,Betuminoso,Recta,Em patamar,Berma não pavimentada,Na berma,Direita
20161058661,2016:05:07 17:05:00,01/07/00,05/01/00,01/01/00,Polícia de Segurança Pública,50.0,50.0,Sábado       ,"41,146968","-8,589941",0,0,1,Estrada sem separador,Molhado,Porto,Porto,Bonfim,Porto,Rua Heroísmo                                                                                        ,Arruamento,0,Em bom estado,,Chuva,Dois sentidos,Fora da intersecção,Dentro das localidades,Em pleno dia,Com marcas - separadoras de sentido de trânsito,Atropelamento de peões,NÃO DEFINIDO,Inexistentes,NÃO DEFINIDO,Outros,Inexistentes,Calçada,Recta,Em patamar,Sem berma ou impraticável,Em plena via,Direita
2014836885,2014:05:01 22:00:00,01/01/00,05/01/00,01/01/00,Guarda Nacional Republicana,50.0,50.0,Quinta-Feira ,"40,439384","-8,224635",0,0,1,Estrada sem separador,Seco e limpo,Aveiro,Sever do Vouga,Sever do Vouga,Sever do Vouga,Rua do Ribeiro,Arruamento,0,Em estado regular,,Bom tempo,Dois sentidos,Em entroncamento,Dentro das localidades,"Noite, com iluminação",Com marcas - separadoras de sentido de trânsito,Colisão frontal,NÃO DEFINIDO,Inexistentes,NÃO DEFINIDO,Outros,Inexistentes,Betuminoso,Recta,Com inclinação,Berma pavimentada,Em plena via,Direita
2013732280,2013:05:24 08:25:00,01/24/00,05/01/00,01/01/00,Guarda Nacional Republicana,50.0,50.0,Sexta-Feira  ,"40,493618","-7,321076",0,0,2,Estrada sem separador,Seco e limpo,Guarda,Aguiar da Beira,Aguiar da Beira,,Avª Combatentes do Ultramar,Arruamento,0,Em estado regular,,Bom tempo,Dois sentidos,Em entroncamento,Dentro das localidades,Em pleno dia,Com marcas - separadoras de sentido de trânsito,Colisão traseira com outro veículo em movimento,NÃO DEFINIDO,Inexistentes,NÃO DEFINIDO,NÃO DEFINIDO,Inexistentes,Betuminoso,Recta,Em patamar,Berma não pavimentada,Em plena via,Direita
2015974422,2015:05:18 17:00:00,01/18/00,05/01/00,01/01/00,Guarda Nacional Republicana,50.0,50.0,Segunda-Feira,"41,243020","-8,722618",0,1,1,Estrada sem separador,Seco e limpo,Porto,Matosinhos,Lavra,,Rua Custódio Ramos,Arruamento,0,Em estado regular,,Vento Forte,Sentido único,Em cruzamento,Dentro das localidades,Em pleno dia,Sem marcas rodoviárias ou pouco visíveis,Colisão lateral com outro veículo em movimento,NÃO DEFINIDO,Inexistentes,NÃO DEFINIDO,Stop,Inexistentes,Betuminoso,Recta,Em patamar,Sem berma ou impraticável,Em plena via,Direita
2014797406,2014:05:11 12:00:00,01/11/00,05/01/00,01/01/00,Polícia de Segurança Pública,50.0,50.0,Domingo      ,"40,851567","-8,600618",0,0,1,Estrada sem separador,Seco e limpo,Aveiro,Ovar,"União das freguesias de Ovar, São João, Arada e São Vicente de Pereira Jusã",,Rua Monsenhor Miguel Oliveira                                                                       ,Arruamento,0,Em bom estado,,Bom tempo,Dois sentidos,Fora da intersecção,Dentro das localidades,Em pleno dia,Com marcas - separadoras de sentido e de vias de trânsito,Colisão com fuga,NÃO DEFINIDO,Inexistentes,NÃO DEFINIDO,Outros,Inexistentes,Betuminoso,Recta,Em patamar,Berma não pavimentada,Em plena via,Direita
2013731597,2013:05:03 21:30:00,01/03/00,05/01/00,01/01/00,Guarda Nacional Republicana,90.0,90.0,Sexta-Feira  ,"37,112770","-8,262220",0,0,1,Estrada sem separador,Seco e limpo,Faro,Silves,Silves,Silves,,EN - Estrada Nacional,EN124,Em bom estado,18.6,Bom tempo,Sentido único,Em cruzamento,Dentro das localidades,"Noite, com iluminação",Sem marcas rodoviárias ou pouco visíveis,Despiste simples,NÃO DEFINIDO,Inexistentes,NÃO DEFINIDO,Stop,A funcionar normalmente,Betuminoso,Recta,Em patamar,Berma pavimentada,Em plena via,Direita
2015974778,2015:05:04 12:20:00,01/04/00,05/01/00,01/01/00,Guarda Nacional Republicana,50.0,50.0,Segunda-Feira,"40,593925","-8,348784",0,0,1,Estrada sem separador,Molhado,Aveiro,Santa Maria da Feira,Mozelos,,Rua de Meladas,Arruamento,0,Em bom estado,,Chuva,Dois sentidos,Em entroncamento,Dentro das localidades,Em pleno dia,Com marcas - separadoras de sentido de trânsito,Colisão choque em cadeia,NÃO DEFINIDO,Inexistentes,NÃO DEFINIDO,Passagem de peões,Inexistentes,Betuminoso,Recta,Em patamar,Berma pavimentada,Em plena via,Direita
20171156058,2016:05:24 10:30:00,01/24/00,05/01/00,01/01/00,Guarda Nacional Republicana,120.0,120.0,Terça-Feira  ,"38,531475","-9,034623",0,0,17,Auto-estrada,Húmido,Lisboa,Vila Franca de Xira,União das freguesias de Alverca do Ribatejo e Sobralinho,ALVERCA,,A  - Auto-Estrada,A1,Em bom estado,"12,9",Chuva,Sentido único,Fora da intersecção,Fora das localidades,Em pleno dia,Com marcas - separadoras de sentido e de vias de trânsito,Colisão traseira com outro veículo em movimento,NÃO DEFINIDO,Inexistentes,No sentido crescente da quilometragem,NÃO DEFINIDO,Inexistentes,Betuminoso,Recta,Em patamar,Berma pavimentada,Em plena via,Central
2014837232,2014:05:31 10:35:00,01/31/00,05/01/00,01/01/00,Guarda Nacional Republicana,50.0,50.0,Sábado       ,"41,224437","-8,597878",0,0,7,Estrada sem separador,Seco e limpo,Braga,Celorico de Basto,Arnóia,Celorico de Basto,,EN - Estrada Nacional,EN210,Em bom estado,20.62,Bom tempo,Dois sentidos,Em cruzamento,Dentro das localidades,Em pleno dia,Com marcas - separadoras de sentido e de vias de trânsito,Colisão frontal,NÃO DEFINIDO,Inexistentes,NÃO DEFINIDO,NÃO DEFINIDO,Inexistentes,Betuminoso,Recta,Em patamar,Sem berma ou impraticável,Em plena via,Direita
2014798669,2014:05:13 17:45:00,01/13/00,05/01/00,01/01/00,Polícia de Segurança Pública,50.0,50.0,Terça-Feira  ,"40,609830","-8,648313",0,0,1,Estrada sem separador,Seco e limpo,Aveiro,Aveiro,Aradas,,Largo Acácio Rosa                                                                                   ,Arruamento,0,Em bom estado,,Bom tempo,Dois sentidos,Fora da intersecção,Dentro das localidades,Em pleno dia,Com marcas - separadoras de sentido de trânsito,Colisão com outras situações,NÃO DEFINIDO,Inexistentes,NÃO DEFINIDO,NÃO DEFINIDO,Inexistentes,Betuminoso,Recta,Em patamar,Berma pavimentada,Em plena via,Direita
2011542216,2011:05:23 16:10:00,01/23/00,05/01/00,01/01/00,Guarda Nacional Republicana,50.0,50.0,Segunda-Feira,"41,094767","-8,551029",0,0,1,Estrada sem separador,Seco e limpo,Porto,Vila Nova de Gaia,Avintes,AVINTES,,EN - Estrada Nacional,EN222,Em bom estado,5.9,Bom tempo,Dois sentidos,Em rotunda,Dentro das localidades,Em pleno dia,Com marcas - separadoras de sentido e de vias de trânsito,Colisão lateral com outro veículo em movimento,NÃO DEFINIDO,Inexistentes,NÃO DEFINIDO,Cedência de passagem,Inexistentes,Betuminoso,Curva,Em patamar,Berma pavimentada,Em plena via,Direita
20161065745,2016:05:24 23:55:00,01/24/00,05/01/00,01/01/00,Polícia de Segurança Pública,50.0,50.0,Terça-Feira  ,"41,357525","-8,755495",0,0,3,Estrada sem separador,Molhado,Porto,Vila do Conde,Vila do Conde,Vila do Conde,Avenida Brasil                                                                                      ,Arruamento,0,Em bom estado,,Bom tempo,Dois sentidos,Fora da intersecção,Dentro das localidades,"Noite, com iluminação",Com marcas - separadoras de sentido de trânsito,Colisão frontal,NÃO DEFINIDO,Inexistentes,NÃO DEFINIDO,NÃO DEFINIDO,Inexistentes,Betuminoso,Recta,Em patamar,Berma pavimentada,Em plena via,Direita
2013717802,2013:05:27 10:45:00,01/27/00,05/01/00,01/01/00,Guarda Nacional Republicana,50.0,50.0,Segunda-Feira,"38,767241","-09,351265",0,0,1,Estrada sem separador,Seco e limpo,Lisboa,Sintra,Sintra (São Pedro de Penaferrim),Abrunheira,Avª dos Combatentes do Ultramar,Arruamento,0,Em estado regular,,Bom tempo,Dois sentidos,Fora da intersecção,Dentro das localidades,Em pleno dia,Com marcas - separadoras de sentido de trânsito,Despiste simples,NÃO DEFINIDO,Inexistentes,NÃO DEFINIDO,NÃO DEFINIDO,Inexistentes,Betuminoso,Recta,Em patamar,Berma não pavimentada,Na berma,Direita
20191732431,2019:05:18 14:50:00,01/18/00,05/01/00,01/01/00,Guarda Nacional Republicana,50.0,50.0,Sábado       ,"41,332580","-8,230308",0,0,1,Estrada sem separador,Seco e limpo,Porto,Felgueiras,"União das freguesias de Pedreira, Rande e Sernande",ACIDENTE DE VIAÇÃO COM FERIDOS,Rua Doutor Aurélio Teixeira de Sousa 551,Arruamento,0,Em bom estado,,Bom tempo,Dois sentidos,Fora da intersecção,Dentro das localidades,Em pleno dia,Com marcas - separadoras de sentido de trânsito,Colisão com veiculo ou obstáculo na faixa de rodagem,NÃO DEFINIDO,Inexistentes,NÃO DEFINIDO,Outros,Inexistentes,Betuminoso,Recta,Em patamar,Berma pavimentada,Em plena via,Direita
20181407897,2018:05:09 18:10:00,01/09/00,05/01/00,01/01/00,Guarda Nacional Republicana,50.0,50.0,Quarta-Feira ,"39,875290","-8,838570",0,0,1,Estrada sem separador,Seco e limpo,Leiria,Leiria,União das freguesias de Monte Redondo e Carreira,Monte Redondo,,EN - Estrada Nacional,EN109,Em bom estado,"153,5",Bom tempo,Dois sentidos,Em entroncamento,Dentro das localidades,Em pleno dia,Com marcas - separadoras de sentido de trânsito,Colisão lateral com outro veículo em movimento,NÃO DEFINIDO,Inexistentes,NÃO DEFINIDO,Stop,Inexistentes,Betuminoso,Recta,Em patamar,Berma não pavimentada,Em plena via,Direita
20191731383,2019:05:19 11:30:00,01/19/00,05/01/00,01/01/00,Guarda Nacional Republicana,50.0,50.0,Domingo      ,"39,502990","-8,095172",0,0,1,Estrada sem separador,Seco e limpo,Santarém,Abrantes,Mouriscas,Mouriscas,Rua do Vimieiro,Arruamento,0,Em bom estado,,Bom tempo,Dois sentidos,Fora da intersecção,Dentro das localidades,Em pleno dia,Sem marcas rodoviárias ou pouco visíveis,Despiste simples,NÃO DEFINIDO,Inexistentes,NÃO DEFINIDO,NÃO DEFINIDO,Inexistentes,Betuminoso,Recta,Com inclinação,Sem berma ou impraticável,Em plena via,Direita
2011531223,2011:05:14 09:00:00,01/14/00,05/01/00,01/01/00,Polícia de Segurança Pública,50.0,50.0,Sábado       ,"0,00","0,00",0,0,2,Estrada sem separador,Húmido,Coimbra,Coimbra,Coimbra (Santa Cruz),,Rua de Aveiro                                                                                       ,Arruamento,0,Em estado regular,,Bom tempo,Dois sentidos,Fora da intersecção,Dentro das localidades,Em pleno dia,Com marcas - separadoras de sentido e de vias de trânsito,Despiste com colisão com veículo imobil. ou obstáculo,NÃO DEFINIDO,Inexistentes,NÃO DEFINIDO,Outros,Inexistentes,Betuminoso,Curva,Com inclinação,Berma pavimentada,No passeio,Direita
20171265356,2017:05:11 22:15:00,01/11/00,05/01/00,01/01/00,Guarda Nacional Republicana,50.0,50.0,Quinta-Feira ,"41,331779","-8,213777",0,0,1,Estrada sem separador,Húmido,Braga,Braga,Espinho,Braga,Av.ª de S. Martinho,Arruamento,0,Em estado regular,,Chuva,Dois sentidos,Fora da intersecção,Dentro das localidades,"Noite, sem iluminação",Com marcas - separadoras de sentido e de vias de trânsito,Colisão lateral com outro veículo em movimento,NÃO DEFINIDO,Inexistentes,NÃO DEFINIDO,NÃO DEFINIDO,Inexistentes,Betuminoso,Curva,Em patamar,Sem berma ou impraticável,Em plena via,Direita
2014839544,2014:05:25 20:50:00,01/25/00,05/01/00,01/01/00,Guarda Nacional Republicana,50.0,50.0,Domingo      ,"41,069779","-8,323783",0,0,1,Estrada sem separador,Seco e limpo,Porto,Gondomar,"União das freguesias de Gondomar (São Cosme), Valbom e Jovim",Jovim,,EN - Estrada Nacional,EN108,Em estado regular,5.15,Bom tempo,Dois sentidos,Fora da intersecção,Dentro das localidades,"Noite, com iluminação",Sem marcas rodoviárias ou pouco visíveis,Despiste simples,NÃO DEFINIDO,Inexistentes,NÃO DEFINIDO,Outros,Inexistentes,Betuminoso,Curva,Em patamar,Sem berma ou impraticável,Em plena via,Direita
20191730427,2019:05:27 13:40:00,01/27/00,05/01/00,01/01/00,Guarda Nacional Republicana,50.0,50.0,Segunda-Feira,"38,584590","-9,022827",0,0,1,Estrada sem separador,Seco e limpo,Setúbal,Barreiro,Santo António da Charneca,Penalva,,EM - Estrada Municipal,0,Em bom estado,"0,1",Bom tempo,Dois sentidos,Fora da intersecção,Dentro das localidades,Em pleno dia,Com marcas - separadoras de sentido de trânsito,Despiste com capotamento,Viaduto/Ponte,Inexistentes,NÃO DEFINIDO,NÃO DEFINIDO,Inexistentes,Betuminoso,Recta,Com inclinação,Sem berma ou impraticável,Em plena via,Direita
20191674770,2019:05:02 16:55:00,01/02/00,05/01/00,01/01/00,Polícia de Segurança Pública,50.0,50.0,Quinta-Feira ,"0,0","0,0",0,0,1,Estrada sem separador,Seco e limpo,Coimbra,Coimbra,Santo António dos Olivais,Coimbra,,EN - Estrada Nacional,EN17,Em estado regular,68,Bom tempo,Dois sentidos,Fora da intersecção,Dentro das localidades,Em pleno dia,Com marcas - separadoras de sentido de trânsito,Colisão traseira com outro veículo em movimento,NÃO DEFINIDO,Inexistentes,NÃO DEFINIDO,Outros,Inexistentes,Betuminoso,Recta,Em patamar,Berma pavimentada,Em plena via,Direita
20181407302,2018:05:14 21:15:00,01/14/00,05/01/00,01/01/00,Guarda Nacional Republicana,90.0,90.0,Segunda-Feira,"37,502562","-8,507680",0,0,1,Estrada sem separador,Seco e limpo,Beja,Odemira,Sabóia,Saboia,,EM - Estrada Municipal,0,Em estado regular,,Bom tempo,Dois sentidos,Fora da intersecção,Fora das localidades,"Noite, sem iluminação",Com marcas - separadoras de sentido de trânsito,Despiste com capotamento,NÃO DEFINIDO,Inexistentes,NÃO DEFINIDO,NÃO DEFINIDO,Inexistentes,Betuminoso,Curva,Em patamar,Berma pavimentada,Na berma,Direita
20171194277,2016:05:06 16:00:00,01/06/00,05/01/00,01/01/00,Guarda Nacional Republicana,50.0,50.0,Sexta-Feira  ,"41,053388","-8,323840",0,0,1,Estrada sem separador,Húmido,Porto,Vila Nova de Gaia,Avintes,AVINTES,,EN - Estrada Nacional,EN222,Em bom estado,"6,5",Chuva,Sentido único,Fora da intersecção,Dentro das localidades,Em pleno dia,Com marcas - separadoras de sentido de trânsito,Colisão frontal,NÃO DEFINIDO,Inexistentes,NÃO DEFINIDO,NÃO DEFINIDO,Inexistentes,Betuminoso,Recta,Em patamar,Berma pavimentada,Em plena via,Direita
2014800782,2014:05:20 08:00:00,01/20/00,05/01/00,01/01/00,Polícia de Segurança Pública,50.0,50.0,Terça-Feira  ,"38,867415","-7,168293",0,0,1,Estrada sem separador,Seco e limpo,Portalegre,Elvas,"Assunção, Ajuda, Salvador e Santo Ildefonso",,Estrada da Carvalha,Arruamento,0,Em estado regular,,Bom tempo,Dois sentidos,Em entroncamento,Dentro das localidades,Em pleno dia,Com marcas - separadoras de sentido de trânsito,Atropelamento com fuga,NÃO DEFINIDO,Inexistentes,NÃO DEFINIDO,Stop,Inexistentes,Betuminoso,Curva,Em patamar,Berma pavimentada,Em plena via,Direita
2014837229,2014:05:23 15:45:00,01/23/00,05/01/00,01/01/00,Guarda Nacional Republicana,50.0,90.0,Sexta-Feira  ,"41,312306","-8,595656",0,0,1,Estrada sem separador,Seco e limpo,Braga,Cabeceiras de Basto,"União das freguesias de Refojos de Basto, Outeiro e Painzela",,Rua Doutor Francisco Botelho,Arruamento,0,Em estado regular,,Bom tempo,Dois sentidos,Em entroncamento,Dentro das localidades,Em pleno dia,Com marcas - separadoras de sentido de trânsito,Colisão frontal,NÃO DEFINIDO,Inexistentes,NÃO DEFINIDO,Stop,Inexistentes,Betuminoso,Curva,Com inclinação,Berma pavimentada,Em plena via,Direita
20171233377,2017:05:10 12:10:00,01/10/00,05/01/00,01/01/00,Polícia de Segurança Pública,50.0,50.0,Quarta-Feira ,"38,785812","-9,325891",0,0,1,Estrada sem separador,Molhado,Lisboa,Sintra,Rio de Mouro,Rio de Mouro,Avenida Infante Dom Henrique                                                                        ,Arruamento,0,Em estado regular,,Chuva,Dois sentidos,Fora da intersecção,Dentro das localidades,Em pleno dia,Com marcas - separadoras de sentido e de vias de trânsito,Atropelamento de peões,NÃO DEFINIDO,Inexistentes,NÃO DEFINIDO,Passagem de peões,Inexistentes,Betão de cimento,Recta,Em patamar,Sem berma ou impraticável,Em plena via,Direita
20181397841,2018:05:06 22:45:00,01/06/00,05/01/00,01/01/00,Guarda Nacional Republicana,90.0,90.0,Domingo      ,"39,034091","-9,013904",0,0,1,Estrada sem separador,Seco e limpo,Lisboa,Alenquer,União das freguesias de Alenquer (Santo Estêvão e Triana),Alenquer,,EN - Estrada Nacional,EN9,Em estado regular,"94,6",Bom tempo,Dois sentidos,Fora da intersecção,Fora das localidades,"Noite, sem iluminação",Sem marcas rodoviárias ou pouco visíveis,Despiste simples,NÃO DEFINIDO,Inexistentes,NÃO DEFINIDO,NÃO DEFINIDO,Inexistentes,Betuminoso,Curva,Com inclinação,Sem berma ou impraticável,Em plena via,Direita
20181405737,2018:05:15 15:20:00,01/15/00,05/01/00,01/01/00,Guarda Nacional Republicana,50.0,50.0,Terça-Feira  ,"39,482311","-8,986687",0,0,1,Estrada sem separador,Seco e limpo,Leiria,Alcobaca,Turquel,Turquel,,EN - Estrada Nacional,EN8-6,Em estado regular,"9,825",Bom tempo,Dois sentidos,Em entroncamento,Dentro das localidades,Em pleno dia,Com marcas - separadoras de sentido de trânsito,Colisão lateral com outro veículo em movimento,NÃO DEFINIDO,Inexistentes,NÃO DEFINIDO,NÃO DEFINIDO,Inexistentes,Betuminoso,Curva,Com inclinação,Berma não pavimentada,Em plena via,Direita
2015974465,2015:05:28 11:15:00,01/28/00,05/01/00,01/01/00,Guarda Nacional Republicana,50.0,50.0,Quinta-Feira ,"41,302827","-8,457985",0,1,1,Estrada sem separador,Seco e limpo,Braga,Esposende,União das freguesias de Apúlia e Fão,Fão,,EN - Estrada Nacional,EN13,Em bom estado,40.62,Bom tempo,Dois sentidos,Fora da intersecção,Dentro das localidades,Em pleno dia,Com marcas - separadoras de sentido de trânsito,Colisão com outras situações,NÃO DEFINIDO,Inexistentes,NÃO DEFINIDO,Outros,Inexistentes,Betuminoso,Recta,Em patamar,Berma não pavimentada,Em plena via,Direita
20181416450,2018:05:23 15:25:00,01/23/00,05/01/00,01/01/00,Polícia de Segurança Pública,50.0,50.0,Quarta-Feira ,"38,530532","-8,869283",0,0,1,Estrada sem separador,Seco e limpo,Setúbal,Setubal,Setúbal (São Sebastião),Setúbal,Rua Camarinha                                                                                       ,Arruamento,0,Em estado regular,,Bom tempo,Dois sentidos,Fora da intersecção,Dentro das localidades,Em pleno dia,Sem marcas rodoviárias ou pouco visíveis,Colisão lateral com outro veículo em movimento,NÃO DEFINIDO,Inexistentes,NÃO DEFINIDO,NÃO DEFINIDO,Inexistentes,Betuminoso,Recta,Em patamar,Berma pavimentada,Em plena via,Direita