Id. Acidente,Datahora,Dia,Mês,Hora,Entidades Fiscalizadoras,Velocidade local,Velocidade geral,Dia da Semana,Latitude GPS,Longitude GPS,Num. Mortos a 30 dias,Num. Feridos graves a 30 dias,Num. Feridos ligeiros a 30 dias,Características Tecnicas1,Cond Aderência,Distrito,Concelho,Freguesia,Pov. Proxima,Nome arruamento,Tipos Vias,Cod Via,Estado Conservação,Km,Factores Atmosféricos,Reg Circulação1,Intersecção Vias,Localizações,Luminosidade,Marca Via,Natureza,Obras Arte,Obstáculos,Sentidos,Sinais,Sinais Luminosos,Tipo Piso,Traçado 1,Traçado 2,Traçado 3,Traçado 4,Via Trânsito
2015941643,2015:05:31 09:30:00,01/31/00,05/01/00,01/01/00,Polícia de Segurança Pública,50.0,50.0,Domingo      ,"38,791928","-9,104295",0,0,1,Estrada sem separador,Seco e limpo,Lisboa,Vila Franca de Xira,Vila Franca de Xira,Vila Franca de Xira,,EN - Estrada Nacional,EN10,Em bom estado,123.1,Bom tempo,Dois sentidos,Fora da intersecção,Dentro das localidades,Em pleno dia,Com marcas - separadoras de sentido de trânsito,Colisão lateral com outro veículo em movimento,NÃO DEFINIDO,Inexistentes,NÃO DEFINIDO,NÃO DEFINIDO,Inexistentes,Betuminoso,Recta,Em patamar,Berma pavimentada,Em plena via,Direita
2012612420,2012:05:28 17:40:00,01/28/00,05/01/00,01/01/00,Polícia de Segurança Pública,50.0,50.0,Segunda-Feira,"0,00","0,00",0,0,1,Estrada sem separador,Seco e limpo,Lisboa,Vila Franca de Xira,Vila Franca de Xira,Alto da Agruela,,EN - Estrada Nacional,EN248,Em bom estado,,Bom tempo,Dois sentidos,Em entroncamento,Dentro das localidades,Em pleno dia,Com marcas - separadoras de sentido e de vias de trânsito,Colisão com outras situações,NÃO DEFINIDO,Inexistentes,NÃO DEFINIDO,Stop,Inexistentes,Betuminoso,Curva,Com inclinação,Berma pavimentada,Em plena via,Direita
2015976986,2015:05:24 09:45:00,01/24/00,05/01/00,01/01/00,Guarda Nacional Republicana,50.0,50.0,Domingo      ,"41,135001","-8,214619",0,0,1,Estrada sem separador,Seco e limpo,Porto,Paredes,Cristelo,,Rua Doutor Bernardo Pacheco Pereira Leite,Arruamento,0,Em bom estado,,Bom tempo,Dois sentidos,Em cruzamento,Dentro das localidades,Em pleno dia,Com marcas - separadoras de sentido de trânsito,Colisão lateral com outro veículo em movimento,NÃO DEFINIDO,Inexistentes,NÃO DEFINIDO,Outros,Desligada,Betuminoso,Recta,Em patamar,Berma pavimentada,Em plena via,Direita
20181417759,2018:05:18 07:20:00,01/18/00,05/01/00,01/01/00,Polícia de Segurança Pública,80.0,80.0,Sexta-Feira  ,38.7477183,-9.2658048,0,0,1,Outra via,Seco e limpo,Lisboa,Sintra,União das freguesias de Queluz e Belas,,,IC - Itinerário Complementar,IC19,Em bom estado,"5,9",Bom tempo,Sentido único,Fora da intersecção,Dentro das localidades,Em pleno dia,Com marcas - separadoras de sentido e de vias de trânsito,Colisão traseira com outro veículo em movimento,NÃO DEFINIDO,Inexistentes,No sentido decrescente da quilometragem,Outros,Inexistentes,Betuminoso,Recta,Em patamar,Berma pavimentada,Em plena via,Esquerda
20191730437,2019:05:25 16:00:00,01/25/00,05/01/00,01/01/00,Guarda Nacional Republicana,50.0,50.0,Sábado       ,"40,890880","-8,447887",0,0,1,Estrada sem separador,Seco e limpo,Aveiro,Oliveira de Azemeis,União das freguesias de Nogueira do Cravo e Pindelo,Nogueira do Cravo,Rua da Fontinha 177,Arruamento,0,Em bom estado,,Bom tempo,Sentido único,Fora da intersecção,Dentro das localidades,Em pleno dia,Sem marcas rodoviárias ou pouco visíveis,Colisão com veiculo ou obstáculo na faixa de rodagem,NÃO DEFINIDO,Inexistentes,NÃO DEFINIDO,NÃO DEFINIDO,Inexistentes,Betuminoso,Recta,Em patamar,Sem berma ou impraticável,Em plena via,Direita
2011539784,2011:05:16 07:10:00,01/16/00,05/01/00,01/01/00,Guarda Nacional Republicana,120.0,120.0,Segunda-Feira,"38,002894","-8,274074",0,0,3,Auto-estrada,Seco e limpo,Beja,Ferreira do Alentejo,Canhestros,CANHESTROS,,A  - Auto-Estrada,A2,Em bom estado,138.5,Bom tempo,Sentido único,Fora da intersecção,Fora das localidades,Em pleno dia,Com marcas - separadoras de sentido e de vias de trânsito,Despiste com capotamento,NÃO DEFINIDO,Inexistentes,No sentido decrescente da quilometragem,Outros,Inexistentes,Betuminoso,Recta,Em patamar,Berma pavimentada,Em plena via,Direita
20181411989,2018:05:20 11:00:00,01/20/00,05/01/00,01/01/00,Polícia de Segurança Pública,50.0,50.0,Domingo      ,"0,0","0,0",0,0,1,Estrada sem separador,Seco e limpo,Lisboa,Loures,"União das freguesias de Camarate, Unhos e Apelação",Camarate,Acesso ao Bairro da Car,Arruamento,0,Em bom estado,,Bom tempo,Dois sentidos,Em rotunda,Dentro das localidades,Em pleno dia,Sem marcas rodoviárias ou pouco visíveis,Colisão frontal,NÃO DEFINIDO,Inexistentes,NÃO DEFINIDO,Outros,Inexistentes,Betuminoso,Curva,Com inclinação,Berma pavimentada,Em plena via,Direita
2015976579,2015:05:05 13:40:00,01/05/00,05/01/00,01/01/00,Guarda Nacional Republicana,60.0,120.0,Terça-Feira  ,"41,102754","-8,359046",0,0,1,Outra via,Molhado,Porto,Porto,Paranhos,Paranhos,,Outra Via,0,Em bom estado,,Chuva,Sentido único,Em ramo de ligação - saída,Fora das localidades,Em pleno dia,Com marcas - separadoras de sentido e de vias de trânsito,Despiste simples,NÃO DEFINIDO,Inexistentes,No sentido decrescente da quilometragem,NÃO DEFINIDO,Inexistentes,Betuminoso,Curva,Com inclinação,Berma pavimentada,Em plena via,Direita
20181397142,2018:05:03 19:20:00,01/03/00,05/01/00,01/01/00,Polícia de Segurança Pública,50.0,50.0,Quinta-Feira ,40.5973991,-8.6348393,0,0,1,Estrada sem separador,Seco e limpo,Aveiro,Aveiro,Aradas,Aveiro,Travessa da rua do cabeço,Arruamento,0,Em estado regular,,Bom tempo,Dois sentidos,Fora da intersecção,Dentro das localidades,Em pleno dia,Sem marcas rodoviárias ou pouco visíveis,Colisão lateral com outro veículo em movimento,NÃO DEFINIDO,Inexistentes,NÃO DEFINIDO,Outros,Inexistentes,Betuminoso,Curva,Com inclinação,Berma não pavimentada,Em plena via,Direita
2012617565,2012:05:21 07:57:00,01/21/00,05/01/00,01/01/00,Guarda Nacional Republicana,90.0,90.0,Segunda-Feira,,,1,0,0,Estrada sem separador,Seco e limpo,Vila Real,Vila Real,Vale de Nogueiras,TOJAIS,LUGAR DO CHAO DO PINO,Arruamento,0,Em estado regular,,Bom tempo,Dois sentidos,Fora da intersecção,Dentro das localidades,"Noite, sem iluminação",Sem marcas rodoviárias ou pouco visíveis,Despiste com capotamento,Passagem estreita,Inexistentes,NÃO DEFINIDO,NÃO DEFINIDO,Inexistentes,Terra batida,Recta,Em patamar,Sem berma ou impraticável,Em plena via,Direita
20181397997,2018:05:05 15:50:00,01/05/00,05/01/00,01/01/00,Guarda Nacional Republicana,50.0,50.0,Sábado       ,"37,801099","-8,667727",0,0,1,Estrada sem separador,Com gravilha ou areia,Setúbal,Santiago do Cacem,Alvalade,foros do corujo,,ER - Estrada Regional,0,Em estado regular,,Bom tempo,Dois sentidos,Fora da intersecção,Dentro das localidades,Em pleno dia,Sem marcas rodoviárias ou pouco visíveis,Despiste simples,NÃO DEFINIDO,Inexistentes,NÃO DEFINIDO,NÃO DEFINIDO,Inexistentes,Betuminoso,Recta,Em patamar,Sem berma ou impraticável,Na berma,Direita
20171156025,2016:05:24 12:20:00,01/24/00,05/01/00,01/01/00,Guarda Nacional Republicana,50.0,50.0,Terça-Feira  ,"41,132776","-8,086450",0,0,1,Estrada sem separador,Húmido,Porto,Marco de Canaveses,Livração,LIVRAÇÃO,rua nossa senhora da livraçao,Arruamento,0,Em bom estado,,Chuva,Dois sentidos,Fora da intersecção,Dentro das localidades,Em pleno dia,Sem marcas rodoviárias ou pouco visíveis,Colisão frontal,NÃO DEFINIDO,Inexistentes,NÃO DEFINIDO,NÃO DEFINIDO,Inexistentes,Betuminoso,Curva,Em patamar,Sem berma ou impraticável,Em plena via,Direita
2011531222,2011:05:13 16:15:00,01/13/00,05/01/00,01/01/00,Polícia de Segurança Pública,50.0,50.0,Sexta-Feira  ,"0,00","0,00",0,0,1,Estrada sem separador,Húmido,Vila Real,Vila Real,Vila Real (Nossa Senhora da Conceiç,,Largo da Estação-Vila Real,Arruamento,0,Em estado regular,,NÃO DEFINIDO,Dois sentidos,NÃO DEFINIDO,Dentro das localidades,Em pleno dia,Com marcas - separadoras de sentido e de vias de trânsito,Atropelamento de peões,NÃO DEFINIDO,Inexistentes,NÃO DEFINIDO,NÃO DEFINIDO,Inexistentes,Calçada,Recta,Em patamar,Berma pavimentada,Em plena via,Direita
20171156603,2016:05:27 15:00:00,01/27/00,05/01/00,01/01/00,Guarda Nacional Republicana,50.0,50.0,Sexta-Feira  ,"39,163208","-8,460883",0,0,1,Estrada sem separador,Molhado,Santarém,Santarem,Moçarria,PICARÓ,,EM - Estrada Municipal,0,Em estado regular,,Chuva,Dois sentidos,Fora da intersecção,Fora das localidades,Em pleno dia,Sem marcas rodoviárias ou pouco visíveis,Despiste simples,NÃO DEFINIDO,Inexistentes,NÃO DEFINIDO,NÃO DEFINIDO,Inexistentes,Betuminoso,Curva,Em patamar,Sem berma ou impraticável,Em plena via,Direita
20171154594,2016:05:16 01:00:00,01/16/00,05/01/00,01/01/00,Guarda Nacional Republicana,50.0,50.0,Segunda-Feira,"40,170238","-8,272412",1,0,0,Estrada sem separador,Seco e limpo,Aveiro,Mealhada,Barcouço,ADÕES,,EM - Estrada Municipal,EM617,Em bom estado,,Bom tempo,Dois sentidos,Fora da intersecção,Dentro das localidades,"Noite, sem iluminação",Com marcas - separadoras de sentido de trânsito,Despiste simples,NÃO DEFINIDO,Inexistentes,NÃO DEFINIDO,NÃO DEFINIDO,Inexistentes,Betuminoso,Curva,Com inclinação,Berma pavimentada,Na berma,Direita
20181403434,2018:05:06 19:50:00,01/06/00,05/01/00,01/01/00,Polícia de Segurança Pública,50.0,50.0,Domingo      ,"0,0","0,0",0,0,2,Estrada sem separador,Seco e limpo,Coimbra,Coimbra,"União das freguesias de Coimbra (Sé Nova, Santa Cruz, Almedina e São Bartolomeu)",Coimbra,Avenida Fernão Magalhães,Arruamento,0,Em bom estado,,Bom tempo,Sentido único,Em rotunda,Dentro das localidades,"Noite, com iluminação",Com marcas - separadoras de sentido e de vias de trânsito,Atropelamento de peões,NÃO DEFINIDO,Inexistentes,NÃO DEFINIDO,NÃO DEFINIDO,Inexistentes,Betuminoso,Recta,Em patamar,Berma pavimentada,Em plena via,Direita
2010452180,2010:05:05 17:00:00,01/05/00,05/01/00,01/01/00,Polícia de Segurança Pública,50.0,50.0,Quarta-Feira ,"0,00","0,00",0,0,1,Estrada sem separador,Seco e limpo,Leiria,Caldas da Rainha,Caldas da Rainha (N Senhora do Pópu,,Rua António Lopes Junior                                                                            ,Arruamento,0,Em bom estado,,Bom tempo,Sentido único,Fora da intersecção,Dentro das localidades,Em pleno dia,Sem marcas rodoviárias ou pouco visíveis,Atropelamento de peões,NÃO DEFINIDO,Inexistentes,NÃO DEFINIDO,Cedência de passagem,Inexistentes,Betuminoso,Recta,Em Lomba,Berma pavimentada,Em plena via,Direita
20181396125,2018:05:03 21:30:00,01/03/00,05/01/00,01/01/00,Polícia de Segurança Pública,50.0,50.0,Quinta-Feira ,"0,0","0,0",0,0,1,Estrada sem separador,Seco e limpo,Porto,Gondomar,Rio Tinto,Rio Tinto,Rua Nossa Senhora Amparo                                                                            ,Arruamento,0,Em estado regular,,Bom tempo,Dois sentidos,Fora da intersecção,Dentro das localidades,"Noite, com iluminação",Sem marcas rodoviárias ou pouco visíveis,Atropelamento de peões,NÃO DEFINIDO,Inexistentes,NÃO DEFINIDO,Passagem de peões,Inexistentes,Betuminoso,Recta,Em patamar,Berma pavimentada,Em plena via,Direita
20181446181,2018:05:27 15:30:00,01/27/00,05/01/00,01/01/00,Guarda Nacional Republicana,90.0,90.0,Domingo      ,"37,241828","-8,281250",0,0,1,Estrada sem separador,Seco e limpo,Faro,Silves,São Bartolomeu de Messines,São Bartolomeu de Messines,,EN - Estrada Nacional,EN264,Em bom estado,"93,2",Bom tempo,Dois sentidos,Fora da intersecção,Fora das localidades,Em pleno dia,Com marcas - separadoras de sentido de trânsito,Despiste com capotamento,NÃO DEFINIDO,Inexistentes,NÃO DEFINIDO,NÃO DEFINIDO,Inexistentes,Betuminoso,Recta,Com inclinação,Berma pavimentada,Na berma,Direita
2010463515,2010:05:08 16:50:00,01/08/00,05/01/00,01/01/00,Guarda Nacional Republicana,50.0,50.0,Sábado       ,,,0,0,1,Estrada sem separador,Molhado,Braga,Barcelos,Lijó,LIJÓ,R COMBATENTES DO ULTRAMAR,Arruamento,0,Em bom estado,,Chuva,Dois sentidos,Fora da intersecção,Dentro das localidades,Em pleno dia,Sem marcas rodoviárias ou pouco visíveis,Colisão traseira com outro veículo em movimento,NÃO DEFINIDO,Inexistentes,NÃO DEFINIDO,Outros,Inexistentes,Betuminoso,Curva,Em patamar,Berma pavimentada,Em plena via,Direita
2015933027,2015:05:09 20:00:00,01/09/00,05/01/00,01/01/00,Polícia de Segurança Pública,50.0,50.0,Sábado       ,"41,125310","-8,618100",0,0,3,Estrada sem separador,Seco e limpo,Porto,Vila Nova de Gaia,União das freguesias de Santa Marinha e São Pedro da Afurada,,Rua José Mariani                                                                                    ,Arruamento,0,Em estado regular,,Bom tempo,Dois sentidos,Fora da intersecção,Dentro das localidades,Em pleno dia,Sem marcas rodoviárias ou pouco visíveis,Colisão lateral com outro veículo em movimento,NÃO DEFINIDO,Inexistentes,NÃO DEFINIDO,Stop,Inexistentes,Betuminoso,Recta,Com inclinação,Sem berma ou impraticável,Em plena via,Direita
20171268099,2017:05:26 11:30:00,01/26/00,05/01/00,01/01/00,Guarda Nacional Republicana,50.0,50.0,Sexta-Feira  ,"40,222557","-8,779472",0,0,1,Estrada sem separador,Seco e limpo,Coimbra,Figueira da Foz,Moinhos da Gândara,Ribas,Rua 5 de Janeiro,Arruamento,0,Em bom estado,,Bom tempo,Dois sentidos,Fora da intersecção,Dentro das localidades,Em pleno dia,Com marcas - separadoras de sentido de trânsito,Despiste simples,NÃO DEFINIDO,Inexistentes,NÃO DEFINIDO,NÃO DEFINIDO,Inexistentes,Betuminoso,Curva,Em patamar,Sem berma ou impraticável,Na berma,Direita
2014836908,2014:05:14 16:10:00,01/14/00,05/01/00,01/01/00,Guarda Nacional Republicana,50.0,50.0,Quarta-Feira ,"40,512631","-8,291645",0,0,2,Estrada sem separador,Seco e limpo,Aveiro,Oliveira de Azemeis,"União das freguesias de Oliveira de Azeméis, Santiago de Riba-Ul, Ul, Macinhata da Seixa e Madail",Santiago Riba Ul,Rua Tomás Figueiredo Araújo Costa,Arruamento,0,Em estado regular,,Bom tempo,Dois sentidos,Em entroncamento,Dentro das localidades,Em pleno dia,Sem marcas rodoviárias ou pouco visíveis,Colisão choque em cadeia,NÃO DEFINIDO,Inexistentes,NÃO DEFINIDO,NÃO DEFINIDO,Inexistentes,Betuminoso,Recta,Com inclinação,Sem berma ou impraticável,Em plena via,Direita
20171230529,2017:05:10 13:30:00,01/10/00,05/01/00,01/01/00,Polícia de Segurança Pública,70.0,70.0,Quarta-Feira ,"41,451129","-8,305358",0,0,1,Outra via,Com água acumulada na faixa de rodagem,Braga,Guimaraes,Fermentões,Circular Urbana de Guimarães,,EN - Estrada Nacional,EN101,Em bom estado,,Chuva,Sentido único,Fora da intersecção,Dentro das localidades,Em pleno dia,Com marcas - separadoras de sentido e de vias de trânsito,Despiste com dispositivo de retenção,NÃO DEFINIDO,Inexistentes,No sentido crescente da quilometragem,Outros,Inexistentes,Betuminoso,Recta,Com inclinação,Berma pavimentada,Em plena via,Direita
2014836373,2014:05:19 11:00:00,01/19/00,05/01/00,01/01/00,Guarda Nacional Republicana,90.0,90.0,Segunda-Feira,"39,266949","-7,528590",0,1,0,Estrada sem separador,Seco e limpo,Portalegre,Gaviao,União das freguesias de Gavião e Atalaia,Atalaia,,EN - Estrada Nacional,EN118,Em bom estado,166.1,Bom tempo,Dois sentidos,Fora da intersecção,Fora das localidades,Em pleno dia,Com marcas - separadoras de sentido de trânsito,Colisão lateral com outro veículo em movimento,NÃO DEFINIDO,Inexistentes,NÃO DEFINIDO,Outros,Inexistentes,Betuminoso,Recta,Em patamar,Berma pavimentada,Em plena via,Direita
2015933022,2015:05:13 13:45:00,01/13/00,05/01/00,01/01/00,Polícia de Segurança Pública,50.0,50.0,Quarta-Feira ,"37,137418","-8,535750",0,0,1,Estrada sem separador,Seco e limpo,Faro,Portimao,Portimão,,Rua Judice Biker,Arruamento,0,Em bom estado,,Bom tempo,Sentido único,Fora da intersecção,Dentro das localidades,Em pleno dia,Sem marcas rodoviárias ou pouco visíveis,Atropelamento de peões,NÃO DEFINIDO,Inexistentes,NÃO DEFINIDO,Passagem de peões,Inexistentes,Betuminoso,Recta,Em patamar,Sem berma ou impraticável,Em plena via,Direita
2012618531,2012:05:21 15:45:00,01/21/00,05/01/00,01/01/00,Guarda Nacional Republicana,70.0,90.0,Segunda-Feira,"40,02212","8,50965",0,0,1,Estrada sem separador,Seco e limpo,Coimbra,Figueira da Foz,Marinha das Ondas,SAMPAIO,,IC - Itinerário Complementar,IC1,Em estado regular,132.6,Bom tempo,Dois sentidos,Em cruzamento,Fora das localidades,Em pleno dia,Com marcas - separadoras de sentido de trânsito,Despiste simples,NÃO DEFINIDO,Inexistentes,NÃO DEFINIDO,Outros,Inexistentes,Betuminoso,Recta,Em patamar,Berma pavimentada,Em plena via,Esquerda
2010464547,2010:05:24 00:10:00,01/24/00,05/01/00,01/01/00,Guarda Nacional Republicana,50.0,90.0,Segunda-Feira,,,0,0,1,Estrada sem separador,Seco e limpo,Viseu,Moimenta da Beira,Arcozelos,ARCOZELO DA TORRE,AV NOVA,Arruamento,0,Em bom estado,,Bom tempo,Dois sentidos,Fora da intersecção,Dentro das localidades,"Noite, com iluminação",Sem marcas rodoviárias ou pouco visíveis,Despiste simples,NÃO DEFINIDO,Inexistentes,NÃO DEFINIDO,Outros,Inexistentes,Betuminoso,Recta,Com inclinação,Berma não pavimentada,Em plena via,Direita
20171152725,2016:05:07 10:50:00,01/07/00,05/01/00,01/01/00,Guarda Nacional Republicana,50.0,80.0,Sábado       ,"39,193532","-8,737754",0,0,1,Estrada sem separador,Molhado,Santarém,Santarem,Vale de Santarém,VALE DE SANTARÉM,,EN - Estrada Nacional,EN3,Em estado regular,"30,2",Chuva,Dois sentidos,Fora da intersecção,Dentro das localidades,Em pleno dia,Sem marcas rodoviárias ou pouco visíveis,Colisão frontal,NÃO DEFINIDO,Inexistentes,NÃO DEFINIDO,Outros,Inexistentes,Betuminoso,Curva,Com inclinação,Sem berma ou impraticável,Em plena via,Direita
2011542682,2011:05:20 22:10:00,01/20/00,05/01/00,01/01/00,Guarda Nacional Republicana,50.0,50.0,Sexta-Feira  ,"41,073332","-8,223522",0,0,1,Estrada sem separador,Seco e limpo,Viseu,Cinfaes,Souselo,STA EULALIA,,EN - Estrada Nacional,EN222,Em bom estado,62.6,Bom tempo,Dois sentidos,Em entroncamento,Dentro das localidades,"Noite, com iluminação",Sem marcas rodoviárias ou pouco visíveis,Colisão lateral com outro veículo em movimento,NÃO DEFINIDO,Inexistentes,NÃO DEFINIDO,Outros,Inexistentes,Betuminoso,Recta,Com inclinação,Sem berma ou impraticável,Em plena via,Direita
2013732129,2013:05:13 10:00:00,01/13/00,05/01/00,01/01/00,Guarda Nacional Republicana,50.0,50.0,Segunda-Feira,"41,374055","-8,203755",0,0,1,Estrada sem separador,Seco e limpo,Braga,Amares,Figueiredo,Amares (rotunda do Autarca),,Outra Via,0,Em bom estado,,Bom tempo,Sentido único,Em rotunda,Dentro das localidades,Em pleno dia,Com marcas - separadoras de sentido de trânsito,Despiste simples,NÃO DEFINIDO,Inexistentes,NÃO DEFINIDO,NÃO DEFINIDO,Inexistentes,Betuminoso,Curva,Em patamar,Berma não pavimentada,Em plena via,Direita
20181424018,2018:05:30 13:25:00,01/30/00,05/01/00,01/01/00,Guarda Nacional Republicana,50.0,50.0,Quarta-Feira ,"41,437517","-8,412486",0,0,1,Estrada sem separador,Seco e limpo,Braga,Vila Nova de Famalicao,Joane,Joane,Avenida 25 de Abril,Arruamento,0,Em estado regular,,Bom tempo,Dois sentidos,Fora da intersecção,Dentro das localidades,Em pleno dia,Com marcas - separadoras de sentido de trânsito,Atropelamento de peões,NÃO DEFINIDO,Inexistentes,NÃO DEFINIDO,NÃO DEFINIDO,Inexistentes,Betuminoso,Recta,Em patamar,Berma pavimentada,Em plena via,Direita
20171152605,2016:05:06 19:05:00,01/06/00,05/01/00,01/01/00,Guarda Nacional Republicana,120.0,120.0,Sexta-Feira  ,"40,220159","-8,295907",0,0,1,Auto-estrada,Molhado,Coimbra,Cantanhede,Murtede,MURTEDE,,A  - Auto-Estrada,A1,Em bom estado,"208,575",Chuva,Sentido único,Fora da intersecção,Fora das localidades,Em pleno dia,Com marcas - separadoras de sentido e de vias de trânsito,Colisão traseira com outro veículo em movimento,NÃO DEFINIDO,Inexistentes,No sentido crescente da quilometragem,Outros,Inexistentes,Betuminoso,Recta,Em patamar,Berma pavimentada,Em plena via,Direita
20171157120,2016:05:30 17:30:00,01/30/00,05/01/00,01/01/00,Guarda Nacional Republicana,50.0,50.0,Segunda-Feira,"41,068405","-8,577075",0,0,1,Estrada sem separador,Seco e limpo,Porto,Vila Nova de Gaia,União das freguesias de Pedroso e Seixezelo,Pedroso,Avenida Doutor Moreira Sousa,Arruamento,0,Em bom estado,,Bom tempo,Sentido único,Fora da intersecção,Dentro das localidades,Em pleno dia,Sem marcas rodoviárias ou pouco visíveis,Colisão frontal,NÃO DEFINIDO,Inexistentes,NÃO DEFINIDO,NÃO DEFINIDO,Inexistentes,Betuminoso,Recta,Em patamar,Sem berma ou impraticável,Em plena via,Direita
2013731721,2013:05:06 17:20:00,01/06/00,05/01/00,01/01/00,Guarda Nacional Republicana,90.0,90.0,Segunda-Feira,"41,020871","-7,497972",0,0,1,Estrada sem separador,Molhado,Viseu,Lamego,Lalim,Lalim (recta do Pinhal da Guerra),,EM - Estrada Municipal,EM521,Em bom estado,,Chuva,Dois sentidos,Fora da intersecção,Fora das localidades,Em pleno dia,Sem marcas rodoviárias ou pouco visíveis,Despiste simples,NÃO DEFINIDO,Inexistentes,NÃO DEFINIDO,Outros,Inexistentes,Betuminoso,Recta,Com inclinação,Berma não pavimentada,Na berma,Direita
2013732341,2013:05:16 17:30:00,01/16/00,05/01/00,01/01/00,Guarda Nacional Republicana,50.0,50.0,Quinta-Feira ,"38,396190","-9,114352",0,0,1,Outra via,Molhado,Setúbal,Almada,Sobreda,Sobreda,,IC - Itinerário Complementar,IC20,Em bom estado,3.0,Chuva,Sentido único,Em ramo de ligação - saída,Fora das localidades,Em pleno dia,Com marcas - separadoras de sentido de trânsito,Despiste simples,NÃO DEFINIDO,Inexistentes,No sentido decrescente da quilometragem,Outros,Inexistentes,Betuminoso,Curva,Com inclinação,Sem berma ou impraticável,Em plena via,Direita
20171230346,2017:05:13 18:10:00,01/13/00,05/01/00,01/01/00,Polícia de Segurança Pública,50.0,50.0,Sábado       ,"38,752331","-9,189383",0,0,1,Estrada sem separador,Seco e limpo,Lisboa,Lisboa,São Domingos de Benfica,,Largo Revista Militar                                                                               ,Arruamento,0,Em estado regular,,Bom tempo,Sentido único,Fora da intersecção,Dentro das localidades,Em pleno dia,Sem marcas rodoviárias ou pouco visíveis,Atropelamento de peões,NÃO DEFINIDO,Inexistentes,NÃO DEFINIDO,Passagem de peões,Inexistentes,Betuminoso,Recta,Em patamar,Sem berma ou impraticável,Em plena via,Direita
2015976716,2015:05:12 13:30:00,01/12/00,05/01/00,01/01/00,Guarda Nacional Republicana,50.0,50.0,Terça-Feira  ,"41,098220","-8,305450",0,0,1,Estrada sem separador,Seco e limpo,Porto,Gondomar,União das freguesias de Fânzeres e São Pedro da Cova,,Rua Conde Ferroso,Arruamento,0,Em estado regular,,Bom tempo,Dois sentidos,Fora da intersecção,Dentro das localidades,Em pleno dia,Sem marcas rodoviárias ou pouco visíveis,Atropelamento de peões,NÃO DEFINIDO,Inexistentes,NÃO DEFINIDO,NÃO DEFINIDO,Inexistentes,Calçada,Recta,Em patamar,Berma não pavimentada,Em plena via,Direita
2010453029,2010:05:14 07:50:00,01/14/00,05/01/00,01/01/00,Polícia de Segurança Pública,50.0,50.0,Sexta-Feira  ,"0,00","0,00",0,0,1,Estrada sem separador,Seco e limpo,Lisboa,Lisboa,São João de Brito,,AVENIDA DO BRASIL,Arruamento,0,Em bom estado,,Bom tempo,Dois sentidos,Fora da intersecção,Dentro das localidades,Em pleno dia,Com marcas - separadoras de sentido e de vias de trânsito,Colisão traseira com outro veículo em movimento,NÃO DEFINIDO,Inexistentes,NÃO DEFINIDO,Outros,Inexistentes,Betuminoso,Recta,Em patamar,Berma pavimentada,Em plena via,Direita
20171232671,2017:05:28 19:35:00,01/28/00,05/01/00,01/01/00,Polícia de Segurança Pública,50.0,50.0,Domingo      ,"41,177579","-8,677007",0,0,1,Estrada sem separador,Húmido,Porto,Matosinhos,União das freguesias de Matosinhos e Leça da Palmeira,Matosinhos,Rua Dom Nuno Álvares Pereira                                                                        ,Arruamento,0,Em estado regular,,Chuva,Dois sentidos,Em cruzamento,Dentro das localidades,Em pleno dia,Sem marcas rodoviárias ou pouco visíveis,Colisão com outras situações,NÃO DEFINIDO,Inexistentes,NÃO DEFINIDO,Stop,Inexistentes,Betuminoso,Recta,Em patamar,Berma pavimentada,Em plena via,Direita
2010462772,2010:05:16 06:30:00,01/16/00,05/01/00,01/01/00,Guarda Nacional Republicana,90.0,90.0,Domingo      ,"37,029059","-7,871304",0,1,1,Outra via,Seco e limpo,Faro,Olhao,Olhão,,,EN - Estrada Nacional,EN125,Em bom estado,110.9,Bom tempo,Sentido único,Fora da intersecção,Fora das localidades,Em pleno dia,Com marcas - separadoras de sentido e de vias de trânsito,Despiste com capotamento,NÃO DEFINIDO,Inexistentes,No sentido crescente da quilometragem,NÃO DEFINIDO,Inexistentes,Betuminoso,Recta,Em patamar,Berma pavimentada,Em plena via,Direita
2011539913,2011:05:14 14:50:00,01/14/00,05/01/00,01/01/00,Guarda Nacional Republicana,50.0,50.0,Sábado       ,,,0,0,1,Estrada sem separador,Seco e limpo,Aveiro,Estarreja,Veiros,VEIROS,R JOAO AUGUSTO SOUSA FERNANDES,Arruamento,0,Em bom estado,,Bom tempo,Dois sentidos,Fora da intersecção,Dentro das localidades,Em pleno dia,Sem marcas rodoviárias ou pouco visíveis,Despiste simples,NÃO DEFINIDO,Inexistentes,NÃO DEFINIDO,NÃO DEFINIDO,Inexistentes,Betuminoso,Recta,Em patamar,Berma pavimentada,Em plena via,Direita
2010464532,2010:05:27 14:30:00,01/27/00,05/01/00,01/01/00,Guarda Nacional Republicana,50.0,50.0,Quinta-Feira ,,,0,0,2,Estrada sem separador,Seco e limpo,Viseu,Tarouca,Tarouca,MATADUÇO,R PONTINHA,Arruamento,0,Em bom estado,,Bom tempo,Dois sentidos,Em entroncamento,Dentro das localidades,Em pleno dia,Sem marcas rodoviárias ou pouco visíveis,Colisão frontal,NÃO DEFINIDO,Inexistentes,NÃO DEFINIDO,Cedência de passagem,Inexistentes,Betuminoso,Curva,Em Lomba,Berma não pavimentada,Em plena via,Direita
2015974821,2015:05:16 23:25:00,01/16/00,05/01/00,01/01/00,Guarda Nacional Republicana,50.0,50.0,Sábado       ,"40,373027","-8,411388",0,0,1,Estrada sem separador,Seco e limpo,Aveiro,Ilhavo,Gafanha da Nazaré,,Rua do Norte,Arruamento,0,Em bom estado,,Bom tempo,Dois sentidos,Fora da intersecção,Dentro das localidades,"Noite, com iluminação",Com marcas - separadoras de sentido de trânsito,Colisão lateral com outro veículo em movimento,NÃO DEFINIDO,Inexistentes,NÃO DEFINIDO,NÃO DEFINIDO,Inexistentes,Betuminoso,Recta,Em patamar,Berma pavimentada,Em plena via,Direita