Id. Acidente,Datahora,Dia,Mês,Hora,Entidades Fiscalizadoras,Velocidade local,Velocidade geral,Dia da Semana,Latitude GPS,Longitude GPS,Num. Mortos a 30 dias,Num. Feridos graves a 30 dias,Num. Feridos ligeiros a 30 dias,Características Tecnicas1,Cond Aderência,Distrito,Concelho,Freguesia,Pov. Proxima,Nome arruamento,Tipos Vias,Cod Via,Estado Conservação,Km,Factores Atmosféricos,Reg Circulação1,Intersecção Vias,Localizações,Luminosidade,Marca Via,Natureza,Obras Arte,Obstáculos,Sentidos,Sinais,Sinais Luminosos,Tipo Piso,Traçado 1,Traçado 2,Traçado 3,Traçado 4,Via Trânsito
2010464636,2010:05:21 16:00:00,01/21/00,05/01/00,01/01/00,Guarda Nacional Republicana,50.0,50.0,Sexta-Feira  ,"41,566913","-8,544073",0,0,1,Estrada sem separador,Seco e limpo,Braga,Barcelos,Galegos (São Martinho),,,EN - Estrada Nacional,EN205,Em bom estado,31.1,Bom tempo,Dois sentidos,Fora da intersecção,Dentro das localidades,Em pleno dia,Sem marcas rodoviárias ou pouco visíveis,Colisão traseira com outro veículo em movimento,NÃO DEFINIDO,Inexistentes,NÃO DEFINIDO,Outros,Inexistentes,Betuminoso,Curva,Com inclinação,Berma pavimentada,Em plena via,Direita
2010464587,2010:05:12 13:15:00,01/12/00,05/01/00,01/01/00,Guarda Nacional Republicana,50.0,50.0,Quarta-Feira ,,,0,0,1,Estrada sem separador,Seco e limpo,Coimbra,Coimbra,Antanhol,VALONGO,R NOSSA SRA DA CONCEIÇÃO,Arruamento,0,Em bom estado,,Bom tempo,Dois sentidos,Em entroncamento,Dentro das localidades,Em pleno dia,Com marcas - separadoras de sentido de trânsito,Colisão frontal,NÃO DEFINIDO,Inexistentes,NÃO DEFINIDO,Proibição de ultrapassagem,Inexistentes,Betuminoso,Recta,Em patamar,Berma pavimentada,Em plena via,Direita
20191677052,2019:05:17 11:25:00,01/17/00,05/01/00,01/01/00,Polícia de Segurança Pública,50.0,50.0,Sexta-Feira  ,"0,0","0,0",0,0,1,Estrada sem separador,Seco e limpo,Braga,Braga,Braga (São Vítor),Braga,Rua Professor Machado Vilela                                                                        ,Arruamento,0,Em bom estado,,Bom tempo,Dois sentidos,Em cruzamento,Dentro das localidades,Em pleno dia,Com marcas - separadoras de sentido e de vias de trânsito,Atropelamento de peões,NÃO DEFINIDO,Inexistentes,NÃO DEFINIDO,Passagem de peões,Inexistentes,Betuminoso,Recta,Em patamar,Berma pavimentada,Em plena via,Direita
20191676341,2019:05:12 16:50:00,01/12/00,05/01/00,01/01/00,Polícia de Segurança Pública,50.0,50.0,Domingo      ,"41,550109","-8,437727",0,0,1,Estrada sem separador,Seco e limpo,Braga,Braga,"União das freguesias de Braga (Maximinos, Sé e Cividade)",Braga,Rua Nova da Estação                                                                                 ,Arruamento,0,Em bom estado,,Bom tempo,Dois sentidos,Em entroncamento,Dentro das localidades,Em pleno dia,Com marcas - separadoras de sentido e de vias de trânsito,Atropelamento de peões,NÃO DEFINIDO,Inexistentes,NÃO DEFINIDO,Passagem de peões,Inexistentes,Calçada,Recta,Com inclinação,Berma pavimentada,Em plena via,Direita
20171266893,2017:05:20 08:00:00,01/20/00,05/01/00,01/01/00,Guarda Nacional Republicana,90.0,90.0,Sábado       ,"37,314453","-8,322245",0,0,3,Estrada sem separador,Seco e limpo,Faro,Silves,São Bartolomeu de Messines,São Bartolomeu de Messines,,IC - Itinerário Complementar,IC1,Em bom estado,"713,9",Bom tempo,Dois sentidos,Em entroncamento,Fora das localidades,Em pleno dia,Com marcas - separadoras de sentido de trânsito,Colisão lateral com outro veículo em movimento,NÃO DEFINIDO,Inexistentes,NÃO DEFINIDO,Proibição de ultrapassagem,Inexistentes,Betuminoso,Recta,Com inclinação,Berma pavimentada,Em plena via,Direita
20171155343,2016:05:20 11:00:00,01/20/00,05/01/00,01/01/00,Guarda Nacional Republicana,50.0,50.0,Sexta-Feira  ,"41,294583","-8,206862",0,0,1,Estrada sem separador,Seco e limpo,Braga,Guimaraes,Caldelas,CALDELAS,Rua do Pinhel,Arruamento,0,Em estado regular,,Bom tempo,Dois sentidos,Fora da intersecção,Dentro das localidades,Em pleno dia,Sem marcas rodoviárias ou pouco visíveis,Despiste simples,NÃO DEFINIDO,Inexistentes,NÃO DEFINIDO,NÃO DEFINIDO,Inexistentes,Betuminoso,Curva,Com inclinação,Sem berma ou impraticável,Em plena via,Direita
20181400962,2018:05:09 13:30:00,01/09/00,05/01/00,01/01/00,Guarda Nacional Republicana,50.0,50.0,Quarta-Feira ,"39,138488","-9,349391",0,0,1,Estrada sem separador,Seco e limpo,Lisboa,Torres Vedras,União das freguesias de A dos Cunhados e Maceira,A dos Cunhados,Rua do Chofral,Arruamento,0,Em estado regular,,Bom tempo,Dois sentidos,Fora da intersecção,Dentro das localidades,Em pleno dia,Com marcas - separadoras de sentido de trânsito,Colisão frontal,NÃO DEFINIDO,Inexistentes,NÃO DEFINIDO,NÃO DEFINIDO,Inexistentes,Betuminoso,Curva,Com inclinação,Berma pavimentada,Em plena via,Direita
2015942773,2015:05:30 17:30:00,01/30/00,05/01/00,01/01/00,Polícia de Segurança Pública,50.0,50.0,Sábado       ,"41,154185","-8,631530",0,0,1,Estrada sem separador,Seco e limpo,Porto,Porto,União das freguesias de Lordelo do Ouro e Massarelos,Porto,Rua Gonçalo Sampaio                                                                                 ,Arruamento,0,Em estado regular,,Bom tempo,Dois sentidos,Fora da intersecção,Dentro das localidades,Em pleno dia,Com marcas - separadoras de sentido e de vias de trânsito,Colisão com outras situações,NÃO DEFINIDO,Inexistentes,NÃO DEFINIDO,Outros,Inexistentes,Betuminoso,Recta,Em patamar,Berma pavimentada,Em plena via,Central
2010465941,2010:05:23 17:35:00,01/23/00,05/01/00,01/01/00,Guarda Nacional Republicana,90.0,90.0,Domingo      ,,,0,0,2,Estrada sem separador,Seco e limpo,Faro,Faro,Estói,VALE DA ROSA,,EM - Estrada Municipal,EM1308,Em bom estado,,Bom tempo,Dois sentidos,Fora da intersecção,Fora das localidades,Em pleno dia,Com marcas - separadoras de sentido de trânsito,Despiste com capotamento,NÃO DEFINIDO,Inexistentes,NÃO DEFINIDO,NÃO DEFINIDO,Inexistentes,Betuminoso,Curva,Em patamar,Sem berma ou impraticável,Na berma,Direita
20191730788,2019:05:26 17:23:00,01/26/00,05/01/00,01/01/00,Guarda Nacional Republicana,70.0,70.0,Domingo      ,"41,337270","-8,616552",0,0,2,Estrada sem separador,Seco e limpo,Porto,Trofa,União das freguesias de Alvarelhos e Guidões,Guidoes,Avenida Bicho - Bicho,Arruamento,0,Em estado regular,,Bom tempo,Dois sentidos,Fora da intersecção,Dentro das localidades,Em pleno dia,Sem marcas rodoviárias ou pouco visíveis,Despiste simples,NÃO DEFINIDO,Inexistentes,NÃO DEFINIDO,NÃO DEFINIDO,Inexistentes,Betuminoso,Recta,Em patamar,Sem berma ou impraticável,Em plena via,Direita
2013683620,2013:05:19 16:05:00,01/19/00,05/01/00,01/01/00,Polícia de Segurança Pública,50.0,50.0,Domingo      ,"0,00","0,00",0,0,1,Estrada sem separador,Seco e limpo,Lisboa,Lisboa,São Jorge de Arroios,,Avenida Manuel da Maia                                                                              ,Arruamento,0,Em estado regular,,Bom tempo,Sentido único,Fora da intersecção,Dentro das localidades,Em pleno dia,Sem marcas rodoviárias ou pouco visíveis,Colisão traseira com outro veículo em movimento,NÃO DEFINIDO,Inexistentes,NÃO DEFINIDO,Outros,Inexistentes,Betuminoso,Recta,Em patamar,Berma pavimentada,Em plena via,Direita
2011540468,2011:05:30 05:15:00,01/30/00,05/01/00,01/01/00,Guarda Nacional Republicana,90.0,90.0,Segunda-Feira,"40,798338","-8,517161",0,0,1,Outra via,Molhado,Aveiro,Oliveira de Azemeis,Travanca,TRAVANCA,,EN - Estrada Nacional,EN224,Em estado regular,66.969,Bom tempo,Sentido único,Fora da intersecção,Fora das localidades,Aurora ou crepúsculo,Com marcas - separadoras de sentido e de vias de trânsito,Despiste com capotamento,NÃO DEFINIDO,Inexistentes,No sentido crescente da quilometragem,Outros,Inexistentes,Betuminoso,Curva,Com inclinação,Berma pavimentada,Em plena via,Direita
2015938617,2015:05:24 12:15:00,01/24/00,05/01/00,01/01/00,Polícia de Segurança Pública,50.0,50.0,Domingo      ,"39,239570","-8,683179",0,0,1,Estrada sem separador,Seco e limpo,Santarém,Santarem,"União das freguesias de Santarém (Marvila), Santa Iria da Ribeira de Santarém, Santarém (São Salvador) e Santarém (São Nicolau)",Santarém,Avenida Gago Coutinho e Sacadura Cabral,Arruamento,0,Em bom estado,,Bom tempo,Dois sentidos,Fora da intersecção,Dentro das localidades,Em pleno dia,Com marcas - separadoras de sentido de trânsito,Despiste sem dispositivo de retenção,NÃO DEFINIDO,Inexistentes,NÃO DEFINIDO,Passagem de peões,Inexistentes,Betuminoso,Recta,Em patamar,Berma pavimentada,No passeio,Direita
20171151453,2016:05:02 10:50:00,01/02/00,05/01/00,01/01/00,Guarda Nacional Republicana,50.0,50.0,Segunda-Feira,"39,051026","-8,526226",0,0,1,Estrada sem separador,Seco e limpo,Lisboa,Azambuja,Azambuja,CASAIS DA FORMIGA,Rua da Formiga,Arruamento,0,Em mau estado,,Bom tempo,Dois sentidos,Fora da intersecção,Dentro das localidades,Em pleno dia,Sem marcas rodoviárias ou pouco visíveis,Despiste com colisão com veículo imobil. ou obstáculo,NÃO DEFINIDO,Não sinalizados,NÃO DEFINIDO,NÃO DEFINIDO,Inexistentes,Betuminoso,Recta,Com inclinação,Berma não pavimentada,Em plena via,Direita
2013683159,2013:05:13 10:25:00,01/13/00,05/01/00,01/01/00,Polícia de Segurança Pública,50.0,50.0,Segunda-Feira,"0,00","0,00",0,0,1,Outra via,Seco e limpo,Braga,Braga,Braga (São Vítor),,Avenida João Paulo II                                                                               ,Arruamento,0,Em bom estado,,Bom tempo,Dois sentidos,Em entroncamento,Dentro das localidades,Em pleno dia,Com marcas - separadoras de sentido e de vias de trânsito,Colisão lateral com outro veículo em movimento,NÃO DEFINIDO,Inexistentes,NÃO DEFINIDO,Outros,Inexistentes,Betuminoso,Recta,Em patamar,Berma pavimentada,Em plena via,Direita
2015974484,2015:05:30 05:00:00,01/30/00,05/01/00,01/01/00,Guarda Nacional Republicana,90.0,90.0,Sábado       ,"38,425757","-8,025149",1,0,0,Estrada sem separador,Seco e limpo,Évora,Arraiolos,União das freguesias de Gafanhoeira (São Pedro) e Sabugueiro,Arraiolos,,EN - Estrada Nacional,EN4,Em bom estado,98.109,Bom tempo,Dois sentidos,Fora da intersecção,Fora das localidades,"Noite, sem iluminação",Com marcas - separadoras de sentido de trânsito,Despiste com capotamento,NÃO DEFINIDO,Inexistentes,NÃO DEFINIDO,Proibição de ultrapassagem,Inexistentes,Betuminoso,Recta,Em patamar,Berma pavimentada,Em plena via,Direita
20181407193,2018:05:09 16:15:00,01/09/00,05/01/00,01/01/00,Polícia de Segurança Pública,50.0,50.0,Quarta-Feira ,38.6003399,-9.1688619,0,0,1,Estrada sem separador,Seco e limpo,Setúbal,Seixal,Corroios,Quinta da Aniza,Avenida Marisol,Arruamento,0,Em estado regular,,Bom tempo,Dois sentidos,Fora da intersecção,Dentro das localidades,Em pleno dia,Sem marcas rodoviárias ou pouco visíveis,Despiste com capotamento,NÃO DEFINIDO,Inexistentes,NÃO DEFINIDO,NÃO DEFINIDO,Inexistentes,Betuminoso,Curva,Em patamar,Berma não pavimentada,Na berma,Direita
2015975600,2015:05:13 20:00:00,01/13/00,05/01/00,01/01/00,Guarda Nacional Republicana,50.0,50.0,Quarta-Feira ,"40,056092","-8,271055",0,0,1,Estrada sem separador,Seco e limpo,Coimbra,Condeixa-a-Nova,União das freguesias de Condeixa-a-Velha e Condeixa-a-Nova,Casal Novo (veículo não homologado),,EN - Estrada Nacional,EN342,Em bom estado,39.95,Bom tempo,Dois sentidos,Fora da intersecção,Dentro das localidades,Em pleno dia,Com marcas - separadoras de sentido de trânsito,Colisão com veiculo ou obstáculo na faixa de rodagem,NÃO DEFINIDO,Inexistentes,NÃO DEFINIDO,NÃO DEFINIDO,A funcionar normalmente,Betuminoso,Recta,Em patamar,Berma não pavimentada,Em plena via,Direita
20191678033,2019:05:17 08:45:00,01/17/00,05/01/00,01/01/00,Polícia de Segurança Pública,50.0,50.0,Sexta-Feira  ,"0,0","0,0",0,0,1,Outra via,Seco e limpo,Lisboa,Lisboa,Parque das Nações,,Avenida Marechal Gomes da Costa                                                                     ,Arruamento,0,Em bom estado,,Bom tempo,Sentido único,Em cruzamento,Dentro das localidades,Em pleno dia,Com marcas - separadoras de sentido e de vias de trânsito,Colisão lateral com outro veículo em movimento,NÃO DEFINIDO,Inexistentes,No sentido decrescente da quilometragem,Outros,A funcionar normalmente,Betuminoso,Recta,Em patamar,Berma pavimentada,Em plena via,Direita
2011542757,2011:05:27 00:25:00,01/27/00,05/01/00,01/01/00,Guarda Nacional Republicana,120.0,120.0,Sexta-Feira  ,"41,394645","-8,473276",0,0,6,Auto-estrada,Seco e limpo,Braga,Vila Nova de Famalicao,Seide (São Paio),SEIDE,,A  - Auto-Estrada,A7,Em bom estado,24.477,Bom tempo,Sentido único,Fora da intersecção,Fora das localidades,"Noite, sem iluminação",Com marcas - separadoras de sentido e de vias de trânsito,Colisão traseira com outro veículo em movimento,NÃO DEFINIDO,Inexistentes,No sentido crescente da quilometragem,NÃO DEFINIDO,Inexistentes,Betuminoso,Recta,Em patamar,Berma pavimentada,Em plena via,Direita
20171156512,2016:05:27 09:00:00,01/27/00,05/01/00,01/01/00,Guarda Nacional Republicana,90.0,90.0,Sexta-Feira  ,"40,256197","-7,168615",0,0,2,Estrada sem separador,Seco e limpo,Guarda,Guarda,Benespera,BENESPERA,,EM - Estrada Municipal,EM1055,Em estado regular,,Bom tempo,Dois sentidos,Fora da intersecção,Fora das localidades,Em pleno dia,Sem marcas rodoviárias ou pouco visíveis,Colisão frontal,NÃO DEFINIDO,Inexistentes,NÃO DEFINIDO,NÃO DEFINIDO,Inexistentes,Betuminoso,Curva,Com inclinação,Berma pavimentada,Em plena via,Direita
20171155736,2016:05:22 20:50:00,01/22/00,05/01/00,01/01/00,Guarda Nacional Republicana,50.0,50.0,Domingo      ,"40,547104","-8,295436",0,0,1,Estrada sem separador,Seco e limpo,Aveiro,Santa Maria da Feira,Arrifana,ARRIFANA,,Outra Via,0,Em bom estado,,Bom tempo,Sentido único,Fora da intersecção,Dentro das localidades,"Noite, com iluminação",Com marcas - separadoras de sentido de trânsito,Despiste simples,NÃO DEFINIDO,Inexistentes,NÃO DEFINIDO,Outros,Inexistentes,Betuminoso,Recta,Em patamar,Berma pavimentada,Em parque de estacionamento,Direita
20191734065,2019:05:11 09:45:00,01/11/00,05/01/00,01/01/00,Guarda Nacional Republicana,120.0,120.0,Sábado       ,"40,552650","-8,617830",0,0,1,Auto-estrada,Seco e limpo,Aveiro,Vagos,Sosa,Sosa - Vagos,,A  - Auto-Estrada,A17,Em bom estado,"105,1",Bom tempo,Sentido único,Fora da intersecção,Fora das localidades,Em pleno dia,Com marcas - separadoras de sentido e de vias de trânsito,Despiste com transposição do dispositivo de retenção lateral,NÃO DEFINIDO,Inexistentes,No sentido decrescente da quilometragem,NÃO DEFINIDO,Inexistentes,Betuminoso,Recta,Em patamar,Berma pavimentada,Em via ou pista reservada,Direita
20191676716,2019:05:05 10:20:00,01/05/00,05/01/00,01/01/00,Polícia de Segurança Pública,50.0,50.0,Domingo      ,"0,0","0,0",0,0,1,Estrada sem separador,Seco e limpo,Aveiro,Ovar,"União das freguesias de Ovar, São João, Arada e São Vicente de Pereira Jusã",São João,Rua Nova da Madria                                                                                  ,Arruamento,0,Em bom estado,,Bom tempo,Dois sentidos,Fora da intersecção,Dentro das localidades,Em pleno dia,Com marcas - separadoras de sentido de trânsito,Despiste sem dispositivo de retenção,NÃO DEFINIDO,Inexistentes,NÃO DEFINIDO,NÃO DEFINIDO,Inexistentes,Betuminoso,Recta,Com inclinação,Berma pavimentada,Em plena via,Direita
20181414793,2018:05:24 13:20:00,01/24/00,05/01/00,01/01/00,Polícia de Segurança Pública,70.0,70.0,Quinta-Feira ,"0,0","0,0",0,0,1,Auto-estrada,Seco e limpo,Setúbal,Almada,"União das freguesias de Almada, Cova da Piedade, Pragal e Cacilhas",,,A  - Auto-Estrada,A2,Em bom estado,"2,75",Chuva,Sentido único,Em via de aceleração,Fora das localidades,Em pleno dia,Sem marcas rodoviárias ou pouco visíveis,Despiste sem dispositivo de retenção,NÃO DEFINIDO,Inexistentes,No sentido crescente da quilometragem,Outros,Inexistentes,Betuminoso,Recta,Em patamar,Sem berma ou impraticável,Em plena via,Central
20161070399,2016:05:26 05:00:00,01/26/00,05/01/00,01/01/00,Polícia de Segurança Pública,50.0,50.0,Quinta-Feira ,"38,711646","-9,153627",0,0,1,Estrada sem separador,Seco e limpo,Lisboa,Lisboa,Estrela,Lisboa,Rua Correia Garção                                                                                  ,Arruamento,0,Em estado regular,,Bom tempo,Dois sentidos,Em entroncamento,Dentro das localidades,"Noite, com iluminação",Com marcas - separadoras de sentido de trânsito,Colisão com outras situações,NÃO DEFINIDO,Inexistentes,NÃO DEFINIDO,NÃO DEFINIDO,A funcionar normalmente,Betuminoso,Recta,Em patamar,Berma pavimentada,Em plena via,Direita
20181420649,2018:05:23 09:20:00,01/23/00,05/01/00,01/01/00,Polícia de Segurança Pública,50.0,50.0,Quarta-Feira ,"0,0","0,0",0,0,2,Estrada sem separador,Seco e limpo,Lisboa,Lisboa,Campo de Ourique,Lisboa,Rua Arco do Carvalhão                                                                               ,Arruamento,0,Em estado regular,,Bom tempo,Dois sentidos,Em entroncamento,Dentro das localidades,Em pleno dia,Sem marcas rodoviárias ou pouco visíveis,Colisão lateral com outro veículo em movimento,NÃO DEFINIDO,Inexistentes,NÃO DEFINIDO,Outros,Inexistentes,Betuminoso,Recta,Com inclinação,Berma pavimentada,Em plena via,Direita
2011540451,2011:05:09 08:45:00,01/09/00,05/01/00,01/01/00,Guarda Nacional Republicana,,120.0,Segunda-Feira,"37,179163","-8,608749",0,0,1,Auto-estrada,Seco e limpo,Faro,Lagos,Odiáxere,MEXILHOEIRA,,A  - Auto-Estrada,A22,Em estado regular,13.8,Bom tempo,Sentido único,Fora da intersecção,Fora das localidades,Em pleno dia,Com marcas - separadoras de sentido e de vias de trânsito,Despiste sem dispositivo de retenção,Viaduto/Ponte,Inexistentes,No sentido crescente da quilometragem,Outros,Inexistentes,Betuminoso,Recta,Com inclinação,Berma pavimentada,Em plena via,Direita
2010464095,2010:05:03 15:45:00,01/03/00,05/01/00,01/01/00,Guarda Nacional Republicana,120.0,120.0,Segunda-Feira,"38,707733","-9,319928",0,0,1,Auto-estrada,Seco e limpo,Lisboa,Oeiras,Porto Salvo,PORTO SALVO,,A  - Auto-Estrada,A5,Em bom estado,13.3,Bom tempo,Sentido único,Fora da intersecção,Fora das localidades,Em pleno dia,Com marcas - separadoras de sentido e de vias de trânsito,Colisão lateral com outro veículo em movimento,NÃO DEFINIDO,Inexistentes,No sentido decrescente da quilometragem,NÃO DEFINIDO,Inexistentes,Betuminoso,Curva,Com inclinação,Berma pavimentada,Em plena via,Central
2010464729,2010:05:07 18:45:00,01/07/00,05/01/00,01/01/00,Guarda Nacional Republicana,50.0,50.0,Sexta-Feira  ,,,0,0,2,Estrada sem separador,Seco e limpo,Aveiro,Estarreja,Beduído,BEDUIDO,,EN - Estrada Nacional,EN109,Em bom estado,47.0,Bom tempo,Dois sentidos,Em cruzamento,Dentro das localidades,Em pleno dia,Com marcas - separadoras de sentido de trânsito,Colisão lateral com outro veículo em movimento,NÃO DEFINIDO,Inexistentes,NÃO DEFINIDO,Stop,Intermitente,Betuminoso,Recta,Em patamar,Berma pavimentada,Em plena via,Direita
20171264991,2017:05:10 18:00:00,01/10/00,05/01/00,01/01/00,Guarda Nacional Republicana,70.0,70.0,Quarta-Feira ,"38,562408","-8,783599",0,0,3,Estrada sem separador,Húmido,Setúbal,Setubal,Gâmbia-Pontes-Alto da Guerra,Setúbal,,EN - Estrada Nacional,EN10,Em bom estado,"47,5",Chuva,Dois sentidos,Em entroncamento,Fora das localidades,Em pleno dia,Com marcas - separadoras de sentido de trânsito,Colisão traseira com outro veículo em movimento,NÃO DEFINIDO,Inexistentes,NÃO DEFINIDO,Outros,Inexistentes,Betuminoso,Recta,Em patamar,Berma pavimentada,Em plena via,Direita
2013718021,2013:05:12 01:18:00,01/12/00,05/01/00,01/01/00,Guarda Nacional Republicana,50.0,50.0,Domingo      ,"39,183240","-08,436172",0,0,1,Estrada sem separador,Seco e limpo,Santarém,Santarem,Romeira,Romeira,Rua Casais de São Brás,Arruamento,0,Em bom estado,,Bom tempo,Dois sentidos,Fora da intersecção,Dentro das localidades,"Noite, com iluminação",Com marcas - separadoras de sentido de trânsito,Despiste simples,NÃO DEFINIDO,Inexistentes,NÃO DEFINIDO,NÃO DEFINIDO,Inexistentes,Betuminoso,Curva,Em patamar,Sem berma ou impraticável,Na berma,Direita
2012618566,2012:05:19 12:15:00,01/19/00,05/01/00,01/01/00,Guarda Nacional Republicana,50.0,50.0,Sábado       ,,,0,0,1,Estrada sem separador,Seco e limpo,Aveiro,Santa Maria da Feira,Lourosa,LOUROSA,,EN - Estrada Nacional,EN1,Em bom estado,283.585,Bom tempo,Dois sentidos,Fora da intersecção,Dentro das localidades,Em pleno dia,Com marcas - separadoras de sentido de trânsito,Colisão traseira com outro veículo em movimento,NÃO DEFINIDO,Inexistentes,NÃO DEFINIDO,NÃO DEFINIDO,Desligada,Betuminoso,Recta,Em patamar,Sem berma ou impraticável,Em plena via,Direita
20171268543,2017:05:28 18:40:00,01/28/00,05/01/00,01/01/00,Guarda Nacional Republicana,50.0,90.0,Domingo      ,"41,612666","-8,243524",0,1,0,Estrada sem separador,Molhado,Braga,Povoa de Lanhoso,União das freguesias de Calvos e Frades,póvoa de lanhoso,,EN - Estrada Nacional,EN103,Em bom estado,"60,22",Chuva,Dois sentidos,Em entroncamento,Dentro das localidades,Em pleno dia,Com marcas - separadoras de sentido de trânsito,Despiste com capotamento,NÃO DEFINIDO,Inexistentes,NÃO DEFINIDO,Outros,Inexistentes,Betuminoso,Curva,Em patamar,Berma pavimentada,Em plena via,Direita
2013731592,2013:05:11 15:00:00,01/11/00,05/01/00,01/01/00,Guarda Nacional Republicana,50.0,50.0,Sábado       ,"37,043251","-8,465316",0,0,1,Estrada sem separador,Seco e limpo,Faro,Vila do Bispo,Budens,Burgau,Rua 25 de Abril,Arruamento,0,Em mau estado,,Bom tempo,Dois sentidos,Fora da intersecção,Dentro das localidades,Em pleno dia,Sem marcas rodoviárias ou pouco visíveis,Atropelamento de peões,NÃO DEFINIDO,Inexistentes,NÃO DEFINIDO,NÃO DEFINIDO,Inexistentes,Calçada,Recta,Com inclinação,Sem berma ou impraticável,Em plena via,Direita
20161062442,2016:05:15 22:40:00,01/15/00,05/01/00,01/01/00,Polícia de Segurança Pública,50.0,50.0,Domingo      ,"41,420742","-8,516759",0,0,2,Estrada sem separador,Seco e limpo,Braga,Vila Nova de Famalicao,União das freguesias de Vila Nova de Famalicão e Calendário,Vila Nova de Famalicão,Avenida Engenheiro Pinheiro Braga                                                                   ,Arruamento,0,Em bom estado,,Bom tempo,Dois sentidos,Fora da intersecção,Dentro das localidades,"Noite, com iluminação",Com marcas - separadoras de sentido de trânsito,Colisão frontal,NÃO DEFINIDO,Inexistentes,NÃO DEFINIDO,NÃO DEFINIDO,Inexistentes,Betuminoso,Recta,Com inclinação,Sem berma ou impraticável,Em plena via,Direita
20181399878,2018:05:03 13:45:00,01/03/00,05/01/00,01/01/00,Guarda Nacional Republicana,90.0,90.0,Quinta-Feira ,"41,398546","-8,389268",0,0,1,Estrada sem separador,Seco e limpo,Braga,Vila Nova de Famalicao,Riba de Ave,Riba d'Ave,,EM - Estrada Municipal,0,Em bom estado,,Bom tempo,Dois sentidos,Fora da intersecção,Dentro das localidades,Em pleno dia,Sem marcas rodoviárias ou pouco visíveis,Colisão lateral com outro veículo em movimento,NÃO DEFINIDO,Inexistentes,NÃO DEFINIDO,NÃO DEFINIDO,Inexistentes,Betuminoso,Recta,Em patamar,Sem berma ou impraticável,Em plena via,Direita
2010455045,2010:05:19 12:15:00,01/19/00,05/01/00,01/01/00,Polícia de Segurança Pública,50.0,50.0,Quarta-Feira ,"0,00","0,00",0,0,1,Estrada sem separador,Seco e limpo,Lisboa,Lisboa,Carnide,,Rua José Farinha,Arruamento,0,Em bom estado,,Bom tempo,Dois sentidos,Em entroncamento,Dentro das localidades,Em pleno dia,Com marcas - separadoras de sentido e de vias de trânsito,Colisão com outras situações,NÃO DEFINIDO,Inexistentes,NÃO DEFINIDO,Outros,Inexistentes,Betuminoso,Recta,Em patamar,Berma pavimentada,Em plena via,Direita
2013717113,2013:05:24 07:30:00,01/24/00,05/01/00,01/01/00,Guarda Nacional Republicana,50.0,50.0,Sexta-Feira  ,"41,325134","-08,497409",0,0,1,Estrada sem separador,Seco e limpo,Porto,Lousada,Lodares,,Rua da Agra,Arruamento,0,Em estado regular,,Bom tempo,Dois sentidos,Fora da intersecção,Dentro das localidades,Em pleno dia,Sem marcas rodoviárias ou pouco visíveis,Colisão frontal,NÃO DEFINIDO,Inexistentes,NÃO DEFINIDO,NÃO DEFINIDO,Inexistentes,Betuminoso,Recta,Com inclinação,Sem berma ou impraticável,Em plena via,Direita
2011531051,2011:05:09 11:10:00,01/09/00,05/01/00,01/01/00,Polícia de Segurança Pública,50.0,50.0,Segunda-Feira,"0,00","0,00",0,0,1,Estrada sem separador,Húmido,Leiria,Marinha Grande,Marinha Grande,Casal da Formiga,Rua D. João Pereira Venâncio,Arruamento,0,Em estado regular,,Bom tempo,Dois sentidos,Fora da intersecção,Dentro das localidades,Em pleno dia,Sem marcas rodoviárias ou pouco visíveis,Colisão lateral com outro veículo em movimento,NÃO DEFINIDO,Inexistentes,NÃO DEFINIDO,NÃO DEFINIDO,Inexistentes,Calçada,Recta,Em patamar,Berma pavimentada,Em plena via,Direita
2012611797,2012:05:22 21:30:00,01/22/00,05/01/00,01/01/00,Polícia de Segurança Pública,50.0,50.0,Terça-Feira  ,"0,00","0,00",0,0,2,Estrada sem separador,Seco e limpo,Lisboa,Odivelas,Pontinha,Pontinha,Rua Vale Pequeno                                                                                    ,Arruamento,0,Em bom estado,,Bom tempo,Dois sentidos,Em entroncamento,Dentro das localidades,"Noite, com iluminação",Sem marcas rodoviárias ou pouco visíveis,Despiste sem dispositivo de retenção,NÃO DEFINIDO,Inexistentes,NÃO DEFINIDO,NÃO DEFINIDO,Inexistentes,Betuminoso,Curva,Com inclinação,Berma pavimentada,Em plena via,Direita
2014836749,2014:05:28 19:00:00,01/28/00,05/01/00,01/01/00,Guarda Nacional Republicana,,90.0,Quarta-Feira ,"39,303337","-7,544397",0,0,1,NÃO DEFINIDO,Seco e limpo,Portalegre,Gaviao,Belver,Outeiro Fundeiro,,EM - Estrada Municipal,0,Em estado regular,,Bom tempo,Dois sentidos,Fora da intersecção,Fora das localidades,Em pleno dia,Sem marcas rodoviárias ou pouco visíveis,Colisão frontal,NÃO DEFINIDO,Inexistentes,NÃO DEFINIDO,Outros,Inexistentes,Betuminoso,NÃO DEFINIDO,NÃO DEFINIDO,Berma não pavimentada,Em plena via,NÃO DEFINIDO