Id. Acidente,Datahora,Dia,Mês,Hora,Entidades Fiscalizadoras,Velocidade local,Velocidade geral,Dia da Semana,Latitude GPS,Longitude GPS,Num. Mortos a 30 dias,Num. Feridos graves a 30 dias,Num. Feridos ligeiros a 30 dias,Características Tecnicas1,Cond Aderência,Distrito,Concelho,Freguesia,Pov. Proxima,Nome arruamento,Tipos Vias,Cod Via,Estado Conservação,Km,Factores Atmosféricos,Reg Circulação1,Intersecção Vias,Localizações,Luminosidade,Marca Via,Natureza,Obras Arte,Obstáculos,Sentidos,Sinais,Sinais Luminosos,Tipo Piso,Traçado 1,Traçado 2,Traçado 3,Traçado 4,Via Trânsito
20191675406,2019:05:06 17:45:00,01/06/00,05/01/00,01/01/00,Polícia de Segurança Pública,50.0,50.0,Segunda-Feira,"0,0","0,0",0,0,1,Estrada sem separador,Húmido,Braga,Braga,União das freguesias de Ferreiros e Gondizalves,Braga,Rua Cidade do Porto                                                                                 ,Arruamento,0,Em estado regular,,Bom tempo,Dois sentidos,Em entroncamento,Dentro das localidades,Em pleno dia,Com marcas - separadoras de sentido de trânsito,Colisão lateral com outro veículo em movimento,NÃO DEFINIDO,Inexistentes,NÃO DEFINIDO,Outros,Inexistentes,Betuminoso,Curva,Em patamar,Berma pavimentada,Em plena via,Direita
20171267194,2017:05:21 20:05:00,01/21/00,05/01/00,01/01/00,Guarda Nacional Republicana,50.0,50.0,Domingo      ,"40,373326","-8,319192",0,0,2,Estrada sem separador,Seco e limpo,Aveiro,Albergaria-a-Velha,São João de Loure e Frossos,São João de Loure,Rua Principal-Pinheiro-Albergaria a Velha,Arruamento,0,Em bom estado,,Bom tempo,Dois sentidos,Fora da intersecção,Dentro das localidades,Aurora ou crepúsculo,Com marcas - separadoras de sentido de trânsito,Colisão traseira com outro veículo em movimento,NÃO DEFINIDO,Inexistentes,NÃO DEFINIDO,NÃO DEFINIDO,Inexistentes,Betuminoso,Recta,Em patamar,Berma não pavimentada,Em plena via,Direita
2012617932,2012:05:15 11:15:00,01/15/00,05/01/00,01/01/00,Guarda Nacional Republicana,50.0,50.0,Terça-Feira  ,"40,35517","8,31723",0,0,1,Estrada sem separador,Seco e limpo,Aveiro,Aveiro,Requeixo,REQUEIXO,R DIREITA,Arruamento,0,Em estado regular,,Bom tempo,Dois sentidos,Em entroncamento,Dentro das localidades,Em pleno dia,Sem marcas rodoviárias ou pouco visíveis,Colisão com fuga,NÃO DEFINIDO,Inexistentes,NÃO DEFINIDO,NÃO DEFINIDO,Inexistentes,Calçada,Curva,Com inclinação,Berma pavimentada,Em plena via,Direita
2011534659,2011:05:28 11:05:00,01/28/00,05/01/00,01/01/00,Polícia de Segurança Pública,50.0,50.0,Sábado       ,"0,00","0,00",0,0,1,Estrada sem separador,Húmido,Porto,Vila Nova de Gaia,Vilar do Paraíso,,Rua de Jardim                                                                                       ,Arruamento,0,Em estado regular,,Bom tempo,Dois sentidos,Fora da intersecção,Dentro das localidades,Em pleno dia,Sem marcas rodoviárias ou pouco visíveis,Atropelamento de peões,NÃO DEFINIDO,Inexistentes,NÃO DEFINIDO,Outros,Inexistentes,Betuminoso,Recta,Com inclinação,Sem berma ou impraticável,Em plena via,Direita
20171155235,2016:05:19 17:45:00,01/19/00,05/01/00,01/01/00,Guarda Nacional Republicana,50.0,50.0,Quinta-Feira ,"40,143795","-7,312534",0,0,3,Estrada sem separador,Seco e limpo,Castelo Branco,Covilha,Tortosendo,TORTOSENDO,,Outra Via,0,Em estado regular,,Bom tempo,Dois sentidos,Em entroncamento,Dentro das localidades,Em pleno dia,Com marcas - separadoras de sentido de trânsito,Colisão choque em cadeia,NÃO DEFINIDO,Inexistentes,NÃO DEFINIDO,Outros,Inexistentes,Betuminoso,Recta,Com inclinação,Sem berma ou impraticável,Em plena via,Direita
2015975902,2015:05:17 04:00:00,01/17/00,05/01/00,01/01/00,Guarda Nacional Republicana,50.0,50.0,Domingo      ,"39,090360","-8,496972",0,0,1,Estrada sem separador,Seco e limpo,Santarém,Cartaxo,Pontével,Pontével,,EN - Estrada Nacional,EN365-2,Em estado regular,7.05,Bom tempo,Dois sentidos,Fora da intersecção,Fora das localidades,"Noite, sem iluminação",Com marcas - separadoras de sentido de trânsito,Despiste simples,NÃO DEFINIDO,Inexistentes,NÃO DEFINIDO,NÃO DEFINIDO,Inexistentes,Betuminoso,Curva,Com inclinação,Berma não pavimentada,Em plena via,Direita
20181402254,2018:05:09 15:45:00,01/09/00,05/01/00,01/01/00,Polícia de Segurança Pública,50.0,50.0,Quarta-Feira ,"0,0","0,0",0,0,1,Estrada sem separador,Seco e limpo,Portalegre,Elvas,"Assunção, Ajuda, Salvador e Santo Ildefonso",,Avenida Doutor Luís Gonçalves Silva,Arruamento,0,Em estado regular,,Bom tempo,Dois sentidos,Em cruzamento,Dentro das localidades,Em pleno dia,Sem marcas rodoviárias ou pouco visíveis,Colisão com outras situações,NÃO DEFINIDO,Inexistentes,NÃO DEFINIDO,Stop,Inexistentes,Betuminoso,Recta,Com inclinação,Berma pavimentada,Em plena via,Direita
20191678161,2019:05:18 07:25:00,01/18/00,05/01/00,01/01/00,Polícia de Segurança Pública,50.0,50.0,Sábado       ,"0,0","0,0",0,0,4,Outra via,Seco e limpo,Lisboa,Lisboa,São Domingos de Benfica,Lisboa,Avenida General Correia Barreto                                                                     ,Arruamento,0,Em estado regular,,Bom tempo,Dois sentidos,Fora da intersecção,Dentro das localidades,Em pleno dia,Sem marcas rodoviárias ou pouco visíveis,Colisão frontal,NÃO DEFINIDO,Inexistentes,No sentido crescente da quilometragem,Outros,Inexistentes,Betuminoso,Recta,Em patamar,Berma pavimentada,Em plena via,Central
2011532416,2011:05:11 19:00:00,01/11/00,05/01/00,01/01/00,Polícia de Segurança Pública,50.0,50.0,Quarta-Feira ,"0,00","0,00",0,1,0,Outra via,Húmido,Leiria,Leiria,Pousos,Touria,,EN - Estrada Nacional,EN113,Em estado regular,,Bom tempo,Sentido único,Fora da intersecção,Dentro das localidades,Em pleno dia,Com marcas - separadoras de sentido e de vias de trânsito,Atropelamento de peões,NÃO DEFINIDO,Inexistentes,No sentido decrescente da quilometragem,Passagem de peões,Inexistentes,Betuminoso,Recta,Em patamar,Berma pavimentada,Em plena via,Direita
2013716988,2013:05:08 10:45:00,01/08/00,05/01/00,01/01/00,Guarda Nacional Republicana,80.0,120.0,Quarta-Feira ,"41,135866","-08,414858",0,0,3,Outra via,Molhado,Porto,Matosinhos,Perafita,saída A41/acesso A28,,Outra Via,0,Em bom estado,,Chuva,Sentido único,NÃO DEFINIDO,Fora das localidades,Em pleno dia,Com marcas - separadoras de sentido de trânsito,Despiste simples,NÃO DEFINIDO,Inexistentes,No sentido decrescente da quilometragem,NÃO DEFINIDO,Inexistentes,Betuminoso,Curva,Com inclinação,Berma pavimentada,Em plena via,Direita
2012619110,2012:05:08 11:00:00,01/08/00,05/01/00,01/01/00,Guarda Nacional Republicana,80.0,80.0,Terça-Feira  ,,,0,0,1,Outra via,Húmido,Lisboa,Mafra,Mafra,MAFRA,,VAR - Variante,VAR-SUL,Em bom estado,,Bom tempo,Dois sentidos,Fora da intersecção,Dentro das localidades,Em pleno dia,Com marcas - separadoras de sentido e de vias de trânsito,Colisão lateral com outro veículo em movimento,NÃO DEFINIDO,Inexistentes,No sentido decrescente da quilometragem,NÃO DEFINIDO,Inexistentes,Betuminoso,Recta,Com inclinação,Berma pavimentada,Em plena via,Direita
2014836410,2014:05:29 10:00:00,01/29/00,05/01/00,01/01/00,Guarda Nacional Republicana,70.0,90.0,Quinta-Feira ,"38,370921","-8,431892",0,1,1,Estrada sem separador,Seco e limpo,Setúbal,Palmela,União das freguesias de Poceirão e Marateca,Poceirão,,EN - Estrada Nacional,EN5,Em estado regular,25.4,Bom tempo,Dois sentidos,Fora da intersecção,Fora das localidades,Em pleno dia,Com marcas - separadoras de sentido de trânsito,Despiste com colisão com veículo imobil. ou obstáculo,NÃO DEFINIDO,Inexistentes,NÃO DEFINIDO,Proibição de ultrapassagem,Inexistentes,Betuminoso,Recta,Com inclinação,Berma não pavimentada,Na berma,Direita
20171228856,2017:05:04 12:15:00,01/04/00,05/01/00,01/01/00,Polícia de Segurança Pública,50.0,50.0,Quinta-Feira ,"38,701046","-9,293911",0,0,1,Estrada sem separador,Seco e limpo,Lisboa,Oeiras,"União das freguesias de Oeiras e São Julião da Barra, Paço de Arcos e Caxias",Paço de Arcos,,EN - Estrada Nacional,EN249-3,Em estado regular,9,Bom tempo,Dois sentidos,Fora da intersecção,Dentro das localidades,Em pleno dia,Sem marcas rodoviárias ou pouco visíveis,Atropelamento de peões,NÃO DEFINIDO,Inexistentes,NÃO DEFINIDO,Outros,Inexistentes,Betuminoso,Recta,Com inclinação,Sem berma ou impraticável,Em plena via,Direita
2010465908,2010:05:25 20:00:00,01/25/00,05/01/00,01/01/00,Guarda Nacional Republicana,120.0,120.0,Terça-Feira  ,"37,414537","-8,250394",0,0,1,Auto-estrada,Seco e limpo,Faro,Silves,São Bartolomeu de Messines,S BARTOLOMEU DE MESSINES,,A  - Auto-Estrada,A2,Em bom estado,208.7,NÃO DEFINIDO,Sentido único,Fora da intersecção,Fora das localidades,Aurora ou crepúsculo,Com marcas - separadoras de sentido e de vias de trânsito,Despiste simples,NÃO DEFINIDO,Inexistentes,No sentido crescente da quilometragem,Outros,Inexistentes,Betuminoso,Curva,Em patamar,Berma pavimentada,Em plena via,Esquerda
20171228495,2017:05:02 12:30:00,01/02/00,05/01/00,01/01/00,Polícia de Segurança Pública,50.0,50.0,Terça-Feira  ,"38,697145","-9,201960",0,0,1,Estrada sem separador,Seco e limpo,Lisboa,Lisboa,Belém,,Rua de Belém,Arruamento,0,Em estado regular,,Bom tempo,Dois sentidos,Fora da intersecção,Dentro das localidades,Em pleno dia,Com marcas - separadoras de sentido e de vias de trânsito,Atropelamento de peões,NÃO DEFINIDO,Inexistentes,NÃO DEFINIDO,Passagem de peões,Inexistentes,Betuminoso,Recta,Em patamar,Berma pavimentada,Em plena via,Esquerda
2010464194,2010:05:25 09:15:00,01/25/00,05/01/00,01/01/00,Guarda Nacional Republicana,50.0,50.0,Terça-Feira  ,,,0,0,1,Estrada sem separador,Com óleo,Aveiro,Santa Maria da Feira,Santa Maria de Lamas,STA MARIA LAMAS,R DO CARRASCAL,Arruamento,0,Em estado regular,,Chuva,Dois sentidos,Fora da intersecção,Dentro das localidades,Em pleno dia,Com marcas - separadoras de sentido de trânsito,Despiste simples,NÃO DEFINIDO,Inexistentes,NÃO DEFINIDO,NÃO DEFINIDO,Inexistentes,Betuminoso,Curva,Com inclinação,Berma pavimentada,Em plena via,Direita
20171152198,2016:05:05 15:20:00,01/05/00,05/01/00,01/01/00,Guarda Nacional Republicana,90.0,90.0,Quinta-Feira ,"39,580790","-8,820538",0,0,1,Estrada sem separador,Húmido,Leiria,Porto de Mos,Porto de Mós - São João Baptista e São Pedro,RIBEIRA DE CIMA,,EN - Estrada Nacional,EN362,Em estado regular,"9,3",Chuva,Dois sentidos,Fora da intersecção,Fora das localidades,Em pleno dia,Com marcas - separadoras de sentido de trânsito,Despiste simples,NÃO DEFINIDO,Inexistentes,NÃO DEFINIDO,NÃO DEFINIDO,Inexistentes,Betuminoso,Recta,Com inclinação,Berma pavimentada,Em plena via,Direita
20191676655,2019:05:14 16:35:00,01/14/00,05/01/00,01/01/00,Polícia de Segurança Pública,90.0,90.0,Terça-Feira  ,"0,0","0,0",0,0,4,Outra via,Seco e limpo,Coimbra,Coimbra,União das freguesias de Assafarge e Antanhol,Carvalhais de Cima,,IC - Itinerário Complementar,IC2,Em estado regular,"184,8",Bom tempo,Sentido único,Fora da intersecção,Fora das localidades,Em pleno dia,Com marcas - separadoras de sentido e de vias de trânsito,Colisão choque em cadeia,NÃO DEFINIDO,Inexistentes,No sentido decrescente da quilometragem,Outros,Inexistentes,Betuminoso,Recta,Com inclinação,Berma pavimentada,Em plena via,Esquerda
2014838738,2014:05:30 22:10:00,01/30/00,05/01/00,01/01/00,Guarda Nacional Republicana,90.0,90.0,Sexta-Feira  ,"40,102648","-8,420522",0,0,1,Estrada sem separador,Seco e limpo,Coimbra,Figueira da Foz,Ferreira-a-Nova,Vila Mota,,EN - Estrada Nacional,EN111,Em estado regular,13.5,Bom tempo,Dois sentidos,Fora da intersecção,Fora das localidades,"Noite, com iluminação",Com marcas - separadoras de sentido de trânsito,Despiste simples,NÃO DEFINIDO,Inexistentes,NÃO DEFINIDO,NÃO DEFINIDO,Inexistentes,Betuminoso,Recta,Em patamar,Berma não pavimentada,Na berma,Direita
2011534072,2011:05:30 10:10:00,01/30/00,05/01/00,01/01/00,Polícia de Segurança Pública,50.0,50.0,Segunda-Feira,"0,00","0,00",1,0,0,Estrada sem separador,Húmido,Setúbal,Barreiro,Alto do Seixalinho,,Rua Miguel Bombarda,Arruamento,0,Em estado regular,,Bom tempo,Dois sentidos,Fora da intersecção,Dentro das localidades,Em pleno dia,Sem marcas rodoviárias ou pouco visíveis,Atropelamento de peões,NÃO DEFINIDO,Inexistentes,NÃO DEFINIDO,Passagem de peões,Inexistentes,Betuminoso,Recta,Em patamar,Berma pavimentada,Em plena via,Direita
20161073433,2016:05:24 17:25:00,01/24/00,05/01/00,01/01/00,Polícia de Segurança Pública,50.0,50.0,Terça-Feira  ,"39,227145","-8,687831",0,0,2,Outra via,Seco e limpo,Santarém,Santarem,"União das freguesias de Santarém (Marvila), Santa Iria da Ribeira de Santarém, Santarém (São Salvador) e Santarém (São Nicolau)",Santarém,Avenida Grupo de Forcados Amadores de Santarém,Arruamento,0,Em bom estado,,Bom tempo,Dois sentidos,Em cruzamento,Dentro das localidades,Em pleno dia,Com marcas - separadoras de sentido de trânsito,Atropelamento de peões,NÃO DEFINIDO,Inexistentes,No sentido decrescente da quilometragem,Passagem de peões,Inexistentes,Betuminoso,Curva,Em patamar,Berma pavimentada,Em plena via,Direita
20191677949,2019:05:21 12:10:00,01/21/00,05/01/00,01/01/00,Polícia de Segurança Pública,50.0,50.0,Terça-Feira  ,"0,0","0,0",0,0,3,Estrada sem separador,Seco e limpo,Lisboa,Cascais,São Domingos de Rana,Trajouce,Estrada José Justino Anjos                                                                          ,Arruamento,0,Em bom estado,,Bom tempo,Dois sentidos,Fora da intersecção,Dentro das localidades,Em pleno dia,Com marcas - separadoras de sentido e de vias de trânsito,Despiste sem dispositivo de retenção,NÃO DEFINIDO,Inexistentes,NÃO DEFINIDO,Outros,Inexistentes,Betão de cimento,Recta,Em patamar,Sem berma ou impraticável,Em plena via,Direita
2012617943,2012:05:12 22:40:00,01/12/00,05/01/00,01/01/00,Guarda Nacional Republicana,70.0,90.0,Sábado       ,,,0,0,1,Estrada sem separador,Seco e limpo,Aveiro,Albergaria-a-Velha,Valmaior,VALMAIOR,,EN - Estrada Nacional,EN16,Em bom estado,20.0,Bom tempo,Dois sentidos,Fora da intersecção,Fora das localidades,"Noite, sem iluminação",Com marcas - separadoras de sentido de trânsito,Despiste com capotamento,NÃO DEFINIDO,Inexistentes,NÃO DEFINIDO,NÃO DEFINIDO,Inexistentes,Betuminoso,Curva,Em patamar,Berma não pavimentada,Na berma,Direita
20171155603,2016:05:21 20:00:00,01/21/00,05/01/00,01/01/00,Guarda Nacional Republicana,50.0,50.0,Sábado       ,"40,075361","-7,292162",0,0,1,Estrada sem separador,Seco e limpo,Castelo Branco,Fundao,"União das freguesias de Fundão, Valverde, Donas, Aldeia de Joanes e Aldeia Nova do Cabo",FUNDÃO,,EN - Estrada Nacional,EN18,Em bom estado,"57,38",Bom tempo,Dois sentidos,Fora da intersecção,Dentro das localidades,Em pleno dia,Sem marcas rodoviárias ou pouco visíveis,Despiste simples,NÃO DEFINIDO,Inexistentes,NÃO DEFINIDO,NÃO DEFINIDO,Inexistentes,Betuminoso,Recta,Em patamar,Sem berma ou impraticável,Em plena via,Direita
2014839837,2014:05:27 17:10:00,01/27/00,05/01/00,01/01/00,Guarda Nacional Republicana,50.0,50.0,Terça-Feira  ,"41,056453","-8,074163",0,0,1,Estrada sem separador,Húmido,Porto,Marco de Canaveses,Penhalonga e Paços de Gaiolo,Mourilhermo,Rua Mourilhermo,Arruamento,0,Em estado regular,,Chuva,Dois sentidos,Fora da intersecção,Dentro das localidades,Em pleno dia,Sem marcas rodoviárias ou pouco visíveis,Despiste com capotamento,NÃO DEFINIDO,Inexistentes,NÃO DEFINIDO,Outros,Inexistentes,Betuminoso,Curva,Com inclinação,Berma não pavimentada,Em plena via,Direita
20191736525,2019:05:01 19:42:00,01/01/00,05/01/00,01/01/00,Guarda Nacional Republicana,50.0,50.0,Quarta-Feira ,"40,392640","-8,077683",0,0,1,Estrada sem separador,Seco e limpo,Viseu,Santa Comba Dao,São João de Areias,Vila Dianteira,Estrada Principal,Arruamento,0,Em bom estado,,Bom tempo,Dois sentidos,Fora da intersecção,Dentro das localidades,"Noite, com iluminação",Sem marcas rodoviárias ou pouco visíveis,Despiste com colisão com veículo imobil. ou obstáculo,NÃO DEFINIDO,Inexistentes,NÃO DEFINIDO,NÃO DEFINIDO,Inexistentes,Betuminoso,Recta,Em patamar,Berma não pavimentada,Na berma,Direita
2015976687,2015:05:14 19:30:00,01/14/00,05/01/00,01/01/00,Guarda Nacional Republicana,50.0,50.0,Quinta-Feira ,"41,130965","-8,413653",0,0,3,Estrada sem separador,Seco e limpo,Porto,Matosinhos,Perafita,Freixieiro,Avª Mário Brito,Arruamento,0,Em estado regular,,Bom tempo,Sentido único,Em rotunda,Dentro das localidades,Em pleno dia,Sem marcas rodoviárias ou pouco visíveis,Colisão traseira com outro veículo em movimento,NÃO DEFINIDO,Inexistentes,NÃO DEFINIDO,Cedência de passagem,Inexistentes,Betuminoso,Recta,Com inclinação,Sem berma ou impraticável,Em plena via,Direita
2012617814,2012:05:19 13:30:00,01/19/00,05/01/00,01/01/00,Guarda Nacional Republicana,,50.0,Sábado       ,,,0,0,1,Estrada sem separador,Seco e limpo,Bragança,Vinhais,Rebordelo,,AV SAO VENANCIO,Arruamento,0,Em bom estado,,Bom tempo,Dois sentidos,Fora da intersecção,Dentro das localidades,Em pleno dia,Com marcas - separadoras de sentido de trânsito,Colisão com fuga,NÃO DEFINIDO,Inexistentes,NÃO DEFINIDO,Cedência de passagem,Inexistentes,Betuminoso,Recta,Em patamar,Berma pavimentada,Em plena via,Direita
2011542912,2011:05:25 15:20:00,01/25/00,05/01/00,01/01/00,Guarda Nacional Republicana,100.0,120.0,Quarta-Feira ,"41,160650","-7,772919",0,0,1,Auto-estrada,Molhado,Vila Real,Peso da Regua,Peso da Régua,,,A  - Auto-Estrada,A24,Em bom estado,91.25,Chuva,Sentido único,Fora da intersecção,Fora das localidades,Em pleno dia,Com marcas - separadoras de sentido e de vias de trânsito,Despiste simples,NÃO DEFINIDO,Inexistentes,No sentido crescente da quilometragem,NÃO DEFINIDO,Inexistentes,Betuminoso,Curva,Em patamar,Berma pavimentada,Em plena via,Esquerda
20171268301,2017:05:27 12:55:00,01/27/00,05/01/00,01/01/00,Guarda Nacional Republicana,50.0,50.0,Sábado       ,"38,917021","-9,186312",0,0,1,Estrada sem separador,Seco e limpo,Lisboa,Mafra,Milharado,Milharado,Avenida Principal,Arruamento,0,Em estado regular,,Bom tempo,Dois sentidos,Fora da intersecção,Dentro das localidades,Em pleno dia,Com marcas - separadoras de sentido de trânsito,Atropelamento de peões,NÃO DEFINIDO,Inexistentes,NÃO DEFINIDO,NÃO DEFINIDO,Inexistentes,Betão de cimento,Recta,Em patamar,Berma pavimentada,Em plena via,Direita
20171152708,2016:05:07 09:10:00,01/07/00,05/01/00,01/01/00,Guarda Nacional Republicana,40.0,120.0,Sábado       ,"38,487489","-9,214419",0,0,1,Outra via,Com água acumulada na faixa de rodagem,Lisboa,Sintra,União das freguesias de São João das Lampas e Terrugem,LOUREL,,Outra Via,0,Em bom estado,,Chuva,Sentido único,Em ramo de ligação - saída,Fora das localidades,Em pleno dia,Com marcas - separadoras de sentido de trânsito,Despiste simples,NÃO DEFINIDO,Inexistentes,No sentido crescente da quilometragem,Outros,Inexistentes,Betuminoso,Curva,Com inclinação,Berma pavimentada,Em plena via,Direita
20161058497,2016:05:06 13:15:00,01/06/00,05/01/00,01/01/00,Polícia de Segurança Pública,50.0,50.0,Sexta-Feira  ,"38,917245","-9,021184",0,0,1,Estrada sem separador,Molhado,Lisboa,Vila Franca de Xira,União das freguesias de Alverca do Ribatejo e Sobralinho,Sobralinho,Estrada do Miradouro,Arruamento,0,Em estado regular,,Chuva,Dois sentidos,NÃO DEFINIDO,Dentro das localidades,Em pleno dia,Sem marcas rodoviárias ou pouco visíveis,Colisão lateral com outro veículo em movimento,NÃO DEFINIDO,Inexistentes,NÃO DEFINIDO,Outros,Inexistentes,Betuminoso,Curva,Com inclinação,Berma pavimentada,Em plena via,Direita
20171233386,2017:05:31 08:40:00,01/31/00,05/01/00,01/01/00,Polícia de Segurança Pública,50.0,50.0,Quarta-Feira ,"38,749287","-9,213693",0,0,1,Estrada sem separador,Seco e limpo,Lisboa,Amadora,Águas Livres,Amadora,Rua Duarte Pacheco Pereira                                                                          ,Arruamento,0,Em estado regular,,Bom tempo,Sentido único,Fora da intersecção,Dentro das localidades,Em pleno dia,Sem marcas rodoviárias ou pouco visíveis,Atropelamento com fuga,NÃO DEFINIDO,Inexistentes,NÃO DEFINIDO,Outros,Inexistentes,Betuminoso,Recta,Em patamar,Sem berma ou impraticável,Em plena via,Direita
2014837805,2014:05:14 23:30:00,01/14/00,05/01/00,01/01/00,Guarda Nacional Republicana,50.0,50.0,Quarta-Feira ,"38,582692","-9,224413",0,0,1,Estrada sem separador,Seco e limpo,Lisboa,Mafra,Mafra,Achada,Rua da Gamecha,Arruamento,0,Em bom estado,,Bom tempo,Dois sentidos,Fora da intersecção,Dentro das localidades,"Noite, com iluminação",Sem marcas rodoviárias ou pouco visíveis,Atropelamento de peões,NÃO DEFINIDO,Inexistentes,NÃO DEFINIDO,NÃO DEFINIDO,Inexistentes,Betuminoso,Recta,Em patamar,Berma não pavimentada,Em plena via,Direita
2010454850,2010:05:17 15:20:00,01/17/00,05/01/00,01/01/00,Polícia de Segurança Pública,50.0,50.0,Segunda-Feira,"0,00","0,00",0,0,1,Estrada sem separador,Húmido,Leiria,Alcobaca,Alcobaça,Alcobaça,Rua de Olivença,Arruamento,0,Em estado regular,,Bom tempo,Dois sentidos,Fora da intersecção,Dentro das localidades,Em pleno dia,Sem marcas rodoviárias ou pouco visíveis,Colisão traseira com outro veículo em movimento,NÃO DEFINIDO,Inexistentes,NÃO DEFINIDO,Passagem de peões,Inexistentes,Betuminoso,Recta,Em patamar,Sem berma ou impraticável,Em plena via,Direita
2015975708,2015:05:13 00:30:00,01/13/00,05/01/00,01/01/00,Guarda Nacional Republicana,50.0,50.0,Quarta-Feira ,"38,755802","-9,427127",0,0,1,Estrada sem separador,Seco e limpo,Lisboa,Cascais,Alcabideche,,,EN - Estrada Nacional,EN247-1,Em bom estado,11.0,Bom tempo,Dois sentidos,Fora da intersecção,Dentro das localidades,"Noite, sem iluminação",Com marcas - separadoras de sentido de trânsito,Despiste simples,NÃO DEFINIDO,Inexistentes,NÃO DEFINIDO,NÃO DEFINIDO,Inexistentes,Betuminoso,Curva,Com inclinação,Sem berma ou impraticável,Na berma,Direita
20171151845,2016:05:04 10:35:00,01/04/00,05/01/00,01/01/00,Guarda Nacional Republicana,50.0,50.0,Quarta-Feira ,"41,291039","-8,450121",0,0,2,Estrada sem separador,Com gravilha ou areia,Braga,Esposende,União das freguesias de Apúlia e Fão,APÚLIA,,EN - Estrada Nacional,EN13,Em estado regular,"38,15",Bom tempo,Dois sentidos,Fora da intersecção,Dentro das localidades,Em pleno dia,Com marcas - separadoras de sentido de trânsito,Despiste simples,NÃO DEFINIDO,Inexistentes,NÃO DEFINIDO,NÃO DEFINIDO,Inexistentes,Betuminoso,Recta,Em patamar,Berma pavimentada,Em plena via,Direita
2015974812,2015:05:28 07:45:00,01/28/00,05/01/00,01/01/00,Guarda Nacional Republicana,50.0,50.0,Quinta-Feira ,"40,520789","-8,553638",0,0,1,Estrada sem separador,Seco e limpo,Aveiro,Oliveira do Bairro,Oiã,Malhapão,Rua de Santo Amaro,Arruamento,0,Em estado regular,,Bom tempo,Dois sentidos,Em entroncamento,Dentro das localidades,Em pleno dia,Com marcas - separadoras de sentido de trânsito,Colisão com outras situações,NÃO DEFINIDO,Inexistentes,NÃO DEFINIDO,NÃO DEFINIDO,Inexistentes,Betuminoso,Recta,Em patamar,Berma não pavimentada,Em plena via,Direita
20171151866,2016:05:04 10:00:00,01/04/00,05/01/00,01/01/00,Guarda Nacional Republicana,60.0,90.0,Quarta-Feira ,"39,459187","-8,466821",0,0,1,Estrada sem separador,Seco e limpo,Leiria,Leiria,União das freguesias de Marrazes e Barosa,COVA DAS FAIAS,,Outra Via,0,Em bom estado,,Bom tempo,Sentido único,Fora da intersecção,Fora das localidades,Em pleno dia,Com marcas - separadoras de sentido e de vias de trânsito,Colisão traseira com outro veículo em movimento,NÃO DEFINIDO,Inexistentes,NÃO DEFINIDO,Outros,Inexistentes,Betuminoso,Curva,Em patamar,Berma pavimentada,Em plena via,Direita
20171264250,2017:05:07 06:30:00,01/07/00,05/01/00,01/01/00,Guarda Nacional Republicana,90.0,90.0,Domingo      ,"37,466722","-8,488194",0,1,0,Estrada sem separador,Seco e limpo,Beja,Odemira,Sabóia,Beja,,EN - Estrada Nacional,EN266,Em mau estado,"15,6",Nevoeiro,Dois sentidos,Fora da intersecção,Fora das localidades,Aurora ou crepúsculo,Com marcas - separadoras de sentido de trânsito,Atropelamento com fuga,NÃO DEFINIDO,Inexistentes,NÃO DEFINIDO,NÃO DEFINIDO,Inexistentes,Betuminoso,Recta,Em patamar,Berma não pavimentada,Em plena via,Direita
2011531519,2011:05:16 15:30:00,01/16/00,05/01/00,01/01/00,Polícia de Segurança Pública,50.0,50.0,Segunda-Feira,"0,00","0,00",0,0,1,Estrada sem separador,Húmido,Lisboa,Lisboa,Beato,,Rua Xabregas,Arruamento,0,Em estado regular,,Bom tempo,Dois sentidos,Fora da intersecção,Dentro das localidades,Em pleno dia,Sem marcas rodoviárias ou pouco visíveis,Atropelamento com fuga,NÃO DEFINIDO,Inexistentes,NÃO DEFINIDO,NÃO DEFINIDO,Inexistentes,Betuminoso,Recta,Com inclinação,Sem berma ou impraticável,Em plena via,Direita
20171154639,2016:05:16 08:00:00,01/16/00,05/01/00,01/01/00,Guarda Nacional Republicana,50.0,50.0,Segunda-Feira,"39,311210","-8,227250",0,0,1,Estrada sem separador,Seco e limpo,Santarém,Tomar,Asseiceira,LINHACEIRA,Rua 17 Maio,Arruamento,0,Em estado regular,,Bom tempo,Dois sentidos,Fora da intersecção,Dentro das localidades,Em pleno dia,Sem marcas rodoviárias ou pouco visíveis,Colisão lateral com outro veículo em movimento,NÃO DEFINIDO,Inexistentes,NÃO DEFINIDO,NÃO DEFINIDO,Inexistentes,Betuminoso,Curva,Em patamar,Sem berma ou impraticável,Em plena via,Direita
20191711436,2019:05:31 21:00:00,01/31/00,05/01/00,01/01/00,Polícia de Segurança Pública,50.0,50.0,Sexta-Feira  ,"38,801765","-9,346084",0,0,2,Estrada sem separador,Seco e limpo,Lisboa,Sintra,Algueirão-Mem Martins,Algueirão,Rua Engenheiro Júlio Gomes da Silva                                                                 ,Arruamento,0,Em bom estado,,Bom tempo,Dois sentidos,Em cruzamento,Dentro das localidades,"Noite, com iluminação",Sem marcas rodoviárias ou pouco visíveis,Colisão com veiculo ou obstáculo na faixa de rodagem,NÃO DEFINIDO,Inexistentes,NÃO DEFINIDO,Stop,Inexistentes,Betuminoso,Recta,Em patamar,Berma pavimentada,Em plena via,Direita
2015974722,2015:05:01 11:50:00,01/01/00,05/01/00,01/01/00,Guarda Nacional Republicana,50.0,50.0,Sexta-Feira  ,"40,667739","-8,599934",0,0,1,Estrada sem separador,Molhado,Aveiro,Aveiro,Cacia,,Rua da Paz,Arruamento,0,Em estado regular,,Chuva,Dois sentidos,Fora da intersecção,Dentro das localidades,Em pleno dia,Sem marcas rodoviárias ou pouco visíveis,Despiste com capotamento,NÃO DEFINIDO,Inexistentes,NÃO DEFINIDO,NÃO DEFINIDO,Inexistentes,Betuminoso,Curva,Em patamar,Sem berma ou impraticável,Em plena via,Direita