Id. Acidente,Datahora,Dia,Mês,Hora,Entidades Fiscalizadoras,Velocidade local,Velocidade geral,Dia da Semana,Latitude GPS,Longitude GPS,Num. Mortos a 30 dias,Num. Feridos graves a 30 dias,Num. Feridos ligeiros a 30 dias,Características Tecnicas1,Cond Aderência,Distrito,Concelho,Freguesia,Pov. Proxima,Nome arruamento,Tipos Vias,Cod Via,Estado Conservação,Km,Factores Atmosféricos,Reg Circulação1,Intersecção Vias,Localizações,Luminosidade,Marca Via,Natureza,Obras Arte,Obstáculos,Sentidos,Sinais,Sinais Luminosos,Tipo Piso,Traçado 1,Traçado 2,Traçado 3,Traçado 4,Via Trânsito
20171154546,2016:05:15 17:10:00,01/15/00,05/01/00,01/01/00,Guarda Nacional Republicana,50.0,50.0,Domingo      ,"39,382951","-8,354703",0,0,1,Estrada sem separador,Com gravilha ou areia,Santarém,Ourem,Nossa Senhora das Misericórdias,SANTO AMARO,Rua de santo Amaro,Arruamento,0,Em estado regular,,Bom tempo,Dois sentidos,Fora da intersecção,Dentro das localidades,Em pleno dia,Sem marcas rodoviárias ou pouco visíveis,Despiste simples,NÃO DEFINIDO,Inexistentes,NÃO DEFINIDO,NÃO DEFINIDO,Inexistentes,Betuminoso,Recta,Em patamar,Sem berma ou impraticável,Na berma,Direita
20191729763,2019:05:29 17:20:00,01/29/00,05/01/00,01/01/00,Guarda Nacional Republicana,120.0,120.0,Quarta-Feira ,"38,715390","-9,276989",0,0,1,Auto-estrada,Seco e limpo,Lisboa,Oeiras,"União das freguesias de Oeiras e São Julião da Barra, Paço de Arcos e Caxias",Oeiras,,A  - Auto-Estrada,A5,Em bom estado,"9,7",Bom tempo,Sentido único,Fora da intersecção,Fora das localidades,Em pleno dia,Com marcas - separadoras de sentido e de vias de trânsito,Colisão lateral com outro veículo em movimento,NÃO DEFINIDO,Inexistentes,No sentido decrescente da quilometragem,NÃO DEFINIDO,Inexistentes,Betuminoso,Recta,Com inclinação,Berma não pavimentada,Em plena via,Esquerda
2014839751,2014:05:05 11:45:00,01/05/00,05/01/00,01/01/00,Guarda Nacional Republicana,50.0,50.0,Segunda-Feira,"41,222533","-8,122432",0,0,2,Estrada sem separador,Seco e limpo,Porto,Felgueiras,Margaride (Santa Eulália),,Rua D Afonso Henriques,Arruamento,0,Em bom estado,,Bom tempo,Dois sentidos,Fora da intersecção,Dentro das localidades,Em pleno dia,Com marcas - separadoras de sentido de trânsito,Colisão com outras situações,NÃO DEFINIDO,Inexistentes,NÃO DEFINIDO,NÃO DEFINIDO,Inexistentes,Betuminoso,Recta,Em patamar,Berma pavimentada,Em plena via,Direita
20191735255,2019:05:02 07:45:00,01/02/00,05/01/00,01/01/00,Guarda Nacional Republicana,50.0,50.0,Quinta-Feira ,"41,290390","-8,104646",0,0,1,Estrada sem separador,Seco e limpo,Porto,Amarante,União das freguesias de Freixo de Cima e de Baixo,Freixo de Baixo,,EN - Estrada Nacional,EN15,Em estado regular,"57,1",Bom tempo,Dois sentidos,Fora da intersecção,Dentro das localidades,Em pleno dia,Com marcas - separadoras de sentido de trânsito,Despiste simples,NÃO DEFINIDO,Inexistentes,NÃO DEFINIDO,NÃO DEFINIDO,Inexistentes,Betuminoso,Curva,Com inclinação,Sem berma ou impraticável,Na berma,Direita
2015975162,2015:05:11 11:00:00,01/11/00,05/01/00,01/01/00,Guarda Nacional Republicana,50.0,50.0,Segunda-Feira,"38,646102","-8,984979",0,0,2,Estrada sem separador,Seco e limpo,Setúbal,Moita,Moita,,Estrada de Palmela,Arruamento,0,Em bom estado,,Bom tempo,Dois sentidos,Em entroncamento,Dentro das localidades,Em pleno dia,Sem marcas rodoviárias ou pouco visíveis,Colisão traseira com outro veículo em movimento,NÃO DEFINIDO,Inexistentes,NÃO DEFINIDO,Outros,Inexistentes,Betuminoso,Recta,Em patamar,Berma não pavimentada,Em plena via,Direita
2015975120,2015:05:25 19:15:00,01/25/00,05/01/00,01/01/00,Guarda Nacional Republicana,50.0,50.0,Segunda-Feira,"39,352501","-8,517824",0,0,1,Estrada sem separador,Seco e limpo,Leiria,Porto de Mos,Pedreiras,,Rua do Vale Cheiro,Arruamento,0,Em estado regular,,Bom tempo,Dois sentidos,Fora da intersecção,Dentro das localidades,Em pleno dia,Sem marcas rodoviárias ou pouco visíveis,Atropelamento de peões,NÃO DEFINIDO,Inexistentes,NÃO DEFINIDO,NÃO DEFINIDO,Inexistentes,Betuminoso,Curva,Em patamar,Sem berma ou impraticável,Em plena via,Direita
2014838803,2014:05:21 10:00:00,01/21/00,05/01/00,01/01/00,Guarda Nacional Republicana,50.0,50.0,Quarta-Feira ,"41,424000","-8,471335",0,0,1,Estrada sem separador,Molhado,Viana do Castelo,Viana do Castelo,Portuzelo,Meadela,,EN - Estrada Nacional,EN202,Em bom estado,3.8,Chuva,Dois sentidos,Fora da intersecção,Dentro das localidades,Em pleno dia,Com marcas - separadoras de sentido e de vias de trânsito,Colisão lateral com outro veículo em movimento,NÃO DEFINIDO,Inexistentes,NÃO DEFINIDO,NÃO DEFINIDO,Inexistentes,Betuminoso,Recta,Em patamar,Berma pavimentada,Em plena via,Direita
20161059307,2016:05:07 14:00:00,01/07/00,05/01/00,01/01/00,Polícia de Segurança Pública,50.0,50.0,Sábado       ,"38,520435","-8,896294",0,0,2,Outra via,Com água acumulada na faixa de rodagem,Setúbal,Setubal,"União das freguesias de Setúbal (São Julião, Nossa Senhora da Anunciada e Santa Maria da Graça)",Setúbal,Avenida José Mourinho,Arruamento,0,Em estado regular,,Chuva,Dois sentidos,Em cruzamento,Dentro das localidades,Em pleno dia,Com marcas - separadoras de sentido e de vias de trânsito,Colisão frontal,NÃO DEFINIDO,Inexistentes,No sentido crescente da quilometragem,Stop,Inexistentes,Calçada,Recta,Em patamar,Berma pavimentada,Em plena via,Direita
2011542525,2011:05:10 14:50:00,01/10/00,05/01/00,01/01/00,Guarda Nacional Republicana,50.0,50.0,Terça-Feira  ,,,0,0,1,Estrada sem separador,Seco e limpo,Porto,Pacos de Ferreira,Penamaior,SEROA,VIA PANORAMICA,Arruamento,0,Em bom estado,,Bom tempo,Dois sentidos,Fora da intersecção,Dentro das localidades,Em pleno dia,Com marcas - separadoras de sentido de trânsito,Despiste simples,NÃO DEFINIDO,Inexistentes,NÃO DEFINIDO,NÃO DEFINIDO,Inexistentes,Betuminoso,Recta,Em patamar,Berma pavimentada,Na berma,Direita
20171231646,2017:05:08 12:20:00,01/08/00,05/01/00,01/01/00,Polícia de Segurança Pública,70.0,70.0,Segunda-Feira,"41,442307","-8,307841",0,0,1,Outra via,Seco e limpo,Braga,Guimaraes,Creixomil,Guimarães,,EN - Estrada Nacional,EN105,Em bom estado,46,Bom tempo,Sentido único,Fora da intersecção,Dentro das localidades,Em pleno dia,Com marcas - separadoras de sentido e de vias de trânsito,Despiste com capotamento,NÃO DEFINIDO,Inexistentes,No sentido crescente da quilometragem,Outros,Inexistentes,Betuminoso,Recta,Com inclinação,Berma pavimentada,Em plena via,Direita
2014794879,2014:05:01 10:20:00,01/01/00,05/01/00,01/01/00,Polícia de Segurança Pública,50.0,50.0,Quinta-Feira ,"38,726421","-9,128543",0,0,3,Estrada sem separador,Seco e limpo,Lisboa,Lisboa,Penha de França,,Avenida General Roçadas,Arruamento,0,Em estado regular,,Bom tempo,Dois sentidos,Fora da intersecção,Dentro das localidades,Em pleno dia,Com marcas - separadoras de sentido de trânsito,Colisão lateral com outro veículo em movimento,NÃO DEFINIDO,Inexistentes,NÃO DEFINIDO,Outros,Inexistentes,Betuminoso,Recta,Em patamar,Berma pavimentada,Em plena via,Direita
20171151825,2016:05:04 09:10:00,01/04/00,05/01/00,01/01/00,Guarda Nacional Republicana,50.0,50.0,Quarta-Feira ,"39,188834","-8,552535",0,0,1,Estrada sem separador,Seco e limpo,Santarém,Rio Maior,Rio Maior,RIO MAIOR,,EN - Estrada Nacional,EN114,Em bom estado,"49,8",Bom tempo,Dois sentidos,Fora da intersecção,Dentro das localidades,Em pleno dia,Com marcas - separadoras de sentido de trânsito,Colisão com outras situações,NÃO DEFINIDO,Inexistentes,NÃO DEFINIDO,Outros,Inexistentes,Betuminoso,Recta,Em patamar,Berma não pavimentada,Em plena via,Direita
20171266745,2017:05:19 15:00:00,01/19/00,05/01/00,01/01/00,Guarda Nacional Republicana,90.0,90.0,Sexta-Feira  ,"38,801838","-8,812904",0,0,1,Estrada sem separador,Seco e limpo,Santarém,Benavente,Samora Correia,Samora Correia,,EN - Estrada Nacional,EN119,Em bom estado,16,Bom tempo,Dois sentidos,Fora da intersecção,Fora das localidades,Em pleno dia,Com marcas - separadoras de sentido de trânsito,Colisão lateral com outro veículo em movimento,NÃO DEFINIDO,Inexistentes,NÃO DEFINIDO,NÃO DEFINIDO,Inexistentes,Betuminoso,Recta,Em patamar,Sem berma ou impraticável,Em plena via,Direita
2013716953,2013:05:30 18:25:00,01/30/00,05/01/00,01/01/00,Guarda Nacional Republicana,50.0,50.0,Quinta-Feira ,"41,281798","-08,212308",1,0,0,Estrada sem separador,Seco e limpo,Braga,Guimaraes,Sande (Vila Nova),Sande Vila Nova,,EN - Estrada Nacional,EN310,Em bom estado,16.0,Bom tempo,Dois sentidos,Fora da intersecção,Dentro das localidades,Em pleno dia,Sem marcas rodoviárias ou pouco visíveis,Atropelamento de peões,NÃO DEFINIDO,Inexistentes,NÃO DEFINIDO,NÃO DEFINIDO,Inexistentes,Betuminoso,Recta,Em patamar,Sem berma ou impraticável,Em plena via,Direita
2011540385,2011:05:12 14:50:00,01/12/00,05/01/00,01/01/00,Guarda Nacional Republicana,50.0,50.0,Quinta-Feira ,,,0,0,1,Estrada sem separador,Seco e limpo,Setúbal,Barreiro,Santo António da Charneca,PENALVA,R DA MACHADA,Arruamento,0,Em estado regular,,Bom tempo,Dois sentidos,NÃO DEFINIDO,Dentro das localidades,Em pleno dia,Sem marcas rodoviárias ou pouco visíveis,Despiste com colisão com veículo imobil. ou obstáculo,NÃO DEFINIDO,NÃO DEFINIDO,NÃO DEFINIDO,NÃO DEFINIDO,Inexistentes,Betuminoso,Recta,Em patamar,Berma não pavimentada,Na berma,Direita
20181446069,2018:05:25 07:25:00,01/25/00,05/01/00,01/01/00,Guarda Nacional Republicana,50.0,50.0,Sexta-Feira  ,"38,773012","-9,355249",0,0,3,Estrada sem separador,Seco e limpo,Lisboa,Sintra,"União das freguesias de Sintra (Santa Maria e São Miguel, São Martinho e São Pedro de Penaferrim)",Sintra,Avenida dos Combatentes,Arruamento,0,Em bom estado,,Bom tempo,Dois sentidos,Fora da intersecção,Dentro das localidades,Em pleno dia,Sem marcas rodoviárias ou pouco visíveis,Colisão frontal,NÃO DEFINIDO,Inexistentes,NÃO DEFINIDO,NÃO DEFINIDO,Inexistentes,Betuminoso,Recta,Em patamar,Berma pavimentada,Em plena via,Direita
2011540731,2011:05:12 17:40:00,01/12/00,05/01/00,01/01/00,Guarda Nacional Republicana,50.0,50.0,Quinta-Feira ,"38,90180","9,18987",0,0,1,Estrada sem separador,Seco e limpo,Lisboa,Loures,Lousa,LOUSA,R DR CATANHO MENEZES,Arruamento,0,Em bom estado,,Bom tempo,Dois sentidos,Fora da intersecção,Dentro das localidades,Em pleno dia,Com marcas - separadoras de sentido de trânsito,Colisão traseira com outro veículo em movimento,NÃO DEFINIDO,Inexistentes,NÃO DEFINIDO,Outros,Inexistentes,Betuminoso,Recta,Com inclinação,Berma não pavimentada,Em plena via,Direita
2015977039,2015:05:22 08:50:00,01/22/00,05/01/00,01/01/00,Guarda Nacional Republicana,50.0,50.0,Sexta-Feira  ,"41,170517","-8,404665",0,0,1,Estrada sem separador,Seco e limpo,Porto,Vila do Conde,Vilar de Pinheiro,,,EN - Estrada Nacional,EN13,Em bom estado,13.4,Bom tempo,Dois sentidos,Fora da intersecção,Dentro das localidades,Em pleno dia,Com marcas - separadoras de sentido de trânsito,Colisão traseira com outro veículo em movimento,NÃO DEFINIDO,Inexistentes,NÃO DEFINIDO,NÃO DEFINIDO,Inexistentes,Betuminoso,Recta,Em patamar,Berma pavimentada,Na berma,Direita
2010457070,2010:05:31 00:30:00,01/31/00,05/01/00,01/01/00,Polícia de Segurança Pública,40.0,40.0,Segunda-Feira,"0,00","0,00",0,0,2,Outra via,Húmido,Lisboa,Lisboa,Benfica,,Avenida General Norton de Matos,Arruamento,0,Em estado regular,,Bom tempo,Sentido único,Em entroncamento,Dentro das localidades,"Noite, com iluminação",Com marcas - separadoras de sentido de trânsito,Colisão traseira com outro veículo em movimento,NÃO DEFINIDO,Correctamente sinalizados,NÃO DEFINIDO,Outros,Inexistentes,Betuminoso,Recta,Com inclinação,Berma pavimentada,Em plena via,Direita
20181416422,2018:05:22 08:50:00,01/22/00,05/01/00,01/01/00,Polícia de Segurança Pública,50.0,50.0,Terça-Feira  ,38.7274468,-9.137854,0,0,1,Estrada sem separador,Seco e limpo,Lisboa,Lisboa,Arroios,Lisboa,Rua Jacinta Marto                                                                                   ,Arruamento,0,Em bom estado,,Bom tempo,Dois sentidos,Em entroncamento,Dentro das localidades,Em pleno dia,Com marcas - separadoras de sentido e de vias de trânsito,Colisão lateral com outro veículo em movimento,NÃO DEFINIDO,Inexistentes,NÃO DEFINIDO,Outros,A funcionar normalmente,Betuminoso,Recta,Com inclinação,Berma pavimentada,Em plena via,Esquerda
20181406317,2018:05:03 23:20:00,01/03/00,05/01/00,01/01/00,Guarda Nacional Republicana,50.0,50.0,Quinta-Feira ,"41,643663","-7,559673",0,3,0,Estrada sem separador,Seco e limpo,Vila Real,Chaves,"Vidago (União das freguesias de Vidago, Arcossó, Selhariz e Vilarinho das Paranheiras)",Vidago,,EM - Estrada Municipal,0,Em bom estado,22,Bom tempo,Sentido único,Fora da intersecção,Dentro das localidades,"Noite, com iluminação",Sem marcas rodoviárias ou pouco visíveis,Colisão frontal,NÃO DEFINIDO,Inexistentes,NÃO DEFINIDO,NÃO DEFINIDO,Inexistentes,Terra batida,Curva,Em patamar,Sem berma ou impraticável,Em plena via,Direita
2014837674,2014:05:18 21:50:00,01/18/00,05/01/00,01/01/00,Guarda Nacional Republicana,120.0,120.0,Domingo      ,"38,846138","-9,091042",0,0,2,Auto-estrada,Seco e limpo,Lisboa,Loures,"União das freguesias de Santa Iria de Azoia, São João da Talha e Bobadela",Santa Iria Azóia,,A  - Auto-Estrada,A1,Em bom estado,7.3,Bom tempo,Sentido único,Fora da intersecção,Fora das localidades,"Noite, sem iluminação",Com marcas - separadoras de sentido e de vias de trânsito,Colisão traseira com outro veículo em movimento,NÃO DEFINIDO,Inexistentes,No sentido decrescente da quilometragem,NÃO DEFINIDO,Inexistentes,Betuminoso,Recta,Em patamar,Berma pavimentada,Em plena via,Esquerda
20161059994,2016:05:01 12:25:00,01/01/00,05/01/00,01/01/00,Polícia de Segurança Pública,50.0,50.0,Domingo      ,"41,016988","-8,617854",0,0,1,Estrada sem separador,Seco e limpo,Aveiro,Espinho,União das freguesias de Anta e Guetim,,Rua Idanha                                                                                          ,Arruamento,0,Em estado regular,,Bom tempo,Dois sentidos,Em entroncamento,Dentro das localidades,Em pleno dia,Sem marcas rodoviárias ou pouco visíveis,Colisão lateral com outro veículo em movimento,NÃO DEFINIDO,Inexistentes,NÃO DEFINIDO,NÃO DEFINIDO,Inexistentes,Betuminoso,Recta,Em patamar,Berma pavimentada,Em plena via,Direita
2013731092,2013:05:24 18:00:00,01/24/00,05/01/00,01/01/00,Guarda Nacional Republicana,40.0,50.0,Sexta-Feira  ,"39,482936","-08,493507",0,0,2,Estrada sem separador,Com gravilha ou areia,Leiria,Leiria,Regueira de Pontes,Matoeira,Rua do Outeiro Gaião,Arruamento,0,Em estado regular,,Bom tempo,Dois sentidos,Fora da intersecção,Dentro das localidades,Em pleno dia,Sem marcas rodoviárias ou pouco visíveis,Despiste simples,NÃO DEFINIDO,Inexistentes,NÃO DEFINIDO,NÃO DEFINIDO,Inexistentes,Betuminoso,Curva,Com inclinação,Sem berma ou impraticável,Em plena via,Direita
2010465489,2010:05:05 08:40:00,01/05/00,05/01/00,01/01/00,Guarda Nacional Republicana,50.0,50.0,Quarta-Feira ,,,0,0,1,Estrada sem separador,Seco e limpo,Porto,Felgueiras,Margaride (Santa Eulália),,R FREI LUCAS TEIXEIRA,Arruamento,0,Em estado regular,,Bom tempo,Dois sentidos,Fora da intersecção,Dentro das localidades,Em pleno dia,Sem marcas rodoviárias ou pouco visíveis,Atropelamento de peões,NÃO DEFINIDO,Inexistentes,NÃO DEFINIDO,NÃO DEFINIDO,Inexistentes,Betuminoso,Recta,Em patamar,Berma pavimentada,Em plena via,Direita
20171151523,2016:05:02 15:30:00,01/02/00,05/01/00,01/01/00,Guarda Nacional Republicana,30.0,30.0,Segunda-Feira,"41,381985","-8,354985",0,1,0,Estrada sem separador,Com gravilha ou areia,Braga,Barcelos,Panque,RUA DE QUETOME - PANQUE - BARCELOS,Rua de Quetóme,Arruamento,0,Em mau estado,,Bom tempo,Dois sentidos,Fora da intersecção,Dentro das localidades,Em pleno dia,Sem marcas rodoviárias ou pouco visíveis,Despiste com capotamento,NÃO DEFINIDO,Inexistentes,NÃO DEFINIDO,Outros,Inexistentes,Terra batida,Curva,Com inclinação,Sem berma ou impraticável,Em plena via,Direita
2012605401,2012:05:04 10:10:00,01/04/00,05/01/00,01/01/00,Polícia de Segurança Pública,50.0,50.0,Sexta-Feira  ,"0,00","0,00",0,0,1,Estrada sem separador,Seco e limpo,Setúbal,Setubal,Setúbal (São Julião),Setúbal,Avenida Luísa Todi                                                                                  ,Arruamento,0,Em bom estado,,Bom tempo,Sentido único,Em entroncamento,Dentro das localidades,Em pleno dia,Com marcas - separadoras de sentido de trânsito,Colisão lateral com outro veículo em movimento,NÃO DEFINIDO,Inexistentes,NÃO DEFINIDO,Cedência de passagem,Inexistentes,Betuminoso,Recta,Em patamar,Berma pavimentada,Em plena via,Direita
20171232525,2017:05:18 15:30:00,01/18/00,05/01/00,01/01/00,Polícia de Segurança Pública,50.0,50.0,Quinta-Feira ,"38,631737","-9,162678",0,0,1,Estrada sem separador,Seco e limpo,Setúbal,Seixal,Corroios,Vale de Milhaços,Rua Abel Manta                                                                                      ,Arruamento,0,Em estado regular,,Bom tempo,Dois sentidos,Fora da intersecção,Dentro das localidades,Em pleno dia,Com marcas - separadoras de sentido e de vias de trânsito,Colisão com outras situações,NÃO DEFINIDO,Inexistentes,NÃO DEFINIDO,Outros,Inexistentes,Betuminoso,Recta,Em patamar,Berma pavimentada,Em plena via,Direita
2011530727,2011:05:07 03:00:00,01/07/00,05/01/00,01/01/00,Polícia de Segurança Pública,100.0,100.0,Sábado       ,"0,00","0,00",0,0,1,Outra via,Húmido,Lisboa,Sintra,Cacém,Vale Mourão,,IC - Itinerário Complementar,IC19,Em estado regular,,Chuva,Dois sentidos,Fora da intersecção,Fora das localidades,"Noite, com iluminação",Com marcas - separadoras de sentido e de vias de trânsito,Despiste com capotamento,NÃO DEFINIDO,Correctamente sinalizados,No sentido crescente da quilometragem,Outros,Inexistentes,Betuminoso,Curva,Em patamar,Berma pavimentada,Em plena via,Direita
2010462712,2010:05:06 14:50:00,01/06/00,05/01/00,01/01/00,Guarda Nacional Republicana,50.0,50.0,Quinta-Feira ,,,0,1,0,Estrada sem separador,Seco e limpo,Braga,Vila Verde,Geme,,LUG DO CRUZEIRO - GEME,Arruamento,0,Em bom estado,,Bom tempo,Dois sentidos,Fora da intersecção,Dentro das localidades,Em pleno dia,Com marcas - separadoras de sentido de trânsito,Despiste simples,NÃO DEFINIDO,Inexistentes,NÃO DEFINIDO,Outros,Inexistentes,Betuminoso,Recta,Com inclinação,Berma pavimentada,Na berma,Direita
20181414319,2018:05:20 01:00:00,01/20/00,05/01/00,01/01/00,Guarda Nacional Republicana,50.0,50.0,Domingo      ,"40,560065","-8,488272",0,0,1,Estrada sem separador,Com gravilha ou areia,Aveiro,Agueda,União das freguesias de Travassô e Óis da Ribeira,Aveiro,RUA DO LUGAR,Arruamento,0,Em estado regular,,Bom tempo,Dois sentidos,Fora da intersecção,Dentro das localidades,"Noite, sem iluminação",Com marcas - separadoras de sentido de trânsito,Despiste com capotamento,NÃO DEFINIDO,Inexistentes,NÃO DEFINIDO,Proibição de ultrapassagem,Inexistentes,Betão de cimento,Curva,Com inclinação,Sem berma ou impraticável,Na berma,Direita
2015974912,2015:05:09 15:10:00,01/09/00,05/01/00,01/01/00,Guarda Nacional Republicana,50.0,50.0,Sábado       ,"40,242716","-7,431881",0,0,1,Estrada sem separador,Seco e limpo,Guarda,Seia,"União das freguesias de Seia, São Romão e Lapa dos Dinheiros",,Avª Manuel Francisco Camelo,Arruamento,0,Em estado regular,,Bom tempo,Dois sentidos,Fora da intersecção,Dentro das localidades,Em pleno dia,Sem marcas rodoviárias ou pouco visíveis,Atropelamento de peões,NÃO DEFINIDO,Inexistentes,NÃO DEFINIDO,NÃO DEFINIDO,Inexistentes,Betuminoso,Recta,Em patamar,Berma pavimentada,Em plena via,Direita
20181402718,2018:05:11 02:40:00,01/11/00,05/01/00,01/01/00,Guarda Nacional Republicana,50.0,50.0,Sexta-Feira  ,"40,123536","-8,517034",0,1,0,Estrada sem separador,Seco e limpo,Coimbra,Condeixa-a-Nova,União das freguesias de Sebal e Belide,Condeixa-a-Nova,,EM - Estrada Municipal,0,Em bom estado,,Bom tempo,Dois sentidos,Em entroncamento,Dentro das localidades,"Noite, com iluminação",Com marcas - separadoras de sentido de trânsito,Despiste com capotamento,NÃO DEFINIDO,Inexistentes,NÃO DEFINIDO,NÃO DEFINIDO,Inexistentes,Betuminoso,Recta,Em patamar,Berma pavimentada,Na berma,Direita
2010464816,2010:05:25 22:45:00,01/25/00,05/01/00,01/01/00,Guarda Nacional Republicana,50.0,50.0,Terça-Feira  ,"39,26371","9,07590",0,0,2,Estrada sem separador,Seco e limpo,Leiria,Caldas da Rainha,Tornada,TORNADA,R DOS ARNEIROS,Arruamento,0,Em bom estado,,Bom tempo,Dois sentidos,Fora da intersecção,Dentro das localidades,"Noite, com iluminação",Com marcas - separadoras de sentido de trânsito,Despiste simples,NÃO DEFINIDO,Inexistentes,NÃO DEFINIDO,Outros,Inexistentes,Betuminoso,Recta,Em patamar,Berma pavimentada,Em plena via,Direita
20171166864,2016:05:24 20:30:00,01/24/00,05/01/00,01/01/00,Polícia de Segurança Pública,50.0,50.0,Terça-Feira  ,"37,104898","-8,675614",0,0,1,Estrada sem separador,Seco e limpo,Faro,Lagos,União das freguesias de Lagos (São Sebastião e Santa Maria),,Rua do Cemitério,Arruamento,0,Em estado regular,,Bom tempo,Sentido único,Em entroncamento,Dentro das localidades,Aurora ou crepúsculo,Sem marcas rodoviárias ou pouco visíveis,Despiste com transposição do dispositivo de retenção lateral,NÃO DEFINIDO,Inexistentes,NÃO DEFINIDO,Outros,Inexistentes,Betuminoso,Curva,Em patamar,Berma pavimentada,Em plena via,Direita
20181404281,2018:05:13 07:30:00,01/13/00,05/01/00,01/01/00,Guarda Nacional Republicana,50.0,70.0,Domingo      ,"37,090286","-8,260171",1,0,0,Estrada sem separador,Seco e limpo,Faro,Albufeira,Albufeira e Olhos de Água,Albufeira,,EM - Estrada Municipal,0,Em bom estado,,Bom tempo,Sentido único,Fora da intersecção,Dentro das localidades,Sol escandeante,Com marcas - separadoras de sentido e de vias de trânsito,Atropelamento de peões,NÃO DEFINIDO,Inexistentes,NÃO DEFINIDO,Passagem de peões,Inexistentes,Betuminoso,Recta,Em patamar,Berma pavimentada,Em plena via,Direita
20171156238,2016:05:25 11:30:00,01/25/00,05/01/00,01/01/00,Guarda Nacional Republicana,50.0,50.0,Quarta-Feira ,"41,208551","-8,089500",0,0,1,Estrada sem separador,Seco e limpo,Porto,Felgueiras,União das freguesias de Macieira da Lixa e Caramos,MACIEIRA DA LIXA,RUA DAS CRUZES,Arruamento,0,Em bom estado,,Bom tempo,Dois sentidos,Em entroncamento,Dentro das localidades,Em pleno dia,Sem marcas rodoviárias ou pouco visíveis,Colisão lateral com outro veículo em movimento,NÃO DEFINIDO,Inexistentes,NÃO DEFINIDO,Stop,Inexistentes,Betuminoso,Recta,Em patamar,Berma pavimentada,Em plena via,Direita
2011539323,2011:05:06 11:10:00,01/06/00,05/01/00,01/01/00,Guarda Nacional Republicana,50.0,50.0,Sexta-Feira  ,,,1,0,0,Estrada sem separador,Seco e limpo,Viana do Castelo,Viana do Castelo,Castelo do Neiva,,AV DA PRAIA,Arruamento,0,Em estado regular,,Bom tempo,Dois sentidos,Fora da intersecção,Dentro das localidades,Em pleno dia,Sem marcas rodoviárias ou pouco visíveis,Atropelamento de peões,NÃO DEFINIDO,Inexistentes,NÃO DEFINIDO,NÃO DEFINIDO,Inexistentes,Calçada,Recta,Em patamar,Sem berma ou impraticável,Em plena via,Direita
20181409907,2018:05:18 08:27:00,01/18/00,05/01/00,01/01/00,Polícia de Segurança Pública,50.0,50.0,Sexta-Feira  ,"0,0","0,0",0,0,1,Estrada sem separador,Seco e limpo,Braga,Braga,"União das freguesias de Braga (Maximinos, Sé e Cividade)",,Avenida Orfãos de São Caetano                                                                       ,Arruamento,0,Em bom estado,,Bom tempo,Dois sentidos,Em entroncamento,Dentro das localidades,Em pleno dia,Com marcas - separadoras de sentido e de vias de trânsito,Atropelamento de peões,NÃO DEFINIDO,Inexistentes,NÃO DEFINIDO,Stop,Inexistentes,Betuminoso,Curva,Com inclinação,Sem berma ou impraticável,Em plena via,Direita
2012618691,2012:05:07 12:00:00,01/07/00,05/01/00,01/01/00,Guarda Nacional Republicana,50.0,100.0,Segunda-Feira,"40,332258","-8,228497",0,0,2,Outra via,Molhado,Viseu,Mortagua,Almaça,ALMAÇA,,IP- Itinerário Principal,IP3,Em estado regular,70.8,Chuva,Sentido único,Fora da intersecção,Fora das localidades,Em pleno dia,Com marcas - separadoras de sentido de trânsito,Colisão traseira com outro veículo em movimento,NÃO DEFINIDO,Correctamente sinalizados,No sentido decrescente da quilometragem,Outros,A funcionar normalmente,Betuminoso,Recta,Com inclinação,Berma pavimentada,Em plena via,Direita
2015940626,2015:05:16 12:15:00,01/16/00,05/01/00,01/01/00,Polícia de Segurança Pública,50.0,50.0,Sábado       ,"38,790558","-9,176270",0,0,2,Outra via,Com gravilha ou areia,Lisboa,Odivelas,Odivelas,Odivelas,Rua Guilherme Gomes Fernandes                                                                       ,Arruamento,0,Em estado regular,,Bom tempo,Sentido único,Fora da intersecção,Dentro das localidades,"Noite, com iluminação",Com marcas - separadoras de sentido e de vias de trânsito,Despiste sem dispositivo de retenção,NÃO DEFINIDO,Não sinalizados,No sentido decrescente da quilometragem,Outros,A funcionar normalmente,Betuminoso,Recta,Com inclinação,Berma pavimentada,Em plena via,Direita
2011542260,2011:05:31 20:08:00,01/31/00,05/01/00,01/01/00,Guarda Nacional Republicana,50.0,50.0,Terça-Feira  ,,,0,0,1,Outra via,Seco e limpo,Porto,Maia,Moreira,P MOREIRA,,EN - Estrada Nacional,EN13,Em bom estado,7.9,Bom tempo,Sentido único,Em rotunda,Dentro das localidades,Em pleno dia,Sem marcas rodoviárias ou pouco visíveis,Colisão lateral com outro veículo em movimento,NÃO DEFINIDO,Inexistentes,No sentido crescente da quilometragem,Outros,Inexistentes,Betuminoso,Curva,Em patamar,Berma pavimentada,Em plena via,Direita
2011539530,2011:05:21 18:20:00,01/21/00,05/01/00,01/01/00,Guarda Nacional Republicana,50.0,50.0,Sábado       ,,,1,0,0,Estrada sem separador,Seco e limpo,Leiria,Leiria,Monte Redondo,MONTIJOS - MONTE REDONDO,R AGOSTINHO DOMINGOS,Arruamento,0,Em estado regular,,Bom tempo,Dois sentidos,Fora da intersecção,Dentro das localidades,Em pleno dia,Sem marcas rodoviárias ou pouco visíveis,Despiste simples,NÃO DEFINIDO,Inexistentes,NÃO DEFINIDO,NÃO DEFINIDO,Inexistentes,Betuminoso,Recta,Com inclinação,Sem berma ou impraticável,Em plena via,Direita