Id. Acidente,Datahora,Dia,Mês,Hora,Entidades Fiscalizadoras,Velocidade local,Velocidade geral,Dia da Semana,Latitude GPS,Longitude GPS,Num. Mortos a 30 dias,Num. Feridos graves a 30 dias,Num. Feridos ligeiros a 30 dias,Características Tecnicas1,Cond Aderência,Distrito,Concelho,Freguesia,Pov. Proxima,Nome arruamento,Tipos Vias,Cod Via,Estado Conservação,Km,Factores Atmosféricos,Reg Circulação1,Intersecção Vias,Localizações,Luminosidade,Marca Via,Natureza,Obras Arte,Obstáculos,Sentidos,Sinais,Sinais Luminosos,Tipo Piso,Traçado 1,Traçado 2,Traçado 3,Traçado 4,Via Trânsito
2015974504,2015:05:07 07:30:00,01/07/00,05/01/00,01/01/00,Guarda Nacional Republicana,90.0,90.0,Quinta-Feira ,"39,488465","-8,537306",0,0,1,Estrada sem separador,Seco e limpo,Leiria,Leiria,Monte Real,Serra de Porto Urso,,EM - Estrada Municipal,EM1183,Em bom estado,,Bom tempo,Dois sentidos,Fora da intersecção,Dentro das localidades,Em pleno dia,Sem marcas rodoviárias ou pouco visíveis,Despiste simples,NÃO DEFINIDO,Inexistentes,NÃO DEFINIDO,NÃO DEFINIDO,Inexistentes,Betuminoso,Recta,Em patamar,Sem berma ou impraticável,Na berma,Direita
20171154240,2016:05:13 18:45:00,01/13/00,05/01/00,01/01/00,Guarda Nacional Republicana,50.0,50.0,Sexta-Feira  ,"41,230786","-8,307426",0,0,1,Estrada sem separador,Seco e limpo,Braga,Vila Nova de Famalicao,União das freguesias de Esmeriz e Cabeçudos,ESMERIZ,Av.ª Dr. Carlos Bacelar,Arruamento,0,Em estado regular,,Bom tempo,Dois sentidos,Fora da intersecção,Dentro das localidades,Em pleno dia,Sem marcas rodoviárias ou pouco visíveis,Despiste simples,NÃO DEFINIDO,Inexistentes,NÃO DEFINIDO,NÃO DEFINIDO,Inexistentes,Betuminoso,Recta,Em patamar,Berma pavimentada,Na berma,Direita
20191731430,2019:05:23 19:45:00,01/23/00,05/01/00,01/01/00,Guarda Nacional Republicana,50.0,50.0,Quinta-Feira ,"39,801770","-8,766667",0,0,3,Estrada sem separador,Seco e limpo,Leiria,Leiria,Milagres,Milagres,Rua Principal 457,Arruamento,0,Em estado regular,,Bom tempo,Dois sentidos,Em entroncamento,Dentro das localidades,"Noite, com iluminação",Com marcas - separadoras de sentido de trânsito,Colisão lateral com outro veículo em movimento,NÃO DEFINIDO,Inexistentes,NÃO DEFINIDO,NÃO DEFINIDO,Inexistentes,Betuminoso,Recta,Em patamar,Sem berma ou impraticável,Em plena via,Direita
2015974695,2015:05:02 13:00:00,01/02/00,05/01/00,01/01/00,Guarda Nacional Republicana,50.0,50.0,Sábado       ,"41,370376","-8,478576",0,0,1,Estrada sem separador,Húmido,Viana do Castelo,Viana do Castelo,Castelo do Neiva,,Avª de Moldes,Arruamento,0,Em mau estado,,Chuva,Dois sentidos,Fora da intersecção,Dentro das localidades,Em pleno dia,Sem marcas rodoviárias ou pouco visíveis,Despiste simples,NÃO DEFINIDO,Correctamente sinalizados,NÃO DEFINIDO,NÃO DEFINIDO,Inexistentes,Betuminoso,Recta,Em patamar,Berma pavimentada,Em plena via,Direita
2011540384,2011:05:01 10:30:00,01/01/00,05/01/00,01/01/00,Guarda Nacional Republicana,90.0,90.0,Domingo      ,"37,978087","-8,695180",0,0,1,Estrada sem separador,Seco e limpo,Setúbal,Santiago do Cacem,Santiago do Cacém,ALDEIA DOS CHAOS,,EN - Estrada Nacional,EN120,Em estado regular,52.135,Bom tempo,Dois sentidos,Fora da intersecção,Fora das localidades,Em pleno dia,Com marcas - separadoras de sentido de trânsito,Despiste com capotamento,NÃO DEFINIDO,Inexistentes,NÃO DEFINIDO,Proibição de ultrapassagem,Inexistentes,Betuminoso,Curva,Em patamar,Berma não pavimentada,Em plena via,Direita
2013686154,2013:05:22 10:00:00,01/22/00,05/01/00,01/01/00,Polícia de Segurança Pública,50.0,50.0,Quarta-Feira ,"0,00","0,00",0,0,1,Estrada sem separador,Seco e limpo,Vila Real,Chaves,Santa Maria Maior,,Rua Santo António,Arruamento,0,Em bom estado,,Bom tempo,Sentido único,Fora da intersecção,Dentro das localidades,Em pleno dia,Sem marcas rodoviárias ou pouco visíveis,Atropelamento de peões,NÃO DEFINIDO,Inexistentes,NÃO DEFINIDO,NÃO DEFINIDO,Inexistentes,Calçada,Recta,Com inclinação,Berma pavimentada,No passeio,Direita
2015975935,2015:05:28 09:00:00,01/28/00,05/01/00,01/01/00,Guarda Nacional Republicana,,50.0,Quinta-Feira ,"41,345410","-8,162212",0,0,1,Estrada sem separador,Seco e limpo,Braga,Povoa de Lanhoso,Póvoa de Lanhoso (N Senhora do Ampa,,Avª 25 de Abril,Arruamento,0,Em bom estado,,Bom tempo,Sentido único,Fora da intersecção,Dentro das localidades,Em pleno dia,Com marcas - separadoras de sentido de trânsito,Atropelamento de peões,NÃO DEFINIDO,Inexistentes,NÃO DEFINIDO,Passagem de peões,Inexistentes,Betuminoso,Recta,Em patamar,Berma pavimentada,Em plena via,Direita
20171151934,2016:05:04 18:25:00,01/04/00,05/01/00,01/01/00,Guarda Nacional Republicana,50.0,50.0,Quarta-Feira ,"41,099657","-7,476404",0,0,1,Estrada sem separador,Seco e limpo,Vila Real,Peso da Regua,União das freguesias de Peso da Régua e Godim,PESO DA RÉGUA,Doutor António da Fonseca Almeida,Arruamento,0,Em estado regular,,Bom tempo,Dois sentidos,Fora da intersecção,Dentro das localidades,Em pleno dia,Sem marcas rodoviárias ou pouco visíveis,Atropelamento de peões,NÃO DEFINIDO,Inexistentes,NÃO DEFINIDO,NÃO DEFINIDO,Inexistentes,Betuminoso,Recta,Com inclinação,Berma pavimentada,Em plena via,Direita
20171157089,2016:05:30 10:30:00,01/30/00,05/01/00,01/01/00,Guarda Nacional Republicana,90.0,90.0,Segunda-Feira,"39,236278","-9,166803",0,0,2,Estrada sem separador,Seco e limpo,Leiria,Bombarral,União das freguesias do Bombarral e Vale Covo,Vale Covo,,EN - Estrada Nacional,EN8,Em estado regular,"68,3",Bom tempo,Dois sentidos,Fora da intersecção,Fora das localidades,Em pleno dia,Com marcas - separadoras de sentido de trânsito,Colisão traseira com outro veículo em movimento,NÃO DEFINIDO,Inexistentes,NÃO DEFINIDO,NÃO DEFINIDO,Inexistentes,Betuminoso,Curva,Em patamar,Berma pavimentada,Em plena via,Direita
2012619773,2012:05:25 15:30:00,01/25/00,05/01/00,01/01/00,Guarda Nacional Republicana,50.0,50.0,Sexta-Feira  ,"39,10729","8,14399",0,0,1,Estrada sem separador,Seco e limpo,Portalegre,Ponte de Sor,Foros de Arrão,FOROS DE ARRAO,AV LIBERDADE,Arruamento,0,Em bom estado,,Bom tempo,Dois sentidos,Fora da intersecção,Dentro das localidades,Em pleno dia,Sem marcas rodoviárias ou pouco visíveis,Atropelamento de peões,NÃO DEFINIDO,Inexistentes,NÃO DEFINIDO,NÃO DEFINIDO,Inexistentes,Betuminoso,Recta,Em patamar,Sem berma ou impraticável,Em plena via,Direita
20161063482,2016:05:13 12:30:00,01/13/00,05/01/00,01/01/00,Polícia de Segurança Pública,90.0,70.0,Sexta-Feira  ,"0,0","0,0",0,0,2,Outra via,Molhado,Coimbra,Coimbra,"União das freguesias de Coimbra (Sé Nova, Santa Cruz, Almedina e São Bartolomeu)",,,IC - Itinerário Complementar,IC2,Em bom estado,"191,4",Chuva,Dois sentidos,Fora da intersecção,Dentro das localidades,Em pleno dia,Com marcas - separadoras de sentido e de vias de trânsito,Despiste com dispositivo de retenção,Viaduto/Ponte,Inexistentes,No sentido crescente da quilometragem,NÃO DEFINIDO,Inexistentes,Betuminoso,Curva,Em patamar,Berma pavimentada,Em plena via,Esquerda
2015941551,2015:05:27 18:30:00,01/27/00,05/01/00,01/01/00,Polícia de Segurança Pública,50.0,50.0,Quarta-Feira ,"38,799578","-9,338155",0,0,1,Estrada sem separador,Seco e limpo,Lisboa,Sintra,Algueirão-Mem Martins,Algueirão,Rua da Tapada,Arruamento,0,Em estado regular,,Bom tempo,Dois sentidos,Em cruzamento,Dentro das localidades,Em pleno dia,Com marcas - separadoras de sentido e de vias de trânsito,Colisão lateral com outro veículo em movimento,NÃO DEFINIDO,Inexistentes,NÃO DEFINIDO,Stop,Inexistentes,Betuminoso,Recta,Em patamar,Sem berma ou impraticável,Em plena via,Direita
20181405599,2018:05:10 21:25:00,01/10/00,05/01/00,01/01/00,Guarda Nacional Republicana,50.0,50.0,Quinta-Feira ,"39,453942","-8,031845",0,0,1,Estrada sem separador,Seco e limpo,Santarém,Abrantes,União das freguesias de Alvega e Concavada,Monte Galego,Rua Sá da Bandeira,Arruamento,0,Em bom estado,,Bom tempo,Dois sentidos,Fora da intersecção,Dentro das localidades,"Noite, com iluminação",Sem marcas rodoviárias ou pouco visíveis,Despiste simples,NÃO DEFINIDO,Inexistentes,NÃO DEFINIDO,NÃO DEFINIDO,Inexistentes,Betuminoso,Recta,Com inclinação,Berma não pavimentada,Na berma,Direita
2012617548,2012:05:19 16:30:00,01/19/00,05/01/00,01/01/00,Guarda Nacional Republicana,50.0,50.0,Sábado       ,"41,10714",,1,1,0,Estrada sem separador,Seco e limpo,Porto,Marco de Canaveses,Tabuado,OLIVEIRA,R DE OLIVEIRA,Arruamento,0,Em estado regular,,Bom tempo,Dois sentidos,Fora da intersecção,Dentro das localidades,Em pleno dia,Sem marcas rodoviárias ou pouco visíveis,Despiste simples,NÃO DEFINIDO,Inexistentes,NÃO DEFINIDO,Outros,Inexistentes,Betuminoso,Curva,Em patamar,Berma não pavimentada,Na berma,Direita
2010463681,2010:05:07 13:40:00,01/07/00,05/01/00,01/01/00,Guarda Nacional Republicana,50.0,50.0,Sexta-Feira  ,"41,612665","-8,242988",0,0,1,Estrada sem separador,Molhado,Braga,Povoa de Lanhoso,Frades,,,EN - Estrada Nacional,EN103,Em bom estado,60.3,Chuva,Dois sentidos,Fora da intersecção,Dentro das localidades,Em pleno dia,Com marcas - separadoras de sentido e de vias de trânsito,Despiste com capotamento,NÃO DEFINIDO,Inexistentes,NÃO DEFINIDO,Outros,Inexistentes,Betuminoso,Curva,Em patamar,Sem berma ou impraticável,Em plena via,Direita
2012609817,2012:05:23 11:30:00,01/23/00,05/01/00,01/01/00,Polícia de Segurança Pública,50.0,50.0,Quarta-Feira ,"0,00","0,00",0,0,2,Estrada sem separador,Húmido,Coimbra,Coimbra,Coimbra (Santa Cruz),,Rua Aveiro                                                                                          ,Arruamento,0,Em estado regular,,Bom tempo,Sentido único,Fora da intersecção,Dentro das localidades,Em pleno dia,Com marcas - separadoras de sentido e de vias de trânsito,Colisão com veiculo ou obstáculo na faixa de rodagem,NÃO DEFINIDO,Inexistentes,NÃO DEFINIDO,NÃO DEFINIDO,Inexistentes,Betuminoso,Curva,Com inclinação,Berma pavimentada,Em plena via,Esquerda
2011541333,2011:05:22 14:40:00,01/22/00,05/01/00,01/01/00,Guarda Nacional Republicana,90.0,90.0,Domingo      ,,,0,0,4,Estrada sem separador,Seco e limpo,Bragança,Torre de Moncorvo,Adeganha,JUNQUEIRA,,EN - Estrada Nacional,EN102,Em bom estado,51.0,Bom tempo,Dois sentidos,Fora da intersecção,Fora das localidades,Em pleno dia,Com marcas - separadoras de sentido de trânsito,Despiste com capotamento,NÃO DEFINIDO,Inexistentes,NÃO DEFINIDO,Outros,Inexistentes,Betuminoso,Recta,Em patamar,Sem berma ou impraticável,Na berma,Direita
20181416625,2018:05:23 09:20:00,01/23/00,05/01/00,01/01/00,Guarda Nacional Republicana,50.0,50.0,Quarta-Feira ,"41,878418","-8,810116",0,0,1,Estrada sem separador,Seco e limpo,Viana do Castelo,Caminha,Seixas,Seixas,Avenida de Santo António - Coura de Seixas,Arruamento,0,Em bom estado,,Bom tempo,Dois sentidos,Fora da intersecção,Dentro das localidades,Em pleno dia,Com marcas - separadoras de sentido de trânsito,Despiste simples,NÃO DEFINIDO,Inexistentes,NÃO DEFINIDO,NÃO DEFINIDO,Inexistentes,Betuminoso,Curva,Em patamar,Berma não pavimentada,Em plena via,Direita
20171232039,2017:05:21 03:04:00,01/21/00,05/01/00,01/01/00,Polícia de Segurança Pública,50.0,50.0,Domingo      ,"38,718457","-9,144077",0,0,1,Outra via,Seco e limpo,Lisboa,Lisboa,Santo António,,Avenida Liberdade,Arruamento,0,Em estado regular,,Bom tempo,Dois sentidos,Em cruzamento,Dentro das localidades,"Noite, com iluminação",Com marcas - separadoras de sentido de trânsito,Colisão lateral com outro veículo em movimento,NÃO DEFINIDO,Inexistentes,No sentido crescente da quilometragem,Outros,A funcionar normalmente,Betuminoso,Recta,Em patamar,Berma pavimentada,Em plena via,Esquerda
2015975701,2015:05:10 04:10:00,01/10/00,05/01/00,01/01/00,Guarda Nacional Republicana,50.0,50.0,Domingo      ,"38,496627","-9,250736",0,0,1,Estrada sem separador,Seco e limpo,Lisboa,Sintra,Sintra (São Martinho),Janas,Estrada de Janas,Arruamento,0,Em bom estado,,Bom tempo,Dois sentidos,Fora da intersecção,Dentro das localidades,"Noite, com iluminação",Com marcas - separadoras de sentido de trânsito,Despiste com colisão com veículo imobil. ou obstáculo,NÃO DEFINIDO,Inexistentes,NÃO DEFINIDO,NÃO DEFINIDO,Inexistentes,Betuminoso,Curva,Em patamar,Berma não pavimentada,Na berma,Direita
20171152340,2016:05:05 22:25:00,01/05/00,05/01/00,01/01/00,Guarda Nacional Republicana,120.0,120.0,Quinta-Feira ,"40,008929","-8,359634",0,0,1,Auto-estrada,Molhado,Leiria,Pombal,Redinha,REDINHA,,A  - Auto-Estrada,A1,Em bom estado,"164,95",Chuva,Sentido único,Fora da intersecção,Fora das localidades,"Noite, sem iluminação",Com marcas - separadoras de sentido e de vias de trânsito,Colisão traseira com outro veículo em movimento,NÃO DEFINIDO,Inexistentes,No sentido crescente da quilometragem,Outros,Inexistentes,Betuminoso,Curva,Em patamar,Berma pavimentada,Em plena via,Esquerda
2012619770,2012:05:19 13:00:00,01/19/00,05/01/00,01/01/00,Guarda Nacional Republicana,90.0,90.0,Sábado       ,,,0,0,1,Estrada sem separador,Seco e limpo,Portalegre,Ponte de Sor,Tramaga,CANSADO,,EN - Estrada Nacional,EN2,Em bom estado,442.567,Bom tempo,Dois sentidos,Fora da intersecção,Fora das localidades,Em pleno dia,Com marcas - separadoras de sentido de trânsito,Despiste com colisão com veículo imobil. ou obstáculo,NÃO DEFINIDO,Inexistentes,NÃO DEFINIDO,NÃO DEFINIDO,Inexistentes,Betuminoso,Recta,Em patamar,Berma não pavimentada,Na berma,Direita
2012609456,2012:05:23 19:00:00,01/23/00,05/01/00,01/01/00,Polícia de Segurança Pública,50.0,50.0,Quarta-Feira ,"0,00","0,00",0,0,1,Outra via,Húmido,Braga,Braga,Braga (Maximinos),,Praça Condestável,Arruamento,0,Em estado regular,,Bom tempo,Dois sentidos,Em rotunda,Dentro das localidades,Em pleno dia,Com marcas - separadoras de sentido e de vias de trânsito,Colisão com outras situações,NÃO DEFINIDO,Inexistentes,NÃO DEFINIDO,Outros,Inexistentes,Betuminoso,Curva,Com inclinação,Berma pavimentada,Em plena via,Direita
2014836487,2014:05:09 07:25:00,01/09/00,05/01/00,01/01/00,Guarda Nacional Republicana,90.0,90.0,Sexta-Feira  ,"40,772297","-7,740639",0,0,1,Estrada sem separador,Seco e limpo,Viseu,Vila Nova de Paiva,Queiriga,Lousadela,,EN - Estrada Nacional,EN329,Em bom estado,7.4,Bom tempo,Dois sentidos,Fora da intersecção,Fora das localidades,Em pleno dia,Com marcas - separadoras de sentido de trânsito,Despiste com capotamento,NÃO DEFINIDO,Inexistentes,NÃO DEFINIDO,Outros,Inexistentes,Betuminoso,Recta,Com inclinação,Berma pavimentada,Em plena via,Direita
2012617928,2012:05:15 21:40:00,01/15/00,05/01/00,01/01/00,Guarda Nacional Republicana,50.0,50.0,Terça-Feira  ,"40,603839","-8,620113",0,0,1,Estrada sem separador,Seco e limpo,Aveiro,Aveiro,Nossa Senhora de Fátima,MAMODEIRO,,EN - Estrada Nacional,EN235,Em estado regular,3.5,Bom tempo,Dois sentidos,Em via de aceleração,Dentro das localidades,"Noite, com iluminação",Com marcas - separadoras de sentido de trânsito,Despiste sem dispositivo de retenção,NÃO DEFINIDO,Inexistentes,NÃO DEFINIDO,Proibição de ultrapassagem,Inexistentes,Betuminoso,Recta,Em patamar,Berma pavimentada,Na berma,Direita
2010465603,2010:05:18 10:10:00,01/18/00,05/01/00,01/01/00,Guarda Nacional Republicana,90.0,90.0,Terça-Feira  ,"38,660401","-9,190861",0,0,1,Outra via,Seco e limpo,Setúbal,Almada,Sobreda,,,IC - Itinerário Complementar,IC20,Em bom estado,2.8,Bom tempo,Sentido único,Fora da intersecção,Fora das localidades,Em pleno dia,Com marcas - separadoras de sentido e de vias de trânsito,Despiste com dispositivo de retenção,NÃO DEFINIDO,Inexistentes,No sentido decrescente da quilometragem,Outros,Inexistentes,Betuminoso,Recta,Com inclinação,Berma pavimentada,Em plena via,Central
20171264299,2017:05:07 15:40:00,01/07/00,05/01/00,01/01/00,Guarda Nacional Republicana,50.0,50.0,Domingo      ,"41,196860","-8,080354",0,0,1,Estrada sem separador,Seco e limpo,Porto,Felgueiras,União das freguesias de Vila Cova da Lixa e Borba de Godim,Borba de godim,Rua de Vilar - Borba de Godim,Arruamento,0,Em estado regular,,Bom tempo,Dois sentidos,Fora da intersecção,Dentro das localidades,Em pleno dia,Sem marcas rodoviárias ou pouco visíveis,Despiste simples,NÃO DEFINIDO,Inexistentes,NÃO DEFINIDO,NÃO DEFINIDO,Inexistentes,Betuminoso,Recta,Com inclinação,Berma pavimentada,Em plena via,Direita
20191678284,2019:05:21 18:55:00,01/21/00,05/01/00,01/01/00,Polícia de Segurança Pública,50.0,50.0,Terça-Feira  ,"0,0","0,0",0,0,1,Estrada sem separador,Seco e limpo,Porto,Vila Nova de Gaia,União das freguesias de Gulpilhares e Valadares,,Rua de Belide - Vila Nova de Gaia,Arruamento,0,Em bom estado,,Bom tempo,Dois sentidos,Fora da intersecção,Dentro das localidades,Em pleno dia,Sem marcas rodoviárias ou pouco visíveis,Despiste sem dispositivo de retenção,NÃO DEFINIDO,Inexistentes,NÃO DEFINIDO,NÃO DEFINIDO,Inexistentes,Betuminoso,Recta,Em Lomba,Sem berma ou impraticável,Em plena via,Direita
20161064240,2016:05:18 19:05:00,01/18/00,05/01/00,01/01/00,Polícia de Segurança Pública,50.0,50.0,Quarta-Feira ,"38,742476","-9,136580",0,0,1,Outra via,Seco e limpo,Lisboa,Lisboa,Areeiro,,Avenida João XXI                                                                                    ,Arruamento,0,Em bom estado,,Bom tempo,Dois sentidos,Fora da intersecção,Dentro das localidades,Em pleno dia,Com marcas - separadoras de sentido e de vias de trânsito,Atropelamento de peões,NÃO DEFINIDO,Inexistentes,No sentido crescente da quilometragem,Passagem de peões,Inexistentes,Betuminoso,Recta,Em patamar,Sem berma ou impraticável,Em plena via,Esquerda
2014799631,2014:05:10 12:35:00,01/10/00,05/01/00,01/01/00,Polícia de Segurança Pública,50.0,50.0,Sábado       ,"38,695486","-9,453287",0,0,1,Estrada sem separador,NÃO DEFINIDO,Lisboa,Cascais,União das freguesias de Cascais e Estoril,Guincho,Avenida Nossa Senhora Cabo                                                                          ,Arruamento,0,Em bom estado,,Bom tempo,Dois sentidos,Fora da intersecção,Dentro das localidades,Em pleno dia,Com marcas - separadoras de sentido de trânsito,Colisão lateral com outro veículo em movimento,NÃO DEFINIDO,Inexistentes,NÃO DEFINIDO,Outros,Inexistentes,Betuminoso,Recta,Com inclinação,Berma pavimentada,Em plena via,Direita
2015975490,2015:05:18 20:15:00,01/18/00,05/01/00,01/01/00,Guarda Nacional Republicana,50.0,50.0,Segunda-Feira,"41,570691","-7,054988",0,0,1,Estrada sem separador,Seco e limpo,Bragança,Mirandela,Alvites,Vale de Lagoa,Rua da Igreja,Arruamento,0,Em mau estado,,Bom tempo,Dois sentidos,Em cruzamento,Dentro das localidades,Aurora ou crepúsculo,Sem marcas rodoviárias ou pouco visíveis,Atropelamento de peões,NÃO DEFINIDO,Inexistentes,NÃO DEFINIDO,Outros,Inexistentes,Calçada,Curva,Com inclinação,Sem berma ou impraticável,Em plena via,Direita
20191724569,2019:06:18 16:30:00,01/18/00,06/01/00,01/01/00,Guarda Nacional Republicana,50.0,50.0,Terça-Feira  ,"39,678660","-8,835158",0,0,2,Estrada sem separador,Húmido,Leiria,Batalha,Batalha,Santo Antão,,IC - Itinerário Complementar,IC2,Em estado regular,"114,7",Chuva,Sentido único,Fora da intersecção,Dentro das localidades,Em pleno dia,Com marcas - separadoras de sentido de trânsito,Colisão traseira com outro veículo em movimento,NÃO DEFINIDO,Inexistentes,NÃO DEFINIDO,Outros,A funcionar normalmente,Betuminoso,Recta,Em patamar,Berma pavimentada,Em plena via,Direita
20191725990,2019:06:12 22:30:00,01/12/00,06/01/00,01/01/00,Guarda Nacional Republicana,90.0,90.0,Quarta-Feira ,"37,212540","-8,542466",0,0,1,Estrada sem separador,Seco e limpo,Faro,Portimao,Portimão,Rasmalho -. Portimão,,EN - Estrada Nacional,EN266,Em estado regular,"58,4",Bom tempo,Dois sentidos,Fora da intersecção,Fora das localidades,"Noite, sem iluminação",Com marcas - separadoras de sentido de trânsito,Atropelamento de animais,NÃO DEFINIDO,Inexistentes,NÃO DEFINIDO,NÃO DEFINIDO,Inexistentes,Betuminoso,Recta,Em patamar,Berma pavimentada,Em plena via,Direita
20191714766,2019:06:16 01:30:00,01/16/00,06/01/00,01/01/00,Polícia de Segurança Pública,50.0,50.0,Domingo      ,"38,758677","-9,250675",0,0,1,Estrada sem separador,Seco e limpo,Lisboa,Sintra,União das freguesias de Queluz e Belas,Queluz,Avenida José Elias Garcia                                                                           ,Arruamento,0,Em estado regular,,Bom tempo,Dois sentidos,Fora da intersecção,Dentro das localidades,"Noite, com iluminação",Sem marcas rodoviárias ou pouco visíveis,Despiste com colisão com veículo imobil. ou obstáculo,NÃO DEFINIDO,Inexistentes,NÃO DEFINIDO,Outros,Inexistentes,Calçada,Recta,Em patamar,Berma pavimentada,Em plena via,Direita
20171161826,2016:06:13 16:50:00,01/13/00,06/01/00,01/01/00,Guarda Nacional Republicana,50.0,50.0,Segunda-Feira,"37,046646","-8,065346",0,0,1,Estrada sem separador,Seco e limpo,Faro,Loule,Quarteira,ESTRADA DE QUARTEIRA,"Estrada de Quarteira, Vilamoura",Arruamento,0,Em estado regular,,Bom tempo,Dois sentidos,Fora da intersecção,Dentro das localidades,Em pleno dia,Com marcas - separadoras de sentido e de vias de trânsito,Colisão traseira com outro veículo em movimento,NÃO DEFINIDO,Inexistentes,NÃO DEFINIDO,Passagem de peões,Inexistentes,Betuminoso,Recta,Em patamar,Berma pavimentada,Em plena via,Direita
2011538081,2011:06:28 13:40:00,01/28/00,06/01/00,01/01/00,Polícia de Segurança Pública,50.0,50.0,Terça-Feira  ,"0,00","0,00",0,0,1,Outra via,Seco e limpo,Guarda,Guarda,São Miguel da Guarda,,Avenida São Miguel                                                                                  ,Arruamento,0,Em bom estado,,Bom tempo,Dois sentidos,NÃO DEFINIDO,Dentro das localidades,Em pleno dia,Sem marcas rodoviárias ou pouco visíveis,Atropelamento de peões,NÃO DEFINIDO,Inexistentes,NÃO DEFINIDO,Passagem de peões,Inexistentes,Calçada,Recta,Em patamar,Sem berma ou impraticável,Em plena via,Direita
20171278915,2017:06:30 19:10:00,01/30/00,06/01/00,01/01/00,Guarda Nacional Republicana,90.0,90.0,Sexta-Feira  ,"38,161568","-8,537436",0,1,1,Estrada sem separador,Seco e limpo,Setúbal,Grandola,União das freguesias de Grândola e Santa Margarida da Serra,Grândola,,IC - Itinerário Complementar,IC1,Em bom estado,"594,176",Bom tempo,Dois sentidos,Em entroncamento,Fora das localidades,Em pleno dia,Com marcas - separadoras de sentido e de vias de trânsito,Colisão traseira com outro veículo em movimento,NÃO DEFINIDO,Inexistentes,NÃO DEFINIDO,NÃO DEFINIDO,Inexistentes,Betuminoso,Recta,Em patamar,Berma pavimentada,Em plena via,Direita
2015943296,2015:06:05 16:20:00,01/05/00,06/01/00,01/01/00,Polícia de Segurança Pública,50.0,50.0,Sexta-Feira  ,"38,765853","-9,182774",0,0,1,Estrada sem separador,Seco e limpo,Lisboa,Lisboa,Carnide,,Avenida Cidade de Praga                                                                             ,Arruamento,0,Em bom estado,,Bom tempo,Sentido único,Em cruzamento,Dentro das localidades,Em pleno dia,Com marcas - separadoras de sentido e de vias de trânsito,Colisão lateral com outro veículo em movimento,NÃO DEFINIDO,Inexistentes,NÃO DEFINIDO,Outros,A funcionar normalmente,Betuminoso,Recta,Com inclinação,Berma pavimentada,Em plena via,Esquerda
20171277631,2017:06:24 15:50:00,01/24/00,06/01/00,01/01/00,Guarda Nacional Republicana,50.0,50.0,Sábado       ,"41,567800","-8,531404",0,0,1,Estrada sem separador,Seco e limpo,Braga,Barcelos,Lama,Lama,,EN - Estrada Nacional,EN205,Em estado regular,"31,985",Bom tempo,Dois sentidos,Em cruzamento,Dentro das localidades,Em pleno dia,Com marcas - separadoras de sentido de trânsito,Colisão lateral com outro veículo em movimento,NÃO DEFINIDO,Inexistentes,NÃO DEFINIDO,Outros,Inexistentes,Betuminoso,Recta,Em patamar,Berma pavimentada,Em plena via,Direita
2011546283,2011:06:08 18:15:00,01/08/00,06/01/00,01/01/00,Guarda Nacional Republicana,50.0,,Quarta-Feira ,,,0,0,1,Estrada sem separador,Seco e limpo,Santarém,Torres Novas,Riachos,RIACHOS,R BENÇAO DO GADO,Arruamento,0,Em estado regular,,Bom tempo,Dois sentidos,Fora da intersecção,Dentro das localidades,Em pleno dia,Com marcas - separadoras de sentido de trânsito,Colisão lateral com outro veículo em movimento,NÃO DEFINIDO,Inexistentes,NÃO DEFINIDO,NÃO DEFINIDO,Inexistentes,Betuminoso,Recta,Em patamar,Berma não pavimentada,Em plena via,Direita
20191715095,2019:06:29 10:00:00,01/29/00,06/01/00,01/01/00,Polícia de Segurança Pública,50.0,50.0,Sábado       ,"0,0","0,0",0,0,1,Estrada sem separador,Seco e limpo,Lisboa,Oeiras,Barcarena,Barcarena,Rua 7 de Junho                                                                                      ,Arruamento,0,Em estado regular,,Bom tempo,Dois sentidos,Fora da intersecção,Dentro das localidades,Em pleno dia,Com marcas - separadoras de sentido de trânsito,Colisão com veiculo ou obstáculo na faixa de rodagem,NÃO DEFINIDO,Inexistentes,NÃO DEFINIDO,Cedência de passagem,Inexistentes,Betuminoso,Recta,Em patamar,Sem berma ou impraticável,Em plena via,Direita
20171269664,2017:06:21 22:00:00,01/21/00,06/01/00,01/01/00,Polícia de Segurança Pública,50.0,50.0,Quarta-Feira ,"38,759810","-9,329406",0,0,1,Estrada sem separador,Seco e limpo,Lisboa,Sintra,Rio de Mouro,Vale Mourão,Estrada Vale Mourão                                                                                 ,Arruamento,0,Em mau estado,,Bom tempo,Dois sentidos,Fora da intersecção,Dentro das localidades,"Noite, sem iluminação",Sem marcas rodoviárias ou pouco visíveis,Colisão com outras situações,Passagem estreita,Inexistentes,NÃO DEFINIDO,Outros,Inexistentes,Betuminoso,Recta,Em patamar,Sem berma ou impraticável,Em plena via,Direita
2010470238,2010:06:15 07:45:00,01/15/00,06/01/00,01/01/00,Guarda Nacional Republicana,90.0,90.0,Terça-Feira  ,"40,102639","-8,505945",0,0,1,Estrada sem separador,Seco e limpo,Coimbra,Condeixa-a-Nova,Condeixa-a-Velha,CONDEIXA A VELHA,,EN - Estrada Nacional,EN1,Em estado regular,174.025,Bom tempo,NÃO DEFINIDO,Fora da intersecção,Fora das localidades,Em pleno dia,Sem marcas rodoviárias ou pouco visíveis,Despiste com capotamento,NÃO DEFINIDO,Correctamente sinalizados,NÃO DEFINIDO,Outros,Inexistentes,Betuminoso,Recta,Em patamar,Sem berma ou impraticável,Na berma,Direita
2010468437,2010:06:04 16:00:00,01/04/00,06/01/00,01/01/00,Guarda Nacional Republicana,40.0,50.0,Sexta-Feira  ,,,0,0,1,Estrada sem separador,Seco e limpo,Viana do Castelo,Ponte de Lima,Ribeira,REFOIOS,,EN - Estrada Nacional,EN202,Em bom estado,29.3,Bom tempo,Dois sentidos,Fora da intersecção,Dentro das localidades,Em pleno dia,Sem marcas rodoviárias ou pouco visíveis,Colisão frontal,NÃO DEFINIDO,Inexistentes,NÃO DEFINIDO,NÃO DEFINIDO,Inexistentes,Betuminoso,Recta,Em patamar,Berma não pavimentada,Em plena via,Direita