Id. Acidente,Datahora,Dia,Mês,Hora,Entidades Fiscalizadoras,Velocidade local,Velocidade geral,Dia da Semana,Latitude GPS,Longitude GPS,Num. Mortos a 30 dias,Num. Feridos graves a 30 dias,Num. Feridos ligeiros a 30 dias,Características Tecnicas1,Cond Aderência,Distrito,Concelho,Freguesia,Pov. Proxima,Nome arruamento,Tipos Vias,Cod Via,Estado Conservação,Km,Factores Atmosféricos,Reg Circulação1,Intersecção Vias,Localizações,Luminosidade,Marca Via,Natureza,Obras Arte,Obstáculos,Sentidos,Sinais,Sinais Luminosos,Tipo Piso,Traçado 1,Traçado 2,Traçado 3,Traçado 4,Via Trânsito
20161077074,2016:06:21 18:50:00,01/21/00,06/01/00,01/01/00,Polícia de Segurança Pública,50.0,50.0,Terça-Feira  ,"38,728351","-9,156291",0,0,1,Estrada sem separador,Seco e limpo,Lisboa,Lisboa,Avenidas Novas,,Rua Castilho                                                                                        ,Arruamento,0,Em bom estado,,Bom tempo,Dois sentidos,Fora da intersecção,Dentro das localidades,Em pleno dia,Com marcas - separadoras de sentido e de vias de trânsito,Despiste com colisão com veículo imobil. ou obstáculo,NÃO DEFINIDO,Inexistentes,NÃO DEFINIDO,Outros,Inexistentes,Betuminoso,Recta,Com inclinação,Berma pavimentada,Em plena via,Direita
2013741775,2013:06:14 18:15:00,01/14/00,06/01/00,01/01/00,Guarda Nacional Republicana,50.0,50.0,Sexta-Feira  ,"40,275839","-7,449083",0,0,4,Estrada sem separador,Seco e limpo,Guarda,Seia,Tourais,Tourais,,EN - Estrada Nacional,EN231,Em bom estado,35.73,Bom tempo,Dois sentidos,Fora da intersecção,Fora das localidades,Em pleno dia,Com marcas - separadoras de sentido de trânsito,Colisão frontal,NÃO DEFINIDO,Inexistentes,NÃO DEFINIDO,Outros,Inexistentes,Betuminoso,Recta,Em patamar,Berma não pavimentada,Em plena via,Direita
2010459897,2010:06:19 08:15:00,01/19/00,06/01/00,01/01/00,Polícia de Segurança Pública,50.0,50.0,Sábado       ,"0,00","0,00",0,0,1,Estrada sem separador,Húmido,Lisboa,Vila Franca de Xira,Póvoa de Santa Iria,Póvoa de Santa Iria,,EN - Estrada Nacional,EN10,Em estado regular,,Bom tempo,Sentido único,Em rotunda,Dentro das localidades,Em pleno dia,Com marcas - separadoras de sentido e de vias de trânsito,Colisão lateral com outro veículo em movimento,NÃO DEFINIDO,Inexistentes,NÃO DEFINIDO,Cedência de passagem,Inexistentes,Betuminoso,Curva,Em patamar,Berma pavimentada,Em plena via,Direita
20181457857,2018:06:30 10:40:00,01/30/00,06/01/00,01/01/00,Guarda Nacional Republicana,120.0,120.0,Sábado       ,"40,388181","-8,311734",0,0,1,Auto-estrada,Seco e limpo,Aveiro,Albergaria-a-Velha,São João de Loure e Frossos,Febres,,A  - Auto-Estrada,A1,Em bom estado,"242,31",Bom tempo,Sentido único,Fora da intersecção,Fora das localidades,Em pleno dia,Com marcas - separadoras de sentido e de vias de trânsito,Despiste com capotamento,NÃO DEFINIDO,Inexistentes,No sentido crescente da quilometragem,Outros,Inexistentes,Betuminoso,Recta,Com inclinação,Berma pavimentada,No passeio,Direita
2013742514,2013:06:14 00:30:00,01/14/00,06/01/00,01/01/00,Guarda Nacional Republicana,90.0,90.0,Sexta-Feira  ,"39,467550","-8,503840",0,0,1,Estrada sem separador,Seco e limpo,Leiria,Leiria,Amor,Barreiros,,EN - Estrada Nacional,EN349-1,Em estado regular,10.0,Bom tempo,Dois sentidos,Fora da intersecção,Fora das localidades,"Noite, sem iluminação",Sem marcas rodoviárias ou pouco visíveis,Despiste com capotamento,NÃO DEFINIDO,Inexistentes,NÃO DEFINIDO,NÃO DEFINIDO,Inexistentes,Betuminoso,Curva,Em patamar,Berma pavimentada,Na berma,Direita
20161077612,2016:06:21 14:23:00,01/21/00,06/01/00,01/01/00,Polícia de Segurança Pública,50.0,50.0,Terça-Feira  ,"40,631486","-8,651660",0,0,1,Estrada sem separador,Seco e limpo,Aveiro,Aveiro,União das freguesias de Glória e Vera Cruz,,Rua Associação Humanitária dos Bombeiros Voluntários de Aveiro                                      ,Arruamento,0,Em bom estado,,Bom tempo,Dois sentidos,Em entroncamento,Dentro das localidades,Em pleno dia,Com marcas - separadoras de sentido de trânsito,Atropelamento de peões,NÃO DEFINIDO,Inexistentes,NÃO DEFINIDO,NÃO DEFINIDO,A funcionar normalmente,Betuminoso,Recta,Em patamar,Berma pavimentada,Em plena via,Direita
2014849654,2014:06:15 08:50:00,01/15/00,06/01/00,01/01/00,Guarda Nacional Republicana,50.0,50.0,Domingo      ,"39,379113","-8,510606",0,0,2,Estrada sem separador,Seco e limpo,Leiria,Porto de Mos,Calvaria de Cima,São Jorge: EN1/IC2,,EN - Estrada Nacional,EN1,Em bom estado,108.6,Bom tempo,Dois sentidos,Fora da intersecção,Dentro das localidades,Em pleno dia,Com marcas - separadoras de sentido de trânsito,Despiste com capotamento,NÃO DEFINIDO,Inexistentes,NÃO DEFINIDO,NÃO DEFINIDO,Inexistentes,Betuminoso,Recta,Em patamar,Berma pavimentada,Na berma,Direita
2014851205,2014:06:13 11:30:00,01/13/00,06/01/00,01/01/00,Guarda Nacional Republicana,50.0,50.0,Sexta-Feira  ,"40,377296","-7,525908",0,0,2,Estrada sem separador,Seco e limpo,Viseu,Viseu,São João de Lourosa,Coimbrões (zona industrial),,Outra Via,0,Em estado regular,,Bom tempo,Dois sentidos,Em cruzamento,Dentro das localidades,Em pleno dia,Com marcas - separadoras de sentido de trânsito,Colisão lateral com outro veículo em movimento,NÃO DEFINIDO,Inexistentes,NÃO DEFINIDO,Cedência de passagem,Inexistentes,Betuminoso,Recta,Em patamar,Berma pavimentada,Em plena via,Direita
2013694226,2013:06:22 03:53:00,01/22/00,06/01/00,01/01/00,Polícia de Segurança Pública,50.0,50.0,Sábado       ,"0,00","0,00",0,0,1,Estrada sem separador,Seco e limpo,Lisboa,Oeiras,Carnaxide,Carnaxide,Rua Quinta do Paizinho                                                                              ,Arruamento,0,Em estado regular,,Bom tempo,Dois sentidos,Fora da intersecção,Dentro das localidades,"Noite, com iluminação",Sem marcas rodoviárias ou pouco visíveis,Colisão lateral com outro veículo em movimento,NÃO DEFINIDO,Inexistentes,NÃO DEFINIDO,NÃO DEFINIDO,Inexistentes,Betuminoso,Recta,Em patamar,Sem berma ou impraticável,Em plena via,Direita
2014807202,2014:06:03 15:10:00,01/03/00,06/01/00,01/01/00,Polícia de Segurança Pública,50.0,50.0,Terça-Feira  ,"37,024952","-7,943818",0,0,1,Estrada sem separador,Com óleo,Faro,Faro,União das freguesias de Faro (Sé e São Pedro),Rotunda da Cadeia,,EN - Estrada Nacional,EN125,Em bom estado,,Bom tempo,Sentido único,Fora da intersecção,Dentro das localidades,Em pleno dia,Com marcas - separadoras de sentido e de vias de trânsito,Despiste sem dispositivo de retenção,NÃO DEFINIDO,Inexistentes,NÃO DEFINIDO,Outros,Inexistentes,Betuminoso,Curva,Em patamar,Berma pavimentada,Em plena via,Direita
2011535878,2011:06:19 11:00:00,01/19/00,06/01/00,01/01/00,Polícia de Segurança Pública,50.0,50.0,Domingo      ,"0,00","0,00",0,0,2,Estrada sem separador,Húmido,Porto,Vila Nova de Gaia,Vilar do Paraíso,,VL 12,Arruamento,0,Em estado regular,,Bom tempo,Dois sentidos,Fora da intersecção,Dentro das localidades,Em pleno dia,Com marcas - separadoras de sentido e de vias de trânsito,Colisão frontal,NÃO DEFINIDO,Inexistentes,NÃO DEFINIDO,NÃO DEFINIDO,Inexistentes,Betuminoso,Recta,Em patamar,Berma pavimentada,Em plena via,Direita
2012623721,2012:06:30 17:16:00,01/30/00,06/01/00,01/01/00,Guarda Nacional Republicana,50.0,50.0,Sábado       ,"38,567534","-8,935758",0,0,1,Estrada sem separador,Seco e limpo,Setúbal,Palmela,Quinta do Anjo,QUINTA DO ANJO,,EN - Estrada Nacional,EN379,Em estado regular,30.6,Bom tempo,Dois sentidos,Fora da intersecção,Dentro das localidades,Em pleno dia,Com marcas - separadoras de sentido e de vias de trânsito,Colisão traseira com outro veículo em movimento,NÃO DEFINIDO,Inexistentes,NÃO DEFINIDO,NÃO DEFINIDO,Inexistentes,Betuminoso,Recta,Em patamar,Berma pavimentada,Em plena via,Direita
20191726055,2019:06:06 09:11:00,01/06/00,06/01/00,01/01/00,Guarda Nacional Republicana,50.0,50.0,Quinta-Feira ,"37,137600","-8,024573",0,0,1,Estrada sem separador,Seco e limpo,Faro,Loule,Loulé (São Sebastião),São Sebastião - Loulé,Travessa Henrique Menezes - Loulé,Arruamento,0,Em estado regular,,Bom tempo,Sentido único,Em entroncamento,Dentro das localidades,Em pleno dia,Com marcas - separadoras de sentido de trânsito,Atropelamento de peões,NÃO DEFINIDO,Inexistentes,NÃO DEFINIDO,Stop,Inexistentes,Betuminoso,Curva,Em patamar,Berma pavimentada,Em plena via,Direita
2012628520,2012:06:25 10:00:00,01/25/00,06/01/00,01/01/00,Guarda Nacional Republicana,50.0,50.0,Segunda-Feira,"40,12130","8,38555",0,0,2,Estrada sem separador,Seco e limpo,Coimbra,Montemor-o-Velho,Carapinheira,Carapinheira,,EN - Estrada Nacional,EN335,Em bom estado,52.5,Bom tempo,Dois sentidos,Fora da intersecção,Dentro das localidades,Em pleno dia,Com marcas - separadoras de sentido de trânsito,Despiste simples,NÃO DEFINIDO,Inexistentes,NÃO DEFINIDO,NÃO DEFINIDO,Inexistentes,Betuminoso,Curva,Em patamar,Sem berma ou impraticável,Em plena via,Direita
20191721330,2019:06:30 19:30:00,01/30/00,06/01/00,01/01/00,Guarda Nacional Republicana,90.0,90.0,Domingo      ,"39,572230","-7,978435",0,1,2,Estrada sem separador,Seco e limpo,Santarém,Macao,"União das freguesias de Mação, Penhascoso e Aboboreira",Casas da Ribeira,,EM - Estrada Municipal,0,Em estado regular,"0,1",Bom tempo,Dois sentidos,Fora da intersecção,Fora das localidades,Em pleno dia,Sem marcas rodoviárias ou pouco visíveis,Colisão frontal,NÃO DEFINIDO,Inexistentes,NÃO DEFINIDO,NÃO DEFINIDO,Inexistentes,Betuminoso,Curva,Com inclinação,Sem berma ou impraticável,Em plena via,Direita
2011548534,2011:06:15 18:45:00,01/15/00,06/01/00,01/01/00,Guarda Nacional Republicana,50.0,90.0,Quarta-Feira ,"39,54034","9,12130",0,0,1,Estrada sem separador,Seco e limpo,Lisboa,Torres Vedras,Ponte do Rol,PONTE DO ROL,R D DINIS - PONTE DO ROL,Arruamento,0,Em mau estado,,Bom tempo,Dois sentidos,Fora da intersecção,Dentro das localidades,Em pleno dia,Sem marcas rodoviárias ou pouco visíveis,Colisão traseira com outro veículo em movimento,NÃO DEFINIDO,Inexistentes,NÃO DEFINIDO,Outros,Inexistentes,Betuminoso,Recta,Com inclinação,Sem berma ou impraticável,Em plena via,Direita
2013742175,2013:06:29 10:00:00,01/29/00,06/01/00,01/01/00,Guarda Nacional Republicana,50.0,50.0,Sábado       ,"40,579816","-8,377400",0,0,1,Estrada sem separador,Seco e limpo,Aveiro,Ovar,Esmoriz,Esmoriz,Avª 29 de Março,Arruamento,0,Em bom estado,,Bom tempo,Dois sentidos,Fora da intersecção,Dentro das localidades,Em pleno dia,Com marcas - separadoras de sentido de trânsito,Colisão com veiculo ou obstáculo na faixa de rodagem,NÃO DEFINIDO,Inexistentes,NÃO DEFINIDO,NÃO DEFINIDO,Inexistentes,Betuminoso,Recta,Em patamar,Sem berma ou impraticável,Em plena via,Direita
20171275400,2017:06:13 19:45:00,01/13/00,06/01/00,01/01/00,Guarda Nacional Republicana,50.0,50.0,Terça-Feira  ,"41,192345","-8,324379",0,0,2,Estrada sem separador,Seco e limpo,Porto,Penafiel,Guilhufe e Urrô,Porto,Avenida da Fábrica - Guilhufe,Arruamento,0,Em estado regular,,Bom tempo,Dois sentidos,Fora da intersecção,Dentro das localidades,Em pleno dia,Com marcas - separadoras de sentido de trânsito,Colisão frontal,NÃO DEFINIDO,Inexistentes,NÃO DEFINIDO,NÃO DEFINIDO,Inexistentes,Betuminoso,Recta,Com inclinação,Berma pavimentada,Em plena via,Direita
20171273275,2017:06:03 19:30:00,01/03/00,06/01/00,01/01/00,Guarda Nacional Republicana,50.0,90.0,Sábado       ,"37,135245","-8,459916",0,0,2,Estrada sem separador,Seco e limpo,Faro,Lagoa (Algarve),União das freguesias de Lagoa e Carvoeiro,Lagoa,,EN - Estrada Nacional,EN125,Em mau estado,50,Bom tempo,Dois sentidos,Fora da intersecção,Dentro das localidades,Em pleno dia,Sem marcas rodoviárias ou pouco visíveis,Colisão traseira com outro veículo em movimento,NÃO DEFINIDO,Insuficentemente sinalizados,NÃO DEFINIDO,Outros,Inexistentes,Betuminoso,Recta,Em patamar,Berma pavimentada,Em plena via,Direita
2010470419,2010:06:19 19:55:00,01/19/00,06/01/00,01/01/00,Guarda Nacional Republicana,70.0,,Sábado       ,,,0,0,1,Estrada sem separador,Seco e limpo,Setúbal,Almada,Costa da Caparica,COSTRA DE CAPARICA,EST MATAS NACIONAIS JUNTO PRAIA DO REI,Arruamento,0,Em estado regular,,Bom tempo,Dois sentidos,Fora da intersecção,Dentro das localidades,Em pleno dia,Com marcas - separadoras de sentido de trânsito,Colisão com fuga,NÃO DEFINIDO,Inexistentes,NÃO DEFINIDO,Outros,Inexistentes,Betuminoso,Recta,Em patamar,Sem berma ou impraticável,Em plena via,Direita
20171273422,2017:06:04 18:15:00,01/04/00,06/01/00,01/01/00,Guarda Nacional Republicana,50.0,90.0,Domingo      ,"40,424231","-8,585885",0,0,2,Estrada sem separador,Seco e limpo,Coimbra,Cantanhede,União das freguesias de Covões e Camarneira,campanas,,EN - Estrada Nacional,EN335,Em estado regular,"24,9",Bom tempo,Dois sentidos,Em rotunda,Fora das localidades,Em pleno dia,Sem marcas rodoviárias ou pouco visíveis,Colisão lateral com outro veículo em movimento,NÃO DEFINIDO,Inexistentes,NÃO DEFINIDO,Cedência de passagem,Inexistentes,Betuminoso,Curva,Em patamar,Sem berma ou impraticável,Em plena via,Direita
20161081329,2016:06:28 22:30:00,01/28/00,06/01/00,01/01/00,Polícia de Segurança Pública,50.0,50.0,Terça-Feira  ,"38,541432","-8,893569",0,0,1,Estrada sem separador,Seco e limpo,Setúbal,Setubal,"União das freguesias de Setúbal (São Julião, Nossa Senhora da Anunciada e Santa Maria da Graça)",Setúbal,Avenida Dom Pedro V                                                                                 ,Arruamento,0,Em bom estado,,Bom tempo,Dois sentidos,Em entroncamento,Dentro das localidades,"Noite, com iluminação",Sem marcas rodoviárias ou pouco visíveis,Colisão choque em cadeia,NÃO DEFINIDO,Inexistentes,NÃO DEFINIDO,NÃO DEFINIDO,Inexistentes,Betuminoso,Curva,Com inclinação,Sem berma ou impraticável,Em plena via,Direita
2010470578,2010:06:26 12:10:00,01/26/00,06/01/00,01/01/00,Guarda Nacional Republicana,80.0,120.0,Sábado       ,"38,922349","-9,215334",0,0,1,Auto-estrada,Seco e limpo,Lisboa,Mafra,Venda do Pinheiro,VENDA PINHEIRO,,A  - Auto-Estrada,A8,Em mau estado,18.6,Bom tempo,Sentido único,Em via de aceleração,Fora das localidades,Em pleno dia,Com marcas - separadoras de sentido de trânsito,Despiste simples,NÃO DEFINIDO,Correctamente sinalizados,No sentido decrescente da quilometragem,Outros,Inexistentes,Betuminoso,Recta,Em patamar,Berma pavimentada,Em plena via,Direita
2012623423,2012:06:07 08:25:00,01/07/00,06/01/00,01/01/00,Guarda Nacional Republicana,120.0,120.0,Quinta-Feira ,"40,284549","-8,478194",1,0,2,Auto-estrada,Molhado,Coimbra,Coimbra,Vil de Matos,VILA DE MATOS,,A  - Auto-Estrada,A1,Em bom estado,198.759,Chuva,Sentido único,Fora da intersecção,Fora das localidades,Em pleno dia,Com marcas - separadoras de sentido e de vias de trânsito,Colisão traseira com outro veículo em movimento,NÃO DEFINIDO,Inexistentes,No sentido crescente da quilometragem,Outros,Inexistentes,Betuminoso,Recta,Com inclinação,Berma pavimentada,Em plena via,Direita
2011535540,2011:06:08 17:40:00,01/08/00,06/01/00,01/01/00,Polícia de Segurança Pública,80.0,80.0,Quarta-Feira ,"0,00","0,00",0,0,3,Estrada sem separador,Seco e limpo,Lisboa,Vila Franca de Xira,Vila Franca de Xira,,,EN - Estrada Nacional,EN10,Em bom estado,,Bom tempo,Dois sentidos,Fora da intersecção,Dentro das localidades,Em pleno dia,Com marcas - separadoras de sentido de trânsito,Colisão com outras situações,NÃO DEFINIDO,Inexistentes,NÃO DEFINIDO,NÃO DEFINIDO,Inexistentes,Betuminoso,Recta,Em patamar,Berma pavimentada,Em plena via,Direita
20171162563,2016:06:16 17:30:00,01/16/00,06/01/00,01/01/00,Guarda Nacional Republicana,50.0,50.0,Quinta-Feira ,"41,333011","-8,348700",0,0,1,Estrada sem separador,Seco e limpo,Braga,Barcelos,Galegos (Santa Maria),GALEGOS (SANTA MARIA),Rua do Feital,Arruamento,0,Em bom estado,,Bom tempo,Dois sentidos,Fora da intersecção,Dentro das localidades,Em pleno dia,Sem marcas rodoviárias ou pouco visíveis,Colisão lateral com outro veículo em movimento,NÃO DEFINIDO,Inexistentes,NÃO DEFINIDO,NÃO DEFINIDO,Inexistentes,Betuminoso,Recta,Em patamar,Berma pavimentada,Em plena via,Direita
20171275895,2017:06:16 09:45:00,01/16/00,06/01/00,01/01/00,Guarda Nacional Republicana,50.0,50.0,Sexta-Feira  ,"41,047578","-8,489583",0,0,2,Estrada sem separador,Seco e limpo,Aveiro,Santa Maria da Feira,"União das freguesias de Canedo, Vale e Vila Maior",Varzea,Rua do Centro Social,Arruamento,0,Em estado regular,,Bom tempo,Dois sentidos,Em entroncamento,Dentro das localidades,Em pleno dia,Com marcas - separadoras de sentido de trânsito,Colisão com outras situações,NÃO DEFINIDO,Inexistentes,NÃO DEFINIDO,Stop,Inexistentes,Betuminoso,Recta,Com inclinação,Berma pavimentada,Em plena via,Direita
2012628620,2012:06:27 11:45:00,01/27/00,06/01/00,01/01/00,Guarda Nacional Republicana,50.0,50.0,Quarta-Feira ,,,0,0,1,Estrada sem separador,Seco e limpo,Porto,Vila do Conde,Árvore,,Rua Nossa Senhora de Fátima,Arruamento,0,Em bom estado,,Bom tempo,Reversível,Em entroncamento,Dentro das localidades,Em pleno dia,Com marcas - separadoras de sentido e de vias de trânsito,Colisão lateral com outro veículo em movimento,NÃO DEFINIDO,Inexistentes,NÃO DEFINIDO,Outros,Inexistentes,Calçada,Recta,Em patamar,Berma pavimentada,Em plena via,Direita
2014815349,2014:06:22 00:05:00,01/22/00,06/01/00,01/01/00,Polícia de Segurança Pública,50.0,50.0,Domingo      ,"38,711584","-9,404904",0,0,1,Estrada sem separador,Seco e limpo,Lisboa,Cascais,União das freguesias de Cascais e Estoril,Monte Estoril,Rua Viveiro                                                                                         ,Arruamento,0,Em estado regular,,Bom tempo,Dois sentidos,Fora da intersecção,Dentro das localidades,"Noite, com iluminação",Com marcas - separadoras de sentido de trânsito,Atropelamento com fuga,NÃO DEFINIDO,Inexistentes,NÃO DEFINIDO,NÃO DEFINIDO,Inexistentes,Betuminoso,Recta,Com inclinação,Berma pavimentada,Em plena via,Direita
2015977970,2015:06:03 13:50:00,01/03/00,06/01/00,01/01/00,Guarda Nacional Republicana,50.0,50.0,Quarta-Feira ,"38,366438","-8,553565",0,0,1,Estrada sem separador,Seco e limpo,Setúbal,Palmela,Pinhal Novo,,,EM - Estrada Municipal,EM1029,Em estado regular,,Bom tempo,Dois sentidos,Fora da intersecção,Dentro das localidades,Em pleno dia,Com marcas - separadoras de sentido de trânsito,Despiste com capotamento,NÃO DEFINIDO,Inexistentes,NÃO DEFINIDO,NÃO DEFINIDO,Inexistentes,Betuminoso,Recta,Em patamar,Berma não pavimentada,Em plena via,Direita
2014850142,2014:06:25 09:35:00,01/25/00,06/01/00,01/01/00,Guarda Nacional Republicana,50.0,50.0,Quarta-Feira ,"40,374200","-8,241185",0,0,1,Estrada sem separador,Molhado,Aveiro,Agueda,Valongo do Vouga,Sobreiro,Rua João Lebre Seabra,Arruamento,0,Em estado regular,,Chuva,Dois sentidos,Fora da intersecção,Dentro das localidades,Em pleno dia,Com marcas - separadoras de sentido de trânsito,Despiste simples,NÃO DEFINIDO,Inexistentes,NÃO DEFINIDO,NÃO DEFINIDO,Inexistentes,Betuminoso,Recta,Em patamar,Berma não pavimentada,Na berma,Direita
2015980543,2015:06:14 16:30:00,01/14/00,06/01/00,01/01/00,Guarda Nacional Republicana,50.0,50.0,Domingo      ,"41,223213","-8,113781",0,0,2,Estrada sem separador,Húmido,Porto,Felgueiras,Friande,,Rua Nicolau Coelho,Arruamento,0,Em estado regular,,Chuva,Dois sentidos,Fora da intersecção,Dentro das localidades,Em pleno dia,Sem marcas rodoviárias ou pouco visíveis,Colisão com outras situações,NÃO DEFINIDO,Inexistentes,NÃO DEFINIDO,Outros,Inexistentes,Betuminoso,Curva,Com inclinação,Berma não pavimentada,Em plena via,Direita
2012611274,2012:06:04 08:35:00,01/04/00,06/01/00,01/01/00,Polícia de Segurança Pública,50.0,50.0,Segunda-Feira,"0,00","0,00",0,0,1,Outra via,Seco e limpo,Lisboa,Lisboa,Santa Maria dos Olivais,,Avenida Infante Dom Henrique                                                                        ,Arruamento,0,Em estado regular,,Bom tempo,Dois sentidos,Fora da intersecção,Dentro das localidades,Em pleno dia,Com marcas - separadoras de sentido e de vias de trânsito,Colisão choque em cadeia,NÃO DEFINIDO,Inexistentes,NÃO DEFINIDO,Outros,Inexistentes,Betuminoso,Recta,Em patamar,Sem berma ou impraticável,Em plena via,Direita
20151008009,2015:06:05 07:30:00,01/05/00,06/01/00,01/01/00,Polícia de Segurança Pública,50.0,50.0,Sexta-Feira  ,"40,972730","-8,633822",0,0,2,Estrada sem separador,Seco e limpo,Aveiro,Espinho,<Sem Freguesia>,,Rua da Lavoura,Arruamento,0,Em bom estado,,Bom tempo,Dois sentidos,Em cruzamento,Dentro das localidades,Em pleno dia,Sem marcas rodoviárias ou pouco visíveis,Colisão lateral com outro veículo em movimento,NÃO DEFINIDO,Inexistentes,NÃO DEFINIDO,Stop,Inexistentes,Betuminoso,Recta,Em patamar,Berma pavimentada,Em plena via,Direita
20171274647,2017:06:10 08:10:00,01/10/00,06/01/00,01/01/00,Guarda Nacional Republicana,90.0,90.0,Sábado       ,"38,648820","-7,714924",0,1,0,Estrada sem separador,Seco e limpo,Évora,Evora,São Miguel de Machede,Reguengos de Monsaraz,,EN - Estrada Nacional,EN254,Em bom estado,"34,118",Bom tempo,Dois sentidos,Fora da intersecção,Fora das localidades,Em pleno dia,Com marcas - separadoras de sentido de trânsito,Colisão com fuga,NÃO DEFINIDO,Inexistentes,NÃO DEFINIDO,NÃO DEFINIDO,Inexistentes,Betuminoso,Recta,Com inclinação,Berma pavimentada,Em plena via,Direita
20171274782,2017:06:10 20:40:00,01/10/00,06/01/00,01/01/00,Guarda Nacional Republicana,50.0,50.0,Sábado       ,"39,909213","-8,439801",0,0,1,Estrada sem separador,Seco e limpo,Leiria,Ansiao,Ansião,Ansião,Rua do Vale Mosteiro,Arruamento,0,Em estado regular,,Bom tempo,Dois sentidos,Fora da intersecção,Dentro das localidades,Em pleno dia,Sem marcas rodoviárias ou pouco visíveis,Despiste simples,NÃO DEFINIDO,Inexistentes,NÃO DEFINIDO,NÃO DEFINIDO,Inexistentes,Betuminoso,Recta,Em patamar,Berma pavimentada,Em plena via,Direita
2015943229,2015:06:05 11:00:00,01/05/00,06/01/00,01/01/00,Polícia de Segurança Pública,50.0,50.0,Sexta-Feira  ,"38,767670","-9,257544",0,0,1,Outra via,Seco e limpo,Lisboa,Sintra,União das freguesias de Queluz e Belas,,Rua Carlos Pinhão,Arruamento,0,Em estado regular,,Bom tempo,Sentido único,Fora da intersecção,Dentro das localidades,Em pleno dia,Sem marcas rodoviárias ou pouco visíveis,Atropelamento de peões,NÃO DEFINIDO,Inexistentes,No sentido crescente da quilometragem,Outros,Inexistentes,Betuminoso,Curva,Com inclinação,Sem berma ou impraticável,Em plena via,Direita
2012627352,2012:06:17 11:10:00,01/17/00,06/01/00,01/01/00,Guarda Nacional Republicana,50.0,50.0,Domingo      ,,,0,0,5,Estrada sem separador,Seco e limpo,Vila Real,Santa Marta de Penaguiao,Sever,Sever,Rua de Sever,Arruamento,0,Em bom estado,,Bom tempo,Dois sentidos,Fora da intersecção,Dentro das localidades,Em pleno dia,Com marcas - separadoras de sentido de trânsito,Despiste simples,NÃO DEFINIDO,Inexistentes,NÃO DEFINIDO,Outros,Inexistentes,Betuminoso,Recta,Com inclinação,Berma pavimentada,Na berma,Direita
20181459053,2018:06:25 10:30:00,01/25/00,06/01/00,01/01/00,Polícia de Segurança Pública,50.0,50.0,Segunda-Feira,"38,771815","-9,222961",0,0,1,Outra via,Seco e limpo,Lisboa,Amadora,Mina de Água,Amadora,Avenida Eduardo Malta                                                                               ,Arruamento,0,Em estado regular,,Bom tempo,Dois sentidos,Fora da intersecção,Dentro das localidades,Em pleno dia,Com marcas - separadoras de sentido e de vias de trânsito,Despiste com capotamento,NÃO DEFINIDO,Inexistentes,No sentido decrescente da quilometragem,Outros,Inexistentes,Betuminoso,Curva,Com inclinação,Sem berma ou impraticável,Em plena via,Direita
20181440803,2018:06:19 23:57:00,01/19/00,06/01/00,01/01/00,Guarda Nacional Republicana,90.0,90.0,Terça-Feira  ,"39,174690","-7,337646",0,2,1,Estrada sem separador,Seco e limpo,Portalegre,Arronches,Assunção,Portalegre,,EN - Estrada Nacional,EN246,Em estado regular,"43,825",Bom tempo,Dois sentidos,Fora da intersecção,Fora das localidades,"Noite, sem iluminação",Com marcas - separadoras de sentido de trânsito,Colisão frontal,NÃO DEFINIDO,Inexistentes,NÃO DEFINIDO,Proibição de ultrapassagem,Inexistentes,Betuminoso,Recta,Em patamar,Berma pavimentada,Na berma,Direita
20191711326,2019:06:16 20:00:00,01/16/00,06/01/00,01/01/00,Polícia de Segurança Pública,50.0,50.0,Domingo      ,"0,0","0,0",0,0,1,Estrada sem separador,Seco e limpo,Faro,Lagos,União das freguesias de Lagos (São Sebastião e Santa Maria),Lagos,Avenida República                                                                                   ,Arruamento,0,Em bom estado,,Bom tempo,Dois sentidos,Fora da intersecção,Dentro das localidades,Em pleno dia,Com marcas - separadoras de sentido de trânsito,Colisão traseira com outro veículo em movimento,NÃO DEFINIDO,Inexistentes,NÃO DEFINIDO,Passagem de peões,Inexistentes,Betuminoso,Recta,Com inclinação,Berma pavimentada,Em plena via,Direita
2012627697,2012:06:06 18:20:00,01/06/00,06/01/00,01/01/00,Guarda Nacional Republicana,50.0,50.0,Quarta-Feira ,,,0,0,1,Estrada sem separador,Seco e limpo,Porto,Paredes,Castelões de Cepeda,Castelões de Cepeda,Rua Doutor José Magalhães,Arruamento,0,Em estado regular,,Bom tempo,Dois sentidos,Em entroncamento,Dentro das localidades,Em pleno dia,Com marcas - separadoras de sentido de trânsito,Colisão choque em cadeia,NÃO DEFINIDO,Inexistentes,NÃO DEFINIDO,NÃO DEFINIDO,Inexistentes,Betuminoso,Recta,Em patamar,Berma pavimentada,Em plena via,Direita
2011546644,2011:06:16 15:10:00,01/16/00,06/01/00,01/01/00,Guarda Nacional Republicana,50.0,50.0,Quinta-Feira ,,,0,0,1,Estrada sem separador,Seco e limpo,Porto,Paredes,Rebordosa,REBORDOSA,AV BOMBEIROS VOLUNTARIOS - REBORDOSA,Arruamento,0,Em bom estado,,Bom tempo,Dois sentidos,Em entroncamento,Dentro das localidades,Em pleno dia,Com marcas - separadoras de sentido de trânsito,Colisão lateral com outro veículo em movimento,NÃO DEFINIDO,Inexistentes,NÃO DEFINIDO,Stop,Inexistentes,Betuminoso,Recta,Com inclinação,Sem berma ou impraticável,Em plena via,Direita