Id. Acidente,Datahora,Dia,Mês,Hora,Entidades Fiscalizadoras,Velocidade local,Velocidade geral,Dia da Semana,Latitude GPS,Longitude GPS,Num. Mortos a 30 dias,Num. Feridos graves a 30 dias,Num. Feridos ligeiros a 30 dias,Características Tecnicas1,Cond Aderência,Distrito,Concelho,Freguesia,Pov. Proxima,Nome arruamento,Tipos Vias,Cod Via,Estado Conservação,Km,Factores Atmosféricos,Reg Circulação1,Intersecção Vias,Localizações,Luminosidade,Marca Via,Natureza,Obras Arte,Obstáculos,Sentidos,Sinais,Sinais Luminosos,Tipo Piso,Traçado 1,Traçado 2,Traçado 3,Traçado 4,Via Trânsito
2012619302,2012:06:26 14:00:00,01/26/00,06/01/00,01/01/00,Polícia de Segurança Pública,50.0,50.0,Terça-Feira  ,"0,00","0,00",0,0,1,Estrada sem separador,Húmido,Lisboa,Loures,Sacavém,,Rua A                                                                                               ,Arruamento,0,Em estado regular,,Bom tempo,Dois sentidos,Em cruzamento,Dentro das localidades,Em pleno dia,Sem marcas rodoviárias ou pouco visíveis,Colisão lateral com outro veículo em movimento,NÃO DEFINIDO,Inexistentes,NÃO DEFINIDO,NÃO DEFINIDO,Inexistentes,Betuminoso,Recta,Em patamar,Sem berma ou impraticável,Em plena via,Direita
20171242111,2017:06:04 16:20:00,01/04/00,06/01/00,01/01/00,Polícia de Segurança Pública,50.0,50.0,Domingo      ,"39,095400","-9,259674",0,0,1,Estrada sem separador,Seco e limpo,Lisboa,Torres Vedras,"União das freguesias de Torres Vedras (São Pedro, Santiago, Santa Maria do Castelo e São Miguel) e Matacães",Torres Vedras,,Outra Via,0,Em bom estado,,Bom tempo,Sentido único,NÃO DEFINIDO,Dentro das localidades,Em pleno dia,Sem marcas rodoviárias ou pouco visíveis,Atropelamento de peões,NÃO DEFINIDO,Inexistentes,NÃO DEFINIDO,NÃO DEFINIDO,Inexistentes,Betuminoso,Curva,Em patamar,Berma pavimentada,Em parque de estacionamento,Direita
20171275709,2017:06:15 11:00:00,01/15/00,06/01/00,01/01/00,Guarda Nacional Republicana,50.0,50.0,Quinta-Feira ,"41,184190","-8,156602",0,0,1,Estrada sem separador,Seco e limpo,Porto,Marco de Canaveses,Marco,Marco de Canaveses,Av. Bombeiros Voluntários do Marco,Arruamento,0,Em bom estado,,Bom tempo,Dois sentidos,Fora da intersecção,Dentro das localidades,Em pleno dia,Com marcas - separadoras de sentido e de vias de trânsito,Colisão lateral com outro veículo em movimento,NÃO DEFINIDO,Inexistentes,NÃO DEFINIDO,NÃO DEFINIDO,Inexistentes,Betuminoso,Recta,Com inclinação,Berma pavimentada,Em plena via,Direita
2011534482,2011:06:03 17:55:00,01/03/00,06/01/00,01/01/00,Polícia de Segurança Pública,50.0,50.0,Sexta-Feira  ,"0,00","0,00",0,0,1,Estrada sem separador,Húmido,Aveiro,Ovar,Ovar,Ovar,Avenida da República,Arruamento,0,Em estado regular,,Bom tempo,Dois sentidos,Em entroncamento,Dentro das localidades,Em pleno dia,Com marcas - separadoras de sentido de trânsito,Colisão frontal,NÃO DEFINIDO,Inexistentes,NÃO DEFINIDO,Stop,Inexistentes,Betuminoso,Recta,Em patamar,Sem berma ou impraticável,Em plena via,Direita
2015978220,2015:06:20 16:40:00,01/20/00,06/01/00,01/01/00,Guarda Nacional Republicana,50.0,50.0,Sábado       ,"40,382837","-8,447601",0,0,1,Estrada sem separador,Seco e limpo,Aveiro,Ilhavo,Gafanha da Nazaré,Praia da Barra,Avª Fernandes Lavrador,Arruamento,0,Em bom estado,,Bom tempo,Sentido único,Fora da intersecção,Dentro das localidades,Em pleno dia,Sem marcas rodoviárias ou pouco visíveis,Colisão traseira com outro veículo em movimento,NÃO DEFINIDO,Inexistentes,NÃO DEFINIDO,NÃO DEFINIDO,Inexistentes,Betuminoso,Recta,Em patamar,Berma pavimentada,Em plena via,Direita
20171163344,2016:06:21 12:00:00,01/21/00,06/01/00,01/01/00,Guarda Nacional Republicana,50.0,50.0,Terça-Feira  ,"41,259302","-8,213272",0,0,1,Estrada sem separador,Seco e limpo,Braga,Guimaraes,Selho (São Jorge),RUA GOMES,"rua Gomes, selho são jorge",Arruamento,0,Em bom estado,,Bom tempo,Dois sentidos,Em entroncamento,Dentro das localidades,Em pleno dia,Sem marcas rodoviárias ou pouco visíveis,Atropelamento com fuga,NÃO DEFINIDO,Inexistentes,NÃO DEFINIDO,NÃO DEFINIDO,Inexistentes,Betuminoso,Curva,Com inclinação,Sem berma ou impraticável,Em plena via,Direita
2015950866,2015:06:26 03:25:00,01/26/00,06/01/00,01/01/00,Polícia de Segurança Pública,100.0,100.0,Sexta-Feira  ,"38,751073","-9,168984",0,1,0,Outra via,Seco e limpo,Lisboa,Lisboa,Lumiar,Lisboa,,IP- Itinerário Principal,IP7,Em bom estado,5.9,Bom tempo,Sentido único,Fora da intersecção,Dentro das localidades,"Noite, com iluminação",Com marcas - separadoras de sentido e de vias de trânsito,Despiste simples,NÃO DEFINIDO,Inexistentes,No sentido crescente da quilometragem,NÃO DEFINIDO,Inexistentes,Betuminoso,Recta,Com inclinação,Berma pavimentada,Em plena via,Esquerda
2014816910,2014:06:14 10:50:00,01/14/00,06/01/00,01/01/00,Polícia de Segurança Pública,50.0,50.0,Sábado       ,"38,757125","-9,264983",0,0,1,Estrada sem separador,Seco e limpo,Lisboa,Sintra,União das freguesias de Massamá e Monte Abraão,Queluz,Avenida Dom António Correia de Sá                                                                   ,Arruamento,0,Em estado regular,,Bom tempo,Sentido único,Fora da intersecção,Dentro das localidades,Em pleno dia,Com marcas - separadoras de sentido de trânsito,Colisão lateral com outro veículo em movimento,NÃO DEFINIDO,Inexistentes,NÃO DEFINIDO,NÃO DEFINIDO,Inexistentes,Betuminoso,Recta,Com inclinação,Berma pavimentada,Em plena via,Esquerda
2011535676,2011:06:14 18:45:00,01/14/00,06/01/00,01/01/00,Polícia de Segurança Pública,50.0,50.0,Terça-Feira  ,"0,00","0,00",0,0,1,Estrada sem separador,Seco e limpo,Setúbal,Setubal,Setúbal (São Sebastião),,Rua São João de Deus                                                                                ,Arruamento,0,Em bom estado,,Bom tempo,Dois sentidos,Em cruzamento,Dentro das localidades,Em pleno dia,Sem marcas rodoviárias ou pouco visíveis,Colisão frontal,NÃO DEFINIDO,Inexistentes,NÃO DEFINIDO,Cedência de passagem,Inexistentes,Betuminoso,Recta,Em patamar,Sem berma ou impraticável,Em plena via,Direita
2011548533,2011:06:15 19:15:00,01/15/00,06/01/00,01/01/00,Guarda Nacional Republicana,120.0,120.0,Quarta-Feira ,"38,886447","-9,056466",0,0,1,Auto-estrada,Seco e limpo,Lisboa,Vila Franca de Xira,Alverca do Ribatejo,ALVERCA,,A  - Auto-Estrada,A1,Em bom estado,13.1,Bom tempo,Sentido único,Fora da intersecção,Fora das localidades,Em pleno dia,Com marcas - separadoras de sentido e de vias de trânsito,Colisão traseira com outro veículo em movimento,NÃO DEFINIDO,Inexistentes,No sentido crescente da quilometragem,NÃO DEFINIDO,Inexistentes,Betuminoso,Recta,Em patamar,Berma pavimentada,Em plena via,Esquerda
2015978886,2015:06:18 14:40:00,01/18/00,06/01/00,01/01/00,Guarda Nacional Republicana,70.0,70.0,Quinta-Feira ,"38,350541","-8,586895",0,0,1,Estrada sem separador,Seco e limpo,Setúbal,Palmela,Quinta do Anjo,Quinta da Marquesa,,EM - Estrada Municipal,EM510,Em bom estado,,Bom tempo,Dois sentidos,Fora da intersecção,Fora das localidades,Em pleno dia,Com marcas - separadoras de sentido de trânsito,Colisão com veiculo ou obstáculo na faixa de rodagem,NÃO DEFINIDO,Inexistentes,NÃO DEFINIDO,NÃO DEFINIDO,Inexistentes,Betuminoso,Recta,Em patamar,Berma não pavimentada,Em plena via,Direita
2015946844,2015:06:10 13:30:00,01/10/00,06/01/00,01/01/00,Polícia de Segurança Pública,50.0,50.0,Quarta-Feira ,"41,701990","-8,834349",0,0,4,Estrada sem separador,Húmido,Viana do Castelo,Viana do Castelo,União das freguesias de Viana do Castelo (Santa Maria Maior e Monserrate) e Meadela,Viana do Castelo,Estrada Santa Luzia                                                                                 ,Arruamento,0,Em bom estado,,Bom tempo,Dois sentidos,Fora da intersecção,Dentro das localidades,Em pleno dia,Sem marcas rodoviárias ou pouco visíveis,Atropelamento de peões,NÃO DEFINIDO,Inexistentes,NÃO DEFINIDO,Passagem de peões,Inexistentes,Calçada,Recta,Em patamar,Berma pavimentada,Em plena via,Direita
2013695289,2013:06:27 07:30:00,01/27/00,06/01/00,01/01/00,Polícia de Segurança Pública,80.0,80.0,Quinta-Feira ,"0,00","0,00",0,0,1,Auto-estrada,Seco e limpo,Lisboa,Lisboa,Alcântara,,,A  - Auto-Estrada,A2,Em bom estado,0.5,Bom tempo,Sentido único,Fora da intersecção,Fora das localidades,Aurora ou crepúsculo,Com marcas - separadoras de sentido e de vias de trânsito,Colisão traseira com outro veículo em movimento,NÃO DEFINIDO,Inexistentes,NÃO DEFINIDO,NÃO DEFINIDO,Inexistentes,Betuminoso,Recta,Em patamar,Berma pavimentada,Em plena via,Direita
2010470551,2010:06:26 18:30:00,01/26/00,06/01/00,01/01/00,Guarda Nacional Republicana,50.0,50.0,Sábado       ,"38,52073","9,25579",0,0,1,Estrada sem separador,Seco e limpo,Lisboa,Sintra,São João das Lampas,MAGOITO,EST DA TOJEIRA - MAGOITO,Arruamento,0,Em bom estado,,Bom tempo,Dois sentidos,Em cruzamento,Dentro das localidades,Em pleno dia,Sem marcas rodoviárias ou pouco visíveis,Colisão lateral com outro veículo em movimento,NÃO DEFINIDO,Inexistentes,NÃO DEFINIDO,Stop,Inexistentes,Betuminoso,Recta,Em patamar,Berma pavimentada,Em plena via,Direita
20171161606,2016:06:12 20:15:00,01/12/00,06/01/00,01/01/00,Guarda Nacional Republicana,50.0,50.0,Domingo      ,"41,100283","-8,222243",0,0,1,Estrada sem separador,Seco e limpo,Porto,Paredes,Parada de Todeia,PARADA DE TODEIA,Rua dos Combatentes,Arruamento,0,Em bom estado,,Bom tempo,Dois sentidos,Fora da intersecção,Dentro das localidades,Aurora ou crepúsculo,Com marcas - separadoras de sentido de trânsito,Atropelamento de peões,NÃO DEFINIDO,Inexistentes,NÃO DEFINIDO,Passagem de peões,Inexistentes,Betuminoso,Recta,Em patamar,Berma pavimentada,Em plena via,Direita
2014850987,2014:06:27 13:00:00,01/27/00,06/01/00,01/01/00,Guarda Nacional Republicana,120.0,120.0,Sexta-Feira  ,"41,420387","-8,476562",0,0,1,Auto-estrada,Seco e limpo,Viana do Castelo,Viana do Castelo,União das freguesias de Viana do Castelo (Santa Maria Maior e Monserrate) e Meadela,,,A  - Auto-Estrada,A28,Em estado regular,69.54,Bom tempo,Sentido único,Fora da intersecção,Fora das localidades,Em pleno dia,Com marcas - separadoras de sentido e de vias de trânsito,Despiste simples,NÃO DEFINIDO,Inexistentes,No sentido crescente da quilometragem,NÃO DEFINIDO,Inexistentes,Betuminoso,Recta,Em patamar,Berma pavimentada,Em plena via,Esquerda
20171241684,2017:06:09 01:10:00,01/09/00,06/01/00,01/01/00,Polícia de Segurança Pública,50.0,50.0,Sexta-Feira  ,"39,365222","-9,376406",0,0,2,Estrada sem separador,Seco e limpo,Leiria,Peniche,Peniche,Peniche,Avenida 25 de Abril                                                                                 ,Arruamento,0,Em bom estado,,Bom tempo,Dois sentidos,Fora da intersecção,Dentro das localidades,"Noite, com iluminação",Sem marcas rodoviárias ou pouco visíveis,Atropelamento de peões,NÃO DEFINIDO,Inexistentes,NÃO DEFINIDO,Passagem de peões,Inexistentes,Betuminoso,Recta,Em patamar,Sem berma ou impraticável,Em plena via,Direita
20191721687,2019:06:29 23:20:00,01/29/00,06/01/00,01/01/00,Guarda Nacional Republicana,50.0,50.0,Sábado       ,"40,915470","-8,435466",0,0,1,Estrada sem separador,Seco e limpo,Aveiro,Oliveira de Azemeis,Cesar,Cesar,Rua Central de Cesar,Arruamento,0,Em estado regular,,Bom tempo,Dois sentidos,Fora da intersecção,Dentro das localidades,"Noite, com iluminação",Com marcas - separadoras de sentido de trânsito,Colisão frontal,NÃO DEFINIDO,Inexistentes,NÃO DEFINIDO,NÃO DEFINIDO,Inexistentes,Betuminoso,Recta,Em patamar,Sem berma ou impraticável,Em plena via,Direita
2015952466,2015:06:25 09:15:00,01/25/00,06/01/00,01/01/00,Polícia de Segurança Pública,50.0,50.0,Quinta-Feira ,"39,732584","-8,822750",0,0,1,Estrada sem separador,Seco e limpo,Leiria,Leiria,União das freguesias de Parceiros e Azoia,Leiria,Leiria Shopping (Cais Sul),Arruamento,0,Em estado regular,,Bom tempo,Dois sentidos,Fora da intersecção,Dentro das localidades,Em pleno dia,Sem marcas rodoviárias ou pouco visíveis,Colisão lateral com outro veículo em movimento,NÃO DEFINIDO,Inexistentes,NÃO DEFINIDO,Outros,Inexistentes,Betuminoso,Recta,Em patamar,Sem berma ou impraticável,Em plena via,Direita
2014810580,2014:06:11 18:35:00,01/11/00,06/01/00,01/01/00,Polícia de Segurança Pública,70.0,70.0,Quarta-Feira ,"41,183060","-8,622433",0,0,1,Outra via,Seco e limpo,Porto,Porto,Paranhos,Porto,,EN - Estrada Nacional,EN14,Em bom estado,1.1,Bom tempo,Sentido único,Fora da intersecção,Fora das localidades,Em pleno dia,Com marcas - separadoras de sentido de trânsito,Colisão traseira com outro veículo em movimento,NÃO DEFINIDO,Inexistentes,No sentido crescente da quilometragem,NÃO DEFINIDO,Inexistentes,Betuminoso,Recta,Em patamar,Berma pavimentada,Em plena via,Direita
2011547002,2011:06:05 16:00:00,01/05/00,06/01/00,01/01/00,Guarda Nacional Republicana,50.0,50.0,Domingo      ,,,0,0,2,Estrada sem separador,Seco e limpo,Porto,Vila do Conde,Azurara,AZURARA,R EN13,Arruamento,0,Em estado regular,,Bom tempo,Reversível,NÃO DEFINIDO,Dentro das localidades,Em pleno dia,Com marcas - separadoras de sentido de trânsito,Atropelamento de peões,NÃO DEFINIDO,Inexistentes,NÃO DEFINIDO,Outros,Inexistentes,Betuminoso,Recta,Em patamar,Berma pavimentada,Em plena via,Direita
20191712219,2019:06:16 21:40:00,01/16/00,06/01/00,01/01/00,Polícia de Segurança Pública,50.0,50.0,Domingo      ,"38,789882","-9,191698",0,0,1,Estrada sem separador,Seco e limpo,Lisboa,Odivelas,Odivelas,Odivelas,Rua Alfredo da Costa                                                                                ,Arruamento,0,Em estado regular,,Bom tempo,Dois sentidos,Fora da intersecção,Dentro das localidades,"Noite, com iluminação",Com marcas - separadoras de sentido de trânsito,Colisão lateral com outro veículo em movimento,NÃO DEFINIDO,Inexistentes,NÃO DEFINIDO,Outros,Inexistentes,Betuminoso,Recta,Com inclinação,Berma pavimentada,Em plena via,Direita
2013659144,2012:06:21 14:30:00,01/21/00,06/01/00,01/01/00,Polícia de Segurança Pública,70.0,70.0,Quinta-Feira ,"0,00","0,00",0,0,1,Outra via,Seco e limpo,Lisboa,Cascais,Carcavelos,Carcavelos,,EN - Estrada Nacional,EN6,Em bom estado,,Bom tempo,Dois sentidos,Fora da intersecção,Dentro das localidades,Em pleno dia,Com marcas - separadoras de sentido de trânsito,Colisão traseira com outro veículo em movimento,NÃO DEFINIDO,Inexistentes,NÃO DEFINIDO,NÃO DEFINIDO,A funcionar normalmente,Betão de cimento,Recta,Em patamar,Sem berma ou impraticável,Em plena via,Direita
2013741680,2013:06:26 09:50:00,01/26/00,06/01/00,01/01/00,Guarda Nacional Republicana,120.0,120.0,Quarta-Feira ,"38,437501","-9,123215",0,0,1,Auto-estrada,Seco e limpo,Lisboa,Lisboa,Ajuda,Monsanto,,A  - Auto-Estrada,A5,Em bom estado,2.6,Bom tempo,Sentido único,Fora da intersecção,Fora das localidades,Em pleno dia,Com marcas - separadoras de sentido e de vias de trânsito,Colisão lateral com outro veículo em movimento,NÃO DEFINIDO,Inexistentes,No sentido decrescente da quilometragem,Outros,Inexistentes,Betuminoso,Recta,Com inclinação,Berma pavimentada,Em plena via,Esquerda
2015980519,2015:06:09 14:00:00,01/09/00,06/01/00,01/01/00,Guarda Nacional Republicana,50.0,50.0,Terça-Feira  ,"41,084282","-8,015467",0,0,1,Estrada sem separador,Seco e limpo,Porto,Baiao,União das freguesias de Campelo e Ovil,Varzea,Rua Central,Arruamento,0,Em bom estado,,Bom tempo,Dois sentidos,Em cruzamento,Dentro das localidades,Em pleno dia,Com marcas - separadoras de sentido de trânsito,Colisão frontal,NÃO DEFINIDO,Inexistentes,NÃO DEFINIDO,Stop,Inexistentes,Betuminoso,Curva,Com inclinação,Sem berma ou impraticável,Em plena via,Direita
20181450621,2018:06:20 09:05:00,01/20/00,06/01/00,01/01/00,Guarda Nacional Republicana,50.0,50.0,Quarta-Feira ,"39,336273","-8,932020",0,0,1,Outra via,Seco e limpo,Santarém,Rio Maior,Rio Maior,Rio Maior,Avenida Dr. João Afonso Calado da Maia,Arruamento,0,Em bom estado,,Bom tempo,Sentido único,Fora da intersecção,Dentro das localidades,Em pleno dia,Com marcas - separadoras de sentido de trânsito,Despiste simples,NÃO DEFINIDO,Não sinalizados,No sentido crescente da quilometragem,Passagem de peões,Inexistentes,Betuminoso,Recta,Em patamar,Berma pavimentada,Em plena via,Direita
2010468651,2010:06:11 17:35:00,01/11/00,06/01/00,01/01/00,Guarda Nacional Republicana,60.0,120.0,Sexta-Feira  ,"40,690939","-8,540438",0,0,2,Auto-estrada,Seco e limpo,Aveiro,Albergaria-a-Velha,Angeja,ANGEJA,,A  - Auto-Estrada,A29,Em bom estado,0.45,Bom tempo,Sentido único,Em ramo de ligação - saída,Fora das localidades,Em pleno dia,Com marcas - separadoras de sentido e de vias de trânsito,Colisão lateral com outro veículo em movimento,NÃO DEFINIDO,Inexistentes,No sentido decrescente da quilometragem,NÃO DEFINIDO,Inexistentes,Betuminoso,Recta,Com inclinação,Sem berma ou impraticável,Em plena via,Esquerda
20191727338,2019:06:08 07:35:00,01/08/00,06/01/00,01/01/00,Guarda Nacional Republicana,40.0,90.0,Sábado       ,"39,558120","-8,891888",0,0,1,Outra via,Seco e limpo,Leiria,Alcobaca,Aljubarrota,Casais Santa Teresa,,Outra Via,0,Em bom estado,,Bom tempo,Sentido único,Fora da intersecção,Fora das localidades,Em pleno dia,Com marcas - separadoras de sentido e de vias de trânsito,Despiste simples,NÃO DEFINIDO,Inexistentes,No sentido crescente da quilometragem,NÃO DEFINIDO,Inexistentes,Betuminoso,Curva,Com inclinação,Berma pavimentada,Em plena via,Direita
2012627723,2012:06:07 23:05:00,01/07/00,06/01/00,01/01/00,Guarda Nacional Republicana,120.0,120.0,Quinta-Feira ,"41,272683","-8,559831",0,0,1,Auto-estrada,Seco e limpo,Porto,Trofa,Covelas,,,A  - Auto-Estrada,A3,Em bom estado,12.1,Bom tempo,Sentido único,Fora da intersecção,Fora das localidades,"Noite, sem iluminação",Com marcas - separadoras de sentido e de vias de trânsito,Colisão traseira com outro veículo em movimento,NÃO DEFINIDO,Inexistentes,No sentido crescente da quilometragem,NÃO DEFINIDO,Inexistentes,Betuminoso,Recta,Em patamar,Berma pavimentada,Em plena via,Direita
20191712748,2019:06:22 11:05:00,01/22/00,06/01/00,01/01/00,Polícia de Segurança Pública,50.0,50.0,Sábado       ,"0,0","0,0",0,0,1,Estrada sem separador,Seco e limpo,Aveiro,Ovar,"União das freguesias de Ovar, São João, Arada e São Vicente de Pereira Jusã",São João,Rua Monsenhor Miguel Oliveira                                                                       ,Arruamento,0,Em estado regular,,Bom tempo,Dois sentidos,Fora da intersecção,Dentro das localidades,Em pleno dia,Com marcas - separadoras de sentido de trânsito,Colisão com outras situações,NÃO DEFINIDO,Inexistentes,NÃO DEFINIDO,Outros,Inexistentes,Betuminoso,Recta,Em patamar,Berma não pavimentada,Em plena via,Direita
2010469587,2010:06:16 20:00:00,01/16/00,06/01/00,01/01/00,Guarda Nacional Republicana,50.0,50.0,Quarta-Feira ,,,0,0,2,Outra via,Seco e limpo,Faro,Faro,Faro (São Pedro),S PEDRO,,EN - Estrada Nacional,EN125-10,Em bom estado,,Bom tempo,Sentido único,Em entroncamento,Fora das localidades,Em pleno dia,Com marcas - separadoras de sentido e de vias de trânsito,Colisão traseira com outro veículo em movimento,NÃO DEFINIDO,Inexistentes,No sentido decrescente da quilometragem,Cedência de passagem,Inexistentes,Betuminoso,Curva,Em patamar,Berma pavimentada,Em plena via,Direita
20181430978,2018:06:09 16:30:00,01/09/00,06/01/00,01/01/00,Polícia de Segurança Pública,50.0,50.0,Sábado       ,"41,204243","-8,640799",0,0,2,Estrada sem separador,Molhado,Porto,Matosinhos,"União das freguesias de Custóias, Leça do Balio e Guifões",Custóias,Rua Parque da Vila                                                                                  ,Arruamento,0,Em bom estado,,Chuva,Dois sentidos,Fora da intersecção,Dentro das localidades,Em pleno dia,Com marcas - separadoras de sentido e de vias de trânsito,Despiste sem dispositivo de retenção,NÃO DEFINIDO,Inexistentes,NÃO DEFINIDO,Outros,Inexistentes,Betuminoso,Curva,Em patamar,Berma pavimentada,Em plena via,Direita
2011535861,2011:06:16 01:25:00,01/16/00,06/01/00,01/01/00,Polícia de Segurança Pública,50.0,50.0,Quinta-Feira ,"0,00","0,00",0,0,1,Outra via,Seco e limpo,Porto,Vila Nova de Gaia,São Pedro da Afurada,,Circular à Ponte D'Arrábida,Arruamento,0,Em bom estado,,Bom tempo,Reversível,Fora da intersecção,Dentro das localidades,"Noite, com iluminação",Com marcas - separadoras de sentido de trânsito,Despiste com dispositivo de retenção,NÃO DEFINIDO,Inexistentes,NÃO DEFINIDO,NÃO DEFINIDO,Inexistentes,Betuminoso,Curva,Em patamar,Berma não pavimentada,Em plena via,Central
2013742404,2013:06:15 12:20:00,01/15/00,06/01/00,01/01/00,Guarda Nacional Republicana,50.0,50.0,Sábado       ,"40,368286","-7,456532",0,0,1,Estrada sem separador,Seco e limpo,Viseu,Mangualde,Mangualde,Mangualde,Rua Nossa Senhora do Castelo,Arruamento,0,Em estado regular,,Bom tempo,Sentido único,Em cruzamento,Dentro das localidades,Em pleno dia,Sem marcas rodoviárias ou pouco visíveis,Colisão lateral com outro veículo em movimento,NÃO DEFINIDO,Inexistentes,NÃO DEFINIDO,Outros,Inexistentes,Calçada,Recta,Em patamar,Sem berma ou impraticável,Em plena via,Direita
20181453468,2018:06:22 23:15:00,01/22/00,06/01/00,01/01/00,Polícia de Segurança Pública,50.0,50.0,Sexta-Feira  ,"41,155661","-8,575298",0,0,1,Estrada sem separador,Seco e limpo,Porto,Porto,Campanhã,Porto,Rua Corujeira de Baixo                                                                              ,Arruamento,0,Em estado regular,,Bom tempo,Sentido único,Fora da intersecção,Dentro das localidades,"Noite, com iluminação",Sem marcas rodoviárias ou pouco visíveis,Atropelamento de peões,NÃO DEFINIDO,Inexistentes,NÃO DEFINIDO,Outros,Inexistentes,Betuminoso,Recta,Com inclinação,Sem berma ou impraticável,Em plena via,Direita
2011547149,2011:06:12 22:00:00,01/12/00,06/01/00,01/01/00,Guarda Nacional Republicana,100.0,120.0,Domingo      ,"41,410373","-8,760962",0,0,1,Auto-estrada,Seco e limpo,Porto,Povoa de Varzim,Amorim,,,A  - Auto-Estrada,A28,Em bom estado,33.95,Bom tempo,Sentido único,Fora da intersecção,Fora das localidades,"Noite, sem iluminação",Com marcas - separadoras de sentido e de vias de trânsito,Colisão traseira com outro veículo em movimento,NÃO DEFINIDO,Inexistentes,No sentido decrescente da quilometragem,Outros,Inexistentes,Betuminoso,Curva,Em patamar,Berma pavimentada,Em plena via,Direita
2011545160,2011:06:07 23:05:00,01/07/00,06/01/00,01/01/00,Guarda Nacional Republicana,50.0,50.0,Terça-Feira  ,,,0,2,0,Estrada sem separador,Seco e limpo,Faro,Loule,Almancil,ALMANCIL,R ESTRADA DE FARO,Arruamento,0,Em bom estado,,Bom tempo,Dois sentidos,Fora da intersecção,Dentro das localidades,"Noite, com iluminação",Sem marcas rodoviárias ou pouco visíveis,Despiste simples,NÃO DEFINIDO,Inexistentes,NÃO DEFINIDO,NÃO DEFINIDO,Inexistentes,Betuminoso,Recta,Em patamar,NÃO DEFINIDO,Em plena via,Esquerda
20161072143,2016:06:02 18:25:00,01/02/00,06/01/00,01/01/00,Polícia de Segurança Pública,50.0,50.0,Quinta-Feira ,"39,746437","-8,911595",0,0,1,Estrada sem separador,Seco e limpo,Leiria,Marinha Grande,Marinha Grande,Embra,Rua Fonte Velha                                                                                     ,Arruamento,0,Em estado regular,,Bom tempo,Dois sentidos,Fora da intersecção,Dentro das localidades,Em pleno dia,Sem marcas rodoviárias ou pouco visíveis,Colisão com outras situações,NÃO DEFINIDO,Inexistentes,NÃO DEFINIDO,NÃO DEFINIDO,Inexistentes,Betuminoso,Curva,Com inclinação,Sem berma ou impraticável,Em plena via,Direita
2010457732,2010:06:07 11:30:00,01/07/00,06/01/00,01/01/00,Polícia de Segurança Pública,50.0,50.0,Segunda-Feira,"0,00","0,00",0,0,1,Estrada sem separador,Húmido,Lisboa,Oeiras,Cruz Quebrada-Dafundo,Dafundo,Avenida Ivens,Arruamento,0,Em estado regular,,Bom tempo,Dois sentidos,Em entroncamento,Dentro das localidades,Em pleno dia,Com marcas - separadoras de sentido e de vias de trânsito,Despiste sem dispositivo de retenção,NÃO DEFINIDO,Inexistentes,NÃO DEFINIDO,Outros,A funcionar normalmente,Betuminoso,Recta,Em patamar,Sem berma ou impraticável,Em plena via,Direita
2013743086,2013:06:10 01:10:00,01/10/00,06/01/00,01/01/00,Guarda Nacional Republicana,50.0,50.0,Segunda-Feira,"37,036561","-8,033677",0,0,1,Estrada sem separador,Seco e limpo,Faro,Loule,Almancil,Quinta do Lago,Avª do Mar,Arruamento,0,Em bom estado,,Bom tempo,Dois sentidos,Fora da intersecção,Dentro das localidades,"Noite, com iluminação",Com marcas - separadoras de sentido de trânsito,Despiste com colisão com veículo imobil. ou obstáculo,NÃO DEFINIDO,Inexistentes,NÃO DEFINIDO,Outros,Inexistentes,Betuminoso,Recta,Em patamar,Berma pavimentada,Em plena via,Direita
20161078549,2016:06:22 16:25:00,01/22/00,06/01/00,01/01/00,Polícia de Segurança Pública,50.0,50.0,Quarta-Feira ,"38,817433","-9,156471",0,0,1,Estrada sem separador,Seco e limpo,Lisboa,Loures,União das freguesias de Santo António dos Cavaleiros e Frielas,Santo António dos Cavaleiros,Rotunda António Gonçalves da Costa                                                                  ,Arruamento,0,Em estado regular,,Bom tempo,Sentido único,Em rotunda,Dentro das localidades,Em pleno dia,Sem marcas rodoviárias ou pouco visíveis,Colisão lateral com outro veículo em movimento,NÃO DEFINIDO,Inexistentes,NÃO DEFINIDO,Cedência de passagem,Inexistentes,Betuminoso,Curva,Em patamar,Berma pavimentada,Em plena via,Esquerda
20191728438,2019:06:04 08:55:00,01/04/00,06/01/00,01/01/00,Guarda Nacional Republicana,50.0,50.0,Terça-Feira  ,"38,601930","-8,885295",0,0,1,Estrada sem separador,Molhado,Setúbal,Palmela,Palmela,Palhota,Rua Vale de Marmelos,Arruamento,0,Em mau estado,,Bom tempo,Dois sentidos,Fora da intersecção,Dentro das localidades,Em pleno dia,Sem marcas rodoviárias ou pouco visíveis,Despiste simples,NÃO DEFINIDO,Inexistentes,NÃO DEFINIDO,NÃO DEFINIDO,A funcionar normalmente,Terra batida,Recta,Em patamar,Sem berma ou impraticável,Na berma,Direita
20191711062,2019:06:09 23:00:00,01/09/00,06/01/00,01/01/00,Polícia de Segurança Pública,50.0,50.0,Domingo      ,"0,0","0,0",0,0,2,Estrada sem separador,Seco e limpo,Porto,Matosinhos,União das freguesias de São Mamede de Infesta e Senhora da Hora,São Mamede de Infesta,Rua Nova do Seixo,Arruamento,0,Em estado regular,,Bom tempo,Dois sentidos,Em entroncamento,Dentro das localidades,"Noite, com iluminação",Sem marcas rodoviárias ou pouco visíveis,Despiste simples,NÃO DEFINIDO,Inexistentes,NÃO DEFINIDO,NÃO DEFINIDO,Inexistentes,Betuminoso,Recta,Com inclinação,Sem berma ou impraticável,Em plena via,Direita