Id. Acidente,Datahora,Dia,Mês,Hora,Entidades Fiscalizadoras,Velocidade local,Velocidade geral,Dia da Semana,Latitude GPS,Longitude GPS,Num. Mortos a 30 dias,Num. Feridos graves a 30 dias,Num. Feridos ligeiros a 30 dias,Características Tecnicas1,Cond Aderência,Distrito,Concelho,Freguesia,Pov. Proxima,Nome arruamento,Tipos Vias,Cod Via,Estado Conservação,Km,Factores Atmosféricos,Reg Circulação1,Intersecção Vias,Localizações,Luminosidade,Marca Via,Natureza,Obras Arte,Obstáculos,Sentidos,Sinais,Sinais Luminosos,Tipo Piso,Traçado 1,Traçado 2,Traçado 3,Traçado 4,Via Trânsito
20181450625,2018:06:26 09:10:00,01/26/00,06/01/00,01/01/00,Guarda Nacional Republicana,50.0,50.0,Terça-Feira  ,"38,711138","-9,148719",0,0,1,Outra via,Seco e limpo,Lisboa,Mafra,Ericeira,Lisboa,Calçada do Rego - Ericeira,Arruamento,0,Em bom estado,,Bom tempo,Sentido único,Em cruzamento,Dentro das localidades,Em pleno dia,Sem marcas rodoviárias ou pouco visíveis,Atropelamento de peões,NÃO DEFINIDO,Inexistentes,No sentido decrescente da quilometragem,NÃO DEFINIDO,Inexistentes,Calçada,Curva,Com inclinação,Berma pavimentada,Em plena via,Direita
2015947427,2015:06:17 15:10:00,01/17/00,06/01/00,01/01/00,Polícia de Segurança Pública,50.0,50.0,Quarta-Feira ,"37,035118","-7,836359",0,0,1,Estrada sem separador,Seco e limpo,Faro,Olhao,Olhão,Olhão,Avenida D. João VI,Arruamento,0,Em estado regular,,Bom tempo,Dois sentidos,Em rotunda,Dentro das localidades,Em pleno dia,Sem marcas rodoviárias ou pouco visíveis,Colisão traseira com outro veículo em movimento,NÃO DEFINIDO,Inexistentes,NÃO DEFINIDO,Outros,Inexistentes,Betuminoso,Curva,Em patamar,Berma pavimentada,Em plena via,Direita
20171280758,2017:06:23 14:00:00,01/23/00,06/01/00,01/01/00,Polícia de Segurança Pública,50.0,50.0,Sexta-Feira  ,"38,755758","-9,277891",0,0,1,Estrada sem separador,Seco e limpo,Lisboa,Sintra,União das freguesias de Massamá e Monte Abraão,Queluz,Avenida Doutor Fernando Ricardo Ribeiro Leitão                                                      ,Arruamento,0,Em estado regular,,Bom tempo,Dois sentidos,Em cruzamento,Dentro das localidades,Em pleno dia,Sem marcas rodoviárias ou pouco visíveis,Colisão com outras situações,NÃO DEFINIDO,Inexistentes,NÃO DEFINIDO,NÃO DEFINIDO,Inexistentes,Betuminoso,Recta,Em patamar,Sem berma ou impraticável,Em plena via,Direita
2011534431,2011:06:05 07:40:00,01/05/00,06/01/00,01/01/00,Polícia de Segurança Pública,50.0,50.0,Domingo      ,"0,00","0,00",0,1,1,Estrada sem separador,Seco e limpo,Porto,Matosinhos,Leça do Bailio,Leça do Balio,Rua do Araújo                                                                                       ,Arruamento,0,Em bom estado,,Bom tempo,Dois sentidos,Em cruzamento,Dentro das localidades,Em pleno dia,Sem marcas rodoviárias ou pouco visíveis,Colisão frontal,NÃO DEFINIDO,Inexistentes,NÃO DEFINIDO,NÃO DEFINIDO,Inexistentes,Betuminoso,Recta,Em patamar,Berma pavimentada,Em plena via,Direita
20171261466,2017:06:22 22:45:00,01/22/00,06/01/00,01/01/00,Polícia de Segurança Pública,50.0,50.0,Quinta-Feira ,"38,896732","-9,038687",0,0,1,Outra via,Seco e limpo,Lisboa,Vila Franca de Xira,União das freguesias de Alverca do Ribatejo e Sobralinho,Alverca do Ribatejo,,EN - Estrada Nacional,EN10,Em estado regular,"128,8",Bom tempo,Dois sentidos,Em cruzamento,Dentro das localidades,"Noite, com iluminação",Com marcas - separadoras de sentido e de vias de trânsito,Colisão lateral com outro veículo em movimento,NÃO DEFINIDO,Inexistentes,NÃO DEFINIDO,Outros,Inexistentes,Betuminoso,Recta,Em patamar,Berma pavimentada,Em plena via,Direita
20161074392,2016:06:16 19:00:00,01/16/00,06/01/00,01/01/00,Polícia de Segurança Pública,50.0,50.0,Quinta-Feira ,"41,739140","-7,483947",0,0,1,Estrada sem separador,Seco e limpo,Vila Real,Chaves,Santa Maria Maior,Chaves,Avenida Luís Chaves                                                                                 ,Arruamento,0,Em mau estado,,Chuva,Dois sentidos,Em cruzamento,Dentro das localidades,Em pleno dia,Com marcas - separadoras de sentido e de vias de trânsito,Colisão lateral com outro veículo em movimento,NÃO DEFINIDO,Inexistentes,NÃO DEFINIDO,Cedência de passagem,Inexistentes,Betuminoso,Recta,Com inclinação,Berma pavimentada,Em plena via,Direita
2011536647,2011:06:18 20:45:00,01/18/00,06/01/00,01/01/00,Polícia de Segurança Pública,50.0,50.0,Sábado       ,"0,00","0,00",0,0,1,Estrada sem separador,Seco e limpo,Lisboa,Lisboa,Coração de Jesus,,Rua Castilho                                                                                        ,Arruamento,0,Em bom estado,,Bom tempo,Dois sentidos,NÃO DEFINIDO,Dentro das localidades,"Noite, com iluminação",Com marcas - separadoras de sentido de trânsito,Colisão choque em cadeia,NÃO DEFINIDO,Inexistentes,NÃO DEFINIDO,Passagem de peões,Inexistentes,Calçada,Recta,Com inclinação,Berma pavimentada,Em plena via,Direita
2012614517,2012:06:18 13:05:00,01/18/00,06/01/00,01/01/00,Polícia de Segurança Pública,50.0,50.0,Segunda-Feira,"0,00","0,00",0,0,1,Estrada sem separador,Seco e limpo,Porto,Porto,Lordelo do Ouro,Porto,Rua Diogo Botelho                                                                                   ,Arruamento,0,Em bom estado,,Bom tempo,Dois sentidos,Em entroncamento,Dentro das localidades,Em pleno dia,Com marcas - separadoras de sentido de trânsito,Colisão frontal,NÃO DEFINIDO,Inexistentes,NÃO DEFINIDO,Outros,Inexistentes,Betuminoso,Recta,Com inclinação,Berma pavimentada,Em plena via,Direita
20181441926,2018:06:13 19:00:00,01/13/00,06/01/00,01/01/00,Guarda Nacional Republicana,90.0,90.0,Quarta-Feira ,"40,391920","-6,919442",0,0,1,Estrada sem separador,Seco e limpo,Guarda,Sabugal,Alfaiates,Alfaiates,,EN - Estrada Nacional,EN233-3,Em bom estado,"16,9",Bom tempo,Dois sentidos,Fora da intersecção,Fora das localidades,Em pleno dia,Com marcas - separadoras de sentido de trânsito,Colisão com veiculo ou obstáculo na faixa de rodagem,NÃO DEFINIDO,Inexistentes,NÃO DEFINIDO,Proibição de ultrapassagem,Inexistentes,Betuminoso,Recta,Em patamar,Sem berma ou impraticável,Em plena via,Direita
20171261214,2017:06:21 17:10:00,01/21/00,06/01/00,01/01/00,Polícia de Segurança Pública,50.0,50.0,Quarta-Feira ,"41,163066","-8,613993",0,0,1,Estrada sem separador,Seco e limpo,Porto,Porto,Paranhos,Porto,Rua Constituição                                                                                    ,Arruamento,0,Em bom estado,,Bom tempo,Sentido único,Fora da intersecção,Dentro das localidades,Em pleno dia,Com marcas - separadoras de sentido e de vias de trânsito,Atropelamento de peões,NÃO DEFINIDO,Inexistentes,NÃO DEFINIDO,Outros,A funcionar normalmente,Betuminoso,Recta,Em patamar,Berma pavimentada,Em plena via,Direita
2013742517,2013:06:23 06:00:00,01/23/00,06/01/00,01/01/00,Guarda Nacional Republicana,50.0,50.0,Domingo      ,"39,326169","-9,018627",0,0,1,Estrada sem separador,Seco e limpo,Leiria,Alcobaca,Cela,Cela,Rua Manuel da Silava Carolino,Arruamento,0,Em bom estado,,Bom tempo,Dois sentidos,Fora da intersecção,Dentro das localidades,Aurora ou crepúsculo,Sem marcas rodoviárias ou pouco visíveis,Despiste com colisão com veículo imobil. ou obstáculo,NÃO DEFINIDO,Inexistentes,NÃO DEFINIDO,Outros,Inexistentes,Betuminoso,Recta,Em patamar,Berma não pavimentada,Na berma,Direita
2015950221,2015:06:23 17:20:00,01/23/00,06/01/00,01/01/00,Polícia de Segurança Pública,50.0,50.0,Terça-Feira  ,"37,025324","-7,919463",0,0,1,Outra via,Seco e limpo,Faro,Faro,União das freguesias de Faro (Sé e São Pedro),Faro,Avenida Cidade Hayward (Faro),Arruamento,0,Em estado regular,,Bom tempo,Sentido único,Fora da intersecção,Dentro das localidades,Em pleno dia,Com marcas - separadoras de sentido e de vias de trânsito,Colisão com outras situações,NÃO DEFINIDO,Inexistentes,NÃO DEFINIDO,Passagem de peões,Inexistentes,Betuminoso,Recta,Em patamar,Berma pavimentada,Em plena via,Esquerda
20191710793,2019:06:07 13:30:00,01/07/00,06/01/00,01/01/00,Polícia de Segurança Pública,50.0,50.0,Sexta-Feira  ,"0,0","0,0",0,0,1,Estrada sem separador,Seco e limpo,Lisboa,Lisboa,Marvila,Lisboa,Calçada do Grilo,Arruamento,0,Em estado regular,,Bom tempo,Sentido único,Fora da intersecção,Dentro das localidades,Em pleno dia,Sem marcas rodoviárias ou pouco visíveis,Colisão lateral com outro veículo em movimento,NÃO DEFINIDO,Inexistentes,NÃO DEFINIDO,Outros,Inexistentes,Betuminoso,Recta,Com inclinação,Sem berma ou impraticável,Em plena via,Direita
2013697894,2013:06:30 21:50:00,01/30/00,06/01/00,01/01/00,Polícia de Segurança Pública,50.0,50.0,Domingo      ,"0,00","0,00",0,0,2,Estrada sem separador,Seco e limpo,Castelo Branco,Covilha,Covilhã (Conceição),,Urbanização Ribeiro de Flandres                                                                     ,Arruamento,0,Em bom estado,,Bom tempo,Dois sentidos,Fora da intersecção,Dentro das localidades,"Noite, com iluminação",Sem marcas rodoviárias ou pouco visíveis,Colisão frontal,NÃO DEFINIDO,Inexistentes,NÃO DEFINIDO,Passagem de peões,Inexistentes,Betuminoso,Recta,Com inclinação,Berma pavimentada,Em plena via,Direita
2012626647,2012:06:11 07:30:00,01/11/00,06/01/00,01/01/00,Guarda Nacional Republicana,90.0,90.0,Segunda-Feira,"39,34112","9,16657",0,0,1,Estrada sem separador,Húmido,Lisboa,Torres Vedras,Turcifal,CAPA ROSA,,EM - Estrada Municipal,EM555,Em estado regular,,Chuva,Dois sentidos,Fora da intersecção,Fora das localidades,Em pleno dia,Com marcas - separadoras de sentido de trânsito,Despiste simples,NÃO DEFINIDO,Inexistentes,NÃO DEFINIDO,NÃO DEFINIDO,Inexistentes,Betuminoso,Recta,Em patamar,Berma não pavimentada,Em plena via,Direita
20171276417,2017:06:18 20:40:00,01/18/00,06/01/00,01/01/00,Guarda Nacional Republicana,90.0,90.0,Domingo      ,"40,491283","-7,658162",0,0,2,Estrada sem separador,Seco e limpo,Guarda,Gouveia,União das freguesias de Rio Torto e Lagarinhos,Guarda,,EN - Estrada Nacional,EN17,Em estado regular,"102,65",Bom tempo,Dois sentidos,Fora da intersecção,Fora das localidades,Em pleno dia,Com marcas - separadoras de sentido de trânsito,Despiste com capotamento,NÃO DEFINIDO,Inexistentes,NÃO DEFINIDO,Outros,Inexistentes,Betuminoso,Recta,Em patamar,Berma não pavimentada,Na berma,Direita
20181450617,2018:06:24 05:15:00,01/24/00,06/01/00,01/01/00,Guarda Nacional Republicana,90.0,90.0,Domingo      ,"39,334066","-8,803377",0,0,1,Estrada sem separador,Seco e limpo,Santarém,Rio Maior,União das freguesias de Outeiro da Cortiçada e Arruda dos Pisões,Correias,,EM - Estrada Municipal,0,Em estado regular,,Bom tempo,Dois sentidos,Fora da intersecção,Fora das localidades,"Noite, sem iluminação",Sem marcas rodoviárias ou pouco visíveis,Despiste com colisão com veículo imobil. ou obstáculo,NÃO DEFINIDO,Inexistentes,NÃO DEFINIDO,NÃO DEFINIDO,Inexistentes,Betuminoso,Recta,Em patamar,Sem berma ou impraticável,Na berma,Direita
20171163118,2016:06:20 09:10:00,01/20/00,06/01/00,01/01/00,Guarda Nacional Republicana,90.0,90.0,Segunda-Feira,"39,249959","-8,297068",0,0,1,Estrada sem separador,Seco e limpo,Santarém,Golega,Golegã,GOLEGÃ,,EN - Estrada Nacional,EN243,Em estado regular,"42,2",Bom tempo,Dois sentidos,Fora da intersecção,Fora das localidades,Em pleno dia,Com marcas - separadoras de sentido de trânsito,Despiste simples,NÃO DEFINIDO,Inexistentes,NÃO DEFINIDO,NÃO DEFINIDO,Inexistentes,Betuminoso,Curva,Em patamar,Sem berma ou impraticável,Em plena via,Direita
2015979308,2015:06:07 09:20:00,01/07/00,06/01/00,01/01/00,Guarda Nacional Republicana,50.0,90.0,Domingo      ,"40,073819","-8,325222",0,0,1,Estrada sem separador,Seco e limpo,Coimbra,Condeixa-a-Nova,União das freguesias de Sebal e Belide,Sebal,,EN - Estrada Nacional,EN347,Em bom estado,30.0,Bom tempo,Dois sentidos,Fora da intersecção,Dentro das localidades,Em pleno dia,Com marcas - separadoras de sentido de trânsito,Despiste simples,NÃO DEFINIDO,Inexistentes,NÃO DEFINIDO,NÃO DEFINIDO,Inexistentes,Betuminoso,Recta,Em patamar,Sem berma ou impraticável,Na berma,Direita
2015978986,2015:06:12 07:00:00,01/12/00,06/01/00,01/01/00,Guarda Nacional Republicana,50.0,50.0,Sexta-Feira  ,"41,047489","-8,061740",0,0,3,Estrada sem separador,Seco e limpo,Viseu,Cinfaes,Cinfães,,,EN - Estrada Nacional,EN222,Em bom estado,79.5,Bom tempo,Dois sentidos,Fora da intersecção,Dentro das localidades,Em pleno dia,Com marcas - separadoras de sentido de trânsito,Colisão frontal,NÃO DEFINIDO,Inexistentes,NÃO DEFINIDO,Proibição de ultrapassagem,Inexistentes,Betuminoso,Recta,Com inclinação,Berma pavimentada,Em plena via,Direita
2012628589,2012:06:22 15:40:00,01/22/00,06/01/00,01/01/00,Guarda Nacional Republicana,50.0,50.0,Sexta-Feira  ,"41,122281","-8,294510",0,0,1,Estrada sem separador,Seco e limpo,Porto,Penafiel,Paredes,Tapado Novo,,EN - Estrada Nacional,EN106,Em estado regular,36.006,Bom tempo,Dois sentidos,Fora da intersecção,Dentro das localidades,Em pleno dia,Com marcas - separadoras de sentido de trânsito,Despiste com colisão com veículo imobil. ou obstáculo,NÃO DEFINIDO,Inexistentes,NÃO DEFINIDO,Outros,Inexistentes,Betuminoso,Recta,Em patamar,Berma pavimentada,Em plena via,Direita
2015945998,2015:06:14 08:55:00,01/14/00,06/01/00,01/01/00,Polícia de Segurança Pública,50.0,50.0,Domingo      ,"40,220729","-8,429467",0,0,2,Outra via,Com óleo,Coimbra,Coimbra,Santo António dos Olivais,Coimbra,Avenida Professor Gouveia Monteiro                                                                  ,Arruamento,0,Em estado regular,,Chuva,Dois sentidos,Fora da intersecção,Dentro das localidades,Em pleno dia,Com marcas - separadoras de sentido e de vias de trânsito,Despiste sem dispositivo de retenção,NÃO DEFINIDO,Inexistentes,No sentido crescente da quilometragem,Outros,Inexistentes,Betuminoso,Curva,Em patamar,Berma não pavimentada,Em plena via,Esquerda
2013742190,2013:06:22 14:30:00,01/22/00,06/01/00,01/01/00,Guarda Nacional Republicana,50.0,50.0,Sábado       ,"40,594261","-8,297569",0,0,1,Estrada sem separador,Seco e limpo,Aveiro,Santa Maria da Feira,Lobão,Lobão,Rua Miravais,Arruamento,0,Em estado regular,,Bom tempo,Dois sentidos,Fora da intersecção,Dentro das localidades,Em pleno dia,Sem marcas rodoviárias ou pouco visíveis,Colisão com fuga,NÃO DEFINIDO,Inexistentes,NÃO DEFINIDO,NÃO DEFINIDO,Inexistentes,Betuminoso,Recta,Com inclinação,Berma pavimentada,Em plena via,Direita
20171233405,2017:06:01 20:05:00,01/01/00,06/01/00,01/01/00,Polícia de Segurança Pública,50.0,50.0,Quinta-Feira ,"41,180888","-8,565368",0,0,1,Estrada sem separador,Seco e limpo,Porto,Gondomar,Rio Tinto,Rio Tinto,Avenida Doutor Francisco Sá Carneiro                                                                ,Arruamento,0,Em bom estado,,Bom tempo,Sentido único,Fora da intersecção,Dentro das localidades,Sol escandeante,Com marcas - separadoras de sentido e de vias de trânsito,Atropelamento de peões,NÃO DEFINIDO,Inexistentes,NÃO DEFINIDO,NÃO DEFINIDO,Inexistentes,Betuminoso,Recta,Com inclinação,Berma pavimentada,Em plena via,Direita
2010470653,2010:06:28 17:45:00,01/28/00,06/01/00,01/01/00,Guarda Nacional Republicana,70.0,90.0,Segunda-Feira,"40,562969","-8,563535",0,0,2,Estrada sem separador,Seco e limpo,Aveiro,Oliveira do Bairro,Oiã,OIÃ,,EN - Estrada Nacional,EN235,Em estado regular,11.3,Bom tempo,Dois sentidos,Fora da intersecção,Fora das localidades,Em pleno dia,Com marcas - separadoras de sentido de trânsito,Colisão choque em cadeia,NÃO DEFINIDO,Inexistentes,NÃO DEFINIDO,NÃO DEFINIDO,Inexistentes,Betuminoso,Recta,Em patamar,Berma não pavimentada,Em plena via,Direita
20171160971,2016:06:09 12:00:00,01/09/00,06/01/00,01/01/00,Guarda Nacional Republicana,50.0,50.0,Quinta-Feira ,"41,187736","-8,081002",0,0,2,Estrada sem separador,Seco e limpo,Porto,Felgueiras,União das freguesias de Vila Verde e Santão,SANTÃO,,EN - Estrada Nacional,EN15,Em estado regular,"49,6",Bom tempo,Dois sentidos,Fora da intersecção,Dentro das localidades,Em pleno dia,Com marcas - separadoras de sentido de trânsito,Colisão com outras situações,NÃO DEFINIDO,Inexistentes,NÃO DEFINIDO,Outros,A funcionar normalmente,Betuminoso,Recta,Em patamar,Berma pavimentada,Em plena via,Direita
20191709016,2019:06:03 09:40:00,01/03/00,06/01/00,01/01/00,Polícia de Segurança Pública,40.0,50.0,Segunda-Feira,"0,0","0,0",0,0,1,Estrada sem separador,Seco e limpo,Lisboa,Lisboa,Lumiar,,Interface do Campo Grande,Arruamento,0,Em bom estado,,Bom tempo,Dois sentidos,NÃO DEFINIDO,Dentro das localidades,Em pleno dia,Com marcas - separadoras de sentido de trânsito,Atropelamento de peões,NÃO DEFINIDO,Inexistentes,NÃO DEFINIDO,Passagem de peões,Inexistentes,Betuminoso,Recta,Em patamar,Berma pavimentada,Em via ou pista reservada,Direita
20171164038,2016:06:25 02:40:00,01/25/00,06/01/00,01/01/00,Guarda Nacional Republicana,50.0,50.0,Sábado       ,"41,177045","-8,219989",0,0,1,Estrada sem separador,Seco e limpo,Porto,Pacos de Ferreira,Carvalhosa,CARVALHOSA,Rua de São Tiago - Carvalhosa,Arruamento,0,Em estado regular,,Bom tempo,Dois sentidos,Fora da intersecção,Dentro das localidades,"Noite, com iluminação",Sem marcas rodoviárias ou pouco visíveis,Atropelamento com fuga,NÃO DEFINIDO,Inexistentes,NÃO DEFINIDO,Outros,Inexistentes,Betuminoso,Recta,Em patamar,Berma pavimentada,Em plena via,Direita
2015978273,2015:06:15 08:20:00,01/15/00,06/01/00,01/01/00,Guarda Nacional Republicana,90.0,90.0,Segunda-Feira,"40,346500","-8,212910",0,0,1,Estrada sem separador,Seco e limpo,Aveiro,Agueda,"União das freguesias de Belazaima do Chão, Castanheira do Vouga e Agadão",,,EN - Estrada Nacional,EN230,Em estado regular,29.78,Bom tempo,Dois sentidos,Fora da intersecção,Fora das localidades,Em pleno dia,Sem marcas rodoviárias ou pouco visíveis,Colisão lateral com outro veículo em movimento,NÃO DEFINIDO,Inexistentes,NÃO DEFINIDO,NÃO DEFINIDO,Inexistentes,Betuminoso,Curva,Com inclinação,Sem berma ou impraticável,Em plena via,Direita
20171275177,2017:06:12 18:35:00,01/12/00,06/01/00,01/01/00,Guarda Nacional Republicana,50.0,50.0,Segunda-Feira,"39,027482","-8,772479",0,0,1,Estrada sem separador,Seco e limpo,Santarém,Salvaterra de Magos,União das freguesias de Salvaterra de Magos e Foros de Salvaterra,Salvaterra de Magos,,EN - Estrada Nacional,EN118,Em bom estado,"48,9",Bom tempo,Dois sentidos,Fora da intersecção,Fora das localidades,Em pleno dia,Com marcas - separadoras de sentido de trânsito,Colisão traseira com outro veículo em movimento,NÃO DEFINIDO,Inexistentes,NÃO DEFINIDO,NÃO DEFINIDO,Inexistentes,Betuminoso,Recta,Em patamar,Berma não pavimentada,Em plena via,Direita
2014850976,2014:06:27 20:30:00,01/27/00,06/01/00,01/01/00,Guarda Nacional Republicana,50.0,50.0,Sexta-Feira  ,"41,441889","-8,338708",0,0,1,Estrada sem separador,Seco e limpo,Viana do Castelo,Ponte de Lima,Rebordões (Souto),,Rua de Pedrouços,Arruamento,0,Em bom estado,,Bom tempo,Dois sentidos,Fora da intersecção,Dentro das localidades,Em pleno dia,Sem marcas rodoviárias ou pouco visíveis,Despiste simples,NÃO DEFINIDO,Inexistentes,NÃO DEFINIDO,Outros,Inexistentes,Betuminoso,Curva,Com inclinação,Sem berma ou impraticável,Em plena via,Direita
2013742006,2013:06:13 12:40:00,01/13/00,06/01/00,01/01/00,Guarda Nacional Republicana,90.0,90.0,Quinta-Feira ,"38,420458","-7,450504",0,0,1,Estrada sem separador,Seco e limpo,Castelo Branco,Vila Velha de Rodao,Fratel,Ladeira (curva Foz Cobrão/Ladeira),,EM - Estrada Municipal,0,Em bom estado,,Bom tempo,Dois sentidos,Em entroncamento,Fora das localidades,Em pleno dia,Com marcas - separadoras de sentido de trânsito,Despiste simples,NÃO DEFINIDO,Inexistentes,NÃO DEFINIDO,NÃO DEFINIDO,Inexistentes,Betuminoso,Curva,Com inclinação,Sem berma ou impraticável,Em plena via,Direita
20181440623,2018:06:13 18:45:00,01/13/00,06/01/00,01/01/00,Polícia de Segurança Pública,90.0,90.0,Quarta-Feira ,"40,884932","-8,606409",0,0,1,Estrada sem separador,Seco e limpo,Aveiro,Ovar,"União das freguesias de Ovar, São João, Arada e São Vicente de Pereira Jusã",São João,,EN - Estrada Nacional,EN327,Em bom estado,"26,2",Bom tempo,Dois sentidos,Fora da intersecção,Dentro das localidades,Em pleno dia,Com marcas - separadoras de sentido de trânsito,Colisão lateral com outro veículo em movimento,NÃO DEFINIDO,Inexistentes,NÃO DEFINIDO,Outros,Inexistentes,Betuminoso,Recta,Em patamar,Berma pavimentada,Em plena via,Direita
20171273290,2017:06:03 22:15:00,01/03/00,06/01/00,01/01/00,Guarda Nacional Republicana,50.0,50.0,Sábado       ,"41,473424","-8,568646",0,0,1,Estrada sem separador,Seco e limpo,Braga,Barcelos,União das freguesias de Silveiros e Rio Covo (Santa Eulália),Silveiros,,EN - Estrada Nacional,EN204,Em estado regular,"28,25",Bom tempo,Dois sentidos,Fora da intersecção,Dentro das localidades,"Noite, com iluminação",Com marcas - separadoras de sentido e de vias de trânsito,Colisão lateral com outro veículo em movimento,NÃO DEFINIDO,Inexistentes,NÃO DEFINIDO,NÃO DEFINIDO,Inexistentes,Betuminoso,Recta,Em patamar,Berma pavimentada,Na berma,Direita
20161081176,2016:06:26 16:25:00,01/26/00,06/01/00,01/01/00,Polícia de Segurança Pública,50.0,50.0,Domingo      ,"38,759708","-9,233392",0,0,1,Estrada sem separador,Seco e limpo,Lisboa,Amadora,Mina de Água,Amadora,Rua Henrique Nogueira                                                                               ,Arruamento,0,Em estado regular,,Bom tempo,Sentido único,Fora da intersecção,Dentro das localidades,Em pleno dia,Com marcas - separadoras de sentido de trânsito,Despiste com colisão com veículo imobil. ou obstáculo,NÃO DEFINIDO,Inexistentes,NÃO DEFINIDO,Outros,Inexistentes,Betuminoso,Recta,Em patamar,Sem berma ou impraticável,Em plena via,Direita
20181444235,2018:06:12 00:00:00,01/12/00,06/01/00,01/01/00,Polícia de Segurança Pública,50.0,50.0,Terça-Feira  ,"38,722298","-9,139318",0,0,1,Estrada sem separador,Seco e limpo,Lisboa,Lisboa,Alvalade,Lisboa,Rua Entrecampos                                                                                     ,Arruamento,0,Em bom estado,,Bom tempo,Sentido único,Fora da intersecção,Dentro das localidades,"Noite, com iluminação",Com marcas - separadoras de sentido de trânsito,Atropelamento com fuga,NÃO DEFINIDO,Inexistentes,NÃO DEFINIDO,Outros,Inexistentes,Betuminoso,Recta,Com inclinação,Berma pavimentada,Em plena via,Direita
2012623788,2012:06:22 08:45:00,01/22/00,06/01/00,01/01/00,Guarda Nacional Republicana,50.0,50.0,Sexta-Feira  ,,,0,0,1,Estrada sem separador,Seco e limpo,Faro,Loule,Quarteira,QUARTEIRA,R DON DINIS,Arruamento,0,Em estado regular,,Bom tempo,Dois sentidos,Fora da intersecção,Dentro das localidades,Em pleno dia,Sem marcas rodoviárias ou pouco visíveis,Atropelamento de peões,NÃO DEFINIDO,Inexistentes,NÃO DEFINIDO,Passagem de peões,Inexistentes,Betão de cimento,Recta,Em patamar,Berma pavimentada,Na berma,Direita
2011545570,2011:06:13 13:00:00,01/13/00,06/01/00,01/01/00,Guarda Nacional Republicana,120.0,120.0,Segunda-Feira,"41,910637","-8,658303",0,0,1,Auto-estrada,Seco e limpo,Viana do Castelo,Vila Nova de Cerveira,Mentrestido,MENTRESTIDO,,A  - Auto-Estrada,A3,Em bom estado,96.65,Bom tempo,Sentido único,Fora da intersecção,Fora das localidades,Em pleno dia,Com marcas - separadoras de sentido e de vias de trânsito,Colisão traseira com outro veículo em movimento,NÃO DEFINIDO,Inexistentes,No sentido crescente da quilometragem,NÃO DEFINIDO,Inexistentes,Betuminoso,Recta,Em patamar,Berma pavimentada,Em plena via,Direita
2014850802,2014:06:11 12:25:00,01/11/00,06/01/00,01/01/00,Guarda Nacional Republicana,90.0,90.0,Quarta-Feira ,"38,279095","-7,414742",0,0,1,Estrada sem separador,Seco e limpo,Évora,Evora,União das freguesias de São Manços e São Vicente do Pigeiro,Vendinha,,EN - Estrada Nacional,EN256,Em bom estado,5.64,Bom tempo,Dois sentidos,Fora da intersecção,Fora das localidades,Em pleno dia,Com marcas - separadoras de sentido de trânsito,Colisão traseira com outro veículo em movimento,NÃO DEFINIDO,Inexistentes,NÃO DEFINIDO,Outros,Inexistentes,Betuminoso,Recta,Em patamar,Sem berma ou impraticável,Em plena via,Direita
2012614990,2012:06:12 17:30:00,01/12/00,06/01/00,01/01/00,Polícia de Segurança Pública,50.0,50.0,Terça-Feira  ,"0,00","0,00",0,0,1,Estrada sem separador,Húmido,Porto,Maia,Pedrouços,,Rua Plácido de Abreu                                                                                ,Arruamento,0,Em estado regular,,Bom tempo,Dois sentidos,Em entroncamento,Dentro das localidades,Em pleno dia,Sem marcas rodoviárias ou pouco visíveis,Despiste sem dispositivo de retenção,NÃO DEFINIDO,Inexistentes,NÃO DEFINIDO,NÃO DEFINIDO,Inexistentes,Calçada,Recta,Com inclinação,Sem berma ou impraticável,Em plena via,Direita
20181442797,2018:06:19 18:10:00,01/19/00,06/01/00,01/01/00,Guarda Nacional Republicana,120.0,120.0,Terça-Feira  ,"38,598079","-9,034263",0,0,1,Auto-estrada,Seco e limpo,Setúbal,Seixal,"União das freguesias do Seixal, Arrentela e Aldeia de Paio Pires",Coina,,A  - Auto-Estrada,A33,Em bom estado,"19,7",Bom tempo,Sentido único,Fora da intersecção,Fora das localidades,Em pleno dia,Com marcas - separadoras de sentido e de vias de trânsito,Colisão lateral com outro veículo em movimento,NÃO DEFINIDO,Inexistentes,No sentido crescente da quilometragem,NÃO DEFINIDO,Inexistentes,Betuminoso,Curva,Em patamar,Berma pavimentada,Em plena via,Central
20181439197,2018:06:14 17:55:00,01/14/00,06/01/00,01/01/00,Guarda Nacional Republicana,50.0,50.0,Quinta-Feira ,"41,444023","-8,365484",0,0,1,Outra via,Seco e limpo,Braga,Guimaraes,Brito,Brito,,EN - Estrada Nacional,EN206,Em estado regular,37,Bom tempo,Dois sentidos,Em entroncamento,Dentro das localidades,Em pleno dia,Com marcas - separadoras de sentido de trânsito,Colisão lateral com outro veículo em movimento,NÃO DEFINIDO,Inexistentes,No sentido crescente da quilometragem,NÃO DEFINIDO,Inexistentes,Betuminoso,Recta,Em patamar,Sem berma ou impraticável,Em plena via,Direita