Id. Acidente,Datahora,Dia,Mês,Hora,Entidades Fiscalizadoras,Velocidade local,Velocidade geral,Dia da Semana,Latitude GPS,Longitude GPS,Num. Mortos a 30 dias,Num. Feridos graves a 30 dias,Num. Feridos ligeiros a 30 dias,Características Tecnicas1,Cond Aderência,Distrito,Concelho,Freguesia,Pov. Proxima,Nome arruamento,Tipos Vias,Cod Via,Estado Conservação,Km,Factores Atmosféricos,Reg Circulação1,Intersecção Vias,Localizações,Luminosidade,Marca Via,Natureza,Obras Arte,Obstáculos,Sentidos,Sinais,Sinais Luminosos,Tipo Piso,Traçado 1,Traçado 2,Traçado 3,Traçado 4,Via Trânsito
20181448145,2018:06:05 19:20:00,01/05/00,06/01/00,01/01/00,Polícia de Segurança Pública,50.0,50.0,Terça-Feira  ,"39,738342","-8,909395",0,0,1,Estrada sem separador,Molhado,Leiria,Marinha Grande,Marinha Grande,Pedrulheira,Rua Augusto costa,Arruamento,0,Em estado regular,,Chuva,Dois sentidos,Fora da intersecção,Dentro das localidades,Em pleno dia,Com marcas - separadoras de sentido de trânsito,Colisão traseira com outro veículo em movimento,NÃO DEFINIDO,Inexistentes,NÃO DEFINIDO,Outros,Inexistentes,Betuminoso,Recta,Em patamar,Berma pavimentada,Em plena via,Direita
2012628667,2012:06:24 18:15:00,01/24/00,06/01/00,01/01/00,Guarda Nacional Republicana,50.0,50.0,Domingo      ,,,0,0,2,Estrada sem separador,Seco e limpo,Porto,Felgueiras,Refontoura,Refontoura,Lugar de Rãs,Arruamento,0,Em bom estado,,Bom tempo,Dois sentidos,Fora da intersecção,Dentro das localidades,Em pleno dia,Sem marcas rodoviárias ou pouco visíveis,Despiste sem dispositivo de retenção,NÃO DEFINIDO,Inexistentes,NÃO DEFINIDO,NÃO DEFINIDO,Inexistentes,Betuminoso,Recta,Com inclinação,Sem berma ou impraticável,No passeio,Direita
20191724727,2019:06:17 18:00:00,01/17/00,06/01/00,01/01/00,Guarda Nacional Republicana,50.0,50.0,Segunda-Feira,"41,391960","-8,420804",0,0,3,Estrada sem separador,Seco e limpo,Braga,Vila Nova de Famalicao,Delães,Delães,Rua do Pombal - Paraíso,Arruamento,0,Em bom estado,,Bom tempo,Dois sentidos,Fora da intersecção,Dentro das localidades,Em pleno dia,Com marcas - separadoras de sentido de trânsito,Colisão lateral com outro veículo em movimento,NÃO DEFINIDO,Inexistentes,NÃO DEFINIDO,NÃO DEFINIDO,Desligada,Betuminoso,Recta,Em patamar,Sem berma ou impraticável,Em plena via,Direita
2013692050,2013:06:13 10:30:00,01/13/00,06/01/00,01/01/00,Polícia de Segurança Pública,50.0,50.0,Quinta-Feira ,"0,00","0,00",0,0,1,Estrada sem separador,Seco e limpo,Coimbra,Coimbra,Eiras,,Estrada Eiras                                                                                       ,Arruamento,0,Em estado regular,,Bom tempo,Dois sentidos,Em entroncamento,Dentro das localidades,Em pleno dia,Sem marcas rodoviárias ou pouco visíveis,Colisão lateral com outro veículo em movimento,NÃO DEFINIDO,Inexistentes,NÃO DEFINIDO,Outros,Inexistentes,Betuminoso,Recta,Em patamar,Sem berma ou impraticável,Em plena via,Direita
20171275360,2017:06:13 18:20:00,01/13/00,06/01/00,01/01/00,Guarda Nacional Republicana,50.0,50.0,Terça-Feira  ,"41,219870","-8,410617",0,0,1,Estrada sem separador,Seco e limpo,Porto,Paredes,Rebordosa,Rebordosa,Avenida Bombeiros Voluntários de Rebordosa,Arruamento,0,Em bom estado,,Bom tempo,Dois sentidos,Fora da intersecção,Dentro das localidades,Em pleno dia,Sem marcas rodoviárias ou pouco visíveis,Colisão com fuga,NÃO DEFINIDO,Inexistentes,NÃO DEFINIDO,NÃO DEFINIDO,Inexistentes,Betuminoso,Recta,Em patamar,Berma pavimentada,Em plena via,Direita
2013694503,2013:06:25 09:15:00,01/25/00,06/01/00,01/01/00,Polícia de Segurança Pública,50.0,50.0,Terça-Feira  ,"0,00","0,00",0,0,1,Estrada sem separador,NÃO DEFINIDO,Lisboa,Lisboa,Santo Condestável,,Praça São João Bosco                                                                                ,Arruamento,0,NÃO DEFINIDO,,NÃO DEFINIDO,Dois sentidos,Fora da intersecção,Dentro das localidades,NÃO DEFINIDO,NÃO DEFINIDO,Atropelamento de peões,NÃO DEFINIDO,NÃO DEFINIDO,NÃO DEFINIDO,NÃO DEFINIDO,NÃO DEFINIDO,NÃO DEFINIDO,Curva,Em patamar,Berma pavimentada,Em plena via,Direita
20171277496,2017:06:23 21:50:00,01/23/00,06/01/00,01/01/00,Guarda Nacional Republicana,50.0,50.0,Sexta-Feira  ,"38,561754","-9,087976",0,0,1,Estrada sem separador,Seco e limpo,Setúbal,Seixal,Fernão Ferro,Fernão Ferro,rua general humberto delgado,Arruamento,0,Em bom estado,,Bom tempo,Sentido único,Fora da intersecção,Dentro das localidades,"Noite, sem iluminação",Sem marcas rodoviárias ou pouco visíveis,Despiste simples,NÃO DEFINIDO,Inexistentes,NÃO DEFINIDO,NÃO DEFINIDO,Inexistentes,Betuminoso,Recta,Em patamar,Berma pavimentada,Em plena via,Direita
20171274964,2017:06:11 19:50:00,01/11/00,06/01/00,01/01/00,Guarda Nacional Republicana,50.0,50.0,Domingo      ,"39,210922","-8,602791",0,1,0,Estrada sem separador,Seco e limpo,Santarém,Alpiarca,Alpiarça,Almeirim,,Outra Via,0,Em bom estado,,Bom tempo,Dois sentidos,Fora da intersecção,Fora das localidades,Em pleno dia,Sem marcas rodoviárias ou pouco visíveis,Despiste simples,NÃO DEFINIDO,Inexistentes,NÃO DEFINIDO,NÃO DEFINIDO,Inexistentes,Betuminoso,Recta,Em patamar,Berma não pavimentada,Em plena via,Direita
2011558774,2011:06:27 17:45:00,01/27/00,06/01/00,01/01/00,Polícia de Segurança Pública,90.0,50.0,Segunda-Feira,"38,807415","-9,241065",0,0,1,Estrada sem separador,Seco e limpo,Lisboa,Sintra,Casal de Cambra,,,EN - Estrada Nacional,EN250,Em bom estado,18.4,Bom tempo,Dois sentidos,Fora da intersecção,Fora das localidades,Em pleno dia,Com marcas - separadoras de sentido e de vias de trânsito,Colisão lateral com outro veículo em movimento,NÃO DEFINIDO,NÃO DEFINIDO,NÃO DEFINIDO,NÃO DEFINIDO,NÃO DEFINIDO,Betuminoso,Curva,Em patamar,Berma pavimentada,Em plena via,Direita
2010470205,2010:06:25 17:45:00,01/25/00,06/01/00,01/01/00,Guarda Nacional Republicana,90.0,90.0,Sexta-Feira  ,,,0,0,3,Estrada sem separador,Húmido,Viseu,Viseu,Cavernães,CAVERNÃES,EST DA LIXEIRA - MUNDÃO,Arruamento,0,Em bom estado,,Bom tempo,Dois sentidos,Fora da intersecção,Dentro das localidades,Em pleno dia,Sem marcas rodoviárias ou pouco visíveis,Colisão lateral com outro veículo em movimento,NÃO DEFINIDO,Inexistentes,NÃO DEFINIDO,Outros,Inexistentes,Betuminoso,Recta,Em patamar,Sem berma ou impraticável,Em plena via,Direita
20191729019,2019:06:02 10:30:00,01/02/00,06/01/00,01/01/00,Guarda Nacional Republicana,50.0,50.0,Domingo      ,"41,032230","-8,557491",0,0,1,Estrada sem separador,Seco e limpo,Porto,Vila Nova de Gaia,União das freguesias de Pedroso e Seixezelo,SEIXEZELO,,EN - Estrada Nacional,EN1,Em estado regular,"291,322",Bom tempo,Dois sentidos,Fora da intersecção,Dentro das localidades,Em pleno dia,Com marcas - separadoras de sentido de trânsito,Colisão lateral com outro veículo em movimento,NÃO DEFINIDO,Inexistentes,NÃO DEFINIDO,NÃO DEFINIDO,Desligada,Betuminoso,Recta,Em patamar,Berma pavimentada,Em plena via,Direita
2011548001,2011:06:24 13:40:00,01/24/00,06/01/00,01/01/00,Guarda Nacional Republicana,90.0,90.0,Sexta-Feira  ,"37,968172","-8,381973",0,0,1,Estrada sem separador,Seco e limpo,Setúbal,Santiago do Cacem,Alvalade,MIMOSA,,IC - Itinerário Complementar,IC1,Em bom estado,624.7,Bom tempo,Sentido único,Fora da intersecção,Fora das localidades,Em pleno dia,Com marcas - separadoras de sentido de trânsito,Despiste simples,NÃO DEFINIDO,Inexistentes,NÃO DEFINIDO,Outros,Inexistentes,Betuminoso,Recta,Em patamar,Berma pavimentada,Em plena via,Direita
2014849264,2014:06:26 07:45:00,01/26/00,06/01/00,01/01/00,Guarda Nacional Republicana,50.0,50.0,Quinta-Feira ,"41,054371","-8,175578",0,0,1,Estrada sem separador,Seco e limpo,Porto,Penafiel,Eja,Eja,,EN - Estrada Nacional,EN106,Em bom estado,39.86,Bom tempo,Dois sentidos,Fora da intersecção,Dentro das localidades,Em pleno dia,Com marcas - separadoras de sentido de trânsito,Colisão traseira com outro veículo em movimento,NÃO DEFINIDO,Inexistentes,NÃO DEFINIDO,NÃO DEFINIDO,Inexistentes,Betuminoso,Recta,Com inclinação,Sem berma ou impraticável,Em plena via,Direita
2015980474,2015:06:29 21:15:00,01/29/00,06/01/00,01/01/00,Guarda Nacional Republicana,50.0,50.0,Segunda-Feira,"41,065705","-8,127927",0,0,1,Estrada sem separador,Seco e limpo,Porto,Marco de Canaveses,Bem Viver,,Avª do Bairro,Arruamento,0,Em estado regular,,Bom tempo,Dois sentidos,Fora da intersecção,Dentro das localidades,Em pleno dia,Com marcas - separadoras de sentido de trânsito,Despiste simples,NÃO DEFINIDO,Inexistentes,NÃO DEFINIDO,Outros,Inexistentes,Betuminoso,Recta,Em patamar,Berma pavimentada,Na berma,Direita
2015979896,2015:06:25 13:30:00,01/25/00,06/01/00,01/01/00,Guarda Nacional Republicana,50.0,50.0,Quinta-Feira ,"41,222165","-8,329790",0,0,1,Estrada sem separador,Seco e limpo,Braga,Vila Nova de Famalicao,Ribeirão,,Rua 1,Arruamento,0,Em bom estado,,Bom tempo,Dois sentidos,Em entroncamento,Dentro das localidades,Em pleno dia,Com marcas - separadoras de sentido de trânsito,Atropelamento de peões,NÃO DEFINIDO,Inexistentes,NÃO DEFINIDO,Outros,Inexistentes,Betuminoso,Recta,Em patamar,Berma pavimentada,Em plena via,Direita
2010458458,2010:06:13 15:30:00,01/13/00,06/01/00,01/01/00,Polícia de Segurança Pública,50.0,50.0,Domingo      ,"0,00","0,00",0,0,2,Estrada sem separador,Seco e limpo,Lisboa,Cascais,Cascais,,Avenida da Charneca,Arruamento,0,Em bom estado,,Bom tempo,Dois sentidos,Fora da intersecção,Dentro das localidades,Em pleno dia,Sem marcas rodoviárias ou pouco visíveis,Despiste com colisão com veículo imobil. ou obstáculo,NÃO DEFINIDO,Inexistentes,NÃO DEFINIDO,NÃO DEFINIDO,Inexistentes,Betuminoso,Curva,Com inclinação,Sem berma ou impraticável,Em plena via,Direita
20191709119,2019:06:01 18:00:00,01/01/00,06/01/00,01/01/00,Polícia de Segurança Pública,50.0,50.0,Sábado       ,"0,0","0,0",0,0,1,Estrada sem separador,Seco e limpo,Braga,Vila Nova de Famalicao,União das freguesias de Vila Nova de Famalicão e Calendário,Vila Nova de Famalicão,Rua Dom Luís I                                                                                      ,Arruamento,0,Em bom estado,,Bom tempo,Dois sentidos,Fora da intersecção,Dentro das localidades,Em pleno dia,Sem marcas rodoviárias ou pouco visíveis,Atropelamento de peões,NÃO DEFINIDO,Inexistentes,NÃO DEFINIDO,Outros,Inexistentes,Betuminoso,Recta,Com inclinação,Berma não pavimentada,Em plena via,Direita
20191715407,2019:06:28 21:50:00,01/28/00,06/01/00,01/01/00,Polícia de Segurança Pública,50.0,50.0,Sexta-Feira  ,"0,0","0,0",0,1,0,Estrada sem separador,Seco e limpo,Lisboa,Cascais,União das freguesias de Carcavelos e Parede,Parede,Avenida Gago Coutinho                                                                               ,Arruamento,0,Em bom estado,,Vento Forte,Dois sentidos,Fora da intersecção,Dentro das localidades,"Noite, com iluminação",Com marcas - separadoras de sentido de trânsito,Despiste sem dispositivo de retenção,NÃO DEFINIDO,Inexistentes,NÃO DEFINIDO,Outros,Inexistentes,Betuminoso,Curva,Em patamar,Berma pavimentada,Em plena via,Direita
2010470553,2010:06:16 16:00:00,01/16/00,06/01/00,01/01/00,Guarda Nacional Republicana,50.0,50.0,Quarta-Feira ,"38,71578","9,41481",0,0,1,Estrada sem separador,Seco e limpo,Lisboa,Cascais,Alcabideche,AMOREIRA,EST DA RIBEIRA INTERSECÇÃO RUA DE LISBOA,Arruamento,0,Em mau estado,,Bom tempo,Dois sentidos,Em entroncamento,Dentro das localidades,Em pleno dia,Sem marcas rodoviárias ou pouco visíveis,Despiste simples,NÃO DEFINIDO,Não sinalizados,NÃO DEFINIDO,NÃO DEFINIDO,Inexistentes,Betuminoso,Recta,Em patamar,Sem berma ou impraticável,Em plena via,Direita
20171261228,2017:06:24 10:30:00,01/24/00,06/01/00,01/01/00,Polícia de Segurança Pública,50.0,50.0,Sábado       ,"38,640614","-9,159400",0,0,1,Estrada sem separador,Seco e limpo,Setúbal,Seixal,Corroios,Corroios,Rua Celeste Correia de Campos                                                                       ,Arruamento,0,Em estado regular,,Bom tempo,Sentido único,Em rotunda,Dentro das localidades,Em pleno dia,Sem marcas rodoviárias ou pouco visíveis,Colisão lateral com outro veículo em movimento,NÃO DEFINIDO,Inexistentes,NÃO DEFINIDO,Outros,Inexistentes,Betuminoso,Curva,Em patamar,Sem berma ou impraticável,Em plena via,Direita
2015979321,2015:06:02 09:45:00,01/02/00,06/01/00,01/01/00,Guarda Nacional Republicana,50.0,50.0,Terça-Feira  ,"40,029341","-8,359266",0,0,1,Estrada sem separador,Seco e limpo,Coimbra,Soure,Soure,Paleão,,EN - Estrada Nacional,EN348,Em estado regular,14.0,Bom tempo,Dois sentidos,Em entroncamento,Dentro das localidades,Em pleno dia,Sem marcas rodoviárias ou pouco visíveis,Colisão traseira com outro veículo em movimento,NÃO DEFINIDO,Inexistentes,NÃO DEFINIDO,NÃO DEFINIDO,A funcionar normalmente,Betuminoso,Recta,Com inclinação,Sem berma ou impraticável,Em plena via,Direita
20181453595,2018:06:24 11:15:00,01/24/00,06/01/00,01/01/00,Guarda Nacional Republicana,90.0,90.0,Domingo      ,"37,671102","-8,249286",0,0,1,Estrada sem separador,Seco e limpo,Beja,Ourique,União das freguesias de Garvão e Santa Luzia,Ourique,,EN - Estrada Nacional,EN123,Em bom estado,"53,1",Bom tempo,Dois sentidos,Fora da intersecção,Fora das localidades,Em pleno dia,Com marcas - separadoras de sentido de trânsito,Despiste simples,NÃO DEFINIDO,Inexistentes,NÃO DEFINIDO,NÃO DEFINIDO,Inexistentes,Betuminoso,Recta,Em patamar,Berma pavimentada,Na berma,Direita
2015979962,2015:06:23 09:05:00,01/23/00,06/01/00,01/01/00,Guarda Nacional Republicana,50.0,50.0,Terça-Feira  ,"41,243399","-8,445739",0,0,1,Estrada sem separador,Seco e limpo,Porto,Povoa de Varzim,"União das freguesias de Aver-o-Mar, Amorim e Terroso",,Rua Comendador Francisco Lima Amorim,Arruamento,0,Em estado regular,,Bom tempo,Dois sentidos,Fora da intersecção,Dentro das localidades,Em pleno dia,Com marcas - separadoras de sentido de trânsito,Colisão lateral com outro veículo em movimento,NÃO DEFINIDO,Inexistentes,NÃO DEFINIDO,NÃO DEFINIDO,Inexistentes,Betuminoso,Recta,Em patamar,Berma pavimentada,Em plena via,Direita
20171163795,2016:06:23 18:15:00,01/23/00,06/01/00,01/01/00,Guarda Nacional Republicana,50.0,50.0,Quinta-Feira ,"40,501251","-8,236247",0,0,1,Estrada sem separador,Seco e limpo,Aveiro,Vale de Cambra,"União das freguesias de Vila Chã, Codal e Vila Cova de Perrinho",VALE DE CAMBRA,Rua do Hospital,Arruamento,0,Em bom estado,,Bom tempo,Dois sentidos,Em entroncamento,Dentro das localidades,Em pleno dia,Sem marcas rodoviárias ou pouco visíveis,Atropelamento de peões,NÃO DEFINIDO,Inexistentes,NÃO DEFINIDO,Passagem de peões,Inexistentes,Betuminoso,Recta,Com inclinação,Berma pavimentada,Em plena via,Direita
20191711636,2019:06:17 13:35:00,01/17/00,06/01/00,01/01/00,Polícia de Segurança Pública,50.0,50.0,Segunda-Feira,"0,0","0,0",0,0,2,Estrada sem separador,Seco e limpo,Lisboa,Lisboa,Misericórdia,,Rua São Pedro Alcantara,Arruamento,0,Em estado regular,,Bom tempo,Dois sentidos,Fora da intersecção,Dentro das localidades,Em pleno dia,Sem marcas rodoviárias ou pouco visíveis,Atropelamento de peões,NÃO DEFINIDO,Inexistentes,NÃO DEFINIDO,Passagem de peões,Inexistentes,Calçada,Recta,Com inclinação,Sem berma ou impraticável,Em plena via,Direita
2014850831,2014:06:13 20:00:00,01/13/00,06/01/00,01/01/00,Guarda Nacional Republicana,30.0,50.0,Sexta-Feira  ,"40,230126","-8,292512",0,0,1,Estrada sem separador,Seco e limpo,Coimbra,Cantanhede,União das freguesias de Sepins e Bolho,Sepins,,EM - Estrada Municipal,EM613,Em bom estado,,Bom tempo,Dois sentidos,Fora da intersecção,Dentro das localidades,Em pleno dia,Sem marcas rodoviárias ou pouco visíveis,Despiste simples,NÃO DEFINIDO,Inexistentes,NÃO DEFINIDO,NÃO DEFINIDO,Inexistentes,Betuminoso,Recta,Em patamar,Berma não pavimentada,Em plena via,Direita
20191724222,2019:06:19 18:30:00,01/19/00,06/01/00,01/01/00,Guarda Nacional Republicana,50.0,50.0,Quarta-Feira ,"39,050170","-9,008233",0,0,2,Estrada sem separador,Seco e limpo,Lisboa,Alenquer,União das freguesias de Alenquer (Santo Estêvão e Triana),Alenquer,Avenida António Maria Jalles,Arruamento,0,Em estado regular,,Bom tempo,Dois sentidos,Fora da intersecção,Dentro das localidades,Aurora ou crepúsculo,Sem marcas rodoviárias ou pouco visíveis,Colisão com outras situações,NÃO DEFINIDO,Inexistentes,NÃO DEFINIDO,NÃO DEFINIDO,Inexistentes,Betuminoso,Recta,Em patamar,Berma pavimentada,No passeio,Direita
20171163801,2016:06:23 19:00:00,01/23/00,06/01/00,01/01/00,Guarda Nacional Republicana,50.0,50.0,Quinta-Feira ,"40,421732","-7,208086",0,0,1,Estrada sem separador,Seco e limpo,Guarda,Celorico da Beira,Minhocal,MINHOCAL,,EM - Estrada Municipal,0,Em estado regular,,Bom tempo,Dois sentidos,Fora da intersecção,Fora das localidades,Em pleno dia,Sem marcas rodoviárias ou pouco visíveis,Despiste simples,NÃO DEFINIDO,Não sinalizados,NÃO DEFINIDO,NÃO DEFINIDO,Inexistentes,Terra batida,Recta,Com inclinação,Sem berma ou impraticável,Em plena via,Direita
2015950904,2015:06:29 14:34:00,01/29/00,06/01/00,01/01/00,Polícia de Segurança Pública,50.0,50.0,Segunda-Feira,"38,772615","-9,104646",1,0,1,Outra via,Seco e limpo,Lisboa,Lisboa,Parque das Nações,,Avenida Infante Dom Henrique,Arruamento,0,Em estado regular,,Bom tempo,Dois sentidos,Fora da intersecção,Dentro das localidades,Em pleno dia,Com marcas - separadoras de sentido e de vias de trânsito,Colisão com veiculo ou obstáculo na faixa de rodagem,NÃO DEFINIDO,Inexistentes,No sentido crescente da quilometragem,Outros,Intermitente,Betuminoso,Curva,Com inclinação,Sem berma ou impraticável,Em plena via,Central
2011538574,2011:06:19 21:00:00,01/19/00,06/01/00,01/01/00,Polícia de Segurança Pública,50.0,50.0,Domingo      ,"0,00","0,00",0,0,1,Estrada sem separador,Seco e limpo,Lisboa,Oeiras,Algés,Algés,Avenida Combatentes da Grande Guerra                                                                ,Arruamento,0,Em bom estado,,Bom tempo,Sentido único,Em cruzamento,Dentro das localidades,Em pleno dia,Sem marcas rodoviárias ou pouco visíveis,Colisão com outras situações,NÃO DEFINIDO,Inexistentes,NÃO DEFINIDO,Stop,Inexistentes,Betuminoso,Recta,Em patamar,Sem berma ou impraticável,Em plena via,Direita
2010459270,2010:06:11 18:15:00,01/11/00,06/01/00,01/01/00,Polícia de Segurança Pública,50.0,50.0,Sexta-Feira  ,"0,00","0,00",0,0,1,Estrada sem separador,Seco e limpo,Aveiro,Ovar,Ovar,Ovar,Avenida da Régua,Arruamento,0,Em bom estado,,Bom tempo,Dois sentidos,Fora da intersecção,Dentro das localidades,Em pleno dia,Com marcas - separadoras de sentido de trânsito,Colisão lateral com outro veículo em movimento,NÃO DEFINIDO,Inexistentes,NÃO DEFINIDO,Proibição de ultrapassagem,Inexistentes,Betuminoso,Recta,Com inclinação,Berma pavimentada,Em plena via,Direita
2015949288,2015:06:26 08:55:00,01/26/00,06/01/00,01/01/00,Polícia de Segurança Pública,50.0,50.0,Sexta-Feira  ,"38,141763","-7,448369",0,0,1,Estrada sem separador,Seco e limpo,Beja,Moura,União das freguesias de Moura (Santo Agostinho e São João Baptista) e Santo Amador,Moura,Rua das Terçarias,Arruamento,0,Em estado regular,,Bom tempo,Dois sentidos,Fora da intersecção,Dentro das localidades,Em pleno dia,Sem marcas rodoviárias ou pouco visíveis,Colisão frontal,NÃO DEFINIDO,Inexistentes,NÃO DEFINIDO,Outros,Inexistentes,Betuminoso,Recta,Em patamar,Berma pavimentada,Em plena via,Direita
2010469407,2010:06:04 13:00:00,01/04/00,06/01/00,01/01/00,Guarda Nacional Republicana,50.0,50.0,Sexta-Feira  ,,,0,0,1,Estrada sem separador,Seco e limpo,Porto,Marco de Canaveses,Tuias,TUIAS,JORGE NUNO PINTO DA COSTA,Arruamento,0,Em bom estado,,Bom tempo,Dois sentidos,Em entroncamento,Dentro das localidades,Em pleno dia,Com marcas - separadoras de sentido e de vias de trânsito,Colisão lateral com outro veículo em movimento,NÃO DEFINIDO,Inexistentes,NÃO DEFINIDO,Stop,Inexistentes,Betuminoso,Curva,Em patamar,Berma pavimentada,Em plena via,Direita
2014849428,2014:06:02 13:15:00,01/02/00,06/01/00,01/01/00,Guarda Nacional Republicana,50.0,50.0,Segunda-Feira,"38,481446","-9,273598",0,0,1,Estrada sem separador,Seco e limpo,Lisboa,Sintra,Colares,Colares,Avª Doutor Branco Vasconcelos,Arruamento,0,Em estado regular,,Bom tempo,Dois sentidos,Fora da intersecção,Dentro das localidades,Em pleno dia,Com marcas - separadoras de sentido de trânsito,Atropelamento de peões,NÃO DEFINIDO,Inexistentes,NÃO DEFINIDO,Passagem de peões,Inexistentes,Betão de cimento,Recta,Com inclinação,Sem berma ou impraticável,Em plena via,Direita
20171163281,2016:06:20 23:50:00,01/20/00,06/01/00,01/01/00,Guarda Nacional Republicana,50.0,50.0,Segunda-Feira,"37,027809","-7,562642",0,0,2,Estrada sem separador,Seco e limpo,Faro,Faro,União das freguesias de Faro (Sé e São Pedro),MAR E GUERRA,,EM - Estrada Municipal,0,Em estado regular,48,Bom tempo,Dois sentidos,Em entroncamento,Fora das localidades,"Noite, com iluminação",Com marcas - separadoras de sentido e de vias de trânsito,Colisão lateral com outro veículo em movimento,NÃO DEFINIDO,Inexistentes,NÃO DEFINIDO,Stop,Inexistentes,Betuminoso,Recta,Em patamar,Berma não pavimentada,Em plena via,Direita
20171275012,2017:06:12 08:30:00,01/12/00,06/01/00,01/01/00,Guarda Nacional Republicana,90.0,90.0,Segunda-Feira,"37,209783","-8,585617",0,0,1,Outra via,Seco e limpo,Faro,Portimao,Mexilhoeira Grande,Portimão,,EM - Estrada Municipal,0,Em estado regular,,Bom tempo,Dois sentidos,Fora da intersecção,Fora das localidades,Em pleno dia,Sem marcas rodoviárias ou pouco visíveis,Despiste com capotamento,NÃO DEFINIDO,Inexistentes,No sentido crescente da quilometragem,NÃO DEFINIDO,Inexistentes,Betuminoso,Recta,Em patamar,Sem berma ou impraticável,Em plena via,Direita
2013698119,2013:06:26 00:00:00,01/26/00,06/01/00,01/01/00,Polícia de Segurança Pública,50.0,50.0,Quarta-Feira ,"0,00","0,00",0,0,2,Estrada sem separador,Seco e limpo,Porto,Gondomar,Gondomar (São Cosme),Gondomar,Rua Novais da Cunha,Arruamento,0,NÃO DEFINIDO,,NÃO DEFINIDO,Sentido único,NÃO DEFINIDO,Dentro das localidades,NÃO DEFINIDO,NÃO DEFINIDO,Despiste com colisão com veículo imobil. ou obstáculo,NÃO DEFINIDO,NÃO DEFINIDO,NÃO DEFINIDO,NÃO DEFINIDO,NÃO DEFINIDO,NÃO DEFINIDO,NÃO DEFINIDO,NÃO DEFINIDO,NÃO DEFINIDO,Em plena via,Central
20161075989,2016:06:15 11:40:00,01/15/00,06/01/00,01/01/00,Polícia de Segurança Pública,50.0,50.0,Quarta-Feira ,"41,221162","-8,558421",0,0,1,Estrada sem separador,Molhado,Porto,Valongo,Ermesinde,Ermesinde,Rua Elias Garcia                                                                                    ,Arruamento,0,Em bom estado,,Chuva,Dois sentidos,Fora da intersecção,Dentro das localidades,Em pleno dia,Com marcas - separadoras de sentido e de vias de trânsito,Colisão lateral com outro veículo em movimento,NÃO DEFINIDO,Inexistentes,NÃO DEFINIDO,Outros,Inexistentes,Betuminoso,Recta,Em patamar,Berma pavimentada,Em plena via,Direita
2011548519,2011:06:27 15:50:00,01/27/00,06/01/00,01/01/00,Guarda Nacional Republicana,90.0,90.0,Segunda-Feira,,,0,0,1,Estrada sem separador,Seco e limpo,Évora,Borba,Borba (Matriz),BORBA,,EM - Estrada Municipal,EM255,Em estado regular,3.644,Bom tempo,Dois sentidos,Fora da intersecção,Fora das localidades,Em pleno dia,Sem marcas rodoviárias ou pouco visíveis,Despiste com colisão com veículo imobil. ou obstáculo,NÃO DEFINIDO,Inexistentes,NÃO DEFINIDO,NÃO DEFINIDO,Inexistentes,Calçada,Recta,Em patamar,Berma não pavimentada,Em plena via,Direita
2014850253,2014:06:12 19:45:00,01/12/00,06/01/00,01/01/00,Guarda Nacional Republicana,50.0,50.0,Quinta-Feira ,"37,059345","-8,030621",0,0,2,Outra via,Seco e limpo,Faro,Loule,Quarteira,Almancil,,EN - Estrada Nacional,EN125,Em bom estado,89.9,Bom tempo,Sentido único,Em rotunda,Fora das localidades,Em pleno dia,Com marcas - separadoras de sentido e de vias de trânsito,Despiste com capotamento,NÃO DEFINIDO,Inexistentes,No sentido decrescente da quilometragem,Cedência de passagem,Inexistentes,Betuminoso,Curva,Em patamar,Berma pavimentada,Em plena via,Esquerda
2010458461,2010:06:12 17:40:00,01/12/00,06/01/00,01/01/00,Polícia de Segurança Pública,50.0,50.0,Sábado       ,"0,00","0,00",0,0,1,Estrada sem separador,Seco e limpo,Lisboa,Lisboa,São Domingos de Benfica,,Estrada da Luz,Arruamento,0,Em bom estado,,Bom tempo,Dois sentidos,Em entroncamento,Dentro das localidades,Em pleno dia,Com marcas - separadoras de sentido e de vias de trânsito,Atropelamento de peões,NÃO DEFINIDO,Inexistentes,NÃO DEFINIDO,Outros,A funcionar normalmente,Betuminoso,Recta,Em patamar,Berma pavimentada,Em plena via,Direita
2015977936,2015:06:21 09:30:00,01/21/00,06/01/00,01/01/00,Guarda Nacional Republicana,50.0,50.0,Domingo      ,"39,133161","-9,166282",0,0,1,Estrada sem separador,Seco e limpo,Lisboa,Lourinha,União das freguesias de Miragaia e Marteleira,Marteleira,Largo de São Sebastião,Arruamento,0,Em estado regular,,Bom tempo,Dois sentidos,Em cruzamento,Dentro das localidades,Em pleno dia,Sem marcas rodoviárias ou pouco visíveis,Colisão lateral com outro veículo em movimento,NÃO DEFINIDO,Inexistentes,NÃO DEFINIDO,NÃO DEFINIDO,Inexistentes,Betuminoso,Recta,Com inclinação,Berma não pavimentada,Em plena via,Direita
20171163673,2016:06:23 00:10:00,01/23/00,06/01/00,01/01/00,Guarda Nacional Republicana,50.0,50.0,Quinta-Feira ,"40,514303","-8,464424",0,0,1,Estrada sem separador,Seco e limpo,Aveiro,Oliveira do Bairro,Oliveira do Bairro,RUA PRINCIPAL DA MURTA,Rua Principal da Murta,Arruamento,0,Em estado regular,,Bom tempo,Dois sentidos,Fora da intersecção,Dentro das localidades,"Noite, sem iluminação",Com marcas - separadoras de sentido de trânsito,Atropelamento com fuga,NÃO DEFINIDO,Inexistentes,NÃO DEFINIDO,Outros,Inexistentes,Betuminoso,Recta,Em patamar,Berma pavimentada,Na berma,Direita
2011549133,2011:06:30 18:00:00,01/30/00,06/01/00,01/01/00,Guarda Nacional Republicana,50.0,50.0,Quinta-Feira ,,,0,0,1,Estrada sem separador,Seco e limpo,Braga,Vila Nova de Famalicao,Lousado,,R PONTE,Arruamento,0,Em estado regular,,Bom tempo,Dois sentidos,Fora da intersecção,Dentro das localidades,Em pleno dia,Sem marcas rodoviárias ou pouco visíveis,Colisão lateral com outro veículo em movimento,NÃO DEFINIDO,Inexistentes,NÃO DEFINIDO,Stop,Inexistentes,Betuminoso,Recta,Em patamar,Berma não pavimentada,Em plena via,Direita