Id. Acidente,Datahora,Dia,Mês,Hora,Entidades Fiscalizadoras,Velocidade local,Velocidade geral,Dia da Semana,Latitude GPS,Longitude GPS,Num. Mortos a 30 dias,Num. Feridos graves a 30 dias,Num. Feridos ligeiros a 30 dias,Características Tecnicas1,Cond Aderência,Distrito,Concelho,Freguesia,Pov. Proxima,Nome arruamento,Tipos Vias,Cod Via,Estado Conservação,Km,Factores Atmosféricos,Reg Circulação1,Intersecção Vias,Localizações,Luminosidade,Marca Via,Natureza,Obras Arte,Obstáculos,Sentidos,Sinais,Sinais Luminosos,Tipo Piso,Traçado 1,Traçado 2,Traçado 3,Traçado 4,Via Trânsito
20191726536,2019:06:10 23:30:00,01/10/00,06/01/00,01/01/00,Guarda Nacional Republicana,50.0,50.0,Segunda-Feira,"40,742260","-8,546862",0,0,2,Estrada sem separador,Seco e limpo,Aveiro,Estarreja,Salreu,Salreu,Rua de Campinos - Campinos,Arruamento,0,Em bom estado,,Bom tempo,Dois sentidos,Fora da intersecção,Dentro das localidades,"Noite, com iluminação",Sem marcas rodoviárias ou pouco visíveis,Despiste simples,NÃO DEFINIDO,Inexistentes,NÃO DEFINIDO,NÃO DEFINIDO,Inexistentes,Betuminoso,Recta,Em patamar,Berma pavimentada,Em plena via,Direita
20181436364,2018:06:09 05:50:00,01/09/00,06/01/00,01/01/00,Polícia de Segurança Pública,50.0,50.0,Sábado       ,"40,636965","-8,652254",0,0,1,Outra via,Seco e limpo,Aveiro,Aveiro,União das freguesias de Glória e Vera Cruz,,Rua Doutor Francisco do Vale Guimarães                                                              ,Arruamento,0,Em estado regular,,Bom tempo,Dois sentidos,Em entroncamento,Dentro das localidades,"Noite, com iluminação",Com marcas - separadoras de sentido e de vias de trânsito,Despiste simples,NÃO DEFINIDO,Inexistentes,No sentido crescente da quilometragem,NÃO DEFINIDO,Inexistentes,Betuminoso,Recta,Em patamar,Berma pavimentada,Em plena via,Esquerda
20191715058,2019:06:26 16:05:00,01/26/00,06/01/00,01/01/00,Polícia de Segurança Pública,50.0,50.0,Quarta-Feira ,"0,0","0,0",0,0,1,Estrada sem separador,Seco e limpo,Porto,Porto,"União das freguesias de Aldoar, Foz do Douro e Nevogilde",Porto,Rua Vilarinha                                                                                       ,Arruamento,0,Em estado regular,,Bom tempo,Dois sentidos,Fora da intersecção,Dentro das localidades,Em pleno dia,Com marcas - separadoras de sentido e de vias de trânsito,Colisão com outras situações,NÃO DEFINIDO,Inexistentes,NÃO DEFINIDO,Outros,A funcionar normalmente,Betuminoso,Recta,Com inclinação,Sem berma ou impraticável,Em plena via,Direita
2012611590,2012:06:05 17:30:00,01/05/00,06/01/00,01/01/00,Polícia de Segurança Pública,50.0,50.0,Terça-Feira  ,"40,656126","-7,911456",0,2,0,Estrada sem separador,Seco e limpo,Viseu,Viseu,Viseu (Santa Maria de Viseu),,Rua Dom António Alves Martins,Arruamento,0,Em bom estado,,Bom tempo,Dois sentidos,Fora da intersecção,Dentro das localidades,Em pleno dia,Com marcas - separadoras de sentido e de vias de trânsito,Atropelamento de peões,NÃO DEFINIDO,Inexistentes,NÃO DEFINIDO,Passagem de peões,Inexistentes,Betuminoso,Curva,Com inclinação,Berma pavimentada,Em plena via,Direita
2015943858,2015:06:03 16:40:00,01/03/00,06/01/00,01/01/00,Polícia de Segurança Pública,50.0,50.0,Quarta-Feira ,"41,148342","-8,598864",0,0,1,Estrada sem separador,Seco e limpo,Porto,Porto,Bonfim,Porto,Rua Fernandes Tomás                                                                                 ,Arruamento,0,Em bom estado,,Bom tempo,Sentido único,Em entroncamento,Dentro das localidades,Em pleno dia,Com marcas - separadoras de sentido e de vias de trânsito,Atropelamento de peões,NÃO DEFINIDO,Inexistentes,NÃO DEFINIDO,Outros,A funcionar normalmente,Betuminoso,Curva,Em patamar,Berma pavimentada,Em plena via,Direita
2011548347,2011:06:22 06:15:00,01/22/00,06/01/00,01/01/00,Guarda Nacional Republicana,90.0,90.0,Quarta-Feira ,"38,416507","-7,424282",0,0,1,Estrada sem separador,Seco e limpo,Évora,Reguengos de Monsaraz,Reguengos de Monsaraz,REGUENGOS MONSARAZ,,EN - Estrada Nacional,EN256,Em bom estado,30.856,Bom tempo,Dois sentidos,NÃO DEFINIDO,Fora das localidades,Aurora ou crepúsculo,Com marcas - separadoras de sentido de trânsito,Despiste com capotamento,NÃO DEFINIDO,Inexistentes,NÃO DEFINIDO,NÃO DEFINIDO,Inexistentes,Betuminoso,Recta,Em patamar,Berma pavimentada,Em plena via,Direita
20171277581,2017:06:24 11:36:00,01/24/00,06/01/00,01/01/00,Guarda Nacional Republicana,50.0,50.0,Sábado       ,"40,633188","-8,729070",0,0,1,Estrada sem separador,Seco e limpo,Aveiro,Ilhavo,Gafanha da Nazaré,Gafanha da Nazaré,Estrada Zona Portuária( Porto Pesca Costeira) - Gafanha da Nazaré,Arruamento,0,Em estado regular,,Bom tempo,Sentido único,Em rotunda,Dentro das localidades,Em pleno dia,Com marcas - separadoras de sentido de trânsito,Colisão lateral com outro veículo em movimento,NÃO DEFINIDO,Inexistentes,NÃO DEFINIDO,NÃO DEFINIDO,Inexistentes,Betuminoso,Curva,Em patamar,Sem berma ou impraticável,Em plena via,Central
2011501920,2010:06:06 00:50:00,01/06/00,06/01/00,01/01/00,Polícia de Segurança Pública,50.0,50.0,Domingo      ,"0,00","0,00",0,0,1,Estrada sem separador,Húmido,Lisboa,Lisboa,Encarnação,,Praça Luís de Camões                                                                                ,Arruamento,0,Em estado regular,,Bom tempo,Dois sentidos,Fora da intersecção,Dentro das localidades,"Noite, com iluminação",Sem marcas rodoviárias ou pouco visíveis,Colisão lateral com outro veículo em movimento,NÃO DEFINIDO,Inexistentes,NÃO DEFINIDO,Outros,A funcionar normalmente,Betuminoso,Recta,Com inclinação,Berma pavimentada,Em plena via,Direita
2014849259,2014:06:16 14:25:00,01/16/00,06/01/00,01/01/00,Guarda Nacional Republicana,,50.0,Segunda-Feira,"41,100401","-8,183236",0,0,1,Estrada sem separador,Seco e limpo,Porto,Penafiel,Rãs,Ribeiro,,EN - Estrada Nacional,EN106,Em bom estado,30.807,Bom tempo,Dois sentidos,Fora da intersecção,Dentro das localidades,Em pleno dia,Com marcas - separadoras de sentido de trânsito,Despiste simples,NÃO DEFINIDO,Inexistentes,NÃO DEFINIDO,Proibição de ultrapassagem,A funcionar normalmente,Betuminoso,Recta,Com inclinação,Berma não pavimentada,Em plena via,Direita
2015977858,2015:06:21 23:30:00,01/21/00,06/01/00,01/01/00,Guarda Nacional Republicana,,50.0,Domingo      ,"41,397125","-8,459582",0,0,1,Estrada sem separador,Seco e limpo,Viana do Castelo,Viana do Castelo,União das freguesias de Mazarefes e Vila Fria,,Rua da Cabagem,Arruamento,0,Em bom estado,,Bom tempo,Dois sentidos,Fora da intersecção,Dentro das localidades,"Noite, com iluminação",Sem marcas rodoviárias ou pouco visíveis,Despiste simples,NÃO DEFINIDO,Inexistentes,NÃO DEFINIDO,NÃO DEFINIDO,Inexistentes,Betuminoso,Curva,Em patamar,Sem berma ou impraticável,Em plena via,Direita
2013743405,2013:06:09 22:15:00,01/09/00,06/01/00,01/01/00,Guarda Nacional Republicana,50.0,50.0,Domingo      ,"41,286796","-8,212342",0,0,1,Estrada sem separador,Seco e limpo,Braga,Guimaraes,Sande (Vila Nova),Vila Nova de Sande,Avª da Igreja,Arruamento,0,Em bom estado,,Bom tempo,Dois sentidos,Fora da intersecção,Dentro das localidades,"Noite, com iluminação",Com marcas - separadoras de sentido de trânsito,Colisão frontal,NÃO DEFINIDO,Inexistentes,NÃO DEFINIDO,NÃO DEFINIDO,Inexistentes,Betuminoso,Recta,Em patamar,Berma não pavimentada,Em plena via,Direita
20191728605,2019:06:03 18:25:00,01/03/00,06/01/00,01/01/00,Guarda Nacional Republicana,120.0,120.0,Segunda-Feira,"40,968400","-8,569850",0,0,1,Auto-estrada,Seco e limpo,Aveiro,Santa Maria da Feira,Santa Maria de Lamas,Santa Maria de Lamas,,A  - Auto-Estrada,A1,Em estado regular,"280,38",Bom tempo,Sentido único,Fora da intersecção,Fora das localidades,Aurora ou crepúsculo,Com marcas - separadoras de sentido e de vias de trânsito,Despiste simples,NÃO DEFINIDO,Inexistentes,No sentido crescente da quilometragem,NÃO DEFINIDO,Inexistentes,Betuminoso,Curva,Com inclinação,Berma não pavimentada,Na berma,Esquerda
20171277744,2017:06:25 12:30:00,01/25/00,06/01/00,01/01/00,Guarda Nacional Republicana,50.0,50.0,Domingo      ,"40,772261","-8,483805",0,0,1,Estrada sem separador,Seco e limpo,Aveiro,Oliveira de Azemeis,"União das freguesias de Oliveira de Azeméis, Santiago de Riba-Ul, Ul, Macinhata da Seixa e Madail",Aveiro,,EN - Estrada Nacional,EN1,Em bom estado,"256,45",Bom tempo,Dois sentidos,Fora da intersecção,Dentro das localidades,Em pleno dia,Com marcas - separadoras de sentido de trânsito,Colisão com outras situações,NÃO DEFINIDO,Inexistentes,NÃO DEFINIDO,NÃO DEFINIDO,Inexistentes,Betuminoso,Recta,Em patamar,Sem berma ou impraticável,Em plena via,Direita
20191713788,2019:06:25 01:00:00,01/25/00,06/01/00,01/01/00,Polícia de Segurança Pública,50.0,50.0,Terça-Feira  ,"0,0","0,0",0,0,2,Outra via,Seco e limpo,Lisboa,Lisboa,Santo António,,Avenida Liberdade                                                                                   ,Arruamento,0,Em estado regular,,Bom tempo,Sentido único,Em entroncamento,Dentro das localidades,"Noite, com iluminação",Com marcas - separadoras de sentido de trânsito,Despiste sem dispositivo de retenção,NÃO DEFINIDO,Inexistentes,No sentido crescente da quilometragem,Outros,A funcionar normalmente,Betuminoso,Recta,Em patamar,Berma pavimentada,Em plena via,Esquerda
2013743360,2013:06:04 16:30:00,01/04/00,06/01/00,01/01/00,Guarda Nacional Republicana,50.0,50.0,Terça-Feira  ,"41,357384","-8,257141",0,0,1,Estrada sem separador,Seco e limpo,Braga,Braga,Palmeira,Palmeira,,EN - Estrada Nacional,EN201,Em bom estado,84.9,Bom tempo,Dois sentidos,Fora da intersecção,Dentro das localidades,Em pleno dia,Com marcas - separadoras de sentido de trânsito,Colisão traseira com outro veículo em movimento,NÃO DEFINIDO,Inexistentes,NÃO DEFINIDO,Passagem de peões,Inexistentes,Betuminoso,Recta,Em patamar,Berma pavimentada,Em plena via,Direita
2014851212,2014:06:10 14:50:00,01/10/00,06/01/00,01/01/00,Guarda Nacional Republicana,50.0,50.0,Terça-Feira  ,"40,455837","-8,036052",0,0,1,Estrada sem separador,Seco e limpo,Viseu,Sao Pedro do Sul,"União das freguesias de São Pedro do Sul, Várzea e Baiões",São Pedro do Sul,Avª da Ponte,Arruamento,0,Em bom estado,,Bom tempo,Sentido único,Em rotunda,Dentro das localidades,Em pleno dia,Com marcas - separadoras de sentido de trânsito,Despiste com capotamento,NÃO DEFINIDO,Inexistentes,NÃO DEFINIDO,Outros,Inexistentes,Betuminoso,Recta,Com inclinação,Berma pavimentada,Na berma,Direita
20171277006,2017:06:21 13:40:00,01/21/00,06/01/00,01/01/00,Guarda Nacional Republicana,120.0,120.0,Quarta-Feira ,"39,500331","-8,032167",1,0,1,Auto-estrada,Seco e limpo,Santarém,Macao,Ortiga,Ortiga,,A  - Auto-Estrada,A23,Em bom estado,57,Bom tempo,Sentido único,Fora da intersecção,Fora das localidades,Em pleno dia,Com marcas - separadoras de sentido e de vias de trânsito,Colisão traseira com outro veículo em movimento,NÃO DEFINIDO,Inexistentes,No sentido crescente da quilometragem,NÃO DEFINIDO,Inexistentes,Betuminoso,Recta,Em patamar,Berma pavimentada,Em plena via,Direita
2010468483,2010:06:09 12:40:00,01/09/00,06/01/00,01/01/00,Guarda Nacional Republicana,90.0,90.0,Quarta-Feira ,"40,168630","-7,160847",0,0,2,Estrada sem separador,Molhado,Castelo Branco,Penamacor,Penamacor,PENAMACOR,,EN - Estrada Nacional,EN233,Em bom estado,59.1,Chuva,Dois sentidos,Em cruzamento,Fora das localidades,Em pleno dia,Com marcas - separadoras de sentido de trânsito,Colisão frontal,NÃO DEFINIDO,Inexistentes,NÃO DEFINIDO,Outros,Inexistentes,Betuminoso,Recta,Em patamar,Berma pavimentada,Em plena via,Direita
2013687649,2013:06:01 23:45:00,01/01/00,06/01/00,01/01/00,Polícia de Segurança Pública,50.0,50.0,Sábado       ,"0,00","0,00",0,2,0,Estrada sem separador,Seco e limpo,Braga,Braga,Braga (São Vítor),,Avenida Doutor Porfirio da Silva                                                                    ,Arruamento,0,Em bom estado,,Bom tempo,Dois sentidos,Fora da intersecção,Dentro das localidades,"Noite, com iluminação",Com marcas - separadoras de sentido e de vias de trânsito,Colisão frontal,NÃO DEFINIDO,Inexistentes,NÃO DEFINIDO,Outros,Inexistentes,Betuminoso,Recta,Com inclinação,Berma pavimentada,Em plena via,Direita
2012627750,2012:06:25 18:15:00,01/25/00,06/01/00,01/01/00,Guarda Nacional Republicana,90.0,90.0,Segunda-Feira,,,0,0,2,Estrada sem separador,Seco e limpo,Guarda,Gouveia,São Paio,São Paio,,Outra Via,0,Em bom estado,,Bom tempo,Dois sentidos,Fora da intersecção,Fora das localidades,Em pleno dia,Sem marcas rodoviárias ou pouco visíveis,Colisão frontal,NÃO DEFINIDO,Inexistentes,NÃO DEFINIDO,Outros,Inexistentes,Betuminoso,Curva,Em patamar,Sem berma ou impraticável,Em plena via,Direita
2011501936,2010:06:13 16:15:00,01/13/00,06/01/00,01/01/00,Polícia de Segurança Pública,50.0,50.0,Domingo      ,"0,00","0,00",0,0,1,Outra via,Húmido,Porto,Maia,Vermoim,,Rua Padre Luís Campos,Arruamento,0,Em estado regular,,Bom tempo,Dois sentidos,Em entroncamento,Dentro das localidades,Em pleno dia,Sem marcas rodoviárias ou pouco visíveis,Colisão lateral com outro veículo em movimento,NÃO DEFINIDO,Inexistentes,No sentido decrescente da quilometragem,NÃO DEFINIDO,Inexistentes,Calçada,Curva,Com inclinação,Berma pavimentada,Em plena via,Direita
2011538657,2011:06:06 18:30:00,01/06/00,06/01/00,01/01/00,Polícia de Segurança Pública,50.0,50.0,Segunda-Feira,"0,00","0,00",0,0,1,Estrada sem separador,Húmido,Lisboa,Loures,Santo António dos Cavaleiros,Santo António dos Cavaleiros,Rua Comandante Sacadura Cabral                                                                      ,Arruamento,0,Em estado regular,,Chuva,Dois sentidos,Fora da intersecção,Dentro das localidades,Em pleno dia,Sem marcas rodoviárias ou pouco visíveis,Colisão traseira com outro veículo em movimento,NÃO DEFINIDO,Inexistentes,NÃO DEFINIDO,Outros,Inexistentes,Betuminoso,Curva,Em patamar,Sem berma ou impraticável,Em plena via,Direita
2011548307,2011:06:29 10:40:00,01/29/00,06/01/00,01/01/00,Guarda Nacional Republicana,50.0,50.0,Quarta-Feira ,,,0,0,1,Estrada sem separador,Seco e limpo,Faro,Loule,Quarteira,QUARTEIRA,R DA HORA,Arruamento,0,Em estado regular,,Bom tempo,Sentido único,Fora da intersecção,Dentro das localidades,Em pleno dia,Sem marcas rodoviárias ou pouco visíveis,Atropelamento de peões,NÃO DEFINIDO,Inexistentes,NÃO DEFINIDO,NÃO DEFINIDO,Inexistentes,Betuminoso,Recta,Em patamar,Berma pavimentada,Em plena via,Direita
20191710446,2019:06:03 15:25:00,01/03/00,06/01/00,01/01/00,Polícia de Segurança Pública,50.0,50.0,Segunda-Feira,"0,0","0,0",0,0,1,Estrada sem separador,Seco e limpo,Vila Real,Vila Real,Lordelo,,Rua dos Lagoeiros  - Lordelo,Arruamento,0,Em bom estado,,Bom tempo,Dois sentidos,Fora da intersecção,Dentro das localidades,Em pleno dia,Sem marcas rodoviárias ou pouco visíveis,Colisão com outras situações,NÃO DEFINIDO,Inexistentes,NÃO DEFINIDO,NÃO DEFINIDO,Inexistentes,Betuminoso,Curva,Em patamar,Berma pavimentada,Em plena via,Direita
20171273291,2017:06:03 21:10:00,01/03/00,06/01/00,01/01/00,Guarda Nacional Republicana,50.0,50.0,Sábado       ,"41,190438","-8,396701",0,0,2,Estrada sem separador,Seco e limpo,Porto,Paredes,Baltar,Baltar,,EN - Estrada Nacional,EN15,Em bom estado,"18,9",Bom tempo,Dois sentidos,Em cruzamento,Dentro das localidades,"Noite, com iluminação",Com marcas - separadoras de sentido de trânsito,Colisão com outras situações,NÃO DEFINIDO,Inexistentes,NÃO DEFINIDO,NÃO DEFINIDO,Inexistentes,Betuminoso,Recta,Em patamar,Sem berma ou impraticável,Em plena via,Direita
20191722562,2019:06:26 08:40:00,01/26/00,06/01/00,01/01/00,Guarda Nacional Republicana,50.0,50.0,Quarta-Feira ,"40,940700","-7,013596",0,0,1,Estrada sem separador,Seco e limpo,Guarda,Figueira de Castelo Rodrigo,"União das freguesias de Algodres, Vale de Afonsinho e Vilar de Amargo",Vilar de Amargo,,EN - Estrada Nacional,EN332,Em bom estado,"20,45",Bom tempo,Dois sentidos,Fora da intersecção,Fora das localidades,Em pleno dia,Com marcas - separadoras de sentido de trânsito,Despiste simples,NÃO DEFINIDO,Inexistentes,NÃO DEFINIDO,NÃO DEFINIDO,Inexistentes,Betuminoso,Recta,Em patamar,Sem berma ou impraticável,Em plena via,Direita
20191727257,2019:06:08 12:35:00,01/08/00,06/01/00,01/01/00,Guarda Nacional Republicana,50.0,50.0,Sábado       ,"41,542030","-8,018806",0,0,1,Estrada sem separador,Seco e limpo,Braga,Cabeceiras de Basto,Cabeceiras de Basto,Cabeceiras de Basto (São Nicolau),,EN - Estrada Nacional,EN205,Em estado regular,"97,8",Bom tempo,Dois sentidos,Em entroncamento,Dentro das localidades,Em pleno dia,Com marcas - separadoras de sentido de trânsito,Colisão lateral com outro veículo em movimento,NÃO DEFINIDO,Inexistentes,NÃO DEFINIDO,Stop,Inexistentes,Betuminoso,Recta,Em patamar,Berma não pavimentada,Em plena via,Direita
2012627383,2012:06:30 11:30:00,01/30/00,06/01/00,01/01/00,Guarda Nacional Republicana,,90.0,Sábado       ,"41,710401","-7,386333",0,0,1,Estrada sem separador,Molhado,Vila Real,Chaves,São Julião de Montenegro,São Julião,,EN - Estrada Nacional,EN213,Em bom estado,11.0,Chuva,Dois sentidos,Fora da intersecção,Fora das localidades,Em pleno dia,Com marcas - separadoras de sentido de trânsito,Despiste com capotamento,NÃO DEFINIDO,Inexistentes,NÃO DEFINIDO,Outros,Inexistentes,Betuminoso,Curva,Com inclinação,Berma pavimentada,Em plena via,Direita
20191721437,2019:06:27 08:15:00,01/27/00,06/01/00,01/01/00,Guarda Nacional Republicana,120.0,120.0,Quinta-Feira ,"38,778504","-9,064886",0,0,3,Outra via,Seco e limpo,Setúbal,Alcochete,São Francisco,Alcochete,,IP- Itinerário Principal,IP1,Em bom estado,"5,5",Bom tempo,Sentido único,Fora da intersecção,Fora das localidades,Em pleno dia,Com marcas - separadoras de sentido e de vias de trânsito,Colisão traseira com outro veículo em movimento,NÃO DEFINIDO,Inexistentes,No sentido decrescente da quilometragem,NÃO DEFINIDO,Inexistentes,Betuminoso,Recta,Em patamar,Berma pavimentada,Em plena via,Esquerda
2010470542,2010:06:22 13:30:00,01/22/00,06/01/00,01/01/00,Guarda Nacional Republicana,50.0,50.0,Terça-Feira  ,"38,56529","9,13753",0,0,1,Estrada sem separador,Seco e limpo,Lisboa,Mafra,Milharado,ASSEICEIRA GRANDE,R NOSSA SRA DO ROSARIO,Arruamento,0,Em bom estado,,Bom tempo,Dois sentidos,Fora da intersecção,Dentro das localidades,Em pleno dia,Com marcas - separadoras de sentido e de vias de trânsito,Colisão lateral com outro veículo em movimento,NÃO DEFINIDO,Inexistentes,NÃO DEFINIDO,NÃO DEFINIDO,Inexistentes,Betuminoso,Recta,Em patamar,Berma pavimentada,Em plena via,Direita
20161070450,2016:06:01 08:45:00,01/01/00,06/01/00,01/01/00,Polícia de Segurança Pública,50.0,50.0,Quarta-Feira ,"39,749425","-8,807758",0,0,1,Estrada sem separador,Seco e limpo,Leiria,Leiria,"União das freguesias de Leiria, Pousos, Barreira e Cortes",Leiria,Rotunda Estádio                                                                                     ,Arruamento,0,Em bom estado,,Bom tempo,Sentido único,Em rotunda,Dentro das localidades,Em pleno dia,Com marcas - separadoras de sentido e de vias de trânsito,Colisão lateral com outro veículo em movimento,NÃO DEFINIDO,Inexistentes,NÃO DEFINIDO,NÃO DEFINIDO,Inexistentes,Betuminoso,Curva,Em patamar,Sem berma ou impraticável,Em plena via,Direita
2011549578,2011:06:24 03:30:00,01/24/00,06/01/00,01/01/00,Guarda Nacional Republicana,90.0,90.0,Sexta-Feira  ,"38,961694","-8,612671",0,0,1,Estrada sem separador,Seco e limpo,Santarém,Coruche,Fajarda,FAJARDA,,EN - Estrada Nacional,EN114-3,Em bom estado,8.271,Bom tempo,Dois sentidos,Fora da intersecção,Fora das localidades,"Noite, sem iluminação",Com marcas - separadoras de sentido de trânsito,Despiste com capotamento,NÃO DEFINIDO,Inexistentes,NÃO DEFINIDO,Outros,Inexistentes,Betuminoso,Recta,Em patamar,Berma pavimentada,Em plena via,Direita
20171161184,2016:06:10 12:00:00,01/10/00,06/01/00,01/01/00,Guarda Nacional Republicana,50.0,50.0,Sexta-Feira  ,"38,477628","-9,261764",0,0,1,Estrada sem separador,Seco e limpo,Lisboa,Sintra,Colares,EUGARIA,,EN - Estrada Nacional,EN375,Em bom estado,"30,28",Bom tempo,Dois sentidos,Fora da intersecção,Dentro das localidades,Em pleno dia,Sem marcas rodoviárias ou pouco visíveis,Colisão frontal,NÃO DEFINIDO,Inexistentes,NÃO DEFINIDO,NÃO DEFINIDO,Inexistentes,Betuminoso,Recta,Em patamar,Sem berma ou impraticável,Em plena via,Direita
2012611259,2012:06:02 20:00:00,01/02/00,06/01/00,01/01/00,Polícia de Segurança Pública,50.0,50.0,Sábado       ,"0,00","0,00",0,0,1,Estrada sem separador,Seco e limpo,Aveiro,Aveiro,Glória,,Rua Banda Amizade                                                                                   ,Arruamento,0,Em bom estado,,Chuva,Sentido único,Em cruzamento,Dentro das localidades,Em pleno dia,Sem marcas rodoviárias ou pouco visíveis,Colisão com outras situações,NÃO DEFINIDO,Inexistentes,NÃO DEFINIDO,Stop,Inexistentes,Betuminoso,Recta,Em patamar,Berma pavimentada,Em plena via,Direita
20181442588,2018:06:17 19:45:00,01/17/00,06/01/00,01/01/00,Polícia de Segurança Pública,50.0,50.0,Domingo      ,"38,789648","-9,120243",0,0,1,Estrada sem separador,Seco e limpo,Lisboa,Loures,União das freguesias de Sacavém e Prior Velho,Prior Velho,Rua Guiné                                                                                           ,Arruamento,0,Em estado regular,,Bom tempo,Dois sentidos,Em cruzamento,Dentro das localidades,Em pleno dia,Com marcas - separadoras de sentido de trânsito,Colisão lateral com outro veículo em movimento,NÃO DEFINIDO,Inexistentes,NÃO DEFINIDO,Stop,Inexistentes,Betuminoso,Recta,Com inclinação,Berma pavimentada,Em plena via,Direita
20181436037,2018:06:05 14:30:00,01/05/00,06/01/00,01/01/00,Guarda Nacional Republicana,50.0,50.0,Terça-Feira  ,"39,898855","-8,524989",0,0,1,Estrada sem separador,Seco e limpo,Leiria,Pombal,Abiul,Ramalhais de Baixo,Rua da Padaria - Ramalhais de Baixo - Abiul,Arruamento,0,Em estado regular,,Bom tempo,Dois sentidos,Fora da intersecção,Dentro das localidades,Em pleno dia,Sem marcas rodoviárias ou pouco visíveis,Despiste simples,NÃO DEFINIDO,Inexistentes,NÃO DEFINIDO,NÃO DEFINIDO,Inexistentes,Betuminoso,Recta,Em patamar,Berma não pavimentada,Na berma,Direita
2011557719,2011:06:17 09:17:00,01/17/00,06/01/00,01/01/00,Polícia de Segurança Pública,50.0,50.0,Sexta-Feira  ,"0,00","0,00",0,0,1,Estrada sem separador,Seco e limpo,Aveiro,Ovar,Ovar,Ovar,Avenida de Dom Manuel I,Arruamento,0,Em bom estado,,Bom tempo,Dois sentidos,NÃO DEFINIDO,Dentro das localidades,Em pleno dia,Com marcas - separadoras de sentido de trânsito,Colisão lateral com outro veículo em movimento,NÃO DEFINIDO,Inexistentes,NÃO DEFINIDO,Stop,Inexistentes,Betuminoso,Recta,Com inclinação,Berma não pavimentada,Em plena via,Direita
20191729308,2019:06:01 10:11:00,01/01/00,06/01/00,01/01/00,Guarda Nacional Republicana,50.0,50.0,Sábado       ,"37,051280","-7,927022",0,0,1,Estrada sem separador,Seco e limpo,Faro,Faro,União das freguesias de Conceição e Estoi,Campinas de Faro,,EN - Estrada Nacional,EN2,Em bom estado,"735,5",Bom tempo,Dois sentidos,Fora da intersecção,Dentro das localidades,Em pleno dia,Com marcas - separadoras de sentido de trânsito,Colisão lateral com outro veículo em movimento,NÃO DEFINIDO,Inexistentes,NÃO DEFINIDO,Stop,Inexistentes,Betuminoso,Recta,Em patamar,Berma pavimentada,Em plena via,Direita
2012628980,2012:06:04 08:30:00,01/04/00,06/01/00,01/01/00,Guarda Nacional Republicana,50.0,50.0,Segunda-Feira,,,0,0,1,Estrada sem separador,Seco e limpo,Santarém,Torres Novas,Zibreira,Zibreira,Rua Conselheiro Real,Arruamento,0,Em bom estado,,Bom tempo,Dois sentidos,Em via de aceleração,Dentro das localidades,Em pleno dia,Com marcas - separadoras de sentido de trânsito,Colisão traseira com outro veículo em movimento,NÃO DEFINIDO,Inexistentes,NÃO DEFINIDO,NÃO DEFINIDO,Inexistentes,Betuminoso,Curva,Em patamar,Sem berma ou impraticável,Em plena via,Direita
20181424671,2018:06:06 17:25:00,01/06/00,06/01/00,01/01/00,Polícia de Segurança Pública,50.0,50.0,Quarta-Feira ,"38,973968","-8,981856",0,1,0,Estrada sem separador,Seco e limpo,Lisboa,Vila Franca de Xira,Vila Franca de Xira,Vila Franca de Xira,Rua José Carlos Ary dos Santos                                                                      ,Arruamento,0,Em estado regular,,Bom tempo,Dois sentidos,Fora da intersecção,Dentro das localidades,Em pleno dia,Sem marcas rodoviárias ou pouco visíveis,Despiste sem dispositivo de retenção,NÃO DEFINIDO,Inexistentes,NÃO DEFINIDO,Outros,Inexistentes,Betuminoso,Curva,Com inclinação,Berma pavimentada,No passeio,Direita
20171249283,2017:06:17 14:35:00,01/17/00,06/01/00,01/01/00,Polícia de Segurança Pública,70.0,70.0,Sábado       ,"38,698651","-9,275891",0,0,1,Outra via,Seco e limpo,Lisboa,Oeiras,"União das freguesias de Oeiras e São Julião da Barra, Paço de Arcos e Caxias",Oeiras,,EN - Estrada Nacional,EN6,Em estado regular,"4,4",Bom tempo,Sentido único,Fora da intersecção,Dentro das localidades,Em pleno dia,Com marcas - separadoras de sentido de trânsito,Colisão traseira com outro veículo em movimento,NÃO DEFINIDO,Inexistentes,NÃO DEFINIDO,NÃO DEFINIDO,Inexistentes,Betuminoso,Recta,Em patamar,Berma pavimentada,Em plena via,Direita
20171261261,2017:06:12 19:50:00,01/12/00,06/01/00,01/01/00,Polícia de Segurança Pública,50.0,50.0,Segunda-Feira,"38,690908","-9,352733",0,0,1,Estrada sem separador,Seco e limpo,Lisboa,Cascais,União das freguesias de Carcavelos e Parede,Parede,Rua José Elias Garcia                                                                               ,Arruamento,0,Em estado regular,,Bom tempo,Dois sentidos,Fora da intersecção,Dentro das localidades,Em pleno dia,Sem marcas rodoviárias ou pouco visíveis,Despiste com dispositivo de retenção,NÃO DEFINIDO,Inexistentes,NÃO DEFINIDO,Outros,Inexistentes,Betuminoso,Recta,Com inclinação,Berma pavimentada,Em plena via,Direita
2014812477,2014:06:16 09:00:00,01/16/00,06/01/00,01/01/00,Polícia de Segurança Pública,50.0,50.0,Segunda-Feira,"41,539078","-8,623455",0,0,1,Outra via,Seco e limpo,Braga,Barcelos,"União das freguesias de Barcelos, Vila Boa e Vila Frescainha (São Martinho e São Pedro)",Barcelos,Circular de Barcelos ,Arruamento,0,Em estado regular,,Bom tempo,Sentido único,Em rotunda,Dentro das localidades,Em pleno dia,Com marcas - separadoras de sentido de trânsito,Colisão frontal,NÃO DEFINIDO,Inexistentes,NÃO DEFINIDO,Outros,Inexistentes,Betuminoso,Recta,Em patamar,Berma não pavimentada,Em plena via,Direita