Id. Acidente,Datahora,Dia,Mês,Hora,Entidades Fiscalizadoras,Velocidade local,Velocidade geral,Dia da Semana,Latitude GPS,Longitude GPS,Num. Mortos a 30 dias,Num. Feridos graves a 30 dias,Num. Feridos ligeiros a 30 dias,Características Tecnicas1,Cond Aderência,Distrito,Concelho,Freguesia,Pov. Proxima,Nome arruamento,Tipos Vias,Cod Via,Estado Conservação,Km,Factores Atmosféricos,Reg Circulação1,Intersecção Vias,Localizações,Luminosidade,Marca Via,Natureza,Obras Arte,Obstáculos,Sentidos,Sinais,Sinais Luminosos,Tipo Piso,Traçado 1,Traçado 2,Traçado 3,Traçado 4,Via Trânsito
20171277577,2017:06:24 11:15:00,01/24/00,06/01/00,01/01/00,Guarda Nacional Republicana,50.0,50.0,Sábado       ,"37,152627","-7,889128",0,1,0,Estrada sem separador,Seco e limpo,Faro,Sao Bras de Alportel,São Brás de Alportel,São Brás de Alportel,R. Dr. Evaristo Sousa Gago,Arruamento,0,Em bom estado,,Bom tempo,Sentido único,Fora da intersecção,Dentro das localidades,Em pleno dia,Com marcas - separadoras de sentido e de vias de trânsito,Atropelamento de peões,NÃO DEFINIDO,Inexistentes,NÃO DEFINIDO,Passagem de peões,Inexistentes,Calçada,Recta,Em patamar,Sem berma ou impraticável,Em plena via,Direita
20171162745,2016:06:17 17:00:00,01/17/00,06/01/00,01/01/00,Guarda Nacional Republicana,50.0,50.0,Sexta-Feira  ,"41,389683","-8,464780",0,0,1,Estrada sem separador,Seco e limpo,Viana do Castelo,Viana do Castelo,Chafé,CHAFÉ,,EN - Estrada Nacional,EN13,Em bom estado,"58,5",Bom tempo,Dois sentidos,Fora da intersecção,Dentro das localidades,Em pleno dia,Com marcas - separadoras de sentido de trânsito,Colisão traseira com outro veículo em movimento,NÃO DEFINIDO,Inexistentes,NÃO DEFINIDO,NÃO DEFINIDO,A funcionar normalmente,Betuminoso,Recta,Em patamar,Berma pavimentada,Em plena via,Direita
20181434347,2018:06:12 20:00:00,01/12/00,06/01/00,01/01/00,Polícia de Segurança Pública,80.0,80.0,Terça-Feira  ,"38,777115","-9,226760",0,0,1,Outra via,Seco e limpo,Lisboa,Amadora,Mina de Água,Amadora,,IC - Itinerário Complementar,IC16,Em bom estado,"3,2",Bom tempo,Dois sentidos,Fora da intersecção,Fora das localidades,Em pleno dia,Com marcas - separadoras de sentido e de vias de trânsito,Colisão lateral com outro veículo em movimento,NÃO DEFINIDO,Inexistentes,No sentido crescente da quilometragem,Outros,Inexistentes,Betuminoso,Recta,Com inclinação,Berma pavimentada,Em plena via,Central
20181441577,2018:06:18 13:45:00,01/18/00,06/01/00,01/01/00,Guarda Nacional Republicana,50.0,50.0,Segunda-Feira,"41,196115","-8,136356",0,0,1,Estrada sem separador,Seco e limpo,Porto,Marco de Canaveses,Marco,Marco de Canaveses,Rua Dr. Alvaro Augusto Gomes Vieira,Arruamento,0,Em bom estado,,Bom tempo,Dois sentidos,Fora da intersecção,Dentro das localidades,Em pleno dia,Sem marcas rodoviárias ou pouco visíveis,Colisão frontal,NÃO DEFINIDO,Inexistentes,NÃO DEFINIDO,NÃO DEFINIDO,Inexistentes,Calçada,Recta,Com inclinação,Berma não pavimentada,Em plena via,Direita
20181452279,2018:06:21 13:26:00,01/21/00,06/01/00,01/01/00,Guarda Nacional Republicana,50.0,50.0,Quinta-Feira ,"38,380452","-8,513790",0,0,1,Estrada sem separador,Seco e limpo,Setúbal,Alcacer do Sal,União das freguesias de Alcácer do Sal (Santa Maria do Castelo e Santiago) e Santa Susana,Alcácer do Sal,rua Arlindo Passos - Alcácer do Sal,Arruamento,0,Em bom estado,,Bom tempo,Dois sentidos,Fora da intersecção,Dentro das localidades,Em pleno dia,Com marcas - separadoras de sentido de trânsito,Colisão traseira com outro veículo em movimento,NÃO DEFINIDO,Inexistentes,NÃO DEFINIDO,NÃO DEFINIDO,Inexistentes,Betuminoso,Recta,Em patamar,Sem berma ou impraticável,Em plena via,Direita
2015951426,2015:06:26 10:15:00,01/26/00,06/01/00,01/01/00,Polícia de Segurança Pública,50.0,50.0,Sexta-Feira  ,"41,197756","-8,696411",0,0,2,Estrada sem separador,Seco e limpo,Porto,Matosinhos,União das freguesias de Matosinhos e Leça da Palmeira,,Avenida Dr. Fernando Aroso,Arruamento,0,Em bom estado,,Bom tempo,Dois sentidos,Fora da intersecção,Dentro das localidades,Em pleno dia,Com marcas - separadoras de sentido e de vias de trânsito,Colisão choque em cadeia,NÃO DEFINIDO,Inexistentes,NÃO DEFINIDO,Outros,A funcionar normalmente,Betuminoso,Recta,Em patamar,Berma pavimentada,Em plena via,Direita
20181450413,2018:06:21 18:15:00,01/21/00,06/01/00,01/01/00,Polícia de Segurança Pública,70.0,70.0,Quinta-Feira ,"38,698757","-9,179168",0,0,1,Auto-estrada,Seco e limpo,Lisboa,Lisboa,Alcântara,Lisboa,,A  - Auto-Estrada,A2,Em mau estado,"2,6",Bom tempo,Sentido único,Fora da intersecção,Fora das localidades,Em pleno dia,Com marcas - separadoras de sentido e de vias de trânsito,Colisão traseira com outro veículo em movimento,Viaduto/Ponte,Inexistentes,No sentido crescente da quilometragem,NÃO DEFINIDO,Inexistentes,Betuminoso,Recta,Em patamar,Sem berma ou impraticável,Em plena via,Direita
20171164129,2016:06:25 14:30:00,01/25/00,06/01/00,01/01/00,Guarda Nacional Republicana,50.0,90.0,Sábado       ,"39,586889","-8,271661",0,0,1,Estrada sem separador,Seco e limpo,Leiria,Ansiao,Ansião,ALVORGE,,EM - Estrada Municipal,0,Em bom estado,,Bom tempo,Dois sentidos,Fora da intersecção,Dentro das localidades,Em pleno dia,Sem marcas rodoviárias ou pouco visíveis,Despiste simples,NÃO DEFINIDO,Inexistentes,NÃO DEFINIDO,Proibição de ultrapassagem,Inexistentes,Betuminoso,Curva,Com inclinação,Sem berma ou impraticável,Na berma,Direita
20181455939,2018:06:29 21:15:00,01/29/00,06/01/00,01/01/00,Polícia de Segurança Pública,50.0,50.0,Sexta-Feira  ,"38,536161","-8,875262",0,0,1,Estrada sem separador,Molhado,Setúbal,Setubal,Setúbal (São Sebastião),Setúbal,Avenida Antero de Quental                                                                           ,Arruamento,0,Em bom estado,,Chuva,Dois sentidos,Fora da intersecção,Dentro das localidades,"Noite, com iluminação",Com marcas - separadoras de sentido e de vias de trânsito,Atropelamento com fuga,NÃO DEFINIDO,Inexistentes,NÃO DEFINIDO,Passagem de peões,Inexistentes,Betuminoso,Recta,Em patamar,Sem berma ou impraticável,Em plena via,Direita
20191723614,2019:06:21 19:30:00,01/21/00,06/01/00,01/01/00,Guarda Nacional Republicana,90.0,90.0,Sexta-Feira  ,"38,874970","-9,329774",0,2,0,Estrada sem separador,Seco e limpo,Lisboa,Sintra,"União das freguesias de Almargem do Bispo, Pêro Pinheiro e Montelavar",Montelavar,,EN - Estrada Nacional,EN9,Em estado regular,24,Bom tempo,Dois sentidos,Fora da intersecção,Fora das localidades,Em pleno dia,Com marcas - separadoras de sentido de trânsito,Colisão traseira com outro veículo em movimento,NÃO DEFINIDO,Inexistentes,NÃO DEFINIDO,NÃO DEFINIDO,Inexistentes,Betuminoso,Recta,Em patamar,Sem berma ou impraticável,Em plena via,Direita
2010459523,2010:06:16 12:50:00,01/16/00,06/01/00,01/01/00,Polícia de Segurança Pública,50.0,50.0,Quarta-Feira ,"0,00","0,00",0,0,1,Estrada sem separador,Húmido,Lisboa,Lisboa,Lumiar,,Rua Alqueidão,Arruamento,0,Em estado regular,,Bom tempo,Sentido único,Em entroncamento,Dentro das localidades,Em pleno dia,Com marcas - separadoras de sentido e de vias de trânsito,Atropelamento de peões,NÃO DEFINIDO,Inexistentes,NÃO DEFINIDO,Passagem de peões,Intermitente,Betuminoso,Curva,Com inclinação,Sem berma ou impraticável,Em plena via,Direita
2015979881,2015:06:16 07:50:00,01/16/00,06/01/00,01/01/00,Guarda Nacional Republicana,50.0,50.0,Terça-Feira  ,"41,318935","-8,341997",0,0,1,Estrada sem separador,Seco e limpo,Braga,Barcelos,União das freguesias de Areias de Vilar e Encourados,,Rua da Estrada Velha,Arruamento,0,Em estado regular,,Bom tempo,Dois sentidos,Em entroncamento,Dentro das localidades,Em pleno dia,Sem marcas rodoviárias ou pouco visíveis,Colisão lateral com outro veículo em movimento,NÃO DEFINIDO,Inexistentes,NÃO DEFINIDO,NÃO DEFINIDO,Inexistentes,Betuminoso,Recta,Com inclinação,Sem berma ou impraticável,Em plena via,Direita
2011547979,2011:06:13 07:30:00,01/13/00,06/01/00,01/01/00,Guarda Nacional Republicana,40.0,120.0,Segunda-Feira,"41,450920","-8,334520",0,0,3,Auto-estrada,Seco e limpo,Braga,Guimaraes,Silvares,,,A  - Auto-Estrada,A11,Em estado regular,42.092,Bom tempo,Sentido único,Fora da intersecção,Fora das localidades,Em pleno dia,Com marcas - separadoras de sentido e de vias de trânsito,Despiste com capotamento,NÃO DEFINIDO,NÃO DEFINIDO,No sentido crescente da quilometragem,Outros,NÃO DEFINIDO,Betuminoso,Curva,Com inclinação,Berma pavimentada,Em plena via,Central
2014817038,2014:06:30 08:40:00,01/30/00,06/01/00,01/01/00,Polícia de Segurança Pública,50.0,50.0,Segunda-Feira,"38,741274","-9,146744",0,0,1,Outra via,Seco e limpo,Lisboa,Lisboa,Avenidas Novas,,Avenida República                                                                                   ,Arruamento,0,Em estado regular,,Bom tempo,Dois sentidos,Em cruzamento,Dentro das localidades,Em pleno dia,Com marcas - separadoras de sentido de trânsito,Colisão lateral com outro veículo em movimento,NÃO DEFINIDO,Inexistentes,NÃO DEFINIDO,Outros,A funcionar normalmente,Betuminoso,Recta,Em patamar,Berma pavimentada,Em plena via,Direita
2014807216,2014:06:03 12:30:00,01/03/00,06/01/00,01/01/00,Polícia de Segurança Pública,50.0,50.0,Terça-Feira  ,"38,726529","-9,244275",0,0,2,Estrada sem separador,Seco e limpo,Lisboa,Oeiras,União das freguesias de Carnaxide e Queijas,Carnaxide,Avenida Portugal                                                                                    ,Arruamento,0,Em bom estado,,Bom tempo,Dois sentidos,Fora da intersecção,Dentro das localidades,Em pleno dia,Com marcas - separadoras de sentido e de vias de trânsito,Colisão traseira com outro veículo em movimento,NÃO DEFINIDO,Inexistentes,NÃO DEFINIDO,Passagem de peões,Inexistentes,Betuminoso,Recta,Em patamar,Sem berma ou impraticável,Em plena via,Direita
2011547178,2011:06:08 10:00:00,01/08/00,06/01/00,01/01/00,Guarda Nacional Republicana,50.0,50.0,Quarta-Feira ,"38,73294","9,40955",0,0,1,Estrada sem separador,Seco e limpo,Lisboa,Cascais,Alcabideche,ALCABIDECHE,ROTUNDA JOSE ROQUETE - ALCABIDECHE,Arruamento,0,Em bom estado,,Bom tempo,Sentido único,Em rotunda,Dentro das localidades,Em pleno dia,Sem marcas rodoviárias ou pouco visíveis,Colisão lateral com outro veículo em movimento,NÃO DEFINIDO,Inexistentes,NÃO DEFINIDO,NÃO DEFINIDO,Inexistentes,Betuminoso,Curva,Em patamar,Berma pavimentada,Em plena via,Direita
2010460335,2010:06:18 19:20:00,01/18/00,06/01/00,01/01/00,Polícia de Segurança Pública,50.0,50.0,Sexta-Feira  ,"0,00","0,00",0,1,0,Estrada sem separador,Seco e limpo,Castelo Branco,Castelo Branco,Castelo Branco,Castelo Branco,Rua Professor Doutor Faria de Vasconcelos,Arruamento,0,Em bom estado,,Bom tempo,Dois sentidos,NÃO DEFINIDO,Dentro das localidades,Em pleno dia,Com marcas - separadoras de sentido de trânsito,Atropelamento de peões,NÃO DEFINIDO,Inexistentes,NÃO DEFINIDO,Passagem de peões,Inexistentes,Betuminoso,Recta,Em patamar,Berma pavimentada,Em plena via,Direita
20191727133,2019:06:08 14:25:00,01/08/00,06/01/00,01/01/00,Guarda Nacional Republicana,50.0,50.0,Sábado       ,"41,000460","-8,543273",0,0,1,Estrada sem separador,Seco e limpo,Aveiro,Santa Maria da Feira,Mozelos,Mozelos,,EN - Estrada Nacional,EN1,Em bom estado,"287,1",Bom tempo,Dois sentidos,Fora da intersecção,Dentro das localidades,Em pleno dia,Com marcas - separadoras de sentido de trânsito,Colisão com outras situações,NÃO DEFINIDO,Inexistentes,NÃO DEFINIDO,NÃO DEFINIDO,Inexistentes,Betuminoso,Recta,Em patamar,Berma pavimentada,Em plena via,Direita
2015946641,2015:06:19 13:10:00,01/19/00,06/01/00,01/01/00,Polícia de Segurança Pública,50.0,50.0,Sexta-Feira  ,"38,765590","-9,146416",0,0,1,Outra via,Seco e limpo,Lisboa,Lisboa,Lumiar,Lisboa,Avenida Santos e Castro                                                                             ,Arruamento,0,Em bom estado,,Bom tempo,Sentido único,NÃO DEFINIDO,Dentro das localidades,Em pleno dia,Com marcas - separadoras de sentido e de vias de trânsito,Despiste com colisão com veículo imobil. ou obstáculo,NÃO DEFINIDO,Correctamente sinalizados,NÃO DEFINIDO,NÃO DEFINIDO,NÃO DEFINIDO,Betuminoso,Curva,Com inclinação,Sem berma ou impraticável,Em plena via,Direita
2010470495,2010:06:26 20:40:00,01/26/00,06/01/00,01/01/00,Guarda Nacional Republicana,50.0,50.0,Sábado       ,,,0,0,1,Estrada sem separador,Seco e limpo,Santarém,Alpiarca,Alpiarça,FRADE DE BAIXO,R ARTUR GONÇALVES,Arruamento,0,Em bom estado,,Bom tempo,Dois sentidos,Fora da intersecção,Dentro das localidades,Em pleno dia,Sem marcas rodoviárias ou pouco visíveis,Atropelamento de peões,NÃO DEFINIDO,Inexistentes,NÃO DEFINIDO,NÃO DEFINIDO,Inexistentes,Betuminoso,Recta,Em patamar,Berma pavimentada,Em plena via,Direita
20181435762,2018:06:07 18:30:00,01/07/00,06/01/00,01/01/00,Guarda Nacional Republicana,50.0,50.0,Quinta-Feira ,"38,567928","-8,995600",0,0,2,Estrada sem separador,Molhado,Setúbal,Palmela,Quinta do Anjo,Quinta do Anjo,Estrada de Vila Amélia,Arruamento,0,Em mau estado,,Chuva,Dois sentidos,Fora da intersecção,Dentro das localidades,Em pleno dia,Sem marcas rodoviárias ou pouco visíveis,Colisão traseira com outro veículo em movimento,NÃO DEFINIDO,Inexistentes,NÃO DEFINIDO,NÃO DEFINIDO,Inexistentes,Betuminoso,Recta,Em patamar,Sem berma ou impraticável,Em plena via,Direita
2012620861,2012:06:21 14:49:00,01/21/00,06/01/00,01/01/00,Polícia de Segurança Pública,50.0,50.0,Quinta-Feira ,"0,00","0,00",0,0,1,Estrada sem separador,Seco e limpo,Santarém,Ourem,Nossa Senhora da Piedade,Ourém,Praça Dona Maria II                                                                                 ,Arruamento,0,Em bom estado,,Bom tempo,Dois sentidos,Fora da intersecção,Dentro das localidades,Em pleno dia,Sem marcas rodoviárias ou pouco visíveis,Despiste simples,NÃO DEFINIDO,Inexistentes,NÃO DEFINIDO,Passagem de peões,Inexistentes,Calçada,Recta,Em patamar,Sem berma ou impraticável,Em plena via,Direita
2013742478,2013:06:02 20:00:00,01/02/00,06/01/00,01/01/00,Guarda Nacional Republicana,50.0,50.0,Domingo      ,"39,466619","-8,430601",0,0,2,Estrada sem separador,Seco e limpo,Leiria,Leiria,Caranguejeira,Leão,Rua Diogo Cão,Arruamento,0,Em estado regular,,Bom tempo,Dois sentidos,Fora da intersecção,Dentro das localidades,Sol escandeante,Sem marcas rodoviárias ou pouco visíveis,Despiste com capotamento,NÃO DEFINIDO,Inexistentes,NÃO DEFINIDO,NÃO DEFINIDO,Inexistentes,Betuminoso,Curva,Com inclinação,Sem berma ou impraticável,Em plena via,Direita
2010470839,2010:06:06 16:30:00,01/06/00,06/01/00,01/01/00,Guarda Nacional Republicana,50.0,50.0,Domingo      ,,,0,0,1,Estrada sem separador,Seco e limpo,Setúbal,Grandola,Carvalhal,COMPORTA,ACESSO PRAIA DA COMPORTA,Arruamento,0,Em estado regular,,Bom tempo,Dois sentidos,Fora da intersecção,Dentro das localidades,Em pleno dia,Sem marcas rodoviárias ou pouco visíveis,Despiste com colisão com veículo imobil. ou obstáculo,NÃO DEFINIDO,Inexistentes,NÃO DEFINIDO,NÃO DEFINIDO,Inexistentes,Terra batida,Recta,Com inclinação,Sem berma ou impraticável,Na berma,Direita
2010469723,2010:06:23 12:50:00,01/23/00,06/01/00,01/01/00,Guarda Nacional Republicana,50.0,50.0,Quarta-Feira ,,,0,0,2,Estrada sem separador,Seco e limpo,Braga,Guimaraes,Aldão,ATA~ES,R 24 JUNHO,Arruamento,0,Em estado regular,,Bom tempo,Dois sentidos,Fora da intersecção,Dentro das localidades,Em pleno dia,Com marcas - separadoras de sentido de trânsito,Colisão lateral com outro veículo em movimento,NÃO DEFINIDO,Inexistentes,NÃO DEFINIDO,Outros,Inexistentes,Betuminoso,Recta,Em patamar,Berma não pavimentada,Em plena via,Direita
20191726838,2019:06:06 11:50:00,01/06/00,06/01/00,01/01/00,Guarda Nacional Republicana,50.0,50.0,Quinta-Feira ,"37,136560","-8,021595",0,0,2,Estrada sem separador,Seco e limpo,Faro,Loule,Loulé (São Clemente),Loulé,Rua Engenheiro Duarte Pacheco,Arruamento,0,Em bom estado,,Bom tempo,Dois sentidos,Fora da intersecção,Dentro das localidades,Em pleno dia,Com marcas - separadoras de sentido de trânsito,Despiste simples,NÃO DEFINIDO,Inexistentes,NÃO DEFINIDO,NÃO DEFINIDO,Inexistentes,Betuminoso,Recta,Em patamar,Sem berma ou impraticável,Em plena via,Direita
2012623543,2012:06:30 11:10:00,01/30/00,06/01/00,01/01/00,Guarda Nacional Republicana,90.0,90.0,Sábado       ,,,1,0,0,Estrada sem separador,Seco e limpo,Faro,Castro Marim,Castro Marim,CASTRO MARIM,,EN - Estrada Nacional,EN125-6,Em bom estado,2.8,Bom tempo,Dois sentidos,Fora da intersecção,Fora das localidades,Em pleno dia,Com marcas - separadoras de sentido de trânsito,Despiste com capotamento,NÃO DEFINIDO,Inexistentes,NÃO DEFINIDO,Outros,Inexistentes,Betuminoso,Curva,Em patamar,Berma pavimentada,Na berma,Direita
2010469768,2010:06:18 17:10:00,01/18/00,06/01/00,01/01/00,Guarda Nacional Republicana,50.0,50.0,Sexta-Feira  ,,,0,0,1,Estrada sem separador,Seco e limpo,Viana do Castelo,Paredes de Coura,Parada,VILA DE CIMA,VILA DE CIMA,Arruamento,0,Em bom estado,,Bom tempo,Dois sentidos,Fora da intersecção,Dentro das localidades,Em pleno dia,Sem marcas rodoviárias ou pouco visíveis,Colisão com outras situações,NÃO DEFINIDO,Inexistentes,NÃO DEFINIDO,NÃO DEFINIDO,Inexistentes,Betuminoso,Curva,Com inclinação,Sem berma ou impraticável,Em plena via,Direita
2013689822,2013:06:08 23:45:00,01/08/00,06/01/00,01/01/00,Polícia de Segurança Pública,50.0,50.0,Sábado       ,"0,00","0,00",0,0,1,Estrada sem separador,Molhado,Aveiro,Aveiro,Vera Cruz,,Rua João Mendonça,Arruamento,0,Em bom estado,,Chuva,Dois sentidos,Fora da intersecção,Dentro das localidades,"Noite, com iluminação",Com marcas - separadoras de sentido de trânsito,Atropelamento de peões,NÃO DEFINIDO,Inexistentes,NÃO DEFINIDO,Passagem de peões,Inexistentes,Calçada,Recta,Com inclinação,Berma pavimentada,Em plena via,Direita
20181491960,2018:06:30 09:10:00,01/30/00,06/01/00,01/01/00,Guarda Nacional Republicana,120.0,120.0,Sábado       ,"38,757272","-7,726080",0,0,2,Auto-estrada,Molhado,Évora,Evora,São Bento do Mato,Évora,,A  - Auto-Estrada,A6,Em bom estado,"78,2",Chuva,Sentido único,Fora da intersecção,Fora das localidades,Em pleno dia,Com marcas - separadoras de sentido e de vias de trânsito,Despiste simples,NÃO DEFINIDO,Inexistentes,No sentido decrescente da quilometragem,Outros,Inexistentes,Betuminoso,Recta,Em patamar,Berma pavimentada,Em plena via,Esquerda
20191711661,2019:06:18 16:45:00,01/18/00,06/01/00,01/01/00,Polícia de Segurança Pública,50.0,50.0,Terça-Feira  ,"0,0","0,0",0,0,1,Estrada sem separador,Seco e limpo,Coimbra,Figueira da Foz,Buarcos,Figueira da Foz,Rua 10 de Agosto                                                                                    ,Arruamento,0,Em estado regular,,Bom tempo,Sentido único,Em cruzamento,Dentro das localidades,Em pleno dia,Sem marcas rodoviárias ou pouco visíveis,Colisão lateral com outro veículo em movimento,NÃO DEFINIDO,Inexistentes,NÃO DEFINIDO,Outros,Inexistentes,Betuminoso,Recta,Em patamar,Berma pavimentada,Em plena via,Direita
2010468088,2010:06:05 22:10:00,01/05/00,06/01/00,01/01/00,Guarda Nacional Republicana,40.0,50.0,Sábado       ,,,0,4,0,Estrada sem separador,Seco e limpo,Santarém,Benavente,Benavente,COUTADA VELHA,,EM - Estrada Municipal,0,Em bom estado,,Bom tempo,Dois sentidos,Em cruzamento,Dentro das localidades,"Noite, com iluminação",Com marcas - separadoras de sentido de trânsito,Colisão lateral com outro veículo em movimento,NÃO DEFINIDO,Inexistentes,NÃO DEFINIDO,Stop,Inexistentes,Betuminoso,Recta,Em patamar,Berma não pavimentada,Em plena via,Direita
2013740967,2013:06:09 11:20:00,01/09/00,06/01/00,01/01/00,Guarda Nacional Republicana,90.0,90.0,Domingo      ,"41,170935","-8,061829",0,0,1,Estrada sem separador,Seco e limpo,Porto,Amarante,Freixo de Baixo,Freixo de Baixo,,EN - Estrada Nacional,EN15,Em estado regular,37.25,Bom tempo,Dois sentidos,Fora da intersecção,Fora das localidades,Em pleno dia,Com marcas - separadoras de sentido de trânsito,Despiste com transposição do dispositivo de retenção lateral,NÃO DEFINIDO,Inexistentes,NÃO DEFINIDO,NÃO DEFINIDO,Inexistentes,Betuminoso,Curva,Em patamar,Berma pavimentada,Na berma,Direita
20181438443,2018:06:17 15:10:00,01/17/00,06/01/00,01/01/00,Guarda Nacional Republicana,50.0,50.0,Domingo      ,"39,302239","-8,679382",0,1,0,Estrada sem separador,Seco e limpo,Santarém,Santarem,"União das freguesias de Achete, Azoia de Baixo e Póvoa de Santarém",Póvoa de Santarém,Rua Dona Maria Eugénia Duarte,Arruamento,0,Em estado regular,,Bom tempo,Dois sentidos,Em entroncamento,Dentro das localidades,Em pleno dia,Sem marcas rodoviárias ou pouco visíveis,Colisão frontal,NÃO DEFINIDO,Inexistentes,NÃO DEFINIDO,NÃO DEFINIDO,Inexistentes,Betuminoso,Recta,Com inclinação,Sem berma ou impraticável,Em plena via,Direita
20161081099,2016:06:25 11:10:00,01/25/00,06/01/00,01/01/00,Polícia de Segurança Pública,30.0,50.0,Sábado       ,"39,743942","-8,789271",0,0,1,Estrada sem separador,Seco e limpo,Leiria,Leiria,"União das freguesias de Leiria, Pousos, Barreira e Cortes",,Rua da Lapa,Arruamento,0,Em estado regular,,Bom tempo,Dois sentidos,Fora da intersecção,Dentro das localidades,Em pleno dia,Sem marcas rodoviárias ou pouco visíveis,Colisão com outras situações,NÃO DEFINIDO,Inexistentes,NÃO DEFINIDO,Outros,Inexistentes,Betuminoso,Recta,Com inclinação,Sem berma ou impraticável,Em plena via,Direita
2011554509,2011:06:06 18:50:00,01/06/00,06/01/00,01/01/00,Guarda Nacional Republicana,,50.0,Segunda-Feira,"38,878628","-9,130053",0,0,2,Estrada sem separador,Molhado,Lisboa,Loures,Bucelas,BUCELAS,,EN - Estrada Nacional,EN115,Em bom estado,76.8,Chuva,Dois sentidos,Fora da intersecção,Fora das localidades,Aurora ou crepúsculo,Com marcas - separadoras de sentido de trânsito,Colisão frontal,NÃO DEFINIDO,Inexistentes,NÃO DEFINIDO,NÃO DEFINIDO,Inexistentes,Betuminoso,Recta,Com inclinação,Sem berma ou impraticável,Em plena via,Direita
20191727601,2019:06:06 19:45:00,01/06/00,06/01/00,01/01/00,Guarda Nacional Republicana,50.0,50.0,Quinta-Feira ,"41,534940","-8,732221",0,1,0,Estrada sem separador,Molhado,Braga,Esposende,União das freguesias de Palmeira de Faro e Curvos,Palmeira de Faro - Esposende,,EN - Estrada Nacional,EN103-1,Em estado regular,"9,95",Bom tempo,Dois sentidos,Fora da intersecção,Dentro das localidades,"Noite, com iluminação",Com marcas - separadoras de sentido de trânsito,Atropelamento de peões,NÃO DEFINIDO,Inexistentes,NÃO DEFINIDO,NÃO DEFINIDO,Inexistentes,Betuminoso,Recta,Com inclinação,Berma pavimentada,Em plena via,Direita
2012617293,2012:06:27 22:35:00,01/27/00,06/01/00,01/01/00,Polícia de Segurança Pública,50.0,50.0,Quarta-Feira ,"0,00","0,00",0,0,1,Outra via,Seco e limpo,Coimbra,Coimbra,Santo António dos Olivais,,Rotunda Artur Paredes                                                                               ,Arruamento,0,Em bom estado,,Bom tempo,Dois sentidos,Em rotunda,Dentro das localidades,"Noite, com iluminação",Com marcas - separadoras de sentido e de vias de trânsito,Colisão lateral com outro veículo em movimento,NÃO DEFINIDO,NÃO DEFINIDO,NÃO DEFINIDO,Outros,Inexistentes,Betuminoso,Recta,Em patamar,Berma pavimentada,Em plena via,Direita
2014851706,2014:06:19 10:00:00,01/19/00,06/01/00,01/01/00,Guarda Nacional Republicana,,90.0,Quinta-Feira ,"41,422410","-7,308060",0,0,1,Estrada sem separador,Seco e limpo,Vila Real,Chaves,São Pedro de Agostém,Vila Nova de Veiga,,EN - Estrada Nacional,EN2,Em estado regular,6.183,Bom tempo,Dois sentidos,Fora da intersecção,Fora das localidades,Em pleno dia,Com marcas - separadoras de sentido de trânsito,Colisão lateral com outro veículo em movimento,NÃO DEFINIDO,Inexistentes,NÃO DEFINIDO,NÃO DEFINIDO,Inexistentes,Betuminoso,Recta,Em patamar,Sem berma ou impraticável,Em plena via,Direita
2013741773,2013:06:08 07:45:00,01/08/00,06/01/00,01/01/00,Guarda Nacional Republicana,50.0,90.0,Sábado       ,"40,485921","-7,267008",0,0,1,Estrada sem separador,Seco e limpo,Guarda,Trancoso,Palhais,Bem Vende,,EN - Estrada Nacional,EN226,Em bom estado,71.8,Bom tempo,Dois sentidos,Fora da intersecção,Dentro das localidades,Em pleno dia,Com marcas - separadoras de sentido de trânsito,Despiste simples,NÃO DEFINIDO,Inexistentes,NÃO DEFINIDO,Outros,Inexistentes,Betuminoso,Recta,Em patamar,Sem berma ou impraticável,Na berma,Direita
2010468719,2010:06:15 13:30:00,01/15/00,06/01/00,01/01/00,Guarda Nacional Republicana,50.0,50.0,Terça-Feira  ,,,0,0,1,Estrada sem separador,Seco e limpo,Aveiro,Oliveira do Bairro,Oiã,SILVEIRA,R PRINCIPAL,Arruamento,0,Em bom estado,,Bom tempo,Dois sentidos,Fora da intersecção,Dentro das localidades,Em pleno dia,Com marcas - separadoras de sentido de trânsito,Despiste simples,NÃO DEFINIDO,Inexistentes,NÃO DEFINIDO,NÃO DEFINIDO,Inexistentes,Betuminoso,Curva,Com inclinação,Sem berma ou impraticável,Em plena via,Direita
2012616124,2012:06:24 22:55:00,01/24/00,06/01/00,01/01/00,Polícia de Segurança Pública,50.0,50.0,Domingo      ,"0,00","0,00",0,0,1,Estrada sem separador,Húmido,Braga,Braga,Braga (São Vítor),,Largo Santa Tecla                                                                                   ,Arruamento,0,Em estado regular,,Bom tempo,Sentido único,Em entroncamento,Dentro das localidades,"Noite, com iluminação",Sem marcas rodoviárias ou pouco visíveis,Atropelamento de peões,NÃO DEFINIDO,Inexistentes,NÃO DEFINIDO,NÃO DEFINIDO,Inexistentes,Betuminoso,Curva,Com inclinação,Berma pavimentada,Em plena via,Direita
2015944478,2015:06:08 18:30:00,01/08/00,06/01/00,01/01/00,Polícia de Segurança Pública,90.0,90.0,Segunda-Feira,"39,176040","-8,801024",0,0,1,Estrada sem separador,Molhado,Santarém,Cartaxo,União das freguesias do Cartaxo e Vale da Pinta,,,EN - Estrada Nacional,EN114-2,Em bom estado,12.15,Chuva,Dois sentidos,Fora da intersecção,Dentro das localidades,Em pleno dia,Com marcas - separadoras de sentido de trânsito,Despiste com capotamento,NÃO DEFINIDO,Inexistentes,NÃO DEFINIDO,Outros,Inexistentes,Betuminoso,Curva,Com inclinação,Berma não pavimentada,Na berma,Direita