Id. Acidente,Datahora,Dia,Mês,Hora,Entidades Fiscalizadoras,Velocidade local,Velocidade geral,Dia da Semana,Latitude GPS,Longitude GPS,Num. Mortos a 30 dias,Num. Feridos graves a 30 dias,Num. Feridos ligeiros a 30 dias,Características Tecnicas1,Cond Aderência,Distrito,Concelho,Freguesia,Pov. Proxima,Nome arruamento,Tipos Vias,Cod Via,Estado Conservação,Km,Factores Atmosféricos,Reg Circulação1,Intersecção Vias,Localizações,Luminosidade,Marca Via,Natureza,Obras Arte,Obstáculos,Sentidos,Sinais,Sinais Luminosos,Tipo Piso,Traçado 1,Traçado 2,Traçado 3,Traçado 4,Via Trânsito
2012626745,2012:06:08 07:40:00,01/08/00,06/01/00,01/01/00,Guarda Nacional Republicana,50.0,50.0,Sexta-Feira  ,,,0,0,1,Estrada sem separador,Seco e limpo,Aveiro,Sever do Vouga,Dornelas,Dornelas,,EN - Estrada Nacional,EN328,Em bom estado,10.1,Bom tempo,Dois sentidos,Fora da intersecção,Dentro das localidades,Em pleno dia,Com marcas - separadoras de sentido de trânsito,Colisão traseira com outro veículo em movimento,NÃO DEFINIDO,Inexistentes,NÃO DEFINIDO,Passagem de peões,Inexistentes,Betuminoso,Recta,Em patamar,Berma pavimentada,Em plena via,Direita
2011535204,2011:06:11 19:20:00,01/11/00,06/01/00,01/01/00,Polícia de Segurança Pública,50.0,50.0,Sábado       ,"0,00","0,00",0,0,2,Outra via,Húmido,Setúbal,Seixal,Amora,Fogueteiro,Avenida Libertadores de Timor Leste                                                                 ,Arruamento,0,Em estado regular,,Bom tempo,Dois sentidos,Em cruzamento,Dentro das localidades,Em pleno dia,Com marcas - separadoras de sentido de trânsito,Colisão lateral com outro veículo em movimento,NÃO DEFINIDO,Inexistentes,No sentido crescente da quilometragem,Stop,Inexistentes,Betuminoso,Recta,Em patamar,Sem berma ou impraticável,Em plena via,Direita
20161071049,2016:06:03 19:50:00,01/03/00,06/01/00,01/01/00,Polícia de Segurança Pública,50.0,50.0,Sexta-Feira  ,"41,129858","-8,663749",0,0,1,Estrada sem separador,Seco e limpo,Porto,Vila Nova de Gaia,Canidelo,Vila Nova de Gaia,Rua Estamparia de Lavadores                                                                         ,Arruamento,0,Em estado regular,,Bom tempo,Sentido único,Em entroncamento,Dentro das localidades,Aurora ou crepúsculo,Sem marcas rodoviárias ou pouco visíveis,Despiste sem dispositivo de retenção,NÃO DEFINIDO,Inexistentes,NÃO DEFINIDO,NÃO DEFINIDO,Inexistentes,Calçada,Curva,Com inclinação,Sem berma ou impraticável,Em plena via,Direita
20191722700,2019:06:15 22:00:00,01/15/00,06/01/00,01/01/00,Guarda Nacional Republicana,50.0,50.0,Sábado       ,"41,366410","-8,197197",0,1,0,Estrada sem separador,Seco e limpo,Porto,Felgueiras,Penacova,Penacova,Rua do Senhor dos Perdidos - Senhor dos Perdidos,Arruamento,0,Em estado regular,,Bom tempo,Dois sentidos,Fora da intersecção,Dentro das localidades,"Noite, com iluminação",Sem marcas rodoviárias ou pouco visíveis,Despiste simples,NÃO DEFINIDO,Inexistentes,NÃO DEFINIDO,Outros,Inexistentes,Betuminoso,Recta,Em patamar,Sem berma ou impraticável,Na berma,Direita
2010469685,2010:06:23 23:30:00,01/23/00,06/01/00,01/01/00,Guarda Nacional Republicana,50.0,50.0,Quarta-Feira ,,,0,0,1,Estrada sem separador,Seco e limpo,Braga,Vila Nova de Famalicao,Fradelos,FRADELOS,R 5 DE OUTUBRO,Arruamento,0,Em bom estado,,Bom tempo,Dois sentidos,Fora da intersecção,Dentro das localidades,"Noite, com iluminação",Com marcas - separadoras de sentido de trânsito,Despiste simples,NÃO DEFINIDO,Inexistentes,NÃO DEFINIDO,Outros,Inexistentes,Betuminoso,Recta,Em patamar,Sem berma ou impraticável,Em plena via,Direita
2015979886,2015:06:23 13:20:00,01/23/00,06/01/00,01/01/00,Guarda Nacional Republicana,50.0,50.0,Terça-Feira  ,"41,314334","-8,371870",0,0,1,Estrada sem separador,Seco e limpo,Braga,Barcelos,Barcelinhos,,Rua Doutor José Gaulderto Sá Carneiro,Arruamento,0,Em estado regular,,Bom tempo,Dois sentidos,Em entroncamento,Dentro das localidades,Em pleno dia,Sem marcas rodoviárias ou pouco visíveis,Colisão lateral com outro veículo em movimento,NÃO DEFINIDO,Inexistentes,NÃO DEFINIDO,Outros,Inexistentes,Calçada,Recta,Com inclinação,Berma pavimentada,Em plena via,Direita
2013696251,2013:06:29 14:40:00,01/29/00,06/01/00,01/01/00,Polícia de Segurança Pública,50.0,50.0,Sábado       ,"0,0","0,0",0,0,2,Estrada sem separador,Seco e limpo,Santarém,Torres Novas,Torres Novas (Santa Maria),Liteiros,,EN - Estrada Nacional,EN3,Em estado regular,,Bom tempo,Dois sentidos,NÃO DEFINIDO,Dentro das localidades,Em pleno dia,Sem marcas rodoviárias ou pouco visíveis,Colisão lateral com outro veículo em movimento,NÃO DEFINIDO,Inexistentes,NÃO DEFINIDO,Stop,Desligada,Betuminoso,NÃO DEFINIDO,Em patamar,Berma não pavimentada,Em plena via,Direita
20181437898,2018:06:07 17:30:00,01/07/00,06/01/00,01/01/00,Guarda Nacional Republicana,50.0,50.0,Quinta-Feira ,"41,235443","-8,361806",0,0,1,Estrada sem separador,Molhado,Porto,Paredes,Cristelo,Duas Igrejas,Rua Dr. Jerónimo Pereira Leite,Arruamento,0,Em bom estado,,Chuva,Dois sentidos,Em entroncamento,Dentro das localidades,Em pleno dia,Com marcas - separadoras de sentido de trânsito,Colisão lateral com outro veículo em movimento,NÃO DEFINIDO,Inexistentes,NÃO DEFINIDO,Stop,Inexistentes,Betuminoso,Curva,Em patamar,Berma pavimentada,Em plena via,Direita
20191721952,2019:06:24 18:50:00,01/24/00,06/01/00,01/01/00,Guarda Nacional Republicana,50.0,50.0,Segunda-Feira,"41,045480","-8,273126",0,0,1,Estrada sem separador,Seco e limpo,Aveiro,Castelo de Paiva,União das freguesias de Sobrado e Bairros,Rotunda Frutuaria,,EN - Estrada Nacional,EN222,Em estado regular,"0,1",Bom tempo,Sentido único,Em rotunda,Dentro das localidades,Em pleno dia,Com marcas - separadoras de sentido e de vias de trânsito,Colisão frontal,NÃO DEFINIDO,Inexistentes,NÃO DEFINIDO,NÃO DEFINIDO,Inexistentes,Betuminoso,Curva,Em patamar,Sem berma ou impraticável,Em plena via,Direita
20171276498,2017:06:19 10:00:00,01/19/00,06/01/00,01/01/00,Guarda Nacional Republicana,50.0,50.0,Segunda-Feira,"39,049558","-8,997699",0,0,1,Estrada sem separador,Seco e limpo,Lisboa,Alenquer,União das freguesias de Alenquer (Santo Estêvão e Triana),Alenquer,Rua Gago Coutinho,Arruamento,0,Em bom estado,,Bom tempo,Sentido único,Fora da intersecção,Dentro das localidades,Em pleno dia,Sem marcas rodoviárias ou pouco visíveis,Colisão traseira com outro veículo em movimento,NÃO DEFINIDO,Inexistentes,NÃO DEFINIDO,NÃO DEFINIDO,Inexistentes,Betuminoso,Recta,Em patamar,Sem berma ou impraticável,Em plena via,Direita
20171248025,2017:06:17 21:00:00,01/17/00,06/01/00,01/01/00,Polícia de Segurança Pública,50.0,50.0,Sábado       ,"38,724491","-9,129713",0,0,1,Estrada sem separador,Molhado,Lisboa,Lisboa,Penha de França,,Rua da Penha de França,Arruamento,0,Em estado regular,,Bom tempo,Dois sentidos,Fora da intersecção,Dentro das localidades,"Noite, com iluminação",Sem marcas rodoviárias ou pouco visíveis,Despiste sem dispositivo de retenção,NÃO DEFINIDO,Inexistentes,NÃO DEFINIDO,NÃO DEFINIDO,Inexistentes,Betuminoso,Recta,Em patamar,Berma pavimentada,Em plena via,Direita
20181421409,2018:06:01 14:30:00,01/01/00,06/01/00,01/01/00,Guarda Nacional Republicana,50.0,50.0,Sexta-Feira  ,"39,128413","-8,826009",0,1,0,Estrada sem separador,Com gravilha ou areia,Santarém,Cartaxo,Pontével,Pontével,Rua Fonte do Baligoto,Arruamento,0,Em estado regular,,Bom tempo,Dois sentidos,Fora da intersecção,Dentro das localidades,Em pleno dia,Sem marcas rodoviárias ou pouco visíveis,Despiste com colisão com veículo imobil. ou obstáculo,NÃO DEFINIDO,Inexistentes,NÃO DEFINIDO,NÃO DEFINIDO,Inexistentes,Betuminoso,Curva,Em patamar,Berma não pavimentada,Em plena via,Direita
20181440691,2018:06:18 13:20:00,01/18/00,06/01/00,01/01/00,Guarda Nacional Republicana,120.0,120.0,Segunda-Feira,"38,724899","-9,194155",0,0,1,Auto-estrada,Seco e limpo,Lisboa,Lisboa,Ajuda,Lisboa,,A  - Auto-Estrada,A5,Em bom estado,"1,2",Bom tempo,Sentido único,Fora da intersecção,Fora das localidades,Em pleno dia,Com marcas - separadoras de sentido e de vias de trânsito,Colisão lateral com outro veículo em movimento,NÃO DEFINIDO,Inexistentes,No sentido crescente da quilometragem,Outros,Inexistentes,Betuminoso,Recta,Em patamar,Berma pavimentada,Em plena via,Esquerda
2015979927,2015:06:27 10:05:00,01/27/00,06/01/00,01/01/00,Guarda Nacional Republicana,50.0,50.0,Sábado       ,"41,366403","-8,253533",0,0,2,Estrada sem separador,Seco e limpo,Braga,Amares,Lago,,Avª Entre Cávado e Homem,Arruamento,0,Em bom estado,,Bom tempo,Dois sentidos,Fora da intersecção,Dentro das localidades,Em pleno dia,Com marcas - separadoras de sentido de trânsito,Colisão choque em cadeia,NÃO DEFINIDO,Inexistentes,NÃO DEFINIDO,Passagem de peões,Inexistentes,Betuminoso,Recta,Em patamar,Berma não pavimentada,Em plena via,Direita
2014850887,2014:06:28 15:15:00,01/28/00,06/01/00,01/01/00,Guarda Nacional Republicana,90.0,90.0,Sábado       ,"40,289963","-7,509549",0,0,1,Estrada sem separador,Húmido,Coimbra,Oliveira do Hospital,Seixo da Beira,Felgueira Velha,,EN - Estrada Nacional,EN231-2,Em bom estado,18.0,Bom tempo,Dois sentidos,Fora da intersecção,Fora das localidades,Em pleno dia,Com marcas - separadoras de sentido de trânsito,Despiste com colisão com veículo imobil. ou obstáculo,NÃO DEFINIDO,Inexistentes,NÃO DEFINIDO,NÃO DEFINIDO,Inexistentes,Betuminoso,Curva,Com inclinação,Berma não pavimentada,Na berma,Direita
20181446548,2018:06:03 07:30:00,01/03/00,06/01/00,01/01/00,Guarda Nacional Republicana,30.0,50.0,Domingo      ,"41,511631","-8,451392",0,0,1,Estrada sem separador,Húmido,Braga,Braga,"União das freguesias de Celeirós, Aveleda e Vimieiro",Celeirós,AVENIDA SÃO LOURENÇO,Arruamento,0,Em bom estado,,Chuva,Dois sentidos,Fora da intersecção,Dentro das localidades,Em pleno dia,Com marcas - separadoras de sentido de trânsito,Colisão com fuga,NÃO DEFINIDO,Inexistentes,NÃO DEFINIDO,NÃO DEFINIDO,Inexistentes,Betuminoso,Recta,Em patamar,Berma pavimentada,Na berma,Direita
2012623736,2012:06:09 18:30:00,01/09/00,06/01/00,01/01/00,Guarda Nacional Republicana,80.0,120.0,Sábado       ,"38,847137","-9,090099",0,0,3,Auto-estrada,Seco e limpo,Lisboa,Loures,Santa Iria de Azoia,,,A  - Auto-Estrada,A1,Em bom estado,7.74,Bom tempo,Sentido único,Fora da intersecção,Fora das localidades,Em pleno dia,Com marcas - separadoras de sentido de trânsito,Colisão lateral com outro veículo em movimento,NÃO DEFINIDO,Inexistentes,No sentido crescente da quilometragem,Outros,Inexistentes,Betuminoso,Recta,Em patamar,Berma pavimentada,Em plena via,Direita
2014850875,2014:06:18 08:15:00,01/18/00,06/01/00,01/01/00,Guarda Nacional Republicana,50.0,50.0,Quarta-Feira ,"40,080460","-8,426359",0,0,1,Estrada sem separador,Seco e limpo,Coimbra,Montemor-o-Velho,"União das freguesias de Abrunheira, Verride e Vila Nova da Barca",Verride,Rua do Cardal,Arruamento,0,Em bom estado,,Bom tempo,Sentido único,Fora da intersecção,Dentro das localidades,Em pleno dia,Sem marcas rodoviárias ou pouco visíveis,Despiste simples,NÃO DEFINIDO,Inexistentes,NÃO DEFINIDO,NÃO DEFINIDO,Inexistentes,Betuminoso,Curva,Em patamar,Sem berma ou impraticável,Em plena via,Direita
2015944499,2015:06:12 15:00:00,01/12/00,06/01/00,01/01/00,Polícia de Segurança Pública,50.0,50.0,Sexta-Feira  ,"38,746099","-9,182844",0,0,1,Estrada sem separador,Seco e limpo,Lisboa,Lisboa,São Domingos de Benfica,Lisboa,Estrada Benfica                                                                                     ,Arruamento,0,Em estado regular,,Bom tempo,Dois sentidos,Fora da intersecção,Dentro das localidades,Em pleno dia,Com marcas - separadoras de sentido e de vias de trânsito,Despiste sem dispositivo de retenção,NÃO DEFINIDO,Inexistentes,NÃO DEFINIDO,Outros,Inexistentes,Betuminoso,Recta,Em patamar,Sem berma ou impraticável,Em plena via,Direita
20171278460,2017:06:28 18:06:00,01/28/00,06/01/00,01/01/00,Guarda Nacional Republicana,90.0,90.0,Quarta-Feira ,"40,559402","-7,831615",0,0,3,Estrada sem separador,Seco e limpo,Viseu,Nelas,Nelas,Vilar Seco,,EN - Estrada Nacional,EN234,Em bom estado,"95,95",Bom tempo,Dois sentidos,Fora da intersecção,Fora das localidades,Em pleno dia,Com marcas - separadoras de sentido de trânsito,Colisão traseira com outro veículo em movimento,NÃO DEFINIDO,Inexistentes,NÃO DEFINIDO,NÃO DEFINIDO,Inexistentes,Betuminoso,Recta,Em patamar,Sem berma ou impraticável,Em plena via,Direita
20171277730,2017:06:25 07:55:00,01/25/00,06/01/00,01/01/00,Guarda Nacional Republicana,50.0,50.0,Domingo      ,"39,026653","-9,145532",0,0,1,Estrada sem separador,Seco e limpo,Lisboa,Sobral Monte Agraco,Sobral de Monte Agraço,Sobral de Monte Agraço,,EN - Estrada Nacional,EN115,Em bom estado,"55,5",Bom tempo,Dois sentidos,Fora da intersecção,Fora das localidades,Em pleno dia,Com marcas - separadoras de sentido de trânsito,Despiste simples,NÃO DEFINIDO,Inexistentes,NÃO DEFINIDO,NÃO DEFINIDO,Inexistentes,Betuminoso,Curva,Em patamar,Berma não pavimentada,Em plena via,Direita
2010458599,2010:06:07 15:50:00,01/07/00,06/01/00,01/01/00,Polícia de Segurança Pública,50.0,50.0,Segunda-Feira,"0,00","0,00",0,0,1,Estrada sem separador,Húmido,Setúbal,Moita,Baixa da Banheira,,Rua de Angola,Arruamento,0,Em estado regular,,Bom tempo,Sentido único,Em cruzamento,Dentro das localidades,Em pleno dia,Sem marcas rodoviárias ou pouco visíveis,Colisão lateral com outro veículo em movimento,NÃO DEFINIDO,Inexistentes,NÃO DEFINIDO,Stop,Inexistentes,Betuminoso,Recta,Em patamar,Berma pavimentada,Em plena via,Direita
2011545271,2011:06:27 13:40:00,01/27/00,06/01/00,01/01/00,Guarda Nacional Republicana,80.0,90.0,Segunda-Feira,,,1,0,2,Estrada sem separador,Seco e limpo,Leiria,Porto de Mos,Calvaria de Cima,CHAO DA FEIRA,,EN - Estrada Nacional,EN1,Em estado regular,107.2,Bom tempo,Dois sentidos,Em entroncamento,Fora das localidades,Em pleno dia,Com marcas - separadoras de sentido de trânsito,Colisão lateral com outro veículo em movimento,NÃO DEFINIDO,Correctamente sinalizados,NÃO DEFINIDO,Stop,Desligada,Betuminoso,Recta,Em patamar,Berma pavimentada,Em plena via,Direita
2010468684,2010:06:02 19:30:00,01/02/00,06/01/00,01/01/00,Guarda Nacional Republicana,50.0,50.0,Quarta-Feira ,,,0,0,1,Estrada sem separador,Seco e limpo,Aveiro,Murtosa,Torreira,QUINTAS DO NORTE,R CAMINHO DO MAR,Arruamento,0,Em estado regular,,Bom tempo,Dois sentidos,Fora da intersecção,Dentro das localidades,Em pleno dia,Sem marcas rodoviárias ou pouco visíveis,Despiste simples,NÃO DEFINIDO,Inexistentes,NÃO DEFINIDO,Outros,Inexistentes,Betuminoso,Recta,Em patamar,Sem berma ou impraticável,Em plena via,Direita
2011547761,2011:06:29 11:30:00,01/29/00,06/01/00,01/01/00,Guarda Nacional Republicana,50.0,50.0,Quarta-Feira ,,,0,0,2,Estrada sem separador,Com gravilha ou areia,Coimbra,Coimbra,Ceira,S FRUTUOSO,ESTRADA EM CONSTRUÇAO,Arruamento,0,Em mau estado,,Bom tempo,Dois sentidos,Fora da intersecção,Dentro das localidades,Em pleno dia,Sem marcas rodoviárias ou pouco visíveis,Despiste simples,NÃO DEFINIDO,Inexistentes,NÃO DEFINIDO,NÃO DEFINIDO,Inexistentes,Terra batida,Curva,Com inclinação,Sem berma ou impraticável,Na berma,Direita
2012628545,2012:06:18 16:50:00,01/18/00,06/01/00,01/01/00,Guarda Nacional Republicana,50.0,50.0,Segunda-Feira,,,0,0,1,Estrada sem separador,Seco e limpo,Porto,Santo Tirso,Vilarinho,Vilarinho,Estrada D'Abraço,Arruamento,0,Em estado regular,,Bom tempo,Dois sentidos,Fora da intersecção,Dentro das localidades,Em pleno dia,Sem marcas rodoviárias ou pouco visíveis,Despiste simples,NÃO DEFINIDO,Inexistentes,NÃO DEFINIDO,NÃO DEFINIDO,Inexistentes,Betuminoso,Curva,Em patamar,Sem berma ou impraticável,Em plena via,Direita
2015981171,2015:06:30 07:50:00,01/30/00,06/01/00,01/01/00,Guarda Nacional Republicana,50.0,50.0,Terça-Feira  ,"40,002356","-8,446352",0,0,1,Estrada sem separador,Seco e limpo,Leiria,Pombal,Louriçal,,Rua Instituto D João,Arruamento,0,Em bom estado,,Bom tempo,Dois sentidos,Em cruzamento,Dentro das localidades,Em pleno dia,Com marcas - separadoras de sentido e de vias de trânsito,Colisão lateral com outro veículo em movimento,NÃO DEFINIDO,Inexistentes,NÃO DEFINIDO,Stop,A funcionar normalmente,Betuminoso,Recta,Com inclinação,Berma pavimentada,Em plena via,Direita
20161075086,2016:06:16 21:00:00,01/16/00,06/01/00,01/01/00,Polícia de Segurança Pública,50.0,50.0,Quinta-Feira ,"41,380368","-8,760929",0,0,1,Estrada sem separador,Seco e limpo,Porto,Povoa de Varzim,"União das freguesias da Póvoa de Varzim, Beiriz e Argivai",Póvoa de Varzim,Rua Família dos Bonitos de Amorim                                                                   ,Arruamento,0,Em estado regular,,Bom tempo,Dois sentidos,Em rotunda,Dentro das localidades,Aurora ou crepúsculo,Com marcas - separadoras de sentido de trânsito,Colisão com outras situações,NÃO DEFINIDO,Inexistentes,NÃO DEFINIDO,Cedência de passagem,Inexistentes,Betuminoso,Recta,Em patamar,Sem berma ou impraticável,Em plena via,Direita
2014849219,2014:06:23 18:15:00,01/23/00,06/01/00,01/01/00,Guarda Nacional Republicana,50.0,50.0,Segunda-Feira,"41,083250","-8,301599",0,0,1,Estrada sem separador,Molhado,Porto,Gondomar,União das freguesias de Fânzeres e São Pedro da Cova,São Pedro da Cova,Rua do Toco,Arruamento,0,Em estado regular,,Chuva,Dois sentidos,Fora da intersecção,Dentro das localidades,Em pleno dia,Sem marcas rodoviárias ou pouco visíveis,Despiste com dispositivo de retenção,NÃO DEFINIDO,Inexistentes,NÃO DEFINIDO,NÃO DEFINIDO,Inexistentes,Betuminoso,Curva,Em patamar,Berma pavimentada,Em plena via,Direita
20161072691,2016:06:09 05:50:00,01/09/00,06/01/00,01/01/00,Polícia de Segurança Pública,100.0,100.0,Quinta-Feira ,"41,417337","-8,506715",0,0,1,Outra via,Seco e limpo,Braga,Vila Nova de Famalicao,Gavião,Vila Nova de Famalicão,Variante Nascente de Famalicão                                                                      ,Arruamento,0,Em bom estado,,Bom tempo,Sentido único,Fora da intersecção,Dentro das localidades,Em pleno dia,Com marcas - separadoras de sentido e de vias de trânsito,Despiste com capotamento,NÃO DEFINIDO,Inexistentes,NÃO DEFINIDO,Outros,Desligada,Betuminoso,Recta,Em patamar,Berma pavimentada,Em plena via,Direita
2013748861,2013:06:17 22:40:00,01/17/00,06/01/00,01/01/00,Guarda Nacional Republicana,50.0,50.0,Segunda-Feira,"41,202511","-8,335790",0,0,1,Estrada sem separador,Molhado,Porto,Trofa,<Sem Freguesia>,,,EN - Estrada Nacional,EN14,Em bom estado,19.4,Chuva,Dois sentidos,Fora da intersecção,Dentro das localidades,"Noite, com iluminação",Com marcas - separadoras de sentido de trânsito,Colisão lateral com outro veículo em movimento,NÃO DEFINIDO,Inexistentes,NÃO DEFINIDO,Outros,Inexistentes,Betuminoso,Recta,Em patamar,Berma pavimentada,Em plena via,Direita
2012617067,2012:06:19 18:15:00,01/19/00,06/01/00,01/01/00,Polícia de Segurança Pública,50.0,50.0,Terça-Feira  ,"0,00","0,00",0,0,1,Estrada sem separador,Seco e limpo,Leiria,Marinha Grande,Marinha Grande,Marinha Grande,Avenida Liberdade                                                                                   ,Arruamento,0,Em bom estado,,Bom tempo,Dois sentidos,Em entroncamento,Dentro das localidades,Em pleno dia,Com marcas - separadoras de sentido e de vias de trânsito,Colisão lateral com outro veículo em movimento,NÃO DEFINIDO,Inexistentes,NÃO DEFINIDO,Stop,Inexistentes,Betuminoso,Recta,Em patamar,Sem berma ou impraticável,Em plena via,Direita
2012615638,2012:06:18 14:30:00,01/18/00,06/01/00,01/01/00,Polícia de Segurança Pública,50.0,50.0,Segunda-Feira,"0,00","0,00",0,0,1,Estrada sem separador,Húmido,Lisboa,Amadora,Damaia,,Avenida Carlos Cumbre Tavares                                                                       ,Arruamento,0,Em estado regular,,Bom tempo,Sentido único,Fora da intersecção,Dentro das localidades,Em pleno dia,Com marcas - separadoras de sentido de trânsito,Colisão com outras situações,NÃO DEFINIDO,Inexistentes,NÃO DEFINIDO,Cedência de passagem,Inexistentes,Betuminoso,Curva,Com inclinação,Berma pavimentada,Em plena via,Direita
2012616284,2012:06:29 17:30:00,01/29/00,06/01/00,01/01/00,Polícia de Segurança Pública,80.0,80.0,Sexta-Feira  ,"0,00","0,00",0,0,1,Outra via,Seco e limpo,Lisboa,Lisboa,Benfica,,Avenida General Norton de Matos,Arruamento,0,Em bom estado,,Bom tempo,Dois sentidos,Fora da intersecção,Dentro das localidades,Em pleno dia,Com marcas - separadoras de sentido e de vias de trânsito,Colisão traseira com outro veículo em movimento,NÃO DEFINIDO,Inexistentes,NÃO DEFINIDO,Outros,Inexistentes,Betuminoso,Recta,Em patamar,Berma pavimentada,Em plena via,Central
20171248703,2017:06:21 18:00:00,01/21/00,06/01/00,01/01/00,Polícia de Segurança Pública,50.0,50.0,Quarta-Feira ,"38,695936","-9,199037",0,0,1,Estrada sem separador,Seco e limpo,Lisboa,Lisboa,Belém,Lisboa,Avenida Brasília                                                                                    ,Arruamento,0,Em estado regular,,Bom tempo,Dois sentidos,Em entroncamento,Dentro das localidades,Em pleno dia,Com marcas - separadoras de sentido e de vias de trânsito,Colisão com veiculo ou obstáculo na faixa de rodagem,NÃO DEFINIDO,Inexistentes,NÃO DEFINIDO,Outros,A funcionar normalmente,Betuminoso,Recta,Em patamar,Berma pavimentada,Em plena via,Esquerda
2013688465,2013:06:03 19:50:00,01/03/00,06/01/00,01/01/00,Polícia de Segurança Pública,50.0,50.0,Segunda-Feira,"0,00","0,00",0,0,1,Estrada sem separador,Seco e limpo,Porto,Maia,Águas Santas,,Avenida Lidador da Maia                                                                             ,Arruamento,0,Em estado regular,,Bom tempo,Dois sentidos,Fora da intersecção,Dentro das localidades,Em pleno dia,Com marcas - separadoras de sentido de trânsito,Atropelamento de peões,NÃO DEFINIDO,Inexistentes,NÃO DEFINIDO,Passagem de peões,Inexistentes,Betuminoso,Recta,Com inclinação,Berma pavimentada,Em plena via,Direita
20171275750,2017:06:15 13:30:00,01/15/00,06/01/00,01/01/00,Guarda Nacional Republicana,90.0,90.0,Quinta-Feira ,"40,827842","-7,137063",0,1,0,Estrada sem separador,Seco e limpo,Guarda,Pinhel,Valbom/Bogalhal,Pinhel,,EM - Estrada Municipal,0,Em estado regular,,Bom tempo,Dois sentidos,Fora da intersecção,Fora das localidades,Em pleno dia,Com marcas - separadoras de sentido de trânsito,Despiste simples,NÃO DEFINIDO,Inexistentes,NÃO DEFINIDO,Proibição de ultrapassagem,Inexistentes,Betuminoso,Curva,Com inclinação,Berma não pavimentada,Em plena via,Direita
2013741627,2013:06:20 18:50:00,01/20/00,06/01/00,01/01/00,Guarda Nacional Republicana,50.0,50.0,Quinta-Feira ,"38,552144","-9,138153",0,0,1,Estrada sem separador,Seco e limpo,Lisboa,Mafra,Venda do Pinheiro,Venda do Pinheiro,Avª 9 de Junho,Arruamento,0,Em estado regular,,Bom tempo,Dois sentidos,Fora da intersecção,Dentro das localidades,Em pleno dia,Sem marcas rodoviárias ou pouco visíveis,Colisão com veiculo ou obstáculo na faixa de rodagem,NÃO DEFINIDO,Inexistentes,NÃO DEFINIDO,Outros,Inexistentes,Betuminoso,Recta,Com inclinação,Sem berma ou impraticável,Em plena via,Direita
20171275576,2017:06:14 14:45:00,01/14/00,06/01/00,01/01/00,Guarda Nacional Republicana,50.0,50.0,Quarta-Feira ,"41,055907","-8,608478",0,0,2,Estrada sem separador,Seco e limpo,Porto,Vila Nova de Gaia,União das freguesias de Serzedo e Perosinho,Serzedo,Rua de São Mamede,Arruamento,0,Em estado regular,,Bom tempo,Dois sentidos,Em entroncamento,Dentro das localidades,Em pleno dia,Com marcas - separadoras de sentido de trânsito,Colisão frontal,NÃO DEFINIDO,Inexistentes,NÃO DEFINIDO,Stop,Inexistentes,Betuminoso,Recta,Em patamar,Sem berma ou impraticável,Em plena via,Direita
20171160166,2016:06:05 04:00:00,01/05/00,06/01/00,01/01/00,Guarda Nacional Republicana,80.0,80.0,Domingo      ,"38,523392","-7,338295",0,0,2,Estrada sem separador,Seco e limpo,Évora,Estremoz,União das freguesias de Estremoz (Santa Maria e Santo André),ESTREMOZ,,IP- Itinerário Principal,IP2,Em bom estado,"223,8",Bom tempo,Dois sentidos,Fora da intersecção,Fora das localidades,"Noite, sem iluminação",Com marcas - separadoras de sentido e de vias de trânsito,Despiste com capotamento,NÃO DEFINIDO,Inexistentes,NÃO DEFINIDO,NÃO DEFINIDO,Inexistentes,Betuminoso,Recta,Em patamar,Berma não pavimentada,Em plena via,Direita
2012626774,2012:06:06 08:25:00,01/06/00,06/01/00,01/01/00,Guarda Nacional Republicana,40.0,50.0,Quarta-Feira ,"40,32118","8,39708",0,0,1,Estrada sem separador,Molhado,Aveiro,Vagos,Sosa,Boco,Rua do Ribeiro,Arruamento,0,Em mau estado,,Chuva,Dois sentidos,Fora da intersecção,Dentro das localidades,Em pleno dia,Sem marcas rodoviárias ou pouco visíveis,Despiste com capotamento,NÃO DEFINIDO,Inexistentes,NÃO DEFINIDO,NÃO DEFINIDO,Inexistentes,Betuminoso,Curva,Com inclinação,Berma não pavimentada,Na berma,Direita
2011535883,2011:06:14 14:00:00,01/14/00,06/01/00,01/01/00,Polícia de Segurança Pública,50.0,50.0,Terça-Feira  ,"0,00","0,00",0,0,2,Estrada sem separador,Seco e limpo,Porto,Porto,Cedofeita,Porto,Rua Augusto Luso                                                                                    ,Arruamento,0,Em bom estado,,Bom tempo,Sentido único,Fora da intersecção,Dentro das localidades,Em pleno dia,Com marcas - separadoras de sentido e de vias de trânsito,Atropelamento de peões,NÃO DEFINIDO,Inexistentes,NÃO DEFINIDO,Outros,Inexistentes,Calçada,Recta,Com inclinação,Berma pavimentada,Em plena via,Direita
20171275801,2017:06:15 18:30:00,01/15/00,06/01/00,01/01/00,Guarda Nacional Republicana,50.0,50.0,Quinta-Feira ,"39,525589","-8,907149",0,0,2,Estrada sem separador,Seco e limpo,Leiria,Alcobaca,Aljubarrota,Leiria,RUA DO BARREIRO,Arruamento,0,Em bom estado,,Bom tempo,Dois sentidos,Fora da intersecção,Dentro das localidades,Em pleno dia,Sem marcas rodoviárias ou pouco visíveis,Colisão frontal,NÃO DEFINIDO,Inexistentes,NÃO DEFINIDO,NÃO DEFINIDO,Inexistentes,Betuminoso,Curva,Em patamar,Sem berma ou impraticável,Em plena via,Direita