Id. Acidente,Datahora,Dia,Mês,Hora,Entidades Fiscalizadoras,Velocidade local,Velocidade geral,Dia da Semana,Latitude GPS,Longitude GPS,Num. Mortos a 30 dias,Num. Feridos graves a 30 dias,Num. Feridos ligeiros a 30 dias,Características Tecnicas1,Cond Aderência,Distrito,Concelho,Freguesia,Pov. Proxima,Nome arruamento,Tipos Vias,Cod Via,Estado Conservação,Km,Factores Atmosféricos,Reg Circulação1,Intersecção Vias,Localizações,Luminosidade,Marca Via,Natureza,Obras Arte,Obstáculos,Sentidos,Sinais,Sinais Luminosos,Tipo Piso,Traçado 1,Traçado 2,Traçado 3,Traçado 4,Via Trânsito
20181447202,2018:06:13 08:35:00,01/13/00,06/01/00,01/01/00,Guarda Nacional Republicana,50.0,50.0,Quarta-Feira ,"40,587194","-8,636925",0,0,1,Estrada sem separador,Seco e limpo,Aveiro,Ilhavo,Ílhavo (São Salvador),Ílhavo,Rua Tomé Barros Queirós,Arruamento,0,Em estado regular,,Bom tempo,Dois sentidos,Fora da intersecção,Dentro das localidades,Em pleno dia,Com marcas - separadoras de sentido de trânsito,Colisão frontal,NÃO DEFINIDO,Inexistentes,NÃO DEFINIDO,NÃO DEFINIDO,Inexistentes,Betuminoso,Recta,Em patamar,Sem berma ou impraticável,Em plena via,Direita
2012615897,2012:06:21 15:20:00,01/21/00,06/01/00,01/01/00,Polícia de Segurança Pública,50.0,50.0,Quinta-Feira ,"0,00","0,00",0,0,1,Estrada sem separador,Seco e limpo,Porto,Porto,Bonfim,,Avenida Fernão de Magalhães                                                                         ,Arruamento,0,Em bom estado,,Bom tempo,Dois sentidos,Fora da intersecção,Dentro das localidades,Em pleno dia,Com marcas - separadoras de sentido de trânsito,Colisão com veiculo ou obstáculo na faixa de rodagem,NÃO DEFINIDO,Inexistentes,NÃO DEFINIDO,Outros,Inexistentes,Betuminoso,Recta,Com inclinação,Berma pavimentada,Em plena via,Direita
20171160141,2016:06:04 19:30:00,01/04/00,06/01/00,01/01/00,Guarda Nacional Republicana,50.0,50.0,Sábado       ,"41,174910","-8,117192",0,0,1,Estrada sem separador,Seco e limpo,Porto,Lousada,Torno,TORNO,Rua S.  Domingos - Torno,Arruamento,0,Em estado regular,,Bom tempo,Dois sentidos,Em entroncamento,Dentro das localidades,Em pleno dia,Sem marcas rodoviárias ou pouco visíveis,Colisão lateral com outro veículo em movimento,NÃO DEFINIDO,Inexistentes,NÃO DEFINIDO,NÃO DEFINIDO,Inexistentes,Betuminoso,Recta,Com inclinação,Berma não pavimentada,Em plena via,Direita
2015948934,2015:06:23 09:30:00,01/23/00,06/01/00,01/01/00,Polícia de Segurança Pública,50.0,50.0,Terça-Feira  ,"38,536745","-8,879581",0,0,1,Outra via,Seco e limpo,Setúbal,Setubal,Setúbal (São Sebastião),Setúbal,Avenida Antero de Quental                                                                           ,Arruamento,0,Em bom estado,,Bom tempo,Dois sentidos,Fora da intersecção,Dentro das localidades,Em pleno dia,Com marcas - separadoras de sentido e de vias de trânsito,Colisão choque em cadeia,NÃO DEFINIDO,Inexistentes,No sentido crescente da quilometragem,Outros,Inexistentes,Betuminoso,Recta,Com inclinação,Berma pavimentada,Em plena via,Esquerda
2011537664,2011:06:27 17:40:00,01/27/00,06/01/00,01/01/00,Polícia de Segurança Pública,60.0,80.0,Segunda-Feira,"0,00","0,00",0,0,3,Outra via,Seco e limpo,Guarda,Guarda,Guarda (Sé),,,Outra Via,0,Em bom estado,,Bom tempo,Sentido único,Fora da intersecção,Dentro das localidades,Em pleno dia,NÃO DEFINIDO,Despiste com capotamento,NÃO DEFINIDO,Inexistentes,NÃO DEFINIDO,NÃO DEFINIDO,Inexistentes,Betuminoso,Curva,Com inclinação,Berma pavimentada,Em plena via,Direita
2015981160,2015:06:28 04:20:00,01/28/00,06/01/00,01/01/00,Guarda Nacional Republicana,50.0,50.0,Domingo      ,"39,359667","-8,494714",0,0,1,Estrada sem separador,Seco e limpo,Leiria,Porto de Mos,Porto de Mós - São João Baptista e São Pedro,Corredoura,,EN - Estrada Nacional,EN243,Em estado regular,4.8,Bom tempo,Dois sentidos,Fora da intersecção,Dentro das localidades,"Noite, com iluminação",Com marcas - separadoras de sentido de trânsito,Atropelamento de peões,NÃO DEFINIDO,Inexistentes,NÃO DEFINIDO,Outros,Inexistentes,Betuminoso,Recta,Com inclinação,Berma pavimentada,Em plena via,Direita
2011538660,2011:06:29 13:00:00,01/29/00,06/01/00,01/01/00,Polícia de Segurança Pública,50.0,50.0,Quarta-Feira ,"0,00","0,00",0,0,1,Estrada sem separador,Seco e limpo,Porto,Gondomar,Rio Tinto,Rio Tinto,Rua da Boavista,Arruamento,0,Em bom estado,,Bom tempo,Dois sentidos,Em cruzamento,Dentro das localidades,Em pleno dia,Sem marcas rodoviárias ou pouco visíveis,Colisão frontal,NÃO DEFINIDO,Inexistentes,NÃO DEFINIDO,Stop,Inexistentes,Betuminoso,Recta,Com inclinação,Berma pavimentada,Em plena via,Central
2015977447,2015:06:07 16:00:00,01/07/00,06/01/00,01/01/00,Guarda Nacional Republicana,90.0,90.0,Domingo      ,"39,143760","-9,099815",0,1,0,Estrada sem separador,Seco e limpo,Leiria,Bombarral,Pó,Casalinho,,EN - Estrada Nacional,EN8,Em estado regular,68.7,Bom tempo,Dois sentidos,Fora da intersecção,Fora das localidades,Em pleno dia,Com marcas - separadoras de sentido de trânsito,Despiste simples,NÃO DEFINIDO,Inexistentes,NÃO DEFINIDO,Outros,Inexistentes,Betuminoso,Curva,Em patamar,Berma pavimentada,Em plena via,Direita
2010470485,2010:06:29 17:15:00,01/29/00,06/01/00,01/01/00,Guarda Nacional Republicana,50.0,50.0,Terça-Feira  ,,,0,0,2,Estrada sem separador,Seco e limpo,Santarém,Benavente,Benavente,BENAVENTE,AZINHAGA OLIVAL BASTO - BENAVENTE,Arruamento,0,Em bom estado,,Bom tempo,Dois sentidos,Fora da intersecção,Dentro das localidades,Em pleno dia,Sem marcas rodoviárias ou pouco visíveis,Despiste simples,NÃO DEFINIDO,Inexistentes,NÃO DEFINIDO,NÃO DEFINIDO,Inexistentes,Betuminoso,Recta,Em patamar,Sem berma ou impraticável,Em plena via,Esquerda
20181442624,2018:06:20 07:50:00,01/20/00,06/01/00,01/01/00,Polícia de Segurança Pública,50.0,50.0,Quarta-Feira ,"40,280676","-7,507950",0,0,2,Estrada sem separador,Seco e limpo,Castelo Branco,Covilha,União das freguesias de Covilhã e Canhoso,Covilhã,Rua Capitão João de Almeida,Arruamento,0,Em estado regular,,Bom tempo,Dois sentidos,NÃO DEFINIDO,Dentro das localidades,Em pleno dia,Sem marcas rodoviárias ou pouco visíveis,Despiste simples,NÃO DEFINIDO,Inexistentes,NÃO DEFINIDO,NÃO DEFINIDO,Inexistentes,Calçada,Recta,Com inclinação,Berma pavimentada,Em plena via,Direita
2012615365,2012:06:20 01:20:00,01/20/00,06/01/00,01/01/00,Polícia de Segurança Pública,90.0,90.0,Quarta-Feira ,"41,166354","-8,583694",0,0,4,Auto-estrada,Seco e limpo,Porto,Porto,Paranhos,Porto,,A  - Auto-Estrada,A20,Em bom estado,11.4,Bom tempo,Sentido único,Fora da intersecção,Fora das localidades,"Noite, sem iluminação",Com marcas - separadoras de sentido e de vias de trânsito,Colisão lateral com outro veículo em movimento,NÃO DEFINIDO,Inexistentes,No sentido crescente da quilometragem,Outros,Inexistentes,Betuminoso,Curva,Com inclinação,Sem berma ou impraticável,Em plena via,Direita
2013742207,2013:06:16 21:15:00,01/16/00,06/01/00,01/01/00,Guarda Nacional Republicana,50.0,50.0,Domingo      ,"40,265317","-8,223524",0,0,1,Estrada sem separador,Com gravilha ou areia,Aveiro,Anadia,Moita,Vale da Mó,,EN - Estrada Nacional,EN336,Em mau estado,19.7,Bom tempo,Dois sentidos,Fora da intersecção,Dentro das localidades,"Noite, sem iluminação",Sem marcas rodoviárias ou pouco visíveis,Despiste simples,NÃO DEFINIDO,Não sinalizados,NÃO DEFINIDO,NÃO DEFINIDO,Inexistentes,Betuminoso,Curva,Com inclinação,Sem berma ou impraticável,Na berma,Direita
20171274187,2017:06:08 09:40:00,01/08/00,06/01/00,01/01/00,Guarda Nacional Republicana,50.0,50.0,Quinta-Feira ,"41,009848","-7,778572",0,0,2,Estrada sem separador,Seco e limpo,Viseu,Tarouca,União das freguesias de Tarouca e Dálvares,Tarouca,,EM - Estrada Municipal,0,Em bom estado,,Bom tempo,Dois sentidos,Fora da intersecção,Dentro das localidades,Em pleno dia,Sem marcas rodoviárias ou pouco visíveis,Despiste simples,NÃO DEFINIDO,Inexistentes,NÃO DEFINIDO,NÃO DEFINIDO,Inexistentes,Betuminoso,Recta,Em patamar,Sem berma ou impraticável,Em plena via,Direita
2015978896,2015:06:09 17:15:00,01/09/00,06/01/00,01/01/00,Guarda Nacional Republicana,50.0,50.0,Terça-Feira  ,"37,566128","-8,108354",0,0,1,Estrada sem separador,Seco e limpo,Beja,Aljustrel,São João de Negrilhos,São João de Negrilhos,Rua Doutor Sousa Branco,Arruamento,0,Em bom estado,,Bom tempo,Dois sentidos,Fora da intersecção,Dentro das localidades,Em pleno dia,Sem marcas rodoviárias ou pouco visíveis,Despiste simples,NÃO DEFINIDO,Inexistentes,NÃO DEFINIDO,NÃO DEFINIDO,Inexistentes,Betuminoso,Recta,Em patamar,Sem berma ou impraticável,Em plena via,Direita
20181447167,2018:06:12 17:45:00,01/12/00,06/01/00,01/01/00,Guarda Nacional Republicana,50.0,50.0,Terça-Feira  ,"40,605495","-8,596075",0,0,1,Outra via,Seco e limpo,Aveiro,Aveiro,Oliveirinha,Oliveirinha,Rua Profª Justa Ferreira Dias,Arruamento,0,Em bom estado,,Bom tempo,Dois sentidos,Em entroncamento,Dentro das localidades,Em pleno dia,Com marcas - separadoras de sentido de trânsito,Colisão frontal,NÃO DEFINIDO,Inexistentes,No sentido crescente da quilometragem,NÃO DEFINIDO,Inexistentes,Betuminoso,Recta,Em patamar,Berma pavimentada,Em plena via,Direita
2010470870,2010:06:06 18:10:00,01/06/00,06/01/00,01/01/00,Guarda Nacional Republicana,50.0,50.0,Domingo      ,,,0,0,2,Estrada sem separador,Com gravilha ou areia,Setúbal,Sesimbra,Sesimbra (Castelo),PINHAL DO CABEDAL,PINHAL DO CABEDAL,Arruamento,0,Em bom estado,,Bom tempo,Dois sentidos,Fora da intersecção,Dentro das localidades,Em pleno dia,Com marcas - separadoras de sentido de trânsito,Despiste sem dispositivo de retenção,NÃO DEFINIDO,Inexistentes,NÃO DEFINIDO,NÃO DEFINIDO,Inexistentes,Betuminoso,Curva,Em patamar,Sem berma ou impraticável,Em plena via,Direita
2015981146,2015:06:25 02:30:00,01/25/00,06/01/00,01/01/00,Guarda Nacional Republicana,90.0,90.0,Quinta-Feira ,"39,303375","-9,303578",0,0,1,Estrada sem separador,Seco e limpo,Leiria,Peniche,Atouguia da Baleia,Bufarda,,EM - Estrada Municipal,EM571-1,Em mau estado,0.01,Bom tempo,Dois sentidos,Fora da intersecção,Fora das localidades,"Noite, sem iluminação",Sem marcas rodoviárias ou pouco visíveis,Despiste com capotamento,NÃO DEFINIDO,Inexistentes,NÃO DEFINIDO,Outros,Inexistentes,Betuminoso,Recta,Com inclinação,Sem berma ou impraticável,Em plena via,Direita
20171262019,2017:06:29 10:15:00,01/29/00,06/01/00,01/01/00,Polícia de Segurança Pública,50.0,50.0,Quinta-Feira ,"38,715822","-9,175294",0,0,1,Estrada sem separador,Seco e limpo,Lisboa,Lisboa,Campo de Ourique,Lisboa,Rua da Quinta do Loureiro,Arruamento,0,Em bom estado,,Bom tempo,Dois sentidos,Fora da intersecção,Dentro das localidades,Em pleno dia,Sem marcas rodoviárias ou pouco visíveis,Atropelamento de peões,NÃO DEFINIDO,Inexistentes,NÃO DEFINIDO,Passagem de peões,Inexistentes,Betuminoso,Recta,Em patamar,Berma pavimentada,Em plena via,Direita
20171275032,2017:06:12 09:30:00,01/12/00,06/01/00,01/01/00,Guarda Nacional Republicana,90.0,90.0,Segunda-Feira,"39,976162","-7,242085",0,0,1,Estrada sem separador,Seco e limpo,Castelo Branco,Idanha-a-Nova,União das freguesias de Monsanto e Idanha-a-Velha,Idanha a Nova,,EM - Estrada Municipal,0,Em bom estado,,Bom tempo,Dois sentidos,Fora da intersecção,Fora das localidades,Em pleno dia,Sem marcas rodoviárias ou pouco visíveis,Atropelamento de peões,NÃO DEFINIDO,Inexistentes,NÃO DEFINIDO,NÃO DEFINIDO,Inexistentes,Betuminoso,Recta,Em patamar,Sem berma ou impraticável,Em plena via,Direita
20181446472,2018:06:01 17:30:00,01/01/00,06/01/00,01/01/00,Guarda Nacional Republicana,90.0,90.0,Sexta-Feira  ,"38,978287","-8,216331",0,0,2,Estrada sem separador,Seco e limpo,Évora,Mora,Mora,Mora,,Outra Via,0,Em bom estado,,Bom tempo,Dois sentidos,Fora da intersecção,Fora das localidades,Em pleno dia,Sem marcas rodoviárias ou pouco visíveis,Despiste simples,NÃO DEFINIDO,Inexistentes,NÃO DEFINIDO,NÃO DEFINIDO,Inexistentes,Terra batida,Curva,Em patamar,Sem berma ou impraticável,Em plena via,Direita
20191724500,2019:06:18 20:41:00,01/18/00,06/01/00,01/01/00,Guarda Nacional Republicana,50.0,50.0,Terça-Feira  ,"40,099870","-8,831367",0,0,1,Estrada sem separador,Húmido,Coimbra,Figueira da Foz,Lavos,Boavista,Estrada da Boavista,Arruamento,0,Em estado regular,,Chuva,Dois sentidos,Fora da intersecção,Dentro das localidades,"Noite, com iluminação",Sem marcas rodoviárias ou pouco visíveis,Despiste com capotamento,NÃO DEFINIDO,Inexistentes,NÃO DEFINIDO,NÃO DEFINIDO,Inexistentes,Betuminoso,Recta,Em patamar,Berma não pavimentada,Na berma,Direita
2013733418,2013:06:19 19:10:00,01/19/00,06/01/00,01/01/00,Guarda Nacional Republicana,50.0,50.0,Quarta-Feira ,"39,360967","-8,386557",0,1,0,Estrada sem separador,Seco e limpo,Santarém,Ourem,Fátima,Montelo,Rua Nossa Senhora da Vida,Arruamento,0,Em estado regular,,Bom tempo,Dois sentidos,Em entroncamento,Dentro das localidades,Em pleno dia,Sem marcas rodoviárias ou pouco visíveis,Colisão frontal,NÃO DEFINIDO,Inexistentes,NÃO DEFINIDO,Cedência de passagem,Inexistentes,Betuminoso,Curva,Com inclinação,Sem berma ou impraticável,Em plena via,Direita
2015980522,2015:06:06 09:08:00,01/06/00,06/01/00,01/01/00,Guarda Nacional Republicana,50.0,50.0,Sábado       ,"41,093379","-8,074040",0,0,1,Estrada sem separador,Seco e limpo,Porto,Marco de Canaveses,Soalhães,,,EN - Estrada Nacional,EN211,Em estado regular,13.86,Bom tempo,Dois sentidos,Fora da intersecção,Dentro das localidades,Em pleno dia,Com marcas - separadoras de sentido e de vias de trânsito,Colisão com outras situações,NÃO DEFINIDO,Inexistentes,NÃO DEFINIDO,Outros,Inexistentes,Betuminoso,Curva,Com inclinação,Berma pavimentada,Em plena via,Direita
2010469409,2010:06:03 19:00:00,01/03/00,06/01/00,01/01/00,Guarda Nacional Republicana,50.0,50.0,Quinta-Feira ,,,0,0,1,Estrada sem separador,Com gravilha ou areia,Porto,Lousada,Meinedo,MEINEDO,R DAS CAFIS,Arruamento,0,Em mau estado,,Bom tempo,Dois sentidos,Fora da intersecção,Dentro das localidades,Em pleno dia,Sem marcas rodoviárias ou pouco visíveis,Despiste com colisão com veículo imobil. ou obstáculo,NÃO DEFINIDO,Insuficentemente sinalizados,NÃO DEFINIDO,NÃO DEFINIDO,Inexistentes,Betuminoso,Curva,Em patamar,Sem berma ou impraticável,Em plena via,Direita
2013689902,2013:06:06 13:30:00,01/06/00,06/01/00,01/01/00,Polícia de Segurança Pública,50.0,50.0,Quinta-Feira ,"0,00","0,00",0,0,1,Estrada sem separador,Seco e limpo,Lisboa,Odivelas,Ramada,Ramada,Rua Almirante Gago Coutinho                                                                         ,Arruamento,0,Em estado regular,,Bom tempo,Dois sentidos,Fora da intersecção,Dentro das localidades,Em pleno dia,Com marcas - separadoras de sentido de trânsito,Colisão lateral com outro veículo em movimento,NÃO DEFINIDO,Inexistentes,NÃO DEFINIDO,Outros,Inexistentes,Betuminoso,Recta,Em patamar,Berma pavimentada,Em plena via,Direita
2015944450,2015:06:06 08:10:00,01/06/00,06/01/00,01/01/00,Polícia de Segurança Pública,50.0,50.0,Sábado       ,"41,166666","-8,637758",0,0,1,Estrada sem separador,Seco e limpo,Porto,Porto,Ramalde,Porto,Rua Particular de Francos                                                                           ,Arruamento,0,Em estado regular,,Bom tempo,Sentido único,Em entroncamento,Dentro das localidades,Em pleno dia,Sem marcas rodoviárias ou pouco visíveis,Atropelamento com fuga,NÃO DEFINIDO,Inexistentes,NÃO DEFINIDO,Outros,Inexistentes,Calçada,Recta,Em patamar,Berma pavimentada,Em plena via,Direita
2015942698,2015:06:03 09:29:00,01/03/00,06/01/00,01/01/00,Polícia de Segurança Pública,70.0,70.0,Quarta-Feira ,"41,207662","-8,627267",0,0,1,Outra via,Seco e limpo,Porto,Matosinhos,"União das freguesias de Custóias, Leça do Balio e Guifões",Leça do Balio,,EN - Estrada Nacional,EN13,Em bom estado,3.9,Bom tempo,Sentido único,Fora da intersecção,Fora das localidades,Em pleno dia,Com marcas - separadoras de sentido e de vias de trânsito,Colisão com outras situações,NÃO DEFINIDO,Inexistentes,No sentido decrescente da quilometragem,Outros,Inexistentes,Betuminoso,Recta,Em patamar,Sem berma ou impraticável,Em plena via,Esquerda
20171262697,2017:06:24 10:40:00,01/24/00,06/01/00,01/01/00,Polícia de Segurança Pública,50.0,50.0,Sábado       ,"38,756748","-9,098567",0,0,1,Outra via,Seco e limpo,Lisboa,Lisboa,Parque das Nações,,Avenida Fernando Pessoa                                                                             ,Arruamento,0,Em estado regular,,Bom tempo,Sentido único,Em cruzamento,Dentro das localidades,Em pleno dia,Sem marcas rodoviárias ou pouco visíveis,Colisão lateral com outro veículo em movimento,NÃO DEFINIDO,Inexistentes,No sentido crescente da quilometragem,Cedência de passagem,Inexistentes,Betuminoso,Recta,Em patamar,Berma pavimentada,Em plena via,Direita
2012615039,2012:06:11 19:10:00,01/11/00,06/01/00,01/01/00,Polícia de Segurança Pública,50.0,50.0,Segunda-Feira,"0,00","0,00",0,0,1,Outra via,Seco e limpo,Lisboa,Lisboa,Coração de Jesus,,Avª Fontes Pereira de Melo,Arruamento,0,Em bom estado,,Bom tempo,Sentido único,NÃO DEFINIDO,Dentro das localidades,Em pleno dia,Com marcas - separadoras de sentido e de vias de trânsito,Colisão com outras situações,NÃO DEFINIDO,Correctamente sinalizados,NÃO DEFINIDO,Outros,A funcionar normalmente,Betuminoso,Recta,Com inclinação,Berma pavimentada,Em plena via,Esquerda
2010468434,2010:06:12 10:00:00,01/12/00,06/01/00,01/01/00,Guarda Nacional Republicana,50.0,50.0,Sábado       ,,,0,0,1,Estrada sem separador,Seco e limpo,Viana do Castelo,Ponte da Barca,Vila Nova de Muía,VILA NOVA DE MUIA,,EN - Estrada Nacional,EN203,Em bom estado,41.25,Bom tempo,Dois sentidos,Em cruzamento,Dentro das localidades,Em pleno dia,Sem marcas rodoviárias ou pouco visíveis,Colisão com veiculo ou obstáculo na faixa de rodagem,NÃO DEFINIDO,Inexistentes,NÃO DEFINIDO,Outros,A funcionar normalmente,Betuminoso,Recta,Em patamar,Berma pavimentada,Em plena via,Direita
2015953731,2015:06:28 10:30:00,01/28/00,06/01/00,01/01/00,Polícia de Segurança Pública,50.0,50.0,Domingo      ,"38,634789","-9,140761",0,0,1,Estrada sem separador,Seco e limpo,Setúbal,Seixal,Amora,Cruz de Pau,Rua Infante Dom Augusto                                                                             ,Arruamento,0,Em estado regular,,Bom tempo,Dois sentidos,Fora da intersecção,Dentro das localidades,Em pleno dia,Com marcas - separadoras de sentido de trânsito,Despiste sem dispositivo de retenção,NÃO DEFINIDO,Inexistentes,NÃO DEFINIDO,Outros,Inexistentes,Betuminoso,Recta,Em patamar,Sem berma ou impraticável,Em plena via,Direita
2014849317,2014:06:10 16:38:00,01/10/00,06/01/00,01/01/00,Guarda Nacional Republicana,50.0,50.0,Terça-Feira  ,"38,733368","-9,397119",0,0,1,Estrada sem separador,Seco e limpo,Lisboa,Cascais,Alcabideche,,Avª da República,Arruamento,0,Em bom estado,,Bom tempo,Dois sentidos,Fora da intersecção,Dentro das localidades,Em pleno dia,Com marcas - separadoras de sentido de trânsito,Atropelamento de peões,NÃO DEFINIDO,Inexistentes,NÃO DEFINIDO,Passagem de peões,Inexistentes,Betuminoso,Recta,Em patamar,Berma pavimentada,Em plena via,Direita
2010459245,2010:06:02 21:00:00,01/02/00,06/01/00,01/01/00,Polícia de Segurança Pública,50.0,50.0,Quarta-Feira ,"0,00","0,00",0,0,1,Estrada sem separador,Seco e limpo,Santarém,Torres Novas,Torres Novas (Santa Maria),,Rotunda do Torreshoping,Arruamento,0,Em bom estado,,Bom tempo,Sentido único,Em rotunda,Dentro das localidades,"Noite, com iluminação",Com marcas - separadoras de sentido e de vias de trânsito,Colisão lateral com outro veículo em movimento,NÃO DEFINIDO,Inexistentes,NÃO DEFINIDO,Cedência de passagem,Inexistentes,Betuminoso,NÃO DEFINIDO,Em patamar,Berma pavimentada,Em plena via,Esquerda
2012613678,2012:06:11 07:45:00,01/11/00,06/01/00,01/01/00,Polícia de Segurança Pública,50.0,50.0,Segunda-Feira,"0,00","0,00",0,0,1,Estrada sem separador,Seco e limpo,Leiria,Marinha Grande,Marinha Grande,Cartaxo,Rua do Cartaxo,Arruamento,0,Em bom estado,,Chuva,Dois sentidos,Fora da intersecção,Dentro das localidades,Em pleno dia,Sem marcas rodoviárias ou pouco visíveis,Despiste sem dispositivo de retenção,NÃO DEFINIDO,Inexistentes,NÃO DEFINIDO,Outros,Inexistentes,Betuminoso,Curva,Em patamar,Berma pavimentada,Em plena via,Direita
2012615816,2012:06:26 17:10:00,01/26/00,06/01/00,01/01/00,Polícia de Segurança Pública,50.0,50.0,Terça-Feira  ,"0,00","0,00",0,0,1,Estrada sem separador,Húmido,Lisboa,Cascais,São Domingos de Rana,Trajouce,Estrada José Justino Anjos                                                                          ,Arruamento,0,Em estado regular,,Bom tempo,Dois sentidos,Em cruzamento,Dentro das localidades,Em pleno dia,Sem marcas rodoviárias ou pouco visíveis,Colisão lateral com outro veículo em movimento,NÃO DEFINIDO,Inexistentes,NÃO DEFINIDO,Stop,Inexistentes,Betuminoso,Recta,Em patamar,Berma não pavimentada,Em plena via,Direita
2010459760,2010:06:16 23:10:00,01/16/00,06/01/00,01/01/00,Polícia de Segurança Pública,60.0,70.0,Quarta-Feira ,"0,00","0,00",0,0,1,Outra via,Seco e limpo,Braga,Guimaraes,Mesão Frio,,,EN - Estrada Nacional,EN101,Em bom estado,,Bom tempo,Dois sentidos,Em entroncamento,Dentro das localidades,"Noite, com iluminação",Com marcas - separadoras de sentido e de vias de trânsito,Colisão lateral com outro veículo em movimento,Viaduto/Ponte,Inexistentes,NÃO DEFINIDO,Outros,Inexistentes,Betuminoso,Curva,Em patamar,Berma pavimentada,Em plena via,Esquerda
20171241503,2017:06:08 13:40:00,01/08/00,06/01/00,01/01/00,Polícia de Segurança Pública,50.0,50.0,Quinta-Feira ,"41,708434","-8,824945",0,0,3,Estrada sem separador,Seco e limpo,Viana do Castelo,Viana do Castelo,União das freguesias de Viana do Castelo (Santa Maria Maior e Monserrate) e Meadela,,Avenida Abelheira,Arruamento,0,Em bom estado,,Bom tempo,Dois sentidos,Em entroncamento,Dentro das localidades,Em pleno dia,Com marcas - separadoras de sentido de trânsito,Colisão traseira com outro veículo em movimento,NÃO DEFINIDO,Inexistentes,NÃO DEFINIDO,NÃO DEFINIDO,Inexistentes,Betuminoso,Recta,Em patamar,Sem berma ou impraticável,Em plena via,Direita
20171249221,2017:06:23 17:50:00,01/23/00,06/01/00,01/01/00,Polícia de Segurança Pública,50.0,50.0,Sexta-Feira  ,"41,180888","-8,565368",0,0,1,Estrada sem separador,Seco e limpo,Porto,Gondomar,Rio Tinto,Rio Tinto,Avenida Doutor Francisco Sá Carneiro                                                                ,Arruamento,0,Em estado regular,,Bom tempo,Sentido único,Em rotunda,Dentro das localidades,Em pleno dia,Com marcas - separadoras de sentido e de vias de trânsito,Colisão traseira com outro veículo em movimento,NÃO DEFINIDO,Inexistentes,NÃO DEFINIDO,NÃO DEFINIDO,Inexistentes,Betuminoso,Curva,Com inclinação,Berma pavimentada,Em plena via,Esquerda
2013655859,2012:06:14 09:00:00,01/14/00,06/01/00,01/01/00,Polícia de Segurança Pública,30.0,30.0,Quinta-Feira ,"0,00","0,00",0,0,1,Estrada sem separador,Húmido,Lisboa,Sintra,Casal de Cambra,,Rua Berlim                                                                                          ,Arruamento,0,Em estado regular,,Chuva,Dois sentidos,Fora da intersecção,Dentro das localidades,Em pleno dia,Sem marcas rodoviárias ou pouco visíveis,Despiste com capotamento,NÃO DEFINIDO,Inexistentes,NÃO DEFINIDO,NÃO DEFINIDO,Inexistentes,Betuminoso,Curva,Com inclinação,Berma pavimentada,Em plena via,Direita
20191728005,2019:06:05 18:30:00,01/05/00,06/01/00,01/01/00,Guarda Nacional Republicana,60.0,90.0,Quarta-Feira ,"39,606750","-8,623591",0,0,3,Estrada sem separador,Seco e limpo,Santarém,Ourem,Fátima,Fátima,Estrada Nossa Senhora da Ortiga,Arruamento,0,Em estado regular,,Bom tempo,Dois sentidos,Em cruzamento,Dentro das localidades,Aurora ou crepúsculo,Com marcas - separadoras de sentido de trânsito,Colisão lateral com outro veículo em movimento,NÃO DEFINIDO,Inexistentes,NÃO DEFINIDO,NÃO DEFINIDO,Inexistentes,Betuminoso,Recta,Em patamar,Berma não pavimentada,Em plena via,Direita
2012628862,2012:06:23 22:20:00,01/23/00,06/01/00,01/01/00,Guarda Nacional Republicana,50.0,50.0,Sábado       ,"41,37271","8,43400",0,0,1,Estrada sem separador,Seco e limpo,Braga,Barcelos,Fragoso,(cruzamento com a Rua Campo do Infia),,EN - Estrada Nacional,EN301,Em bom estado,,Bom tempo,Dois sentidos,Em cruzamento,Dentro das localidades,"Noite, com iluminação",Sem marcas rodoviárias ou pouco visíveis,Atropelamento de peões,NÃO DEFINIDO,Inexistentes,NÃO DEFINIDO,Outros,Inexistentes,Betuminoso,Recta,Em patamar,Berma pavimentada,Em plena via,Direita
2014849256,2014:06:28 09:30:00,01/28/00,06/01/00,01/01/00,Guarda Nacional Republicana,100.0,100.0,Sábado       ,"41,219807","-8,433956",0,0,1,Auto-estrada,Molhado,Porto,Vila do Conde,União das freguesias de Touguinha e Touguinhó,,,A  - Auto-Estrada,A28,Em bom estado,28.07,Chuva,Sentido único,Fora da intersecção,Fora das localidades,Em pleno dia,Com marcas - separadoras de sentido e de vias de trânsito,Despiste simples,NÃO DEFINIDO,Inexistentes,No sentido decrescente da quilometragem,NÃO DEFINIDO,Inexistentes,Betuminoso,Recta,Em patamar,Berma pavimentada,Em plena via,Esquerda
20181446899,2018:06:08 13:55:00,01/08/00,06/01/00,01/01/00,Guarda Nacional Republicana,40.0,50.0,Sexta-Feira  ,"39,028591","-8,974289",0,0,1,Estrada sem separador,Seco e limpo,Lisboa,Alenquer,União das freguesias de Carregado e Cadafais,Carregado,,ER - Estrada Regional,0,Em bom estado,,Bom tempo,Dois sentidos,Fora da intersecção,Dentro das localidades,Em pleno dia,Com marcas - separadoras de sentido de trânsito,Colisão lateral com outro veículo em movimento,NÃO DEFINIDO,Inexistentes,NÃO DEFINIDO,NÃO DEFINIDO,Inexistentes,Betuminoso,Recta,Em patamar,Sem berma ou impraticável,Em plena via,Direita
2014851672,2014:06:24 13:15:00,01/24/00,06/01/00,01/01/00,Guarda Nacional Republicana,50.0,50.0,Terça-Feira  ,"38,352585","-9,100941",0,0,1,Estrada sem separador,Com gravilha ou areia,Setúbal,Almada,Charneca de Caparica,Aroeira,Avª Sacadura Cabral,Arruamento,0,Em estado regular,,Bom tempo,Dois sentidos,Em cruzamento,Dentro das localidades,Em pleno dia,Sem marcas rodoviárias ou pouco visíveis,Colisão lateral com outro veículo em movimento,NÃO DEFINIDO,Inexistentes,NÃO DEFINIDO,Outros,Inexistentes,Betuminoso,Recta,Em patamar,Sem berma ou impraticável,Em plena via,Direita