Id. Acidente,Datahora,Dia,Mês,Hora,Entidades Fiscalizadoras,Velocidade local,Velocidade geral,Dia da Semana,Latitude GPS,Longitude GPS,Num. Mortos a 30 dias,Num. Feridos graves a 30 dias,Num. Feridos ligeiros a 30 dias,Características Tecnicas1,Cond Aderência,Distrito,Concelho,Freguesia,Pov. Proxima,Nome arruamento,Tipos Vias,Cod Via,Estado Conservação,Km,Factores Atmosféricos,Reg Circulação1,Intersecção Vias,Localizações,Luminosidade,Marca Via,Natureza,Obras Arte,Obstáculos,Sentidos,Sinais,Sinais Luminosos,Tipo Piso,Traçado 1,Traçado 2,Traçado 3,Traçado 4,Via Trânsito
2013692559,2013:06:20 22:35:00,01/20/00,06/01/00,01/01/00,Polícia de Segurança Pública,50.0,50.0,Quinta-Feira ,"0,00","0,00",0,0,1,Outra via,Húmido,Porto,Porto,Aldoar,Porto,,EN - Estrada Nacional,EN12,Em bom estado,4.3,Bom tempo,Sentido único,Em cruzamento,Fora das localidades,"Noite, com iluminação",Com marcas - separadoras de sentido de trânsito,Colisão com outras situações,NÃO DEFINIDO,Inexistentes,No sentido crescente da quilometragem,Outros,A funcionar normalmente,Betuminoso,Recta,Em patamar,Berma pavimentada,Em plena via,Direita
2012625158,2012:06:17 21:30:00,01/17/00,06/01/00,01/01/00,Polícia de Segurança Pública,50.0,50.0,Domingo      ,"0,00","0,00",0,0,1,Estrada sem separador,Húmido,Lisboa,Lisboa,<Sem Freguesia>,,Largo Figueiredo                                                                                    ,Arruamento,0,Em estado regular,,Bom tempo,Sentido único,NÃO DEFINIDO,Dentro das localidades,"Noite, com iluminação",Sem marcas rodoviárias ou pouco visíveis,Atropelamento de peões,NÃO DEFINIDO,Inexistentes,NÃO DEFINIDO,NÃO DEFINIDO,Inexistentes,Betuminoso,Recta,Em patamar,Berma pavimentada,Em plena via,Direita
2014814510,2014:06:22 16:55:00,01/22/00,06/01/00,01/01/00,Polícia de Segurança Pública,40.0,40.0,Domingo      ,"40,894890","-8,488787",0,0,1,Estrada sem separador,Molhado,Aveiro,Sao Joao da Madeira,São João da Madeira,São João da Madeira,Rua Luis de Camões ,Arruamento,0,Em estado regular,,Chuva,Dois sentidos,Em cruzamento,Dentro das localidades,Em pleno dia,Sem marcas rodoviárias ou pouco visíveis,Colisão frontal,NÃO DEFINIDO,Inexistentes,NÃO DEFINIDO,Cedência de passagem,Inexistentes,Betuminoso,Recta,Em Lomba,Berma pavimentada,Em plena via,Direita
2013741390,2013:06:10 19:30:00,01/10/00,06/01/00,01/01/00,Guarda Nacional Republicana,90.0,90.0,Segunda-Feira,"38,545269","-9,184542",0,0,1,Estrada sem separador,Seco e limpo,Lisboa,Mafra,Igreja Nova,Lescim,,EM - Estrada Municipal,EM1197,Em bom estado,,Bom tempo,Dois sentidos,Fora da intersecção,Fora das localidades,Em pleno dia,Sem marcas rodoviárias ou pouco visíveis,Despiste simples,NÃO DEFINIDO,Inexistentes,NÃO DEFINIDO,NÃO DEFINIDO,Inexistentes,Betuminoso,Recta,Com inclinação,Sem berma ou impraticável,Em plena via,Direita
2011544979,2011:06:05 06:30:00,01/05/00,06/01/00,01/01/00,Guarda Nacional Republicana,90.0,90.0,Domingo      ,"38,879288","-7,560916",1,1,2,Estrada sem separador,Seco e limpo,Évora,Evora,Nossa Senhora de Machede,ESTREMOZ,,IP- Itinerário Principal,IP2,Em bom estado,223.0,Bom tempo,Dois sentidos,Fora da intersecção,Fora das localidades,Aurora ou crepúsculo,Com marcas - separadoras de sentido de trânsito,Colisão lateral com outro veículo em movimento,NÃO DEFINIDO,Inexistentes,NÃO DEFINIDO,NÃO DEFINIDO,Inexistentes,Betuminoso,Curva,Com inclinação,Berma pavimentada,Em plena via,Direita
20171275967,2017:06:16 16:00:00,01/16/00,06/01/00,01/01/00,Guarda Nacional Republicana,50.0,50.0,Sexta-Feira  ,"41,816143","-8,372015",1,1,0,Estrada sem separador,Seco e limpo,Viana do Castelo,Arcos de Valdevez,União das freguesias de São Jorge e Ermelo,São Jorge,Lugar de Barreiro,Arruamento,0,Em estado regular,,Bom tempo,Dois sentidos,Em entroncamento,Dentro das localidades,Em pleno dia,Sem marcas rodoviárias ou pouco visíveis,Despiste com capotamento,NÃO DEFINIDO,Inexistentes,NÃO DEFINIDO,NÃO DEFINIDO,Inexistentes,Betuminoso,Curva,Em patamar,Sem berma ou impraticável,Na berma,Direita
20181453960,2018:06:17 22:00:00,01/17/00,06/01/00,01/01/00,Guarda Nacional Republicana,50.0,50.0,Domingo      ,"39,918534","-7,905733",0,0,1,Estrada sem separador,Seco e limpo,Castelo Branco,Oleiros,Oleiros-Amieira,Oleiros,,EN - Estrada Nacional,EN238,Em bom estado,"62,3",Bom tempo,Dois sentidos,Em rotunda,Dentro das localidades,"Noite, com iluminação",Com marcas - separadoras de sentido e de vias de trânsito,Despiste simples,NÃO DEFINIDO,Inexistentes,NÃO DEFINIDO,NÃO DEFINIDO,Inexistentes,Betuminoso,Curva,Com inclinação,Berma pavimentada,Em plena via,Direita
20161081186,2016:06:22 22:05:00,01/22/00,06/01/00,01/01/00,Polícia de Segurança Pública,50.0,50.0,Quarta-Feira ,"38,772653","-9,287418",1,0,0,Estrada sem separador,Seco e limpo,Lisboa,Sintra,União das freguesias de Agualva e Mira-Sintra,Agualva-Cacém,Avenida Infante Dom Henrique    (Agualva),Arruamento,0,Em estado regular,,Bom tempo,Dois sentidos,Fora da intersecção,Dentro das localidades,"Noite, com iluminação",Sem marcas rodoviárias ou pouco visíveis,Atropelamento de peões,NÃO DEFINIDO,Inexistentes,NÃO DEFINIDO,Passagem de peões,Inexistentes,Betuminoso,Recta,Em patamar,Berma pavimentada,Em plena via,Direita
2012615379,2012:06:11 14:00:00,01/11/00,06/01/00,01/01/00,Polícia de Segurança Pública,50.0,50.0,Segunda-Feira,"0,00","0,00",0,0,2,Outra via,Húmido,Lisboa,Amadora,Venda Nova,,Rua Marquesa de Alorna,Arruamento,0,Em estado regular,,Bom tempo,Sentido único,Em cruzamento,Dentro das localidades,Em pleno dia,Sem marcas rodoviárias ou pouco visíveis,Colisão lateral com outro veículo em movimento,NÃO DEFINIDO,Inexistentes,No sentido crescente da quilometragem,NÃO DEFINIDO,Inexistentes,Betuminoso,Recta,Em patamar,Berma pavimentada,Em plena via,Direita
2012627786,2012:06:30 18:00:00,01/30/00,06/01/00,01/01/00,Guarda Nacional Republicana,50.0,50.0,Sábado       ,"38,48151","9,22645",0,0,2,Outra via,Seco e limpo,Lisboa,Sintra,Sintra (São Pedro de Penaferrim),Sintra,Avª General Francisco Miguel,Arruamento,0,Em estado regular,,Bom tempo,Sentido único,Fora da intersecção,Dentro das localidades,Em pleno dia,Com marcas - separadoras de sentido e de vias de trânsito,Despiste com dispositivo de retenção,NÃO DEFINIDO,Inexistentes,No sentido crescente da quilometragem,Outros,A funcionar normalmente,Betuminoso,Recta,Em patamar,Berma pavimentada,Em plena via,Esquerda
2013743538,2013:06:17 18:00:00,01/17/00,06/01/00,01/01/00,Guarda Nacional Republicana,50.0,50.0,Segunda-Feira,"41,228410","-8,279770",0,0,1,Estrada sem separador,Molhado,Braga,Vila Nova de Famalicao,Landim,Landim,,EN - Estrada Nacional,EN204-5,Em estado regular,2.3,Chuva,Dois sentidos,Em cruzamento,Dentro das localidades,Em pleno dia,Sem marcas rodoviárias ou pouco visíveis,Colisão lateral com outro veículo em movimento,NÃO DEFINIDO,Inexistentes,NÃO DEFINIDO,Outros,Inexistentes,Betuminoso,Recta,Com inclinação,Berma pavimentada,Em plena via,Direita
20161081183,2016:06:25 11:40:00,01/25/00,06/01/00,01/01/00,Polícia de Segurança Pública,50.0,50.0,Sábado       ,"38,564785","-7,933576",0,0,1,Outra via,Seco e limpo,Évora,Evora,União das freguesias de Malagueira e Horta das Figueiras,Évora,Avenida Túlio Espanca                                                                               ,Arruamento,0,Em bom estado,,Bom tempo,Sentido único,Em entroncamento,Dentro das localidades,Em pleno dia,Com marcas - separadoras de sentido de trânsito,Colisão traseira com outro veículo em movimento,NÃO DEFINIDO,Inexistentes,No sentido crescente da quilometragem,Stop,Inexistentes,Betuminoso,Curva,Em patamar,Berma pavimentada,Em plena via,Esquerda
20191724408,2019:06:19 07:00:00,01/19/00,06/01/00,01/01/00,Guarda Nacional Republicana,50.0,50.0,Quarta-Feira ,"41,537000","-8,242371",0,0,1,Estrada sem separador,Molhado,Braga,Povoa de Lanhoso,Garfe,Garfe,Rua de São Damião - Rande,Arruamento,0,Em estado regular,,Chuva,Dois sentidos,Fora da intersecção,Dentro das localidades,Em pleno dia,Sem marcas rodoviárias ou pouco visíveis,Despiste com capotamento,NÃO DEFINIDO,Inexistentes,NÃO DEFINIDO,NÃO DEFINIDO,Inexistentes,Betuminoso,Curva,Com inclinação,Sem berma ou impraticável,Na berma,Direita
20181447461,2018:06:17 12:30:00,01/17/00,06/01/00,01/01/00,Guarda Nacional Republicana,50.0,50.0,Domingo      ,"41,509048","-8,442365",0,0,1,Estrada sem separador,Seco e limpo,Braga,Braga,"União das freguesias de Celeirós, Aveleda e Vimieiro",Celeirós,AVENIDA SENHOR DA PACIÊNCIA - CELEIROS - BRAGA,Arruamento,0,Em estado regular,,Bom tempo,Dois sentidos,Em cruzamento,Dentro das localidades,Em pleno dia,Sem marcas rodoviárias ou pouco visíveis,Colisão com veiculo ou obstáculo na faixa de rodagem,NÃO DEFINIDO,Inexistentes,NÃO DEFINIDO,Stop,Inexistentes,Betão de cimento,Recta,Em patamar,Sem berma ou impraticável,Em plena via,Direita
20171276172,2017:06:17 15:30:00,01/17/00,06/01/00,01/01/00,Guarda Nacional Republicana,50.0,50.0,Sábado       ,"41,867786","-8,840855",0,0,1,Estrada sem separador,Seco e limpo,Viana do Castelo,Caminha,União das freguesias de Caminha (Matriz) e Vilarelho,Caminha,Rua Nossa Senhora da Graça,Arruamento,0,Em estado regular,,Bom tempo,Dois sentidos,Fora da intersecção,Dentro das localidades,Em pleno dia,Sem marcas rodoviárias ou pouco visíveis,Despiste simples,NÃO DEFINIDO,Inexistentes,NÃO DEFINIDO,NÃO DEFINIDO,Inexistentes,Betuminoso,Curva,Em patamar,Berma não pavimentada,Em plena via,Direita
2015979456,2015:06:01 08:00:00,01/01/00,06/01/00,01/01/00,Guarda Nacional Republicana,,90.0,Segunda-Feira,"38,593643","-8,332431",0,0,1,Estrada sem separador,Seco e limpo,Santarém,Coruche,"União das freguesias de Coruche, Fajarda e Erra",Coruche,,EN - Estrada Nacional,EN114,Em bom estado,108.42,Bom tempo,Dois sentidos,Fora da intersecção,Fora das localidades,Em pleno dia,Com marcas - separadoras de sentido de trânsito,Despiste simples,NÃO DEFINIDO,Inexistentes,NÃO DEFINIDO,Outros,Inexistentes,Betuminoso,Curva,Em patamar,Berma pavimentada,Em plena via,Direita
2012623833,2012:06:27 15:50:00,01/27/00,06/01/00,01/01/00,Guarda Nacional Republicana,50.0,50.0,Quarta-Feira ,,,0,0,1,Estrada sem separador,Seco e limpo,Setúbal,Almada,Charneca de Caparica,VALE FETAL,ESTRADA DA BELA VISTA,Arruamento,0,Em estado regular,,Bom tempo,Dois sentidos,Em cruzamento,Dentro das localidades,Em pleno dia,Sem marcas rodoviárias ou pouco visíveis,Colisão lateral com outro veículo em movimento,NÃO DEFINIDO,Inexistentes,NÃO DEFINIDO,Stop,Inexistentes,Betuminoso,Recta,Com inclinação,Berma pavimentada,Em plena via,Direita
20181444192,2018:06:19 19:30:00,01/19/00,06/01/00,01/01/00,Polícia de Segurança Pública,50.0,50.0,Terça-Feira  ,"38,706201","-9,139004",0,0,1,Estrada sem separador,Seco e limpo,Lisboa,Lisboa,Santa Maria Maior,,Avenida Ribeira das Naus                                                                            ,Arruamento,0,Em estado regular,,Bom tempo,Dois sentidos,Fora da intersecção,Dentro das localidades,Em pleno dia,Com marcas - separadoras de sentido de trânsito,Despiste sem dispositivo de retenção,NÃO DEFINIDO,Inexistentes,NÃO DEFINIDO,Outros,Inexistentes,Calçada,Recta,Em patamar,Berma pavimentada,Em plena via,Direita
2013688225,2013:06:04 09:15:00,01/04/00,06/01/00,01/01/00,Polícia de Segurança Pública,100.0,100.0,Terça-Feira  ,"0,00","0,00",0,0,5,Outra via,Seco e limpo,Lisboa,Sintra,Rio de Mouro,,,IC - Itinerário Complementar,IC19,Em bom estado,14.0,Bom tempo,Dois sentidos,Fora da intersecção,Fora das localidades,Em pleno dia,Com marcas - separadoras de sentido e de vias de trânsito,Colisão choque em cadeia,NÃO DEFINIDO,Inexistentes,No sentido crescente da quilometragem,Outros,Inexistentes,Betuminoso,Recta,Em patamar,Berma pavimentada,Em plena via,Central
2013742063,2013:06:15 12:00:00,01/15/00,06/01/00,01/01/00,Guarda Nacional Republicana,50.0,50.0,Sábado       ,"40,287824","-8,276479",0,0,1,Estrada sem separador,Seco e limpo,Aveiro,Anadia,Sangalhos,Sangalhos,Rua Costa do Casal,Arruamento,0,Em estado regular,,Bom tempo,Dois sentidos,Fora da intersecção,Dentro das localidades,Em pleno dia,Sem marcas rodoviárias ou pouco visíveis,Despiste simples,NÃO DEFINIDO,Inexistentes,NÃO DEFINIDO,NÃO DEFINIDO,Inexistentes,Betuminoso,Recta,Em patamar,Sem berma ou impraticável,Em plena via,Direita
20181434757,2018:06:04 22:20:00,01/04/00,06/01/00,01/01/00,Guarda Nacional Republicana,50.0,50.0,Segunda-Feira,"39,332319","-8,500031",0,0,3,Estrada sem separador,Seco e limpo,Santarém,Chamusca,União das freguesias da Chamusca e Pinheiro Grande,Chamusca,,EM - Estrada Municipal,0,Em estado regular,,Bom tempo,Dois sentidos,Fora da intersecção,Fora das localidades,"Noite, sem iluminação",Com marcas - separadoras de sentido de trânsito,Despiste com capotamento,NÃO DEFINIDO,Inexistentes,NÃO DEFINIDO,NÃO DEFINIDO,Inexistentes,Betuminoso,Recta,Em patamar,Sem berma ou impraticável,Em plena via,Direita
2015979797,2015:06:06 12:50:00,01/06/00,06/01/00,01/01/00,Guarda Nacional Republicana,50.0,50.0,Sábado       ,"41,245932","-8,293008",0,0,1,Estrada sem separador,Seco e limpo,Braga,Vila Nova de Famalicao,Requião,,,EM - Estrada Municipal,0,Em mau estado,,Bom tempo,Dois sentidos,Fora da intersecção,Dentro das localidades,Em pleno dia,Sem marcas rodoviárias ou pouco visíveis,Despiste simples,NÃO DEFINIDO,Inexistentes,NÃO DEFINIDO,NÃO DEFINIDO,Inexistentes,Calçada,Recta,Com inclinação,Berma não pavimentada,Na berma,Direita
20181425017,2018:06:04 10:45:00,01/04/00,06/01/00,01/01/00,Guarda Nacional Republicana,50.0,50.0,Segunda-Feira,"39,405322","-8,476422",0,0,1,Estrada sem separador,Húmido,Santarém,Golega,Golegã,Golegã,Rua João Gonçalves Malhão,Arruamento,0,Em estado regular,,Chuva,Dois sentidos,Em cruzamento,Dentro das localidades,Em pleno dia,Sem marcas rodoviárias ou pouco visíveis,Colisão com outras situações,NÃO DEFINIDO,Inexistentes,NÃO DEFINIDO,Outros,Inexistentes,Betuminoso,Recta,Em patamar,Sem berma ou impraticável,Em plena via,Direita
2012626740,2012:06:30 13:45:00,01/30/00,06/01/00,01/01/00,Guarda Nacional Republicana,50.0,50.0,Sábado       ,"41,49534","8,22562",0,0,1,Estrada sem separador,Seco e limpo,Viana do Castelo,Arcos de Valdevez,São Jorge,Campos Sá,,EM - Estrada Municipal,EM530,Em estado regular,,Bom tempo,Dois sentidos,Fora da intersecção,Fora das localidades,Em pleno dia,Com marcas - separadoras de sentido de trânsito,Despiste com capotamento,NÃO DEFINIDO,Inexistentes,NÃO DEFINIDO,NÃO DEFINIDO,Inexistentes,Betuminoso,Recta,Em patamar,Sem berma ou impraticável,Em plena via,Direita
2015943814,2015:06:08 14:38:00,01/08/00,06/01/00,01/01/00,Polícia de Segurança Pública,50.0,50.0,Segunda-Feira,"38,673759","-9,173452",0,0,1,Auto-estrada,Seco e limpo,Setúbal,Almada,"União das freguesias de Almada, Cova da Piedade, Pragal e Cacilhas",,,A  - Auto-Estrada,A2,Em estado regular,4.9,Bom tempo,Sentido único,Fora da intersecção,Fora das localidades,Em pleno dia,Com marcas - separadoras de sentido e de vias de trânsito,Colisão lateral com outro veículo em movimento,NÃO DEFINIDO,Inexistentes,No sentido decrescente da quilometragem,Outros,Inexistentes,Betuminoso,Recta,Com inclinação,Sem berma ou impraticável,Em plena via,Direita
20181435558,2018:06:08 09:30:00,01/08/00,06/01/00,01/01/00,Polícia de Segurança Pública,50.0,50.0,Sexta-Feira  ,"41,162790","-8,683553",0,0,1,Estrada sem separador,Seco e limpo,Porto,Porto,"União das freguesias de Aldoar, Foz do Douro e Nevogilde",Porto,Rua Marechal Saldanha                                                                               ,Arruamento,0,Em bom estado,,Bom tempo,Sentido único,Fora da intersecção,Dentro das localidades,Em pleno dia,Sem marcas rodoviárias ou pouco visíveis,Atropelamento de peões,NÃO DEFINIDO,Inexistentes,NÃO DEFINIDO,Outros,Inexistentes,Betuminoso,Recta,Em patamar,Sem berma ou impraticável,No passeio,Direita
20191723599,2019:06:22 12:15:00,01/22/00,06/01/00,01/01/00,Guarda Nacional Republicana,50.0,50.0,Sábado       ,"41,573450","-8,265290",0,1,0,Estrada sem separador,Seco e limpo,Braga,Povoa de Lanhoso,Póvoa de Lanhoso (N Senhora do Ampa,Amparo - Povoa de Lanhoso,Avenida dos Bombeiros Voluntários - Vila,Arruamento,0,Em estado regular,,Bom tempo,Dois sentidos,Fora da intersecção,Dentro das localidades,Em pleno dia,Com marcas - separadoras de sentido de trânsito,Atropelamento de peões,NÃO DEFINIDO,Inexistentes,NÃO DEFINIDO,Passagem de peões,Inexistentes,Betuminoso,Recta,Em patamar,Berma pavimentada,Em plena via,Direita
2012627776,2012:06:25 11:45:00,01/25/00,06/01/00,01/01/00,Guarda Nacional Republicana,90.0,90.0,Segunda-Feira,,,0,0,1,Estrada sem separador,Seco e limpo,Lisboa,Mafra,Milharado,Vale de São Gião,,EN - Estrada Nacional,EN374-2,Em bom estado,,Bom tempo,Dois sentidos,Fora da intersecção,Dentro das localidades,Em pleno dia,Com marcas - separadoras de sentido de trânsito,Colisão com fuga,NÃO DEFINIDO,Inexistentes,NÃO DEFINIDO,NÃO DEFINIDO,Inexistentes,Betuminoso,Curva,Em patamar,Berma pavimentada,Em plena via,Direita
2011546296,2011:06:05 01:50:00,01/05/00,06/01/00,01/01/00,Guarda Nacional Republicana,50.0,50.0,Domingo      ,,,0,0,3,Estrada sem separador,Seco e limpo,Santarém,Ferreira do Zezere,Pias,PONTE DE TABUADO,,EM - Estrada Municipal,EM520-2,Em bom estado,,Bom tempo,Dois sentidos,Fora da intersecção,Fora das localidades,"Noite, sem iluminação",Sem marcas rodoviárias ou pouco visíveis,Despiste simples,NÃO DEFINIDO,Inexistentes,NÃO DEFINIDO,NÃO DEFINIDO,Inexistentes,Betuminoso,Curva,Com inclinação,Sem berma ou impraticável,Em plena via,Direita
20171275546,2017:06:14 10:20:00,01/14/00,06/01/00,01/01/00,Guarda Nacional Republicana,50.0,50.0,Quarta-Feira ,"41,169907","-8,387064",0,0,1,Estrada sem separador,Seco e limpo,Porto,Paredes,Parada de Todeia,Vilar do Paraíso,,EN - Estrada Nacional,EN319,Em estado regular,"30,6",Bom tempo,Dois sentidos,Fora da intersecção,Dentro das localidades,Em pleno dia,Com marcas - separadoras de sentido de trânsito,Colisão traseira com outro veículo em movimento,NÃO DEFINIDO,Inexistentes,NÃO DEFINIDO,Outros,Inexistentes,Betuminoso,Curva,Em patamar,Berma pavimentada,Em plena via,Direita
20161076596,2016:06:20 16:15:00,01/20/00,06/01/00,01/01/00,Polícia de Segurança Pública,50.0,50.0,Segunda-Feira,"38,701220","-9,255559",0,0,1,Estrada sem separador,Seco e limpo,Lisboa,Oeiras,"União das freguesias de Oeiras e São Julião da Barra, Paço de Arcos e Caxias",Paço de Arcos,,EN - Estrada Nacional,EN6,Em bom estado,"4,8",Bom tempo,Dois sentidos,Fora da intersecção,Dentro das localidades,Em pleno dia,Com marcas - separadoras de sentido e de vias de trânsito,Colisão choque em cadeia,NÃO DEFINIDO,Inexistentes,NÃO DEFINIDO,Outros,Inexistentes,Betuminoso,Recta,Em patamar,Sem berma ou impraticável,Em plena via,Direita
2011546606,2011:06:17 23:30:00,01/17/00,06/01/00,01/01/00,Guarda Nacional Republicana,50.0,50.0,Sexta-Feira  ,,,0,0,1,Estrada sem separador,Seco e limpo,Porto,Pacos de Ferreira,Ferreira,CARVALHOSA,R S DOMINGOS - FERREIRA,Arruamento,0,Em bom estado,,Bom tempo,Dois sentidos,Fora da intersecção,Dentro das localidades,"Noite, com iluminação",Com marcas - separadoras de sentido de trânsito,Colisão frontal,NÃO DEFINIDO,Inexistentes,NÃO DEFINIDO,Outros,Inexistentes,Betuminoso,Recta,Com inclinação,Berma não pavimentada,Em plena via,Direita
2011536582,2011:06:19 05:45:00,01/19/00,06/01/00,01/01/00,Polícia de Segurança Pública,50.0,50.0,Domingo      ,"0,00","0,00",0,0,1,Estrada sem separador,Seco e limpo,Coimbra,Coimbra,Santo António dos Olivais,,Alameda Doutor Armando Gonçalves                                                                    ,Arruamento,0,Em bom estado,,Bom tempo,Sentido único,Fora da intersecção,Dentro das localidades,"Noite, com iluminação",Com marcas - separadoras de sentido e de vias de trânsito,Despiste simples,NÃO DEFINIDO,Inexistentes,NÃO DEFINIDO,Outros,Inexistentes,Betuminoso,Curva,Com inclinação,Berma pavimentada,Em plena via,Direita
2010468350,2010:06:26 19:30:00,01/26/00,06/01/00,01/01/00,Guarda Nacional Republicana,50.0,50.0,Sábado       ,,,0,1,0,Outra via,Seco e limpo,Lisboa,Alenquer,Carregado,VALE FLORES,,EN - Estrada Nacional,EN115-4,Em bom estado,20.2,Bom tempo,Dois sentidos,Fora da intersecção,Dentro das localidades,Em pleno dia,Com marcas - separadoras de sentido de trânsito,Despiste com colisão com veículo imobil. ou obstáculo,NÃO DEFINIDO,Inexistentes,No sentido decrescente da quilometragem,NÃO DEFINIDO,Inexistentes,Betuminoso,Curva,Em patamar,Berma não pavimentada,Em plena via,Direita
20181438583,2018:06:06 11:30:00,01/06/00,06/01/00,01/01/00,Guarda Nacional Republicana,50.0,50.0,Quarta-Feira ,"40,559679","-7,755162",0,0,1,Estrada sem separador,Seco e limpo,Viseu,Mangualde,Cunha Baixa,Cunha Baixa,Rua do Pessegueiro,Arruamento,0,Em bom estado,,Bom tempo,Dois sentidos,Em rotunda,Dentro das localidades,Em pleno dia,Com marcas - separadoras de sentido de trânsito,Despiste simples,NÃO DEFINIDO,Inexistentes,NÃO DEFINIDO,Cedência de passagem,Inexistentes,Betuminoso,Recta,Em patamar,Sem berma ou impraticável,Em plena via,Direita
20181448153,2018:06:21 20:20:00,01/21/00,06/01/00,01/01/00,Polícia de Segurança Pública,50.0,50.0,Quinta-Feira ,"38,769361","-9,096750",0,0,1,Estrada sem separador,Seco e limpo,Lisboa,Lisboa,Parque das Nações,Lisboa,Rua Pólo Norte                                                                                      ,Arruamento,0,Em mau estado,,Bom tempo,Sentido único,Fora da intersecção,Dentro das localidades,Em pleno dia,Sem marcas rodoviárias ou pouco visíveis,Atropelamento de peões,NÃO DEFINIDO,Inexistentes,NÃO DEFINIDO,Outros,Inexistentes,Calçada,Recta,Em patamar,Sem berma ou impraticável,No passeio,Direita
20171248408,2017:06:04 07:00:00,01/04/00,06/01/00,01/01/00,Polícia de Segurança Pública,50.0,50.0,Domingo      ,"39,465825","-8,523934",0,0,1,Estrada sem separador,Seco e limpo,Santarém,Torres Novas,"União das freguesias de Torres Novas (Santa Maria, Salvador e Santiago)",Torres Novas,Rotunda do Torres shopping,Arruamento,0,Em estado regular,,Vento Forte,Sentido único,Em rotunda,Dentro das localidades,Em pleno dia,Sem marcas rodoviárias ou pouco visíveis,Colisão traseira com outro veículo em movimento,NÃO DEFINIDO,Inexistentes,NÃO DEFINIDO,NÃO DEFINIDO,Inexistentes,Betuminoso,Curva,Em patamar,Berma pavimentada,Em plena via,Direita
20171163548,2016:06:22 11:15:00,01/22/00,06/01/00,01/01/00,Guarda Nacional Republicana,50.0,50.0,Quarta-Feira ,"41,438251","-8,377295",0,0,1,Estrada sem separador,Seco e limpo,Viana do Castelo,Ponte de Lima,Seara,RUA DE PARADELA DA SEARA,,EN - Estrada Nacional,EN203,Em bom estado,"18,78",Bom tempo,Dois sentidos,Fora da intersecção,Dentro das localidades,Em pleno dia,Com marcas - separadoras de sentido de trânsito,Despiste simples,NÃO DEFINIDO,Inexistentes,NÃO DEFINIDO,Outros,Inexistentes,Betuminoso,Curva,Em patamar,Sem berma ou impraticável,Em plena via,Direita
2015979360,2015:06:25 20:00:00,01/25/00,06/01/00,01/01/00,Guarda Nacional Republicana,50.0,50.0,Quinta-Feira ,"40,192561","-7,477985",0,0,1,Estrada sem separador,Seco e limpo,Coimbra,Oliveira do Hospital,São Gião,Covão,Rua Principal,Arruamento,0,Em estado regular,,Bom tempo,Dois sentidos,Fora da intersecção,Dentro das localidades,Aurora ou crepúsculo,Sem marcas rodoviárias ou pouco visíveis,Despiste com capotamento,NÃO DEFINIDO,Inexistentes,NÃO DEFINIDO,NÃO DEFINIDO,Inexistentes,Betuminoso,Curva,Com inclinação,Sem berma ou impraticável,Em plena via,Direita
20171273579,2017:06:05 15:00:00,01/05/00,06/01/00,01/01/00,Guarda Nacional Republicana,50.0,50.0,Segunda-Feira,"38,930536","-9,259842",0,0,3,Estrada sem separador,Seco e limpo,Lisboa,Mafra,União das freguesias de Malveira e São Miguel de Alcainça,Malveira,Rua 25 de Abril,Arruamento,0,Em bom estado,,Bom tempo,Dois sentidos,Fora da intersecção,Dentro das localidades,Em pleno dia,Com marcas - separadoras de sentido de trânsito,Colisão traseira com outro veículo em movimento,NÃO DEFINIDO,Correctamente sinalizados,NÃO DEFINIDO,NÃO DEFINIDO,Inexistentes,Betuminoso,Curva,Em patamar,Sem berma ou impraticável,Em plena via,Direita
2011546009,2011:06:05 03:30:00,01/05/00,06/01/00,01/01/00,Guarda Nacional Republicana,90.0,90.0,Domingo      ,"41,273656","-7,084536",0,0,4,Estrada sem separador,Seco e limpo,Bragança,Torre de Moncorvo,Adeganha,JUNQUEIRA,,EN - Estrada Nacional,EN215,Em estado regular,14.3,Bom tempo,Dois sentidos,Fora da intersecção,Fora das localidades,"Noite, sem iluminação",Sem marcas rodoviárias ou pouco visíveis,Despiste com capotamento,NÃO DEFINIDO,Inexistentes,NÃO DEFINIDO,Outros,Inexistentes,Betuminoso,Recta,Em patamar,Sem berma ou impraticável,Na berma,Direita
20181450838,2018:06:25 19:20:00,01/25/00,06/01/00,01/01/00,Guarda Nacional Republicana,90.0,90.0,Segunda-Feira,"37,693391","-8,089405",0,0,1,Estrada sem separador,Seco e limpo,Beja,Castro Verde,União das freguesias de Castro Verde e Casével,Castro Verde,,EN - Estrada Nacional,EN2,Em bom estado,"641,95",Bom tempo,Sentido único,Em cruzamento,Fora das localidades,Em pleno dia,Com marcas - separadoras de sentido e de vias de trânsito,Atropelamento de peões,NÃO DEFINIDO,Inexistentes,NÃO DEFINIDO,Outros,Inexistentes,Betuminoso,Recta,Em patamar,Berma pavimentada,Em plena via,Direita
2015978899,2015:06:15 15:17:00,01/15/00,06/01/00,01/01/00,Guarda Nacional Republicana,90.0,90.0,Segunda-Feira,"38,069888","-7,380122",0,0,2,Estrada sem separador,Seco e limpo,Beja,Vidigueira,Pedrógão,Pedrogão,,EN - Estrada Nacional,EN258,Em bom estado,38.75,Bom tempo,Dois sentidos,Em via de desaceleração,Fora das localidades,Em pleno dia,Com marcas - separadoras de sentido de trânsito,Despiste com capotamento,NÃO DEFINIDO,Inexistentes,NÃO DEFINIDO,Outros,Inexistentes,Betuminoso,Recta,Com inclinação,Berma não pavimentada,Em plena via,Direita