Id. Acidente,Datahora,Dia,Mês,Hora,Entidades Fiscalizadoras,Velocidade local,Velocidade geral,Dia da Semana,Latitude GPS,Longitude GPS,Num. Mortos a 30 dias,Num. Feridos graves a 30 dias,Num. Feridos ligeiros a 30 dias,Características Tecnicas1,Cond Aderência,Distrito,Concelho,Freguesia,Pov. Proxima,Nome arruamento,Tipos Vias,Cod Via,Estado Conservação,Km,Factores Atmosféricos,Reg Circulação1,Intersecção Vias,Localizações,Luminosidade,Marca Via,Natureza,Obras Arte,Obstáculos,Sentidos,Sinais,Sinais Luminosos,Tipo Piso,Traçado 1,Traçado 2,Traçado 3,Traçado 4,Via Trânsito
20181443529,2018:06:19 13:55:00,01/19/00,06/01/00,01/01/00,Polícia de Segurança Pública,50.0,50.0,Terça-Feira  ,"41,384486","-8,754143",0,0,1,Estrada sem separador,Seco e limpo,Porto,Povoa de Varzim,"União das freguesias da Póvoa de Varzim, Beiriz e Argivai",Póvoa de Varzim,Via General Humberto Delgado                                                                        ,Arruamento,0,Em bom estado,,Bom tempo,Dois sentidos,Em rotunda,Dentro das localidades,Em pleno dia,Com marcas - separadoras de sentido de trânsito,Colisão com outras situações,NÃO DEFINIDO,Inexistentes,NÃO DEFINIDO,Outros,Inexistentes,Betuminoso,Recta,Em patamar,Sem berma ou impraticável,Em plena via,Direita
20181426355,2018:06:06 09:00:00,01/06/00,06/01/00,01/01/00,Polícia de Segurança Pública,50.0,50.0,Quarta-Feira ,"37,030593","-7,830883",0,0,1,Outra via,Seco e limpo,Faro,Olhao,Quelfes,Olhão,Avenida Heróis de 1808                                                                              ,Arruamento,0,Em estado regular,,Bom tempo,Sentido único,Em entroncamento,Dentro das localidades,Em pleno dia,Sem marcas rodoviárias ou pouco visíveis,Colisão lateral com outro veículo em movimento,NÃO DEFINIDO,Inexistentes,No sentido decrescente da quilometragem,Outros,Inexistentes,Betuminoso,Recta,Com inclinação,Berma pavimentada,Em plena via,Direita
20171159755,2016:06:02 18:30:00,01/02/00,06/01/00,01/01/00,Guarda Nacional Republicana,50.0,50.0,Quinta-Feira ,"39,207398","-8,626945",0,0,1,Estrada sem separador,Seco e limpo,Santarém,Almeirim,Almeirim,ALMEIRIM,Rua Condessa da Junqueira,Arruamento,0,Em bom estado,,Bom tempo,Dois sentidos,Fora da intersecção,Dentro das localidades,Em pleno dia,Sem marcas rodoviárias ou pouco visíveis,Atropelamento de peões,NÃO DEFINIDO,Inexistentes,NÃO DEFINIDO,NÃO DEFINIDO,Inexistentes,Betuminoso,Recta,Em patamar,Berma pavimentada,Em plena via,Direita
20191711131,2019:06:01 19:40:00,01/01/00,06/01/00,01/01/00,Polícia de Segurança Pública,70.0,70.0,Sábado       ,"0,0","0,0",0,0,1,Estrada sem separador,Seco e limpo,Coimbra,Coimbra,Santo António dos Olivais,Coimbra,Via Augusto Vaz Serra,Arruamento,0,Em bom estado,,Bom tempo,Sentido único,Em rotunda,Dentro das localidades,Em pleno dia,Com marcas - separadoras de sentido e de vias de trânsito,Despiste com dispositivo de retenção,NÃO DEFINIDO,Inexistentes,NÃO DEFINIDO,Outros,Inexistentes,Betuminoso,Curva,Em patamar,Berma pavimentada,Em plena via,Direita
20191721852,2019:06:27 06:35:00,01/27/00,06/01/00,01/01/00,Guarda Nacional Republicana,50.0,50.0,Quinta-Feira ,"38,246098","-7,934854",0,0,1,Estrada sem separador,Seco e limpo,Beja,Cuba,Vila Ruiva,Vila Ruiva,Rua 5 de Outubro,Arruamento,0,Em estado regular,,Bom tempo,Dois sentidos,Fora da intersecção,Dentro das localidades,Em pleno dia,Sem marcas rodoviárias ou pouco visíveis,Colisão com outras situações,NÃO DEFINIDO,Inexistentes,NÃO DEFINIDO,Stop,Inexistentes,Betuminoso,Recta,Em patamar,Sem berma ou impraticável,Em plena via,Direita
20171161440,2016:06:11 19:40:00,01/11/00,06/01/00,01/01/00,Guarda Nacional Republicana,90.0,90.0,Sábado       ,"39,311977","-9,007887",0,0,1,Estrada sem separador,Seco e limpo,Leiria,Alcobaca,Cela,VALBOM,,EN - Estrada Nacional,EN8,Em bom estado,112,Bom tempo,Dois sentidos,Fora da intersecção,Fora das localidades,Em pleno dia,Com marcas - separadoras de sentido de trânsito,Despiste simples,NÃO DEFINIDO,Inexistentes,NÃO DEFINIDO,NÃO DEFINIDO,Inexistentes,Betuminoso,Curva,Com inclinação,Sem berma ou impraticável,Na berma,Direita
2010461366,2010:06:16 00:00:00,01/16/00,06/01/00,01/01/00,Polícia de Segurança Pública,50.0,50.0,Quarta-Feira ,"0,00","0,00",0,0,1,Estrada sem separador,Seco e limpo,Lisboa,Lisboa,Santa Justa,,Rua 1º. de Dezembro,Arruamento,0,Em bom estado,,Bom tempo,Dois sentidos,Em entroncamento,Dentro das localidades,"Noite, com iluminação",Com marcas - separadoras de sentido e de vias de trânsito,Colisão traseira com outro veículo em movimento,NÃO DEFINIDO,Inexistentes,NÃO DEFINIDO,NÃO DEFINIDO,A funcionar normalmente,Betuminoso,Recta,Em patamar,Berma pavimentada,Em plena via,Central
20191723465,2019:06:22 23:45:00,01/22/00,06/01/00,01/01/00,Guarda Nacional Republicana,70.0,90.0,Sábado       ,"41,065410","-8,140783",0,0,1,Estrada sem separador,Molhado,Viseu,Cinfaes,São Cristóvão de Nogueira,São Cristovão de Nogueira,,EN - Estrada Nacional,EN222,Em bom estado,"73,5",Chuva,Dois sentidos,Fora da intersecção,Fora das localidades,"Noite, sem iluminação",Sem marcas rodoviárias ou pouco visíveis,Despiste simples,NÃO DEFINIDO,Inexistentes,NÃO DEFINIDO,NÃO DEFINIDO,Inexistentes,Betuminoso,Recta,Em patamar,Berma não pavimentada,Em plena via,Direita
2011548658,2011:06:19 14:30:00,01/19/00,06/01/00,01/01/00,Guarda Nacional Republicana,50.0,50.0,Domingo      ,"39,833094","-8,719043",0,0,3,Estrada sem separador,Seco e limpo,Leiria,Pombal,Meirinhas,BARRACAO,,IC - Itinerário Complementar,IC2,Em estado regular,136.6,Bom tempo,Dois sentidos,Fora da intersecção,Fora das localidades,Em pleno dia,Com marcas - separadoras de sentido de trânsito,Colisão frontal,NÃO DEFINIDO,Inexistentes,NÃO DEFINIDO,Outros,Inexistentes,Betuminoso,Recta,Em patamar,Berma pavimentada,Em plena via,Direita
2010469595,2010:06:23 09:15:00,01/23/00,06/01/00,01/01/00,Guarda Nacional Republicana,90.0,90.0,Quarta-Feira ,"37,348066","-8,359400",0,0,1,Estrada sem separador,Seco e limpo,Faro,Silves,São Marcos da Serra,S MARCOS DA SERRA,,IC - Itinerário Complementar,IC1,Em estado regular,708.6,Bom tempo,Dois sentidos,Fora da intersecção,Fora das localidades,Em pleno dia,Com marcas - separadoras de sentido de trânsito,Colisão lateral com outro veículo em movimento,NÃO DEFINIDO,Inexistentes,NÃO DEFINIDO,NÃO DEFINIDO,Inexistentes,Betuminoso,Curva,Com inclinação,Berma pavimentada,Em plena via,Esquerda
2011500846,2010:06:25 10:50:00,01/25/00,06/01/00,01/01/00,Polícia de Segurança Pública,50.0,50.0,Sexta-Feira  ,"0,00","0,00",0,1,0,Outra via,Seco e limpo,Setúbal,Setubal,Setúbal (Santa Maria da Graça),,Estrada dos Ciprestes,Arruamento,0,Em bom estado,,Bom tempo,Dois sentidos,Fora da intersecção,Dentro das localidades,Em pleno dia,Com marcas - separadoras de sentido e de vias de trânsito,Atropelamento de peões,NÃO DEFINIDO,Inexistentes,No sentido decrescente da quilometragem,NÃO DEFINIDO,Inexistentes,Betuminoso,Recta,Em patamar,Berma não pavimentada,Em plena via,Direita
20191726695,2019:06:07 23:00:00,01/07/00,06/01/00,01/01/00,Guarda Nacional Republicana,50.0,50.0,Sexta-Feira  ,"40,508600","-7,898021",0,0,1,Estrada sem separador,Seco e limpo,Viseu,Nelas,Canas de Senhorim,Canas de Senhorim,Rua 1º de Maio 30,Arruamento,0,Em estado regular,,Bom tempo,Dois sentidos,Fora da intersecção,Dentro das localidades,"Noite, com iluminação",Sem marcas rodoviárias ou pouco visíveis,Despiste simples,NÃO DEFINIDO,Inexistentes,NÃO DEFINIDO,NÃO DEFINIDO,Inexistentes,Betuminoso,Recta,Em patamar,Sem berma ou impraticável,Em plena via,Direita
20171277184,2017:06:22 14:10:00,01/22/00,06/01/00,01/01/00,Guarda Nacional Republicana,50.0,50.0,Quinta-Feira ,"41,715456","-8,449479",0,0,1,Estrada sem separador,Seco e limpo,Braga,Vila Verde,União das freguesias da Ribeira do Neiva,Godinhaços,Avenida da Ribeira do Neiva-Godinhaços.,Arruamento,0,Em bom estado,,Bom tempo,Dois sentidos,Fora da intersecção,Dentro das localidades,Em pleno dia,Sem marcas rodoviárias ou pouco visíveis,Atropelamento de peões,NÃO DEFINIDO,Inexistentes,NÃO DEFINIDO,NÃO DEFINIDO,Inexistentes,Betuminoso,Recta,Em patamar,Berma pavimentada,Em plena via,Direita
20181447309,2018:06:14 18:10:00,01/14/00,06/01/00,01/01/00,Guarda Nacional Republicana,50.0,50.0,Quinta-Feira ,"41,491563","-8,410597",0,0,1,Estrada sem separador,Seco e limpo,Braga,Braga,União das freguesias de Morreira e Trandeiras,Morreira,rua cabo de vila - morreira,Arruamento,0,Em estado regular,,Bom tempo,Dois sentidos,Fora da intersecção,Dentro das localidades,Em pleno dia,Sem marcas rodoviárias ou pouco visíveis,Atropelamento de peões,NÃO DEFINIDO,Inexistentes,NÃO DEFINIDO,NÃO DEFINIDO,Inexistentes,Calçada,Recta,Em patamar,Berma pavimentada,Em plena via,Direita
2011545164,2011:06:08 08:25:00,01/08/00,06/01/00,01/01/00,Guarda Nacional Republicana,50.0,50.0,Quarta-Feira ,,,0,1,0,Estrada sem separador,Seco e limpo,Aveiro,Aveiro,Oliveirinha,QUINTÃS,R DIREITA,Arruamento,0,Em bom estado,,Bom tempo,Dois sentidos,Fora da intersecção,Dentro das localidades,Em pleno dia,Com marcas - separadoras de sentido de trânsito,Colisão lateral com outro veículo em movimento,NÃO DEFINIDO,Inexistentes,NÃO DEFINIDO,NÃO DEFINIDO,Inexistentes,Betuminoso,Recta,Em patamar,Sem berma ou impraticável,Em plena via,Direita
20171242074,2017:06:14 19:20:00,01/14/00,06/01/00,01/01/00,Polícia de Segurança Pública,50.0,50.0,Quarta-Feira ,"38,772296","-9,240470",0,0,1,Estrada sem separador,Seco e limpo,Lisboa,Amadora,Mina de Água,Amadora,Avenida José Torres,Arruamento,0,Em bom estado,,Bom tempo,Dois sentidos,Em rotunda,Dentro das localidades,Em pleno dia,Com marcas - separadoras de sentido de trânsito,Colisão frontal,NÃO DEFINIDO,Inexistentes,NÃO DEFINIDO,NÃO DEFINIDO,Inexistentes,Betuminoso,Recta,Em patamar,Sem berma ou impraticável,Em plena via,Direita
20171277636,2017:06:24 15:15:00,01/24/00,06/01/00,01/01/00,Guarda Nacional Republicana,50.0,50.0,Sábado       ,"41,280373","-8,190959",0,0,1,Estrada sem separador,Seco e limpo,Porto,Amarante,Travanca,Travanca,Rua dos Moinhos,Arruamento,0,Em bom estado,,Bom tempo,Sentido único,Fora da intersecção,Dentro das localidades,Em pleno dia,Sem marcas rodoviárias ou pouco visíveis,Despiste simples,NÃO DEFINIDO,Inexistentes,NÃO DEFINIDO,NÃO DEFINIDO,Inexistentes,Terra batida,Recta,Em patamar,Sem berma ou impraticável,Em plena via,Direita
2012628683,2012:06:24 01:30:00,01/24/00,06/01/00,01/01/00,Guarda Nacional Republicana,50.0,50.0,Domingo      ,,,0,0,1,Estrada sem separador,Seco e limpo,Santarém,Coruche,Erra,Erra,Rua do Convento,Arruamento,0,Em bom estado,,Bom tempo,Dois sentidos,Fora da intersecção,Dentro das localidades,"Noite, sem iluminação",Sem marcas rodoviárias ou pouco visíveis,Despiste simples,NÃO DEFINIDO,Inexistentes,NÃO DEFINIDO,Outros,Inexistentes,Betuminoso,Recta,Em patamar,Berma pavimentada,Em plena via,Direita
2013733308,2013:06:01 18:40:00,01/01/00,06/01/00,01/01/00,Guarda Nacional Republicana,50.0,50.0,Sábado       ,"41,519064","-7,406985",1,0,0,Estrada sem separador,Seco e limpo,Vila Real,Montalegre,Santo André,Santo André,Rua dos Poços,Arruamento,0,Em estado regular,,Bom tempo,Dois sentidos,Fora da intersecção,Dentro das localidades,Em pleno dia,Sem marcas rodoviárias ou pouco visíveis,Despiste sem dispositivo de retenção,NÃO DEFINIDO,Inexistentes,NÃO DEFINIDO,Outros,Inexistentes,Betuminoso,Curva,Em patamar,Sem berma ou impraticável,Na berma,Direita
2015951326,2015:06:30 18:40:00,01/30/00,06/01/00,01/01/00,Polícia de Segurança Pública,50.0,50.0,Terça-Feira  ,"38,722677","-9,173250",0,0,1,Outra via,Seco e limpo,Lisboa,Lisboa,Campolide,,Avenida Engenheiro Duarte Pacheco                                                                   ,Arruamento,0,Em estado regular,,Bom tempo,Sentido único,Fora da intersecção,Dentro das localidades,Em pleno dia,Com marcas - separadoras de sentido e de vias de trânsito,Colisão choque em cadeia,Viaduto/Ponte,Inexistentes,NÃO DEFINIDO,NÃO DEFINIDO,Inexistentes,Betuminoso,Recta,Em patamar,Sem berma ou impraticável,Em plena via,Central
2010469797,2010:06:23 15:15:00,01/23/00,06/01/00,01/01/00,Guarda Nacional Republicana,50.0,50.0,Quarta-Feira ,,,0,0,1,Estrada sem separador,Seco e limpo,Leiria,Leiria,Milagres,CHÃS,R NOSSA SRA DE FATIMA,Arruamento,0,Em estado regular,,Bom tempo,Dois sentidos,Fora da intersecção,Dentro das localidades,Em pleno dia,Com marcas - separadoras de sentido de trânsito,Despiste simples,NÃO DEFINIDO,Inexistentes,NÃO DEFINIDO,NÃO DEFINIDO,Inexistentes,Betuminoso,Recta,Em patamar,Sem berma ou impraticável,Em plena via,Direita
2013742981,2013:06:13 17:15:00,01/13/00,06/01/00,01/01/00,Guarda Nacional Republicana,50.0,50.0,Quinta-Feira ,"38,378625","-9,115556",0,0,1,Estrada sem separador,Seco e limpo,Setúbal,Almada,Charneca de Caparica,Vale Fetal,Rua José Viana,Arruamento,0,Em bom estado,,Bom tempo,Dois sentidos,Em entroncamento,Dentro das localidades,Em pleno dia,Sem marcas rodoviárias ou pouco visíveis,Colisão lateral com outro veículo em movimento,NÃO DEFINIDO,Inexistentes,NÃO DEFINIDO,Outros,Inexistentes,Betuminoso,Recta,Com inclinação,Berma pavimentada,Em plena via,Direita
2013743450,2013:06:17 17:35:00,01/17/00,06/01/00,01/01/00,Guarda Nacional Republicana,120.0,120.0,Segunda-Feira,"41,334018","-8,316671",0,0,1,Auto-estrada,Molhado,Braga,Barcelos,Pousa,,,A  - Auto-Estrada,A3,Em bom estado,50.215,Chuva,Sentido único,Fora da intersecção,Fora das localidades,Em pleno dia,Com marcas - separadoras de sentido e de vias de trânsito,Despiste com capotamento,NÃO DEFINIDO,Inexistentes,No sentido crescente da quilometragem,NÃO DEFINIDO,Inexistentes,Betuminoso,Curva,Em patamar,Berma pavimentada,Em plena via,Direita
2015979829,2015:06:26 18:15:00,01/26/00,06/01/00,01/01/00,Guarda Nacional Republicana,50.0,50.0,Sexta-Feira  ,"41,234009","-8,221306",0,0,1,Estrada sem separador,Seco e limpo,Braga,Guimaraes,Guardizela,,,Outra Via,0,Em estado regular,7.6,Bom tempo,Dois sentidos,Em entroncamento,Dentro das localidades,Em pleno dia,Com marcas - separadoras de sentido e de vias de trânsito,Colisão lateral com outro veículo em movimento,NÃO DEFINIDO,Inexistentes,NÃO DEFINIDO,Outros,A funcionar normalmente,Betuminoso,Recta,Em patamar,Berma pavimentada,Em plena via,Direita
20171241074,2017:06:06 17:00:00,01/06/00,06/01/00,01/01/00,Polícia de Segurança Pública,50.0,50.0,Terça-Feira  ,"38,786404","-9,182990",0,1,0,Estrada sem separador,Seco e limpo,Lisboa,Odivelas,Odivelas,Odivelas,Avenida Dom Dinis                                                                                   ,Arruamento,0,Em bom estado,,Bom tempo,Dois sentidos,Em entroncamento,Dentro das localidades,Em pleno dia,Com marcas - separadoras de sentido de trânsito,Atropelamento de peões,NÃO DEFINIDO,Inexistentes,NÃO DEFINIDO,Passagem de peões,Desligada,Betuminoso,Recta,Em patamar,Berma pavimentada,Em plena via,Direita
20171240476,2017:06:04 13:40:00,01/04/00,06/01/00,01/01/00,Polícia de Segurança Pública,50.0,50.0,Domingo      ,"38,757337","-9,152951",0,0,1,Outra via,Seco e limpo,Lisboa,Lisboa,Alvalade,,Campo Grande                                                                                        ,Arruamento,0,Em estado regular,,Bom tempo,Sentido único,Fora da intersecção,Dentro das localidades,Em pleno dia,Com marcas - separadoras de sentido e de vias de trânsito,Colisão lateral com outro veículo em movimento,NÃO DEFINIDO,Inexistentes,No sentido crescente da quilometragem,Outros,Inexistentes,Betuminoso,Recta,Em patamar,Sem berma ou impraticável,Em plena via,Esquerda
2014816427,2014:06:25 19:55:00,01/25/00,06/01/00,01/01/00,Polícia de Segurança Pública,50.0,50.0,Quarta-Feira ,"38,638945","-9,148959",0,1,0,Outra via,Seco e limpo,Setúbal,Seixal,Corroios,Corroios,,EN - Estrada Nacional,EN10,Em estado regular,6.0,Bom tempo,Dois sentidos,Em entroncamento,Dentro das localidades,Em pleno dia,Com marcas - separadoras de sentido de trânsito,Colisão lateral com outro veículo em movimento,NÃO DEFINIDO,Inexistentes,No sentido decrescente da quilometragem,Passagem de peões,Inexistentes,Betuminoso,Recta,Com inclinação,Berma pavimentada,Em plena via,Direita
2011547776,2011:06:29 16:00:00,01/29/00,06/01/00,01/01/00,Guarda Nacional Republicana,90.0,90.0,Quarta-Feira ,"39,744142","-8,138039",0,0,1,Estrada sem separador,Seco e limpo,Castelo Branco,Serta,Cumeada,CHAO DA TELHA,,EN - Estrada Nacional,EN2,Em bom estado,356.0,Bom tempo,Dois sentidos,Fora da intersecção,Fora das localidades,Em pleno dia,Com marcas - separadoras de sentido de trânsito,Despiste com dispositivo de retenção,Viaduto/Ponte,Inexistentes,NÃO DEFINIDO,Outros,Inexistentes,Betuminoso,Recta,Em patamar,Sem berma ou impraticável,Na berma,Direita
20161074462,2016:06:09 22:45:00,01/09/00,06/01/00,01/01/00,Polícia de Segurança Pública,50.0,50.0,Quinta-Feira ,"38,530654","-8,875548",0,0,1,Estrada sem separador,Seco e limpo,Setúbal,Setubal,Setúbal (São Sebastião),Setúbal,Avenida Pedro Álvares Cabral                                                                        ,Arruamento,0,Em bom estado,,Bom tempo,Dois sentidos,Em entroncamento,Dentro das localidades,"Noite, com iluminação",Com marcas - separadoras de sentido e de vias de trânsito,Atropelamento com fuga,NÃO DEFINIDO,Inexistentes,NÃO DEFINIDO,Passagem de peões,Inexistentes,Betuminoso,Recta,Com inclinação,Berma pavimentada,Em plena via,Esquerda
2011535707,2011:06:17 08:35:00,01/17/00,06/01/00,01/01/00,Polícia de Segurança Pública,50.0,50.0,Sexta-Feira  ,"0,00","0,00",0,0,1,Estrada sem separador,Húmido,Lisboa,Lisboa,Benfica,,Estrada de Benfica                                                                                  ,Arruamento,0,Em estado regular,,Bom tempo,Dois sentidos,Em cruzamento,Dentro das localidades,Em pleno dia,Com marcas - separadoras de sentido de trânsito,Atropelamento de peões,NÃO DEFINIDO,Inexistentes,NÃO DEFINIDO,NÃO DEFINIDO,A funcionar normalmente,Betuminoso,Recta,NÃO DEFINIDO,Berma pavimentada,Em plena via,Direita
2013696278,2013:06:28 19:25:00,01/28/00,06/01/00,01/01/00,Polícia de Segurança Pública,50.0,50.0,Sexta-Feira  ,"0,00","0,00",0,0,1,Estrada sem separador,Seco e limpo,Porto,Porto,Nevogilde,Porto,Rua Pero da Covilhã                                                                                 ,Arruamento,0,Em estado regular,,Bom tempo,Dois sentidos,Fora da intersecção,Dentro das localidades,Em pleno dia,Com marcas - separadoras de sentido de trânsito,Colisão lateral com outro veículo em movimento,NÃO DEFINIDO,Inexistentes,NÃO DEFINIDO,Outros,Inexistentes,Betão de cimento,Recta,Com inclinação,Berma pavimentada,Em plena via,Direita
20171276678,2017:06:19 21:15:00,01/19/00,06/01/00,01/01/00,Guarda Nacional Republicana,50.0,50.0,Segunda-Feira,"40,098731","-8,458852",0,0,1,Estrada sem separador,Seco e limpo,Coimbra,Condeixa-a-Nova,União das freguesias de Condeixa-a-Velha e Condeixa-a-Nova,Alcabideque,Rua Principal,Arruamento,0,Em estado regular,,Bom tempo,Dois sentidos,Fora da intersecção,Dentro das localidades,"Noite, com iluminação",Sem marcas rodoviárias ou pouco visíveis,Colisão lateral com outro veículo em movimento,NÃO DEFINIDO,Inexistentes,NÃO DEFINIDO,NÃO DEFINIDO,Inexistentes,Betuminoso,Recta,Com inclinação,Sem berma ou impraticável,Em plena via,Direita
2011546976,2011:06:08 18:30:00,01/08/00,06/01/00,01/01/00,Guarda Nacional Republicana,50.0,50.0,Quarta-Feira ,"41,229375","-8,443797",0,0,1,Estrada sem separador,Seco e limpo,Porto,Valongo,Sobrado,SOBRADO,,EN - Estrada Nacional,EN209,Em bom estado,21.918,Bom tempo,Dois sentidos,Fora da intersecção,Dentro das localidades,Em pleno dia,Com marcas - separadoras de sentido de trânsito,Colisão frontal,NÃO DEFINIDO,Inexistentes,NÃO DEFINIDO,Outros,Inexistentes,Betuminoso,Curva,Em patamar,Berma não pavimentada,Em plena via,Direita
2012613742,2012:06:11 15:30:00,01/11/00,06/01/00,01/01/00,Polícia de Segurança Pública,50.0,50.0,Segunda-Feira,"0,00","0,00",0,0,1,Outra via,Seco e limpo,Braga,Guimaraes,Creixomil,,Rua Joaquim Ribeiro Moura,Arruamento,0,Em bom estado,,Bom tempo,Dois sentidos,Fora da intersecção,Dentro das localidades,Em pleno dia,Com marcas - separadoras de sentido e de vias de trânsito,Colisão lateral com outro veículo em movimento,NÃO DEFINIDO,Inexistentes,NÃO DEFINIDO,Outros,Inexistentes,Betuminoso,Recta,Em patamar,Sem berma ou impraticável,Em plena via,Direita
2014817032,2014:06:29 13:10:00,01/29/00,06/01/00,01/01/00,Polícia de Segurança Pública,50.0,50.0,Domingo      ,"40,163944","-8,870511",0,0,1,Estrada sem separador,Seco e limpo,Coimbra,Figueira da Foz,Buarcos,,Rua Rancho das Cantarinhas,Arruamento,0,Em estado regular,,Bom tempo,Dois sentidos,Em entroncamento,Dentro das localidades,Em pleno dia,Com marcas - separadoras de sentido e de vias de trânsito,Colisão lateral com outro veículo em movimento,NÃO DEFINIDO,Inexistentes,NÃO DEFINIDO,Stop,Inexistentes,Betuminoso,Curva,Com inclinação,Berma pavimentada,Em plena via,Direita
2010469256,2010:06:10 23:55:00,01/10/00,06/01/00,01/01/00,Guarda Nacional Republicana,40.0,120.0,Quinta-Feira ,"41,094025","-8,584786",0,0,1,Auto-estrada,Molhado,Porto,Vila Nova de Gaia,Vilar de Andorinho,VILAR ANDORINHO,,A  - Auto-Estrada,A29,Em bom estado,51.99,Chuva,Sentido único,Em ramo de ligação - entrada,Fora das localidades,"Noite, com iluminação",Com marcas - separadoras de sentido e de vias de trânsito,Despiste com capotamento,NÃO DEFINIDO,Inexistentes,No sentido crescente da quilometragem,Outros,Inexistentes,Betuminoso,Curva,Com inclinação,Berma pavimentada,Em plena via,Direita
20191710759,2019:06:11 08:30:00,01/11/00,06/01/00,01/01/00,Polícia de Segurança Pública,50.0,50.0,Terça-Feira  ,"0,0","0,0",0,0,1,Estrada sem separador,Seco e limpo,Braga,Braga,União das freguesias de Ferreiros e Gondizalves,,Centro Empresarial de (Ferreiros) Braga,Arruamento,0,Em bom estado,,Bom tempo,Dois sentidos,Fora da intersecção,Dentro das localidades,Em pleno dia,Com marcas - separadoras de sentido e de vias de trânsito,Colisão lateral com outro veículo em movimento,NÃO DEFINIDO,Inexistentes,NÃO DEFINIDO,NÃO DEFINIDO,Inexistentes,Betuminoso,Recta,Em patamar,Berma pavimentada,Em plena via,Direita
2014812632,2014:06:16 19:15:00,01/16/00,06/01/00,01/01/00,Polícia de Segurança Pública,50.0,50.0,Segunda-Feira,"39,655891","-8,580433",1,0,0,Estrada sem separador,Seco e limpo,Santarém,Ourem,Nossa Senhora da Piedade,,Rua 5 de Outubro,Arruamento,0,Em estado regular,,Bom tempo,Dois sentidos,Em cruzamento,Dentro das localidades,Sol escandeante,Sem marcas rodoviárias ou pouco visíveis,Atropelamento de peões,NÃO DEFINIDO,Inexistentes,NÃO DEFINIDO,NÃO DEFINIDO,Inexistentes,Betuminoso,Recta,Em patamar,Berma pavimentada,Em plena via,Direita
2015949333,2015:06:24 09:30:00,01/24/00,06/01/00,01/01/00,Polícia de Segurança Pública,50.0,50.0,Quarta-Feira ,"38,736872","-9,130492",0,0,1,Outra via,Seco e limpo,Lisboa,Lisboa,Penha de França,Lisboa,Alameda Dom Afonso Henriques,Arruamento,0,Em estado regular,,Bom tempo,Sentido único,Em entroncamento,Dentro das localidades,Em pleno dia,Sem marcas rodoviárias ou pouco visíveis,Atropelamento de peões,NÃO DEFINIDO,Inexistentes,NÃO DEFINIDO,Passagem de peões,Inexistentes,Betuminoso,Recta,Com inclinação,Berma pavimentada,Em plena via,Direita
2014849327,2014:06:12 22:00:00,01/12/00,06/01/00,01/01/00,Guarda Nacional Republicana,70.0,70.0,Quinta-Feira ,"39,123618","-9,086081",0,0,1,NÃO DEFINIDO,Seco e limpo,Lisboa,Alenquer,Ventosa,Penafirme da Ventosa,Rua Principal,Arruamento,0,Em bom estado,,Bom tempo,Dois sentidos,Fora da intersecção,Dentro das localidades,"Noite, sem iluminação",Sem marcas rodoviárias ou pouco visíveis,Despiste simples,NÃO DEFINIDO,Inexistentes,NÃO DEFINIDO,NÃO DEFINIDO,Inexistentes,Betuminoso,Curva,Em patamar,Sem berma ou impraticável,Na berma,Direita
20171163150,2016:06:20 11:15:00,01/20/00,06/01/00,01/01/00,Guarda Nacional Republicana,120.0,120.0,Segunda-Feira,"38,233675","-8,293203",0,0,1,Auto-estrada,Seco e limpo,Setúbal,Alcacer do Sal,União das freguesias de Alcácer do Sal (Santa Maria do Castelo e Santiago) e Santa Susana,ALCÁCER DO SAL,,A  - Auto-Estrada,A2,Em bom estado,"85,754",Bom tempo,Sentido único,Fora da intersecção,Fora das localidades,Em pleno dia,Com marcas - separadoras de sentido e de vias de trânsito,Despiste com capotamento,NÃO DEFINIDO,Inexistentes,No sentido crescente da quilometragem,NÃO DEFINIDO,Inexistentes,Betuminoso,Recta,Em patamar,Berma pavimentada,Em plena via,Esquerda
2013658167,2012:06:25 23:00:00,01/25/00,06/01/00,01/01/00,Polícia de Segurança Pública,50.0,50.0,Segunda-Feira,"0,00","0,00",0,0,1,Outra via,Seco e limpo,Lisboa,Oeiras,Carnaxide,Carnaxide,Avenida Forte                                                                                       ,Arruamento,0,Em estado regular,,Bom tempo,Dois sentidos,Fora da intersecção,Dentro das localidades,"Noite, com iluminação",Sem marcas rodoviárias ou pouco visíveis,Colisão traseira com outro veículo em movimento,Túnel,Inexistentes,NÃO DEFINIDO,NÃO DEFINIDO,Inexistentes,Betuminoso,Recta,Em Lomba,Berma pavimentada,Em plena via,Direita
2013740488,2013:06:14 19:40:00,01/14/00,06/01/00,01/01/00,Guarda Nacional Republicana,50.0,50.0,Sexta-Feira  ,"41,260928","-8,427801",0,0,1,Estrada sem separador,Seco e limpo,Porto,Povoa de Varzim,Laundos,Laundos,Rua Manuel Gonçalves Sá Eiras,Arruamento,0,Em bom estado,,Bom tempo,Dois sentidos,Em entroncamento,Dentro das localidades,Em pleno dia,Sem marcas rodoviárias ou pouco visíveis,Colisão com veiculo ou obstáculo na faixa de rodagem,NÃO DEFINIDO,Inexistentes,NÃO DEFINIDO,Stop,Inexistentes,Betuminoso,Recta,Em patamar,Sem berma ou impraticável,Em plena via,Direita
20181454986,2018:06:22 07:45:00,01/22/00,06/01/00,01/01/00,Polícia de Segurança Pública,50.0,50.0,Sexta-Feira  ,"38,740713","-9,200674",0,0,1,Outra via,Seco e limpo,Lisboa,Lisboa,Benfica,,Estrada Calhariz de Benfica                                                                         ,Arruamento,0,Em bom estado,,Bom tempo,Sentido único,Fora da intersecção,Dentro das localidades,Em pleno dia,Com marcas - separadoras de sentido e de vias de trânsito,Colisão com outras situações,NÃO DEFINIDO,Inexistentes,No sentido decrescente da quilometragem,Outros,Inexistentes,Betuminoso,Recta,Com inclinação,Berma pavimentada,Em plena via,Direita