Id. Acidente,Datahora,Dia,Mês,Hora,Entidades Fiscalizadoras,Velocidade local,Velocidade geral,Dia da Semana,Latitude GPS,Longitude GPS,Num. Mortos a 30 dias,Num. Feridos graves a 30 dias,Num. Feridos ligeiros a 30 dias,Características Tecnicas1,Cond Aderência,Distrito,Concelho,Freguesia,Pov. Proxima,Nome arruamento,Tipos Vias,Cod Via,Estado Conservação,Km,Factores Atmosféricos,Reg Circulação1,Intersecção Vias,Localizações,Luminosidade,Marca Via,Natureza,Obras Arte,Obstáculos,Sentidos,Sinais,Sinais Luminosos,Tipo Piso,Traçado 1,Traçado 2,Traçado 3,Traçado 4,Via Trânsito
2012614992,2012:06:13 16:20:00,01/13/00,06/01/00,01/01/00,Polícia de Segurança Pública,50.0,50.0,Quarta-Feira ,"0,00","0,00",0,0,1,Outra via,Húmido,Coimbra,Coimbra,Santo António dos Olivais,,Rua Miguel Torga,Arruamento,0,Em estado regular,,Bom tempo,Dois sentidos,Fora da intersecção,Dentro das localidades,Em pleno dia,Com marcas - separadoras de sentido e de vias de trânsito,Colisão choque em cadeia,NÃO DEFINIDO,Inexistentes,No sentido decrescente da quilometragem,Outros,Inexistentes,Betuminoso,Recta,Com inclinação,Berma pavimentada,Em plena via,Direita
20191724837,2019:06:14 11:15:00,01/14/00,06/01/00,01/01/00,Guarda Nacional Republicana,50.0,50.0,Sexta-Feira  ,"41,117820","-8,511966",0,0,1,Estrada sem separador,Seco e limpo,Porto,Gondomar,"União das freguesias de Gondomar (São Cosme), Valbom e Jovim",São Cosme,Rua Fonte Pinheiro,Arruamento,0,Em estado regular,,Bom tempo,Dois sentidos,Em cruzamento,Dentro das localidades,Em pleno dia,Com marcas - separadoras de sentido de trânsito,Colisão frontal,NÃO DEFINIDO,Inexistentes,NÃO DEFINIDO,NÃO DEFINIDO,Inexistentes,Betuminoso,Recta,Com inclinação,Berma pavimentada,Em plena via,Direita
20171261877,2017:06:27 18:30:00,01/27/00,06/01/00,01/01/00,Polícia de Segurança Pública,50.0,50.0,Terça-Feira  ,"41,130368","-8,582825",0,0,1,Estrada sem separador,Seco e limpo,Porto,Vila Nova de Gaia,Oliveira do Douro,Vila Nova de Gaia,Rua Passos                                                                                          ,Arruamento,0,Em bom estado,,Bom tempo,Dois sentidos,Fora da intersecção,Dentro das localidades,Em pleno dia,Sem marcas rodoviárias ou pouco visíveis,Atropelamento de peões,NÃO DEFINIDO,Inexistentes,NÃO DEFINIDO,NÃO DEFINIDO,Inexistentes,Betuminoso,Recta,Em patamar,Berma pavimentada,Em plena via,Direita
20181448960,2018:06:19 13:30:00,01/19/00,06/01/00,01/01/00,Guarda Nacional Republicana,50.0,50.0,Terça-Feira  ,"39,847057","-7,619681",0,0,3,Estrada sem separador,Seco e limpo,Castelo Branco,Castelo Branco,Sarzedas,Castelo Branco,,EN - Estrada Nacional,EN233,Em bom estado,"122,6",Bom tempo,Dois sentidos,Fora da intersecção,Dentro das localidades,Em pleno dia,Com marcas - separadoras de sentido de trânsito,Despiste simples,NÃO DEFINIDO,Inexistentes,NÃO DEFINIDO,NÃO DEFINIDO,Inexistentes,Betuminoso,Recta,Em patamar,Berma não pavimentada,Em plena via,Direita
20191709623,2019:06:05 12:45:00,01/05/00,06/01/00,01/01/00,Polícia de Segurança Pública,50.0,50.0,Quarta-Feira ,"0,0","0,0",0,0,2,Estrada sem separador,Seco e limpo,Lisboa,Lisboa,Alvalade,Lisboa,Avenida Brasil                                                                                      ,Arruamento,0,Em estado regular,,Bom tempo,Dois sentidos,Fora da intersecção,Dentro das localidades,Em pleno dia,Com marcas - separadoras de sentido e de vias de trânsito,Atropelamento de peões,NÃO DEFINIDO,Inexistentes,NÃO DEFINIDO,Outros,A funcionar normalmente,Betuminoso,Recta,Em patamar,Berma pavimentada,Em via ou pista reservada,Direita
20171273566,2017:06:05 14:45:00,01/05/00,06/01/00,01/01/00,Guarda Nacional Republicana,50.0,50.0,Segunda-Feira,"40,497697","-8,561593",0,0,2,Estrada sem separador,Seco e limpo,Aveiro,Oliveira do Bairro,"União das freguesias de Bustos, Troviscal e Mamarrosa",Troviscal,Rua Jaime Pato,Arruamento,0,Em estado regular,,Bom tempo,Dois sentidos,Fora da intersecção,Dentro das localidades,Em pleno dia,Com marcas - separadoras de sentido de trânsito,Despiste com colisão com veículo imobil. ou obstáculo,NÃO DEFINIDO,Inexistentes,NÃO DEFINIDO,NÃO DEFINIDO,Inexistentes,Betuminoso,Recta,Em patamar,Berma pavimentada,No passeio,Direita
2015979976,2015:06:18 16:20:00,01/18/00,06/01/00,01/01/00,Guarda Nacional Republicana,50.0,50.0,Quinta-Feira ,"41,126290","-8,169098",0,0,1,Estrada sem separador,Seco e limpo,Porto,Penafiel,Penafiel,,Avª Pedro Guedes,Arruamento,0,Em estado regular,,Bom tempo,Dois sentidos,Em entroncamento,Dentro das localidades,Em pleno dia,Com marcas - separadoras de sentido e de vias de trânsito,Colisão lateral com outro veículo em movimento,NÃO DEFINIDO,Inexistentes,NÃO DEFINIDO,NÃO DEFINIDO,Inexistentes,Betuminoso,Recta,Com inclinação,Berma pavimentada,Em plena via,Esquerda
20161074391,2016:06:11 10:30:00,01/11/00,06/01/00,01/01/00,Polícia de Segurança Pública,50.0,50.0,Sábado       ,"41,183672","-8,582431",0,0,1,Estrada sem separador,Seco e limpo,Porto,Gondomar,Rio Tinto,Rio Tinto,Rua Dom Afonso Henriques                                                                            ,Arruamento,0,Em bom estado,,Bom tempo,Dois sentidos,Fora da intersecção,Dentro das localidades,Em pleno dia,Sem marcas rodoviárias ou pouco visíveis,Atropelamento de peões,NÃO DEFINIDO,Inexistentes,NÃO DEFINIDO,NÃO DEFINIDO,Inexistentes,Calçada,Recta,Com inclinação,Berma pavimentada,No passeio,Direita
20171164708,2016:06:28 15:10:00,01/28/00,06/01/00,01/01/00,Guarda Nacional Republicana,50.0,50.0,Terça-Feira  ,"41,102914","-8,215244",0,0,1,Estrada sem separador,Seco e limpo,Porto,Paredes,Cete,RUA DE FONTES,rua de fontes,Arruamento,0,Em bom estado,,Bom tempo,Dois sentidos,Fora da intersecção,Dentro das localidades,Em pleno dia,Com marcas - separadoras de sentido de trânsito,Despiste simples,NÃO DEFINIDO,Inexistentes,NÃO DEFINIDO,NÃO DEFINIDO,Inexistentes,Betuminoso,Recta,Em patamar,Sem berma ou impraticável,Em plena via,Direita
20191710549,2019:06:11 14:00:00,01/11/00,06/01/00,01/01/00,Polícia de Segurança Pública,50.0,50.0,Terça-Feira  ,"41,403431","-8,516207",0,0,2,Outra via,Seco e limpo,Braga,Vila Nova de Famalicao,União das freguesias de Antas e Abade de Vermoim,Vila Nova de Famalicão,Avenida Marechal Humberto Delgado                                                                   ,Arruamento,0,Em bom estado,,Bom tempo,Dois sentidos,Fora da intersecção,Dentro das localidades,Em pleno dia,Com marcas - separadoras de sentido e de vias de trânsito,Colisão traseira com outro veículo em movimento,NÃO DEFINIDO,Inexistentes,NÃO DEFINIDO,Outros,Inexistentes,Betuminoso,Recta,Em patamar,Sem berma ou impraticável,Em plena via,Esquerda
2014850955,2014:06:11 13:30:00,01/11/00,06/01/00,01/01/00,Guarda Nacional Republicana,50.0,50.0,Quarta-Feira ,"42,014287","-8,384643",0,0,1,NÃO DEFINIDO,Seco e limpo,Viana do Castelo,Valenca,"União das freguesias de Valença, Cristelo Covo e Arão",Valença,Avª Miguel Dantas,Arruamento,0,Em bom estado,,Bom tempo,Dois sentidos,Fora da intersecção,Dentro das localidades,Em pleno dia,Com marcas - separadoras de sentido de trânsito,Colisão lateral com outro veículo em movimento,NÃO DEFINIDO,Inexistentes,NÃO DEFINIDO,NÃO DEFINIDO,Inexistentes,Betuminoso,Recta,Em patamar,Berma pavimentada,Em plena via,Direita
2014809281,2014:06:04 19:00:00,01/04/00,06/01/00,01/01/00,Polícia de Segurança Pública,50.0,50.0,Quarta-Feira ,"38,524782","-8,896533",0,0,1,Estrada sem separador,Seco e limpo,Setúbal,Setubal,"União das freguesias de Setúbal (São Julião, Nossa Senhora da Anunciada e Santa Maria da Graça)",,Avenida Combatentes da Grande Guerra                                                                ,Arruamento,0,Em bom estado,,Bom tempo,Dois sentidos,Fora da intersecção,Dentro das localidades,Em pleno dia,Com marcas - separadoras de sentido e de vias de trânsito,Atropelamento de peões,NÃO DEFINIDO,Inexistentes,NÃO DEFINIDO,Passagem de peões,Inexistentes,Betuminoso,Recta,Em patamar,Berma pavimentada,Em plena via,Direita
20171162173,2016:06:15 08:40:00,01/15/00,06/01/00,01/01/00,Guarda Nacional Republicana,50.0,50.0,Quarta-Feira ,"41,203665","-8,373933",0,0,2,Estrada sem separador,Molhado,Porto,Trofa,União das freguesias de Alvarelhos e Guidões,BICHO,Avenida do Bicho,Arruamento,0,Em estado regular,,Chuva,Dois sentidos,Fora da intersecção,Dentro das localidades,Em pleno dia,Com marcas - separadoras de sentido de trânsito,Colisão frontal,NÃO DEFINIDO,Inexistentes,NÃO DEFINIDO,NÃO DEFINIDO,Inexistentes,Betuminoso,Curva,Com inclinação,Sem berma ou impraticável,Em plena via,Direita
2010462139,2010:06:21 17:55:00,01/21/00,06/01/00,01/01/00,Polícia de Segurança Pública,50.0,50.0,Segunda-Feira,"0,00","0,00",0,0,1,Estrada sem separador,Seco e limpo,Évora,Evora,Malagueira,,Rua Jaime Cortesão,Arruamento,0,Em bom estado,,Bom tempo,Dois sentidos,Fora da intersecção,Dentro das localidades,Em pleno dia,Sem marcas rodoviárias ou pouco visíveis,Atropelamento de peões,NÃO DEFINIDO,Inexistentes,NÃO DEFINIDO,Outros,Inexistentes,Betão de cimento,Recta,Em patamar,Sem berma ou impraticável,Em plena via,Esquerda
2014812411,2014:06:11 07:40:00,01/11/00,06/01/00,01/01/00,Polícia de Segurança Pública,50.0,90.0,Quarta-Feira ,"39,780576","-8,823398",0,0,1,Estrada sem separador,Molhado,Leiria,Leiria,União das freguesias de Marrazes e Barosa,Carreira D'Água,,EN - Estrada Nacional,EN109,Em estado regular,165.3,Bom tempo,Sentido único,Em rotunda,Fora das localidades,Em pleno dia,Sem marcas rodoviárias ou pouco visíveis,Despiste sem dispositivo de retenção,NÃO DEFINIDO,Inexistentes,NÃO DEFINIDO,Outros,Inexistentes,Betuminoso,Curva,Em patamar,Sem berma ou impraticável,Em plena via,Direita
20171164112,2016:06:25 13:10:00,01/25/00,06/01/00,01/01/00,Guarda Nacional Republicana,90.0,90.0,Sábado       ,"40,059024","-7,455000",0,0,1,Estrada sem separador,Com gravilha ou areia,Coimbra,Pampilhosa da Serra,Dornelas do Zêzere,PISÃO,,EM - Estrada Municipal,0,Em bom estado,,Bom tempo,Dois sentidos,Fora da intersecção,Fora das localidades,Em pleno dia,Sem marcas rodoviárias ou pouco visíveis,Despiste simples,Viaduto/Ponte,Inexistentes,NÃO DEFINIDO,NÃO DEFINIDO,Inexistentes,Betuminoso,Curva,Com inclinação,Berma não pavimentada,Na berma,Direita
20181440983,2018:06:08 20:55:00,01/08/00,06/01/00,01/01/00,Guarda Nacional Republicana,50.0,50.0,Sexta-Feira  ,"37,093498","-8,230311",0,0,1,Estrada sem separador,Seco e limpo,Faro,Albufeira,Albufeira e Olhos de Água,Albufeira,Rua Júlio Diniz,Arruamento,0,Em bom estado,,Bom tempo,Sentido único,Fora da intersecção,Dentro das localidades,"Noite, com iluminação",Sem marcas rodoviárias ou pouco visíveis,Colisão lateral com outro veículo em movimento,NÃO DEFINIDO,Inexistentes,NÃO DEFINIDO,Outros,Inexistentes,Betuminoso,Curva,Em patamar,Sem berma ou impraticável,Em plena via,Direita
2014849840,2014:06:07 17:30:00,01/07/00,06/01/00,01/01/00,Guarda Nacional Republicana,90.0,90.0,Sábado       ,"37,117288","-8,518224",0,0,1,Estrada sem separador,Seco e limpo,Faro,Lagoa (Algarve),Ferragudo,Ferragudo,,EM - Estrada Municipal,EM530-1,Em bom estado,,Bom tempo,Dois sentidos,Fora da intersecção,Fora das localidades,Em pleno dia,Com marcas - separadoras de sentido de trânsito,Despiste simples,NÃO DEFINIDO,Inexistentes,NÃO DEFINIDO,Outros,Inexistentes,Betuminoso,Recta,Em patamar,Berma pavimentada,Em plena via,Direita
2013743023,2013:06:30 06:30:00,01/30/00,06/01/00,01/01/00,Guarda Nacional Republicana,50.0,50.0,Domingo      ,"38,311452","-8,496771",0,0,1,Estrada sem separador,Seco e limpo,Setúbal,Setubal,Sado,Praias do Sado,,EN - Estrada Nacional,EN10-4,Em bom estado,14.6,Bom tempo,Dois sentidos,Em entroncamento,Fora das localidades,Aurora ou crepúsculo,Com marcas - separadoras de sentido de trânsito,Colisão lateral com outro veículo em movimento,NÃO DEFINIDO,Inexistentes,NÃO DEFINIDO,NÃO DEFINIDO,Inexistentes,Betuminoso,Recta,Em patamar,Berma pavimentada,Em plena via,Direita
2015946037,2015:06:17 12:30:00,01/17/00,06/01/00,01/01/00,Guarda Nacional Republicana,120.0,120.0,Quarta-Feira ,"+38,533129","-09,031963",0,0,1,Auto-estrada,Seco e limpo,Lisboa,Vila Franca de Xira,União das freguesias de Alverca do Ribatejo e Sobralinho,ALVERCA,,A  - Auto-Estrada,A1,Em bom estado,13.3,Bom tempo,Sentido único,Fora da intersecção,Fora das localidades,Em pleno dia,Com marcas - separadoras de sentido e de vias de trânsito,Despiste simples,NÃO DEFINIDO,Inexistentes,No sentido crescente da quilometragem,NÃO DEFINIDO,Desligada,Betuminoso,Recta,Em patamar,Berma pavimentada,Em plena via,Central
2012616322,2012:06:30 00:05:00,01/30/00,06/01/00,01/01/00,Polícia de Segurança Pública,50.0,50.0,Sábado       ,"41,419750","-8,302921",0,0,1,Estrada sem separador,Seco e limpo,Braga,Guimaraes,Urgezes,,,EN - Estrada Nacional,EN105,Em bom estado,43.1,Bom tempo,Dois sentidos,Fora da intersecção,Dentro das localidades,"Noite, com iluminação",Com marcas - separadoras de sentido de trânsito,Colisão com veiculo ou obstáculo na faixa de rodagem,NÃO DEFINIDO,Inexistentes,NÃO DEFINIDO,Outros,Inexistentes,Betuminoso,Recta,Em patamar,Berma pavimentada,Em plena via,Direita
20171161551,2016:06:12 11:00:00,01/12/00,06/01/00,01/01/00,Guarda Nacional Republicana,120.0,120.0,Domingo      ,"41,128430","-8,323476",0,0,1,Auto-estrada,Seco e limpo,Porto,Trofa,Covelas,COVELAS,,A  - Auto-Estrada,A3,Em estado regular,"15,8",Bom tempo,Sentido único,Fora da intersecção,Fora das localidades,Em pleno dia,Com marcas - separadoras de sentido e de vias de trânsito,Colisão lateral com outro veículo em movimento,NÃO DEFINIDO,Inexistentes,No sentido crescente da quilometragem,Outros,Inexistentes,Betuminoso,Curva,Em patamar,Berma pavimentada,Em plena via,Direita
2011546103,2011:06:05 11:45:00,01/05/00,06/01/00,01/01/00,Guarda Nacional Republicana,50.0,50.0,Domingo      ,"41,02849","8,22839",0,0,1,Estrada sem separador,Seco e limpo,Aveiro,Castelo de Paiva,Fornos,NOGUEIRA DO RIO,,EM - Estrada Municipal,0,Em bom estado,,Bom tempo,Dois sentidos,Fora da intersecção,Fora das localidades,Em pleno dia,Sem marcas rodoviárias ou pouco visíveis,Colisão frontal,NÃO DEFINIDO,Inexistentes,NÃO DEFINIDO,Outros,Inexistentes,Betuminoso,Curva,Em patamar,Sem berma ou impraticável,Em plena via,Direita
20171241728,2017:06:05 07:30:00,01/05/00,06/01/00,01/01/00,Polícia de Segurança Pública,50.0,50.0,Segunda-Feira,"38,620719","-9,118485",0,0,1,Estrada sem separador,Seco e limpo,Setúbal,Seixal,Amora,Cruz de Pau,Avenida 1º de Maio                                                                                  ,Arruamento,0,Em estado regular,,Bom tempo,Sentido único,Fora da intersecção,Dentro das localidades,Em pleno dia,Com marcas - separadoras de sentido e de vias de trânsito,Colisão choque em cadeia,NÃO DEFINIDO,Inexistentes,NÃO DEFINIDO,Passagem de peões,Inexistentes,Betuminoso,Recta,Em patamar,Berma pavimentada,Em plena via,Direita
20191723238,2019:06:23 16:25:00,01/23/00,06/01/00,01/01/00,Guarda Nacional Republicana,50.0,50.0,Domingo      ,"41,131690","-8,582606",0,0,1,Estrada sem separador,Seco e limpo,Porto,Vila Nova de Gaia,Avintes,Avintes,Rua de Areinho,Arruamento,0,Em estado regular,,Bom tempo,Dois sentidos,Fora da intersecção,Dentro das localidades,Em pleno dia,Sem marcas rodoviárias ou pouco visíveis,Colisão com veiculo ou obstáculo na faixa de rodagem,NÃO DEFINIDO,Inexistentes,NÃO DEFINIDO,NÃO DEFINIDO,Inexistentes,Calçada,Recta,Em patamar,Sem berma ou impraticável,Em plena via,Direita
2010459691,2010:06:09 14:20:00,01/09/00,06/01/00,01/01/00,Polícia de Segurança Pública,50.0,50.0,Quarta-Feira ,"0,00","0,00",0,0,2,Estrada sem separador,Húmido,Faro,Portimao,Portimão,Portimão,Rua Principal                                                                                       ,Arruamento,0,Em estado regular,,Bom tempo,Dois sentidos,Em entroncamento,Dentro das localidades,Em pleno dia,Sem marcas rodoviárias ou pouco visíveis,Colisão com outras situações,NÃO DEFINIDO,Inexistentes,NÃO DEFINIDO,Cedência de passagem,Inexistentes,Betuminoso,Recta,Em patamar,Berma pavimentada,Em plena via,Direita
2011549378,2011:06:30 17:20:00,01/30/00,06/01/00,01/01/00,Guarda Nacional Republicana,50.0,50.0,Quinta-Feira ,,,0,0,1,Estrada sem separador,Seco e limpo,Aveiro,Agueda,Segadães,FONTINHA,R PROF FERNANDO BESSA,Arruamento,0,Em mau estado,,Bom tempo,Dois sentidos,Fora da intersecção,Dentro das localidades,Em pleno dia,Sem marcas rodoviárias ou pouco visíveis,Despiste sem dispositivo de retenção,NÃO DEFINIDO,Inexistentes,NÃO DEFINIDO,NÃO DEFINIDO,Inexistentes,Betuminoso,Recta,Com inclinação,Berma não pavimentada,Em plena via,Direita
20181450877,2018:06:24 02:10:00,01/24/00,06/01/00,01/01/00,Guarda Nacional Republicana,50.0,50.0,Domingo      ,"41,463493","-8,351202",0,0,4,Estrada sem separador,Seco e limpo,Braga,Guimaraes,União das freguesias de Sande Vila Nova e Sande São Clemente,Sande (Vila Nova),Avenida da Igreja,Arruamento,0,Em estado regular,,Bom tempo,Dois sentidos,Fora da intersecção,Dentro das localidades,"Noite, com iluminação",Com marcas - separadoras de sentido de trânsito,Colisão frontal,NÃO DEFINIDO,Inexistentes,NÃO DEFINIDO,NÃO DEFINIDO,Inexistentes,Betuminoso,Recta,Em patamar,Berma pavimentada,Em plena via,Direita
20161068994,2016:06:02 07:40:00,01/02/00,06/01/00,01/01/00,Polícia de Segurança Pública,50.0,50.0,Quinta-Feira ,"38,621306","-9,109158",0,0,1,Estrada sem separador,Seco e limpo,Setúbal,Seixal,Amora,Paivas,Ponte Fraternidade                                                                                  ,Arruamento,0,Em estado regular,,Bom tempo,Dois sentidos,Fora da intersecção,Dentro das localidades,Em pleno dia,Com marcas - separadoras de sentido de trânsito,Despiste com capotamento,NÃO DEFINIDO,Inexistentes,NÃO DEFINIDO,Outros,Inexistentes,Betuminoso,Recta,Em patamar,Sem berma ou impraticável,No passeio,Direita
20151007981,2015:06:27 00:27:00,01/27/00,06/01/00,01/01/00,Polícia de Segurança Pública,50.0,50.0,Sábado       ,"38,759704","-9,256279",0,0,1,Outra via,Seco e limpo,Lisboa,Sintra,União das freguesias de Queluz e Belas,Queluz,Rua Luís Simões,Arruamento,0,Em estado regular,,Bom tempo,Sentido único,Em entroncamento,Dentro das localidades,"Noite, com iluminação",Sem marcas rodoviárias ou pouco visíveis,Despiste com colisão com veículo imobil. ou obstáculo,NÃO DEFINIDO,Inexistentes,No sentido crescente da quilometragem,Outros,Inexistentes,Betuminoso,Curva,Com inclinação,Berma não pavimentada,Em plena via,Direita
2014811230,2014:06:14 18:05:00,01/14/00,06/01/00,01/01/00,Polícia de Segurança Pública,50.0,50.0,Sábado       ,"41,163066","-8,614341",0,0,1,Estrada sem separador,Seco e limpo,Porto,Porto,"União das freguesias de Cedofeita, Santo Ildefonso, Sé, Miragaia, São Nicolau e Vitória",Porto,Rua Constituição                                                                                    ,Arruamento,0,Em bom estado,,Bom tempo,Sentido único,Em cruzamento,Dentro das localidades,Em pleno dia,Com marcas - separadoras de sentido de trânsito,Atropelamento de peões,NÃO DEFINIDO,Inexistentes,NÃO DEFINIDO,Outros,A funcionar normalmente,Betuminoso,Recta,Em patamar,Sem berma ou impraticável,No passeio,Esquerda
2013740971,2013:06:16 18:25:00,01/16/00,06/01/00,01/01/00,Guarda Nacional Republicana,50.0,50.0,Domingo      ,"41,166233","-8,181174",0,0,1,Estrada sem separador,Seco e limpo,Porto,Penafiel,Guilhufe,,,EN - Estrada Nacional,EN15,Em estado regular,29.15,Bom tempo,Dois sentidos,Em entroncamento,Dentro das localidades,Em pleno dia,Com marcas - separadoras de sentido de trânsito,Colisão com outras situações,NÃO DEFINIDO,Inexistentes,NÃO DEFINIDO,Stop,Inexistentes,Betuminoso,Curva,Com inclinação,Sem berma ou impraticável,Em plena via,Direita
2011535035,2011:06:11 23:20:00,01/11/00,06/01/00,01/01/00,Polícia de Segurança Pública,50.0,90.0,Sábado       ,"0,00","0,00",0,0,1,Estrada sem separador,Seco e limpo,Lisboa,Cascais,São Domingos de Rana,Trajouce,,EN - Estrada Nacional,EN249-4,Em bom estado,,Bom tempo,Dois sentidos,Fora da intersecção,Dentro das localidades,"Noite, com iluminação",Com marcas - separadoras de sentido e de vias de trânsito,Despiste sem dispositivo de retenção,NÃO DEFINIDO,Inexistentes,NÃO DEFINIDO,Outros,Inexistentes,Betuminoso,Curva,Em patamar,Sem berma ou impraticável,Em plena via,Direita
2011557266,2011:07:26 06:30:00,01/26/00,07/01/00,01/01/00,Guarda Nacional Republicana,50.0,50.0,Terça-Feira  ,,,0,0,1,Estrada sem separador,Seco e limpo,Porto,Vila do Conde,Parada,,,EN - Estrada Nacional,EN309,Em estado regular,7.2,Bom tempo,Dois sentidos,Em entroncamento,Dentro das localidades,Em pleno dia,Com marcas - separadoras de sentido de trânsito,Despiste simples,NÃO DEFINIDO,Inexistentes,NÃO DEFINIDO,Outros,Inexistentes,Betuminoso,Curva,Com inclinação,Sem berma ou impraticável,Em plena via,Direita
20171287474,2017:07:15 19:30:00,01/15/00,07/01/00,01/01/00,Guarda Nacional Republicana,90.0,90.0,Sábado       ,"38,881191","-7,199859",0,1,0,Estrada sem separador,Seco e limpo,Portalegre,Elvas,São Brás e São Lourenço,Elvas,,EN - Estrada Nacional,EN372,Em bom estado,"70,5",Bom tempo,Dois sentidos,Fora da intersecção,Fora das localidades,Em pleno dia,Com marcas - separadoras de sentido de trânsito,Despiste simples,NÃO DEFINIDO,Inexistentes,NÃO DEFINIDO,Outros,Inexistentes,Betuminoso,Recta,Em patamar,Berma pavimentada,Em plena via,Direita
2015988844,2015:07:22 17:00:00,01/22/00,07/01/00,01/01/00,Guarda Nacional Republicana,50.0,50.0,Quarta-Feira ,"41,202182","-8,344270",0,0,1,Estrada sem separador,Seco e limpo,Porto,Trofa,União das freguesias de Bougado (São Martinho e Santiago),,Rua 16 de Maio,Arruamento,0,Em bom estado,,Bom tempo,Dois sentidos,Em cruzamento,Dentro das localidades,Em pleno dia,Sem marcas rodoviárias ou pouco visíveis,Colisão lateral com outro veículo em movimento,NÃO DEFINIDO,Inexistentes,NÃO DEFINIDO,NÃO DEFINIDO,A funcionar normalmente,Betão de cimento,Recta,NÃO DEFINIDO,Berma pavimentada,Em plena via,Direita
2015991056,2015:07:18 20:10:00,01/18/00,07/01/00,01/01/00,Guarda Nacional Republicana,50.0,50.0,Sábado       ,"37,060726","-8,216470",0,0,1,Estrada sem separador,Seco e limpo,Faro,Silves,Armação de Pêra,,Rua Mascarenhas Gregório,Arruamento,0,Em bom estado,,Bom tempo,Sentido único,Fora da intersecção,Dentro das localidades,Em pleno dia,Sem marcas rodoviárias ou pouco visíveis,Atropelamento de peões,NÃO DEFINIDO,Inexistentes,NÃO DEFINIDO,Outros,Inexistentes,Calçada,Recta,Em patamar,Berma pavimentada,Em plena via,Direita
2015959217,2015:07:20 09:30:00,01/20/00,07/01/00,01/01/00,Guarda Nacional Republicana,90.0,90.0,Segunda-Feira,"+39,096111","-08,549430",0,0,4,Estrada sem separador,Seco e limpo,Lisboa,Azambuja,Aveiras de Cima,AVEIRAS DE CIMA,,EN - Estrada Nacional,EN366,Em bom estado,20.0,Bom tempo,Dois sentidos,Fora da intersecção,Fora das localidades,Em pleno dia,Com marcas - separadoras de sentido e de vias de trânsito,Colisão traseira com outro veículo em movimento,NÃO DEFINIDO,Inexistentes,NÃO DEFINIDO,NÃO DEFINIDO,Inexistentes,Betuminoso,Recta,Em patamar,Berma pavimentada,Em plena via,Direita
2012621924,2012:07:22 10:00:00,01/22/00,07/01/00,01/01/00,Polícia de Segurança Pública,50.0,50.0,Domingo      ,"0,00","0,00",0,0,1,Estrada sem separador,Húmido,Castelo Branco,Castelo Branco,Castelo Branco,Castelo Branco,Rotunda Europa                                                                                      ,Arruamento,0,Em estado regular,,Bom tempo,Sentido único,Em rotunda,Dentro das localidades,Em pleno dia,NÃO DEFINIDO,Colisão com outras situações,NÃO DEFINIDO,Inexistentes,NÃO DEFINIDO,NÃO DEFINIDO,Inexistentes,Betuminoso,Curva,Com inclinação,Berma pavimentada,Em plena via,Central
20181475414,2018:07:16 21:00:00,01/16/00,07/01/00,01/01/00,Polícia de Segurança Pública,50.0,50.0,Segunda-Feira,"41,703599","-8,835657",0,0,1,Estrada sem separador,Seco e limpo,Viana do Castelo,Viana do Castelo,Areosa,Viana do Castelo,Rua Parinheira,Arruamento,0,Em bom estado,,Bom tempo,Dois sentidos,Em entroncamento,Dentro das localidades,"Noite, com iluminação",Com marcas - separadoras de sentido de trânsito,Despiste sem dispositivo de retenção,NÃO DEFINIDO,Inexistentes,NÃO DEFINIDO,Outros,Inexistentes,Betuminoso,Curva,Com inclinação,Berma pavimentada,No passeio,Direita
20161092143,2016:07:29 12:35:00,01/29/00,07/01/00,01/01/00,Polícia de Segurança Pública,50.0,50.0,Sexta-Feira  ,"39,555824","-8,980300",0,0,1,Estrada sem separador,Seco e limpo,Leiria,Alcobaca,União das freguesias de Alcobaça e Vestiaria,Alcobaça,Avenida Professor Engenheiro Joaquim Vieira Natividade                                              ,Arruamento,0,Em estado regular,,Bom tempo,Dois sentidos,Fora da intersecção,Dentro das localidades,Em pleno dia,Sem marcas rodoviárias ou pouco visíveis,Colisão com outras situações,NÃO DEFINIDO,Inexistentes,NÃO DEFINIDO,Outros,Inexistentes,Betuminoso,Recta,Com inclinação,Berma pavimentada,Em plena via,Direita
20181492538,2018:07:23 14:30:00,01/23/00,07/01/00,01/01/00,Guarda Nacional Republicana,90.0,90.0,Segunda-Feira,"38,852575","-7,350953",0,0,1,Estrada sem separador,Seco e limpo,Portalegre,Elvas,União das freguesias de Terrugem e Vila Boim,Terrugem,,EN - Estrada Nacional,EN243-1,Em bom estado,16,Bom tempo,Dois sentidos,Fora da intersecção,Fora das localidades,Em pleno dia,Com marcas - separadoras de sentido de trânsito,Despiste simples,NÃO DEFINIDO,Inexistentes,NÃO DEFINIDO,NÃO DEFINIDO,Inexistentes,Betuminoso,Recta,Em patamar,Sem berma ou impraticável,Em plena via,Direita
2013752354,2013:07:26 08:50:00,01/26/00,07/01/00,01/01/00,Guarda Nacional Republicana,120.0,120.0,Sexta-Feira  ,"40,498528","-8,332862",0,0,1,Auto-estrada,Seco e limpo,Aveiro,Estarreja,Avanca,Avanca,,A  - Auto-Estrada,A1,Em estado regular,263.77,Bom tempo,Sentido único,Fora da intersecção,Fora das localidades,Em pleno dia,Com marcas - separadoras de sentido e de vias de trânsito,Despiste com capotamento,NÃO DEFINIDO,Inexistentes,No sentido decrescente da quilometragem,NÃO DEFINIDO,Inexistentes,Betuminoso,Recta,Em patamar,Berma pavimentada,Em plena via,Central