Id. Acidente,Datahora,Dia,Mês,Hora,Entidades Fiscalizadoras,Velocidade local,Velocidade geral,Dia da Semana,Latitude GPS,Longitude GPS,Num. Mortos a 30 dias,Num. Feridos graves a 30 dias,Num. Feridos ligeiros a 30 dias,Características Tecnicas1,Cond Aderência,Distrito,Concelho,Freguesia,Pov. Proxima,Nome arruamento,Tipos Vias,Cod Via,Estado Conservação,Km,Factores Atmosféricos,Reg Circulação1,Intersecção Vias,Localizações,Luminosidade,Marca Via,Natureza,Obras Arte,Obstáculos,Sentidos,Sinais,Sinais Luminosos,Tipo Piso,Traçado 1,Traçado 2,Traçado 3,Traçado 4,Via Trânsito
2015958461,2015:07:17 16:15:00,01/17/00,07/01/00,01/01/00,Polícia de Segurança Pública,50.0,50.0,Sexta-Feira  ,"40,868536","-8,584993",0,0,1,Estrada sem separador,Seco e limpo,Aveiro,Ovar,"União das freguesias de Ovar, São João, Arada e São Vicente de Pereira Jusã",São João,Rua Sande                                                                                           ,Arruamento,0,Em bom estado,,Bom tempo,Dois sentidos,Em entroncamento,Dentro das localidades,Em pleno dia,Sem marcas rodoviárias ou pouco visíveis,Colisão lateral com outro veículo em movimento,NÃO DEFINIDO,Inexistentes,NÃO DEFINIDO,Outros,Inexistentes,Betuminoso,Recta,Em patamar,Sem berma ou impraticável,Em plena via,Direita
2012630802,2012:07:21 10:50:00,01/21/00,07/01/00,01/01/00,Guarda Nacional Republicana,90.0,90.0,Sábado       ,"37,101231","-8,730451",0,0,1,Estrada sem separador,Seco e limpo,Faro,Lagos,Luz,Espiche,,EN - Estrada Nacional,EN125,Em bom estado,17.6,Bom tempo,Dois sentidos,Em cruzamento,Fora das localidades,Em pleno dia,Sem marcas rodoviárias ou pouco visíveis,Colisão com veiculo ou obstáculo na faixa de rodagem,NÃO DEFINIDO,Insuficentemente sinalizados,NÃO DEFINIDO,Proibição de ultrapassagem,A funcionar normalmente,Betuminoso,Recta,Em patamar,Berma pavimentada,Em plena via,Direita
2012631674,2012:07:27 12:45:00,01/27/00,07/01/00,01/01/00,Guarda Nacional Republicana,50.0,50.0,Sexta-Feira  ,"41,12167","8,08084",0,0,1,Estrada sem separador,Seco e limpo,Porto,Marco de Canaveses,Várzea da Ovelha e Aliviada,Aliviada,Rua da Aliviada,Arruamento,0,Em bom estado,,Bom tempo,Dois sentidos,Em entroncamento,Dentro das localidades,Em pleno dia,Sem marcas rodoviárias ou pouco visíveis,Colisão lateral com outro veículo em movimento,NÃO DEFINIDO,Inexistentes,NÃO DEFINIDO,Stop,Inexistentes,Betuminoso,Curva,Com inclinação,Sem berma ou impraticável,Em plena via,Direita
2011556446,2011:07:07 17:30:00,01/07/00,07/01/00,01/01/00,Guarda Nacional Republicana,50.0,50.0,Quinta-Feira ,,,0,0,1,Estrada sem separador,Seco e limpo,Aveiro,Oliveira de Azemeis,Nogueira do Cravo,NOGUEIRA DO CRAVO,R D SEBASTIAO SOARES GOMES,Arruamento,0,Em estado regular,,Bom tempo,Dois sentidos,Em entroncamento,Dentro das localidades,Em pleno dia,Sem marcas rodoviárias ou pouco visíveis,Colisão frontal,NÃO DEFINIDO,Inexistentes,NÃO DEFINIDO,NÃO DEFINIDO,Inexistentes,Betuminoso,Curva,Em patamar,Sem berma ou impraticável,Em plena via,Direita
2012617120,2012:07:02 23:50:00,01/02/00,07/01/00,01/01/00,Polícia de Segurança Pública,50.0,50.0,Segunda-Feira,"0,00","0,00",0,0,1,Estrada sem separador,Seco e limpo,Lisboa,Cascais,Cascais,Areia,Rua Areia                                                                                           ,Arruamento,0,Em bom estado,,Bom tempo,Dois sentidos,Fora da intersecção,Dentro das localidades,"Noite, com iluminação",Com marcas - separadoras de sentido de trânsito,Colisão com outras situações,NÃO DEFINIDO,Inexistentes,NÃO DEFINIDO,NÃO DEFINIDO,Inexistentes,Betuminoso,Recta,Em patamar,Berma pavimentada,Em plena via,Direita
20171286610,2017:07:12 12:30:00,01/12/00,07/01/00,01/01/00,Guarda Nacional Republicana,50.0,50.0,Quarta-Feira ,"39,513064","-8,690350",0,0,1,Estrada sem separador,Seco e limpo,Santarém,Alcanena,Minde,Minde,Largo Justino Pires,Arruamento,0,Em bom estado,,Bom tempo,Dois sentidos,Fora da intersecção,Dentro das localidades,Em pleno dia,Sem marcas rodoviárias ou pouco visíveis,Atropelamento de peões,NÃO DEFINIDO,Inexistentes,NÃO DEFINIDO,NÃO DEFINIDO,Inexistentes,Calçada,Recta,Em patamar,Sem berma ou impraticável,Em plena via,Direita
2012632671,2012:07:13 15:15:00,01/13/00,07/01/00,01/01/00,Guarda Nacional Republicana,50.0,50.0,Sexta-Feira  ,,,0,0,2,Estrada sem separador,Seco e limpo,Aveiro,Vale de Cambra,São Pedro de Castelões,São Pedro de Castelões,,EN - Estrada Nacional,EN328,Em bom estado,2.05,Bom tempo,Dois sentidos,Fora da intersecção,Dentro das localidades,Em pleno dia,Com marcas - separadoras de sentido e de vias de trânsito,Despiste simples,NÃO DEFINIDO,Inexistentes,NÃO DEFINIDO,NÃO DEFINIDO,Inexistentes,Betuminoso,Recta,Em patamar,Berma pavimentada,Em plena via,Direita
2011557259,2011:07:25 12:35:00,01/25/00,07/01/00,01/01/00,Guarda Nacional Republicana,50.0,50.0,Segunda-Feira,,,0,0,1,Estrada sem separador,Seco e limpo,Porto,Felgueiras,Lagares,LUGAR DA IGREJA,LUGAR DA IGREJA,Arruamento,0,Em bom estado,,Bom tempo,Dois sentidos,Fora da intersecção,Dentro das localidades,Em pleno dia,Sem marcas rodoviárias ou pouco visíveis,Colisão com veiculo ou obstáculo na faixa de rodagem,NÃO DEFINIDO,Inexistentes,NÃO DEFINIDO,NÃO DEFINIDO,Inexistentes,Betuminoso,Recta,Com inclinação,Sem berma ou impraticável,Em plena via,Direita
2013750188,2013:07:15 15:00:00,01/15/00,07/01/00,01/01/00,Guarda Nacional Republicana,50.0,50.0,Segunda-Feira,"39,593891","-8,386315",0,0,1,Estrada sem separador,Seco e limpo,Leiria,Pombal,Almagreira,Almagreira (Ribeira de Lagares),Rua de Pombal,Arruamento,0,Em estado regular,,Bom tempo,Dois sentidos,Fora da intersecção,Dentro das localidades,Em pleno dia,Sem marcas rodoviárias ou pouco visíveis,Despiste simples,NÃO DEFINIDO,Inexistentes,NÃO DEFINIDO,Outros,Inexistentes,Betuminoso,Curva,Em patamar,Berma não pavimentada,Em plena via,Direita
20171288278,2017:07:19 08:15:00,01/19/00,07/01/00,01/01/00,Guarda Nacional Republicana,50.0,50.0,Quarta-Feira ,"39,006681","-9,290492",0,0,1,Estrada sem separador,Molhado,Lisboa,Mafra,União das freguesias de Azueira e Sobral da Abelheira,Freiria,Dr.Freitas Ribeiro,Arruamento,0,Em bom estado,,Chuva,Dois sentidos,Fora da intersecção,Dentro das localidades,Em pleno dia,Sem marcas rodoviárias ou pouco visíveis,Colisão com veiculo ou obstáculo na faixa de rodagem,NÃO DEFINIDO,Inexistentes,NÃO DEFINIDO,Outros,Inexistentes,Betuminoso,Curva,Em patamar,Sem berma ou impraticável,Em plena via,Direita
2015987777,2015:07:22 09:30:00,01/22/00,07/01/00,01/01/00,Guarda Nacional Republicana,50.0,50.0,Quarta-Feira ,"41,249378","-8,287129",0,0,3,Estrada sem separador,Seco e limpo,Braga,Vila Nova de Famalicao,Requião,,,EN - Estrada Nacional,EN206,Em bom estado,25.7,Bom tempo,Dois sentidos,Fora da intersecção,Dentro das localidades,Em pleno dia,Com marcas - separadoras de sentido de trânsito,Colisão choque em cadeia,NÃO DEFINIDO,Inexistentes,NÃO DEFINIDO,Proibição de ultrapassagem,Inexistentes,Betuminoso,Recta,Em patamar,Berma não pavimentada,Em plena via,Direita
2015989587,2015:07:24 12:00:00,01/24/00,07/01/00,01/01/00,Guarda Nacional Republicana,90.0,90.0,Sexta-Feira  ,"40,417254","-8,103102",0,0,1,Estrada sem separador,Molhado,Viseu,Vouzela,União das freguesias de Cambra e Carvalhal de Vermilhas,Laveiros de Baixo,,EM - Estrada Municipal,EM1209,Em estado regular,0.001,Chuva,Dois sentidos,Fora da intersecção,Fora das localidades,Em pleno dia,Sem marcas rodoviárias ou pouco visíveis,Despiste com capotamento,NÃO DEFINIDO,Inexistentes,NÃO DEFINIDO,Proibição de ultrapassagem,Inexistentes,Betuminoso,Curva,Em patamar,Sem berma ou impraticável,Em plena via,Direita
2014855077,2014:07:04 03:20:00,01/04/00,07/01/00,01/01/00,Guarda Nacional Republicana,50.0,50.0,Sexta-Feira  ,"41,133345","-8,320663",0,0,1,Estrada sem separador,Seco e limpo,Porto,Valongo,Alfena,Alfena,Rua São Vicente,Arruamento,0,Em bom estado,,Bom tempo,Dois sentidos,Em entroncamento,Dentro das localidades,"Noite, com iluminação",Com marcas - separadoras de sentido de trânsito,Despiste simples,NÃO DEFINIDO,Inexistentes,NÃO DEFINIDO,NÃO DEFINIDO,Inexistentes,Betuminoso,Curva,Em patamar,Sem berma ou impraticável,Em plena via,Direita
20171170782,2016:07:11 19:43:00,01/11/00,07/01/00,01/01/00,Guarda Nacional Republicana,50.0,50.0,Segunda-Feira,"39,117860","-9,372080",0,0,1,Estrada sem separador,Seco e limpo,Lisboa,Torres Vedras,Silveira,BOAVISTA,RUA PINHAL DO ABRIGO,Arruamento,0,Em estado regular,,Bom tempo,Dois sentidos,Fora da intersecção,Dentro das localidades,Em pleno dia,Com marcas - separadoras de sentido de trânsito,Colisão traseira com outro veículo em movimento,NÃO DEFINIDO,Inexistentes,NÃO DEFINIDO,NÃO DEFINIDO,Inexistentes,Betuminoso,Recta,Em patamar,Berma pavimentada,Em plena via,Direita
20171172730,2016:07:20 14:15:00,01/20/00,07/01/00,01/01/00,Guarda Nacional Republicana,50.0,50.0,Quarta-Feira ,"41,132072","-8,092045",0,0,1,Estrada sem separador,Seco e limpo,Porto,Marco de Canaveses,Livração,RUA DA SOBREIRA,RUA DA SOBREIRA,Arruamento,0,Em estado regular,,Bom tempo,Dois sentidos,Fora da intersecção,Dentro das localidades,Em pleno dia,Sem marcas rodoviárias ou pouco visíveis,Colisão lateral com outro veículo em movimento,NÃO DEFINIDO,Inexistentes,NÃO DEFINIDO,NÃO DEFINIDO,Inexistentes,Betuminoso,Curva,Em patamar,Berma não pavimentada,Em plena via,Direita
2013703934,2013:07:14 20:05:00,01/14/00,07/01/00,01/01/00,Polícia de Segurança Pública,40.0,50.0,Domingo      ,"39,405589","-9,128651",0,1,0,Outra via,Seco e limpo,Leiria,Caldas da Rainha,Caldas da Rainha (N Senhora do Pópu,,Rua Diário de Notícias,Arruamento,0,Em estado regular,,Bom tempo,Dois sentidos,Fora da intersecção,Dentro das localidades,Aurora ou crepúsculo,Sem marcas rodoviárias ou pouco visíveis,Despiste sem dispositivo de retenção,NÃO DEFINIDO,Inexistentes,NÃO DEFINIDO,NÃO DEFINIDO,Inexistentes,Betuminoso,Recta,Em patamar,Berma pavimentada,Em plena via,Direita
20171172796,2016:07:20 18:00:00,01/20/00,07/01/00,01/01/00,Guarda Nacional Republicana,50.0,50.0,Quarta-Feira ,"38,516004","-8,447455",0,0,2,Estrada sem separador,Seco e limpo,Santarém,Benavente,Santo Estêvão,S.ESTEVÃO,,EN - Estrada Nacional,EN118-1,Em bom estado,"15,28",Bom tempo,Dois sentidos,Em entroncamento,Dentro das localidades,Em pleno dia,Sem marcas rodoviárias ou pouco visíveis,Colisão lateral com outro veículo em movimento,NÃO DEFINIDO,Inexistentes,NÃO DEFINIDO,Stop,Inexistentes,Betuminoso,Recta,Em patamar,Berma pavimentada,Em plena via,Direita
2013703245,2013:07:17 18:35:00,01/17/00,07/01/00,01/01/00,Polícia de Segurança Pública,50.0,50.0,Quarta-Feira ,"37,095557","-8,670200",0,0,1,Outra via,Seco e limpo,Faro,Lagos,Lagos (São Sebastião),Lagos,Avenida Comunidades Portuguesas,Arruamento,0,Em bom estado,,Bom tempo,Dois sentidos,Em cruzamento,Dentro das localidades,Em pleno dia,Com marcas - separadoras de sentido e de vias de trânsito,Colisão lateral com outro veículo em movimento,NÃO DEFINIDO,Inexistentes,NÃO DEFINIDO,Outros,Intermitente,Betuminoso,Recta,Com inclinação,Sem berma ou impraticável,Em plena via,Direita
2011555384,2011:07:06 22:00:00,01/06/00,07/01/00,01/01/00,Guarda Nacional Republicana,50.0,50.0,Quarta-Feira ,"40,391136","-8,737043",0,0,2,Estrada sem separador,Seco e limpo,Coimbra,Mira,Mira,ERMIDA,,EN - Estrada Nacional,EN109,Em bom estado,88.4,Bom tempo,Dois sentidos,Fora da intersecção,Dentro das localidades,"Noite, com iluminação",Com marcas - separadoras de sentido de trânsito,Colisão lateral com outro veículo em movimento,NÃO DEFINIDO,Inexistentes,NÃO DEFINIDO,Proibição de ultrapassagem,Inexistentes,Betuminoso,Curva,Em patamar,Berma pavimentada,Em plena via,Direita
2011557342,2011:07:20 19:00:00,01/20/00,07/01/00,01/01/00,Guarda Nacional Republicana,90.0,90.0,Quarta-Feira ,"38,940646","-8,840404",0,0,1,Estrada sem separador,Seco e limpo,Santarém,Benavente,Benavente,BENAVENTE,,EN - Estrada Nacional,EN118,Em bom estado,36.5,Bom tempo,Dois sentidos,Fora da intersecção,Fora das localidades,Em pleno dia,Com marcas - separadoras de sentido de trânsito,Colisão choque em cadeia,NÃO DEFINIDO,Correctamente sinalizados,NÃO DEFINIDO,Outros,Inexistentes,Betuminoso,Recta,Em patamar,Berma pavimentada,Em plena via,Direita
20191768878,2019:07:20 02:54:00,01/20/00,07/01/00,01/01/00,Guarda Nacional Republicana,50.0,50.0,Sábado       ,"40,018840","-8,579024",0,1,0,Estrada sem separador,Seco e limpo,Leiria,Pombal,Redinha,Redinha,,IC - Itinerário Complementar,IC2,Em estado regular,"162,195",Bom tempo,Dois sentidos,Fora da intersecção,Fora das localidades,"Noite, com iluminação",Com marcas - separadoras de sentido e de vias de trânsito,Colisão frontal,NÃO DEFINIDO,Inexistentes,NÃO DEFINIDO,NÃO DEFINIDO,A funcionar normalmente,Betuminoso,Recta,Em patamar,Berma pavimentada,Em plena via,Direita
20171286281,2017:07:10 16:40:00,01/10/00,07/01/00,01/01/00,Guarda Nacional Republicana,50.0,50.0,Segunda-Feira,"41,403549","-8,214765",0,0,1,Estrada sem separador,Seco e limpo,Porto,Felgueiras,Jugueiros,Jugueiros,Rua 25 de Abril,Arruamento,0,Em bom estado,,Bom tempo,Dois sentidos,Fora da intersecção,Dentro das localidades,Em pleno dia,Com marcas - separadoras de sentido de trânsito,Despiste simples,NÃO DEFINIDO,Inexistentes,NÃO DEFINIDO,NÃO DEFINIDO,Inexistentes,Terra batida,Curva,Com inclinação,Berma pavimentada,Em plena via,Direita
20191776367,2019:07:31 19:00:00,01/31/00,07/01/00,01/01/00,Guarda Nacional Republicana,50.0,50.0,Quarta-Feira ,"41,678940","-8,185055",0,0,1,Estrada sem separador,Seco e limpo,Braga,Terras de Bouro,Rio Caldo,Rio Caldo,,EN - Estrada Nacional,EN304,Em estado regular,"75,95",Bom tempo,Dois sentidos,Fora da intersecção,Dentro das localidades,Em pleno dia,Com marcas - separadoras de sentido de trânsito,Colisão frontal,NÃO DEFINIDO,Inexistentes,NÃO DEFINIDO,NÃO DEFINIDO,Inexistentes,Betuminoso,Recta,Com inclinação,Sem berma ou impraticável,Em plena via,Direita
20181478367,2018:07:22 23:30:00,01/22/00,07/01/00,01/01/00,Polícia de Segurança Pública,50.0,50.0,Domingo      ,"40,228967","-8,430719",0,0,1,Estrada sem separador,Seco e limpo,Coimbra,Coimbra,União das freguesias de Eiras e São Paulo de Frades,Coimbra,Rua Cidade de Cambridge                                                                             ,Arruamento,0,Em estado regular,,Bom tempo,Dois sentidos,Fora da intersecção,Dentro das localidades,"Noite, com iluminação",Com marcas - separadoras de sentido e de vias de trânsito,Despiste simples,NÃO DEFINIDO,Inexistentes,NÃO DEFINIDO,Passagem de peões,Inexistentes,Betuminoso,Recta,Em Lomba,Sem berma ou impraticável,Em plena via,Direita
20181488519,2018:07:31 05:45:00,01/31/00,07/01/00,01/01/00,Guarda Nacional Republicana,50.0,50.0,Terça-Feira  ,"41,039734","-8,270233",0,0,1,Estrada sem separador,Com óleo,Aveiro,Castelo de Paiva,União das freguesias de Sobrado e Bairros,Castelo de Paiva,Rua Sá Carneiro,Arruamento,0,Em estado regular,,Bom tempo,Dois sentidos,Fora da intersecção,Dentro das localidades,"Noite, sem iluminação",Sem marcas rodoviárias ou pouco visíveis,Despiste simples,NÃO DEFINIDO,Inexistentes,NÃO DEFINIDO,Passagem de peões,Inexistentes,Calçada,Curva,Em patamar,Berma pavimentada,Em plena via,Direita
20171271135,2017:07:10 17:15:00,01/10/00,07/01/00,01/01/00,Polícia de Segurança Pública,50.0,50.0,Segunda-Feira,"38,643350","-9,053612",0,0,1,Estrada sem separador,Seco e limpo,Setúbal,Barreiro,"União das freguesias de Alto do Seixalinho, Santo André e Verderena",Quinta da Lomba,Rua Duarte Pacheco Pereira                                                                          ,Arruamento,0,Em estado regular,,Bom tempo,Dois sentidos,Em ramo de ligação - entrada,Dentro das localidades,Em pleno dia,Sem marcas rodoviárias ou pouco visíveis,Colisão choque em cadeia,NÃO DEFINIDO,Inexistentes,NÃO DEFINIDO,Outros,Inexistentes,Betuminoso,Recta,Em patamar,Berma pavimentada,Em plena via,Direita
2012631684,2012:07:20 10:00:00,01/20/00,07/01/00,01/01/00,Guarda Nacional Republicana,100.0,120.0,Sexta-Feira  ,"41,414924","-8,758685",0,0,1,Auto-estrada,Seco e limpo,Porto,Povoa de Varzim,Navais,Navais,,A  - Auto-Estrada,A28,Em bom estado,34.5,Bom tempo,Sentido único,Fora da intersecção,Fora das localidades,Em pleno dia,Com marcas - separadoras de sentido e de vias de trânsito,Despiste com capotamento,NÃO DEFINIDO,Inexistentes,No sentido decrescente da quilometragem,NÃO DEFINIDO,Inexistentes,Betuminoso,Recta,Em patamar,Berma pavimentada,Em plena via,Esquerda
20171280454,2017:07:23 03:15:00,01/23/00,07/01/00,01/01/00,Polícia de Segurança Pública,50.0,50.0,Domingo      ,"41,163954","-8,589766",0,0,1,Outra via,Seco e limpo,Porto,Porto,Bonfim,Porto,Avenida Fernão de Magalhães                                                                         ,Arruamento,0,Em estado regular,,Bom tempo,Dois sentidos,Em cruzamento,Dentro das localidades,"Noite, com iluminação",Com marcas - separadoras de sentido e de vias de trânsito,Colisão lateral com outro veículo em movimento,NÃO DEFINIDO,Inexistentes,No sentido crescente da quilometragem,Outros,A funcionar normalmente,Betuminoso,Recta,Em patamar,Sem berma ou impraticável,Em plena via,Direita
20191713980,2019:07:01 15:25:00,01/01/00,07/01/00,01/01/00,Polícia de Segurança Pública,50.0,50.0,Segunda-Feira,"0,0","0,0",0,0,1,Estrada sem separador,Molhado,Porto,Maia,Cidade da Maia,Maia,Rotunda da A-41,Arruamento,0,Em bom estado,,Bom tempo,Dois sentidos,Em rotunda,Dentro das localidades,Em pleno dia,Com marcas - separadoras de sentido de trânsito,Colisão traseira com outro veículo em movimento,NÃO DEFINIDO,Inexistentes,NÃO DEFINIDO,Outros,Inexistentes,Betuminoso,Curva,Com inclinação,Sem berma ou impraticável,Em plena via,Direita
20191720062,2019:07:20 18:45:00,01/20/00,07/01/00,01/01/00,Polícia de Segurança Pública,50.0,50.0,Sábado       ,"0,0","0,0",0,0,1,Estrada sem separador,Seco e limpo,Lisboa,Amadora,Venteira,Amadora,Rua Alfredo Keil                                                                                    ,Arruamento,0,Em estado regular,,Bom tempo,Sentido único,Em cruzamento,Dentro das localidades,Em pleno dia,Sem marcas rodoviárias ou pouco visíveis,Colisão lateral com outro veículo em movimento,NÃO DEFINIDO,Inexistentes,NÃO DEFINIDO,Stop,Inexistentes,Betuminoso,Recta,Em Lomba,Berma pavimentada,Em plena via,Direita
20191769960,2019:07:05 14:30:00,01/05/00,07/01/00,01/01/00,Guarda Nacional Republicana,50.0,50.0,Sexta-Feira  ,"39,030220","-8,980336",0,0,1,Estrada sem separador,Seco e limpo,Lisboa,Alenquer,União das freguesias de Carregado e Cadafais,Carregado,,EN - Estrada Nacional,EN1,Em estado regular,"32,4",Bom tempo,Dois sentidos,Fora da intersecção,Dentro das localidades,Em pleno dia,Com marcas - separadoras de sentido de trânsito,Colisão lateral com outro veículo em movimento,NÃO DEFINIDO,Inexistentes,NÃO DEFINIDO,NÃO DEFINIDO,Inexistentes,Betuminoso,Recta,Em patamar,Berma não pavimentada,Em plena via,Direita
20171287573,2017:07:16 06:00:00,01/16/00,07/01/00,01/01/00,Guarda Nacional Republicana,60.0,120.0,Domingo      ,"37,095656","-7,917173",0,0,1,Auto-estrada,Seco e limpo,Faro,Faro,União das freguesias de Conceição e Estoi,Estói,,A  - Auto-Estrada,A22,Em bom estado,"81,4",Bom tempo,Sentido único,Em via de desaceleração,Fora das localidades,"Noite, sem iluminação",Com marcas - separadoras de sentido e de vias de trânsito,Colisão frontal,NÃO DEFINIDO,Inexistentes,No sentido decrescente da quilometragem,NÃO DEFINIDO,Inexistentes,Betuminoso,Recta,Em patamar,Berma pavimentada,Em plena via,Direita
2010479547,2010:07:10 11:20:00,01/10/00,07/01/00,01/01/00,Guarda Nacional Republicana,50.0,50.0,Sábado       ,"39,428102","-9,130843",0,0,1,Estrada sem separador,Seco e limpo,Leiria,Caldas da Rainha,Tornada,TORNADA,,EN - Estrada Nacional,EN8,Em bom estado,93.4,Bom tempo,Dois sentidos,Fora da intersecção,Dentro das localidades,Em pleno dia,Com marcas - separadoras de sentido de trânsito,Colisão traseira com outro veículo em movimento,NÃO DEFINIDO,Inexistentes,NÃO DEFINIDO,Outros,Inexistentes,Betuminoso,Recta,Em patamar,Sem berma ou impraticável,Em plena via,Direita
2015988630,2015:07:13 00:50:00,01/13/00,07/01/00,01/01/00,Guarda Nacional Republicana,50.0,50.0,Segunda-Feira,"40,099280","-8,127097",0,0,1,Estrada sem separador,Seco e limpo,Coimbra,Lousa,Serpins,,,EM - Estrada Municipal,EM1224,Em estado regular,,Bom tempo,Dois sentidos,Fora da intersecção,Dentro das localidades,"Noite, com iluminação",Sem marcas rodoviárias ou pouco visíveis,Colisão com veiculo ou obstáculo na faixa de rodagem,NÃO DEFINIDO,Inexistentes,NÃO DEFINIDO,NÃO DEFINIDO,Inexistentes,Betuminoso,Curva,Em patamar,Sem berma ou impraticável,Em plena via,Direita
2011557389,2011:07:28 08:14:00,01/28/00,07/01/00,01/01/00,Guarda Nacional Republicana,50.0,50.0,Quinta-Feira ,"39,52150","8,55537",0,0,1,Estrada sem separador,Seco e limpo,Leiria,Marinha Grande,Vieira de Leiria,VIEIRA DE LEIRIA,R PROF GILBERTO CORREIA ROSEIRO,Arruamento,0,Em bom estado,,Bom tempo,Sentido único,Em entroncamento,Dentro das localidades,Em pleno dia,Sem marcas rodoviárias ou pouco visíveis,Colisão com veiculo ou obstáculo na faixa de rodagem,NÃO DEFINIDO,Inexistentes,NÃO DEFINIDO,Stop,Inexistentes,Betuminoso,Recta,Em patamar,Berma pavimentada,Em plena via,Direita
2013750271,2013:07:04 20:30:00,01/04/00,07/01/00,01/01/00,Guarda Nacional Republicana,50.0,50.0,Quinta-Feira ,"41,363478","-8,229867",0,0,1,Estrada sem separador,Seco e limpo,Braga,Braga,Navarra,Navarra,Avª Doutor Domingos Soares,Arruamento,0,Em estado regular,,Bom tempo,Dois sentidos,Fora da intersecção,Dentro das localidades,Aurora ou crepúsculo,Sem marcas rodoviárias ou pouco visíveis,Atropelamento com fuga,NÃO DEFINIDO,Inexistentes,NÃO DEFINIDO,NÃO DEFINIDO,Inexistentes,Betuminoso,Recta,Com inclinação,Berma não pavimentada,Na berma,Direita
2015953627,2015:07:02 18:00:00,01/02/00,07/01/00,01/01/00,Polícia de Segurança Pública,50.0,50.0,Quinta-Feira ,"38,790029","-9,168609",0,0,2,Estrada sem separador,Seco e limpo,Lisboa,Odivelas,União das freguesias de Póvoa de Santo Adrião e Olival Basto,Olival Basto,Calçada de Carriche,Arruamento,0,Em estado regular,,Bom tempo,Sentido único,Fora da intersecção,Dentro das localidades,Em pleno dia,Com marcas - separadoras de sentido e de vias de trânsito,Colisão lateral com outro veículo em movimento,NÃO DEFINIDO,Inexistentes,NÃO DEFINIDO,NÃO DEFINIDO,Inexistentes,Betuminoso,Recta,Em patamar,Berma pavimentada,Em plena via,Direita
20191749600,2019:07:22 23:45:00,01/22/00,07/01/00,01/01/00,Guarda Nacional Republicana,50.0,50.0,Segunda-Feira,"41,323610","-7,625005",0,0,1,Estrada sem separador,Com gravilha ou areia,Vila Real,Vila Real,União das freguesias de Mouçós e Lamares,Lamares,,Outra Via,0,Em estado regular,,Bom tempo,Dois sentidos,Fora da intersecção,Fora das localidades,"Noite, sem iluminação",Sem marcas rodoviárias ou pouco visíveis,Despiste simples,NÃO DEFINIDO,Inexistentes,NÃO DEFINIDO,NÃO DEFINIDO,Inexistentes,Terra batida,Curva,Com inclinação,Sem berma ou impraticável,Em plena via,Direita
2012622188,2012:07:23 11:00:00,01/23/00,07/01/00,01/01/00,Polícia de Segurança Pública,50.0,50.0,Segunda-Feira,"0,00","0,00",0,0,1,Outra via,Húmido,Lisboa,Oeiras,Oeiras e São Julião da Barra,Oeiras,Rua José Malhoa,Arruamento,0,Em estado regular,,Bom tempo,Dois sentidos,Fora da intersecção,Dentro das localidades,Em pleno dia,Com marcas - separadoras de sentido e de vias de trânsito,Colisão com outras situações,NÃO DEFINIDO,Inexistentes,NÃO DEFINIDO,Outros,Inexistentes,Betuminoso,Recta,Em patamar,Berma pavimentada,Em plena via,Direita
20191778827,2019:07:21 06:30:00,01/21/00,07/01/00,01/01/00,Guarda Nacional Republicana,50.0,50.0,Domingo      ,"40,911090","-7,511870",0,0,1,Estrada sem separador,Seco e limpo,Viseu,Sernancelhe,Vila da Ponte,Vila da Ponte,,EN - Estrada Nacional,EN226,Em bom estado,"57,68",Bom tempo,Dois sentidos,Em entroncamento,Dentro das localidades,Em pleno dia,Com marcas - separadoras de sentido de trânsito,Despiste simples,NÃO DEFINIDO,Inexistentes,NÃO DEFINIDO,Proibição de ultrapassagem,Inexistentes,Betuminoso,Curva,Em patamar,Berma pavimentada,Em plena via,Direita
2014856753,2014:07:18 18:30:00,01/18/00,07/01/00,01/01/00,Guarda Nacional Republicana,50.0,60.0,Sexta-Feira  ,"41,451331","-8,177326",0,0,1,Estrada sem separador,Seco e limpo,Braga,Fafe,Fafe,Fafe,Rua dos Aliados,Arruamento,0,Em estado regular,,Bom tempo,Dois sentidos,Fora da intersecção,Dentro das localidades,Em pleno dia,Com marcas - separadoras de sentido de trânsito,Atropelamento de peões,NÃO DEFINIDO,Inexistentes,NÃO DEFINIDO,Passagem de peões,Inexistentes,Betão de cimento,Recta,Em patamar,Berma pavimentada,Em plena via,Direita
2014854482,2014:07:08 13:20:00,01/08/00,07/01/00,01/01/00,Guarda Nacional Republicana,50.0,50.0,Terça-Feira  ,"41,315889","-8,678759",0,0,1,Estrada sem separador,Seco e limpo,Porto,Vila do Conde,Gião,Gião,Rua Algares,Arruamento,0,Em estado regular,,Bom tempo,Dois sentidos,Fora da intersecção,Dentro das localidades,Em pleno dia,Sem marcas rodoviárias ou pouco visíveis,Despiste simples,NÃO DEFINIDO,Inexistentes,NÃO DEFINIDO,Outros,Inexistentes,Calçada,Recta,Em patamar,Berma não pavimentada,Em plena via,Direita
20191768667,2019:07:24 23:00:00,01/24/00,07/01/00,01/01/00,Guarda Nacional Republicana,50.0,50.0,Quarta-Feira ,"41,362060","-8,363288",0,0,1,Estrada sem separador,Seco e limpo,Porto,Santo Tirso,"União das freguesias de Campo (São Martinho), São Salvador do Campo e Negrelos (São Mamede)",S. M. CAMPO,Rua João Evangelista Faria e Almeida,Arruamento,0,Em bom estado,,Bom tempo,Dois sentidos,Fora da intersecção,Dentro das localidades,"Noite, com iluminação",Com marcas - separadoras de sentido de trânsito,Colisão com outras situações,NÃO DEFINIDO,Inexistentes,NÃO DEFINIDO,NÃO DEFINIDO,Inexistentes,Betuminoso,Recta,Em patamar,Sem berma ou impraticável,Em plena via,Direita
2015954371,2015:07:04 17:40:00,01/04/00,07/01/00,01/01/00,Polícia de Segurança Pública,50.0,50.0,Sábado       ,"41,363385","-8,741739",0,0,1,Estrada sem separador,Seco e limpo,Porto,Vila do Conde,Vila do Conde,Vila do Conde,Rua Dom Sancho I                                                                                    ,Arruamento,0,Em bom estado,,Bom tempo,Dois sentidos,Fora da intersecção,Dentro das localidades,Em pleno dia,Com marcas - separadoras de sentido de trânsito,Despiste simples,NÃO DEFINIDO,Inexistentes,NÃO DEFINIDO,Outros,Inexistentes,Betuminoso,Recta,Em patamar,Sem berma ou impraticável,Em plena via,Direita