Id. Acidente,Datahora,Dia,Mês,Hora,Entidades Fiscalizadoras,Velocidade local,Velocidade geral,Dia da Semana,Latitude GPS,Longitude GPS,Num. Mortos a 30 dias,Num. Feridos graves a 30 dias,Num. Feridos ligeiros a 30 dias,Características Tecnicas1,Cond Aderência,Distrito,Concelho,Freguesia,Pov. Proxima,Nome arruamento,Tipos Vias,Cod Via,Estado Conservação,Km,Factores Atmosféricos,Reg Circulação1,Intersecção Vias,Localizações,Luminosidade,Marca Via,Natureza,Obras Arte,Obstáculos,Sentidos,Sinais,Sinais Luminosos,Tipo Piso,Traçado 1,Traçado 2,Traçado 3,Traçado 4,Via Trânsito
2014823160,2014:07:11 19:40:00,01/11/00,07/01/00,01/01/00,Polícia de Segurança Pública,50.0,50.0,Sexta-Feira  ,"38,705594","-9,436080",0,1,0,Estrada sem separador,Seco e limpo,Lisboa,Cascais,União das freguesias de Cascais e Estoril,Cascais,Rua Joaquim Ereira                                                                                  ,Arruamento,0,Em bom estado,,Bom tempo,Dois sentidos,Em entroncamento,Dentro das localidades,Aurora ou crepúsculo,Com marcas - separadoras de sentido de trânsito,Colisão frontal,NÃO DEFINIDO,Inexistentes,NÃO DEFINIDO,NÃO DEFINIDO,Inexistentes,Betuminoso,Recta,Com inclinação,Berma pavimentada,Em plena via,Direita
2015987772,2015:07:31 22:00:00,01/31/00,07/01/00,01/01/00,Guarda Nacional Republicana,50.0,50.0,Sexta-Feira  ,"41,292253","-8,340016",0,0,1,Estrada sem separador,Seco e limpo,Braga,Barcelos,União das freguesias de Carreira e Fonte Coberta,,,EN - Estrada Nacional,EN204,Em bom estado,26.7,Bom tempo,Dois sentidos,Em cruzamento,Dentro das localidades,"Noite, com iluminação",Com marcas - separadoras de sentido de trânsito,Colisão frontal,NÃO DEFINIDO,Inexistentes,NÃO DEFINIDO,Stop,Inexistentes,Betuminoso,Recta,Em patamar,Berma pavimentada,Em plena via,Direita
2015987498,2015:07:25 16:00:00,01/25/00,07/01/00,01/01/00,Guarda Nacional Republicana,100.0,100.0,Sábado       ,"41,071572","-8,374571",1,0,0,Auto-estrada,Seco e limpo,Porto,Vila Nova de Gaia,União das freguesias de Santa Marinha e São Pedro da Afurada,Coimbrões,,A  - Auto-Estrada,A44,Em bom estado,4.45,Bom tempo,Sentido único,Em entroncamento,Fora das localidades,Em pleno dia,Com marcas - separadoras de sentido e de vias de trânsito,Despiste com transposição do dispositivo de retenção lateral,NÃO DEFINIDO,Inexistentes,No sentido crescente da quilometragem,Outros,Inexistentes,Betuminoso,Recta,Com inclinação,Berma pavimentada,Na berma,Direita
2012630521,2012:07:04 19:15:00,01/04/00,07/01/00,01/01/00,Guarda Nacional Republicana,50.0,50.0,Quarta-Feira ,,,0,0,1,Outra via,Seco e limpo,Faro,Albufeira,Albufeira,Albufeira,Avª Descobrimentos,Arruamento,0,Em bom estado,,Bom tempo,Sentido único,Fora da intersecção,Dentro das localidades,Em pleno dia,Sem marcas rodoviárias ou pouco visíveis,Colisão traseira com outro veículo em movimento,NÃO DEFINIDO,Inexistentes,No sentido crescente da quilometragem,Passagem de peões,Inexistentes,Betuminoso,Recta,Com inclinação,Berma pavimentada,Em plena via,Direita
2010477615,2010:07:04 05:15:00,01/04/00,07/01/00,01/01/00,Guarda Nacional Republicana,50.0,50.0,Domingo      ,"40,876872","-8,418197",0,0,1,Estrada sem separador,Seco e limpo,Aveiro,Oliveira de Azemeis,Oliveira de Azeméis,CARREGOSA,,EN - Estrada Nacional,EN227,Em estado regular,6.15,Bom tempo,Dois sentidos,Fora da intersecção,Dentro das localidades,Em pleno dia,Com marcas - separadoras de sentido de trânsito,Despiste simples,NÃO DEFINIDO,Inexistentes,NÃO DEFINIDO,NÃO DEFINIDO,Inexistentes,Betuminoso,Recta,Em patamar,Berma pavimentada,Em plena via,Direita
2010478855,2010:07:02 12:55:00,01/02/00,07/01/00,01/01/00,Guarda Nacional Republicana,50.0,50.0,Sexta-Feira  ,"40,11554","8,49061",0,0,1,Estrada sem separador,Seco e limpo,Coimbra,Figueira da Foz,Brenha,BRENHA,R DAS ALHADAS,Arruamento,0,Em bom estado,,Bom tempo,Dois sentidos,Fora da intersecção,Dentro das localidades,Em pleno dia,Sem marcas rodoviárias ou pouco visíveis,Despiste simples,NÃO DEFINIDO,Inexistentes,NÃO DEFINIDO,Proibição de ultrapassagem,Inexistentes,Betuminoso,Recta,Em patamar,Sem berma ou impraticável,Em plena via,Direita
2015963751,2015:07:28 16:00:00,01/28/00,07/01/00,01/01/00,Polícia de Segurança Pública,50.0,50.0,Terça-Feira  ,"38,692563","-9,314360",0,0,1,Estrada sem separador,Seco e limpo,Lisboa,Oeiras,"União das freguesias de Oeiras e São Julião da Barra, Paço de Arcos e Caxias",,Largo Marquês Pombal                                                                                ,Arruamento,0,Em estado regular,,Bom tempo,Sentido único,Fora da intersecção,Dentro das localidades,Em pleno dia,Sem marcas rodoviárias ou pouco visíveis,Despiste sem dispositivo de retenção,NÃO DEFINIDO,Inexistentes,NÃO DEFINIDO,Outros,Inexistentes,Betuminoso,Recta,Em patamar,Sem berma ou impraticável,Em plena via,Direita
20181485600,2018:07:14 19:10:00,01/14/00,07/01/00,01/01/00,Guarda Nacional Republicana,50.0,50.0,Sábado       ,"41,540008","-7,604870",0,0,1,Estrada sem separador,Seco e limpo,Vila Real,Vila Pouca de Aguiar,Bornes de Aguiar,Mesão Frio,,EN - Estrada Nacional,EN2,Em bom estado,"30,8",Bom tempo,Dois sentidos,Fora da intersecção,Dentro das localidades,Em pleno dia,Com marcas - separadoras de sentido de trânsito,Colisão com fuga,NÃO DEFINIDO,Inexistentes,NÃO DEFINIDO,NÃO DEFINIDO,Inexistentes,Betuminoso,Recta,Em patamar,Berma pavimentada,Em plena via,Direita
2012631652,2012:07:24 09:10:00,01/24/00,07/01/00,01/01/00,Guarda Nacional Republicana,50.0,50.0,Terça-Feira  ,"39,45193","7,55181",0,0,1,Estrada sem separador,Seco e limpo,Castelo Branco,Proenca-a-Nova,Proença-a-Nova,Proença a Nova,,Outra Via,0,Em bom estado,,Bom tempo,Dois sentidos,Fora da intersecção,Dentro das localidades,Em pleno dia,Com marcas - separadoras de sentido de trânsito,Despiste simples,NÃO DEFINIDO,Inexistentes,NÃO DEFINIDO,NÃO DEFINIDO,Inexistentes,Betuminoso,Recta,Em patamar,Berma pavimentada,Em plena via,Direita
2011542652,2011:07:25 15:20:00,01/25/00,07/01/00,01/01/00,Polícia de Segurança Pública,50.0,50.0,Segunda-Feira,"0,00","0,00",0,0,1,Estrada sem separador,Húmido,Porto,Porto,Ramalde,Porto,Praça Exército Libertador,Arruamento,0,Em estado regular,,Bom tempo,Dois sentidos,Fora da intersecção,Dentro das localidades,Em pleno dia,Com marcas - separadoras de sentido e de vias de trânsito,Atropelamento de peões,NÃO DEFINIDO,Correctamente sinalizados,NÃO DEFINIDO,Outros,A funcionar normalmente,Betuminoso,Recta,Com inclinação,Berma pavimentada,Em plena via,Direita
20161083364,2016:07:04 18:47:00,01/04/00,07/01/00,01/01/00,Polícia de Segurança Pública,50.0,50.0,Segunda-Feira,"39,419494","-9,143911",0,0,1,Estrada sem separador,Seco e limpo,Leiria,Caldas da Rainha,"União das freguesias de Caldas da Rainha - Nossa Senhora do Pópulo, Coto e São Gregório",Caldas da Rainha,RUA DOS TEXUGOS,Arruamento,0,Em bom estado,,Bom tempo,Dois sentidos,Em via de aceleração,Dentro das localidades,Em pleno dia,Sem marcas rodoviárias ou pouco visíveis,Despiste sem dispositivo de retenção,NÃO DEFINIDO,Inexistentes,NÃO DEFINIDO,Outros,Inexistentes,Betuminoso,Recta,Em patamar,Berma não pavimentada,Em plena via,Direita
2014856020,2014:07:18 16:15:00,01/18/00,07/01/00,01/01/00,Guarda Nacional Republicana,50.0,50.0,Sexta-Feira  ,"37,130713","-7,278091",0,0,1,Estrada sem separador,Seco e limpo,Faro,Castro Marim,Castro Marim,Castro Marim,,EN - Estrada Nacional,EN125-6,Em estado regular,4.3,Bom tempo,Dois sentidos,Fora da intersecção,Dentro das localidades,Em pleno dia,Com marcas - separadoras de sentido de trânsito,Colisão frontal,NÃO DEFINIDO,Inexistentes,NÃO DEFINIDO,Outros,Inexistentes,Betuminoso,Recta,Em patamar,Berma não pavimentada,Em plena via,Direita
2014856450,2014:07:08 09:05:00,01/08/00,07/01/00,01/01/00,Guarda Nacional Republicana,50.0,50.0,Terça-Feira  ,"41,226206","-7,301628",0,0,1,Estrada sem separador,Seco e limpo,Vila Real,Alijo,União das freguesias de Pópulo e Ribalonga,Pópulo,,EN - Estrada Nacional,EN212,Em estado regular,28.65,Bom tempo,Dois sentidos,Fora da intersecção,Dentro das localidades,Em pleno dia,Com marcas - separadoras de sentido de trânsito,Atropelamento de peões,NÃO DEFINIDO,Inexistentes,NÃO DEFINIDO,NÃO DEFINIDO,Inexistentes,Betuminoso,Recta,Em patamar,Berma pavimentada,Em plena via,Direita
20181469646,2018:07:15 13:20:00,01/15/00,07/01/00,01/01/00,Polícia de Segurança Pública,50.0,50.0,Domingo      ,"37,140361","-7,636728",0,0,2,Estrada sem separador,Seco e limpo,Faro,Tavira,União das freguesias de Tavira (Santa Maria e Santiago),Mato Santo Espírito,Rua da Cruz Vermelha,Arruamento,0,Em bom estado,,Bom tempo,Dois sentidos,Fora da intersecção,Dentro das localidades,Em pleno dia,Com marcas - separadoras de sentido de trânsito,Despiste sem dispositivo de retenção,NÃO DEFINIDO,Inexistentes,NÃO DEFINIDO,NÃO DEFINIDO,Inexistentes,Betuminoso,Recta,Em patamar,Berma pavimentada,Na berma,Direita
20171271438,2017:07:03 10:15:00,01/03/00,07/01/00,01/01/00,Polícia de Segurança Pública,50.0,50.0,Segunda-Feira,"39,474899","-8,533254",0,0,1,Outra via,Seco e limpo,Santarém,Torres Novas,"União das freguesias de Torres Novas (Santa Maria, Salvador e Santiago)",,Avenida 8 de Julho,Arruamento,0,Em estado regular,,Bom tempo,Sentido único,Em entroncamento,Dentro das localidades,Em pleno dia,Com marcas - separadoras de sentido de trânsito,Despiste simples,NÃO DEFINIDO,Inexistentes,NÃO DEFINIDO,Outros,Inexistentes,Betuminoso,Recta,Em patamar,Sem berma ou impraticável,Em plena via,Direita
20171174538,2016:07:28 15:30:00,01/28/00,07/01/00,01/01/00,Guarda Nacional Republicana,90.0,90.0,Quinta-Feira ,"41,108685","-7,060668",0,0,1,Outra via,Seco e limpo,Bragança,Torre de Moncorvo,Torre de Moncorvo,TORRE DE MONCORVO,,EN - Estrada Nacional,EN220,Em bom estado,1,Bom tempo,Dois sentidos,Em cruzamento,Fora das localidades,Em pleno dia,Com marcas - separadoras de sentido de trânsito,Colisão lateral com outro veículo em movimento,NÃO DEFINIDO,Inexistentes,No sentido crescente da quilometragem,Outros,Inexistentes,Betuminoso,Recta,Em patamar,Sem berma ou impraticável,Em plena via,Direita
2010466510,2010:07:12 09:30:00,01/12/00,07/01/00,01/01/00,Polícia de Segurança Pública,50.0,50.0,Segunda-Feira,"0,00","0,00",0,0,2,Outra via,Seco e limpo,Lisboa,Lisboa,Marvila,,Avenida Infante Dom Henrique,Arruamento,0,Em bom estado,,Bom tempo,Dois sentidos,Em entroncamento,Dentro das localidades,Em pleno dia,Com marcas - separadoras de sentido e de vias de trânsito,Colisão com outras situações,NÃO DEFINIDO,Inexistentes,NÃO DEFINIDO,Passagem de peões,A funcionar normalmente,Betuminoso,Recta,Em patamar,Sem berma ou impraticável,Em plena via,Direita
20181468115,2018:07:05 08:10:00,01/05/00,07/01/00,01/01/00,Polícia de Segurança Pública,50.0,50.0,Quinta-Feira ,"38,727646","-9,148787",0,0,1,Outra via,Seco e limpo,Lisboa,Lisboa,Avenidas Novas,,Avenida Fontes Pereira de Melo                                                                      ,Arruamento,0,Em bom estado,,Bom tempo,Sentido único,Em entroncamento,Dentro das localidades,Em pleno dia,Com marcas - separadoras de sentido e de vias de trânsito,Colisão lateral com outro veículo em movimento,NÃO DEFINIDO,Inexistentes,No sentido decrescente da quilometragem,Outros,A funcionar normalmente,Betuminoso,Recta,Com inclinação,Berma pavimentada,Em via ou pista reservada,Direita
20191717966,2019:07:22 16:45:00,01/22/00,07/01/00,01/01/00,Polícia de Segurança Pública,50.0,50.0,Segunda-Feira,"0,0","0,0",0,0,2,Estrada sem separador,Seco e limpo,Porto,Matosinhos,"União das freguesias de Custóias, Leça do Balio e Guifões",Leça do Balio,Rua França Borges                                                                                   ,Arruamento,0,Em bom estado,,Bom tempo,Dois sentidos,Fora da intersecção,Dentro das localidades,Em pleno dia,Com marcas - separadoras de sentido e de vias de trânsito,Despiste sem dispositivo de retenção,NÃO DEFINIDO,Inexistentes,NÃO DEFINIDO,Outros,Inexistentes,Betuminoso,Curva,Em patamar,Berma pavimentada,Em plena via,Direita
2014830760,2014:07:28 13:45:00,01/28/00,07/01/00,01/01/00,Polícia de Segurança Pública,50.0,50.0,Segunda-Feira,"40,211619","-8,428156",0,0,2,Estrada sem separador,Seco e limpo,Coimbra,Coimbra,"União das freguesias de Coimbra (Sé Nova, Santa Cruz, Almedina e São Bartolomeu)",Coimbra,Rua Olímpio Nicolau Rui Fernandes,Arruamento,0,Em estado regular,,Bom tempo,Dois sentidos,Fora da intersecção,Dentro das localidades,Em pleno dia,Com marcas - separadoras de sentido e de vias de trânsito,Colisão traseira com outro veículo em movimento,NÃO DEFINIDO,Inexistentes,NÃO DEFINIDO,NÃO DEFINIDO,A funcionar normalmente,Betuminoso,Recta,Com inclinação,Sem berma ou impraticável,Em plena via,Direita
20161085145,2016:07:14 15:25:00,01/14/00,07/01/00,01/01/00,Polícia de Segurança Pública,30.0,50.0,Quinta-Feira ,"37,134103","-7,642931",0,0,1,Estrada sem separador,Seco e limpo,Faro,Tavira,União das freguesias de Tavira (Santa Maria e Santiago),Tavira,Rua Álvaro de Campos                                                                                ,Arruamento,0,Em estado regular,,Bom tempo,Dois sentidos,Fora da intersecção,Dentro das localidades,Em pleno dia,Com marcas - separadoras de sentido de trânsito,Despiste sem dispositivo de retenção,NÃO DEFINIDO,Inexistentes,NÃO DEFINIDO,Outros,A funcionar normalmente,Betuminoso,Recta,Em patamar,Berma pavimentada,Em plena via,Direita
20171285315,2017:07:06 17:00:00,01/06/00,07/01/00,01/01/00,Guarda Nacional Republicana,50.0,50.0,Quinta-Feira ,"40,764040","-7,353369",0,0,2,Estrada sem separador,Seco e limpo,Guarda,Trancoso,União das freguesias de Trancoso (São Pedro e Santa Maria) e Souto Maior,Trancoso,Avª Heróis de São Marcos,Arruamento,0,Em estado regular,,Bom tempo,Dois sentidos,Em cruzamento,Dentro das localidades,Em pleno dia,Com marcas - separadoras de sentido de trânsito,Colisão lateral com outro veículo em movimento,NÃO DEFINIDO,Inexistentes,NÃO DEFINIDO,Stop,Inexistentes,Betuminoso,Recta,Em patamar,Sem berma ou impraticável,Em plena via,Direita
2013750237,2013:07:31 20:30:00,01/31/00,07/01/00,01/01/00,Guarda Nacional Republicana,50.0,50.0,Quarta-Feira ,"39,447133","-8,270100",0,0,1,Estrada sem separador,Seco e limpo,Leiria,Alvaiazere,Pelmá,Avanteira,Rua Nossa Senhora de Fátima,Arruamento,0,Em estado regular,,Bom tempo,Dois sentidos,Fora da intersecção,Dentro das localidades,Em pleno dia,Sem marcas rodoviárias ou pouco visíveis,Despiste com fuga,NÃO DEFINIDO,Inexistentes,NÃO DEFINIDO,NÃO DEFINIDO,Inexistentes,Betuminoso,Recta,Com inclinação,Berma não pavimentada,Em plena via,Direita
20191769723,2019:07:09 18:45:00,01/09/00,07/01/00,01/01/00,Guarda Nacional Republicana,50.0,50.0,Terça-Feira  ,"41,335360","-8,528910",0,0,1,Estrada sem separador,Seco e limpo,Porto,Trofa,União das freguesias de Bougado (São Martinho e Santiago),São Martinho Bougado,Rua Dona Goncinha - Abelheira,Arruamento,0,Em bom estado,,Bom tempo,Dois sentidos,Fora da intersecção,Dentro das localidades,Em pleno dia,Com marcas - separadoras de sentido de trânsito,Despiste simples,NÃO DEFINIDO,Inexistentes,NÃO DEFINIDO,NÃO DEFINIDO,Inexistentes,Betuminoso,Curva,Com inclinação,Berma pavimentada,Em plena via,Direita
2011502145,2010:07:22 18:45:00,01/22/00,07/01/00,01/01/00,Polícia de Segurança Pública,30.0,30.0,Quinta-Feira ,"0,00","0,00",0,0,1,Outra via,Seco e limpo,Braga,Barcelos,Arcozelo,,Rotunda das Andorinhas,Arruamento,0,Em bom estado,,Bom tempo,Sentido único,Em rotunda,Dentro das localidades,Em pleno dia,Sem marcas rodoviárias ou pouco visíveis,Despiste com capotamento,NÃO DEFINIDO,Inexistentes,NÃO DEFINIDO,NÃO DEFINIDO,Inexistentes,Betuminoso,Curva,Em patamar,Sem berma ou impraticável,Em plena via,Esquerda
20181474718,2018:07:17 08:00:00,01/17/00,07/01/00,01/01/00,Guarda Nacional Republicana,50.0,50.0,Terça-Feira  ,"37,103874","-8,381978",0,0,1,Estrada sem separador,Seco e limpo,Faro,Lagoa (Algarve),União das freguesias de Lagoa e Carvoeiro,Porches,Rua dos Pescadores,Arruamento,0,Em estado regular,,Bom tempo,Dois sentidos,Em cruzamento,Dentro das localidades,Em pleno dia,Sem marcas rodoviárias ou pouco visíveis,Despiste com colisão com veículo imobil. ou obstáculo,NÃO DEFINIDO,Inexistentes,NÃO DEFINIDO,NÃO DEFINIDO,Inexistentes,Betuminoso,Curva,Em patamar,Berma pavimentada,Em plena via,Direita
2015989483,2015:07:21 06:40:00,01/21/00,07/01/00,01/01/00,Guarda Nacional Republicana,90.0,90.0,Terça-Feira  ,"40,073035","-8,072164",0,0,3,Estrada sem separador,Húmido,Coimbra,Gois,Góis,Esporão,,EN - Estrada Nacional,EN2,Em estado regular,282.3,Nevoeiro,Dois sentidos,Fora da intersecção,Fora das localidades,Aurora ou crepúsculo,Com marcas - separadoras de sentido de trânsito,Colisão lateral com outro veículo em movimento,NÃO DEFINIDO,Inexistentes,NÃO DEFINIDO,Proibição de ultrapassagem,Inexistentes,Betuminoso,Curva,Com inclinação,Berma pavimentada,Em plena via,Direita
2010476357,2010:07:19 10:30:00,01/19/00,07/01/00,01/01/00,Guarda Nacional Republicana,50.0,50.0,Segunda-Feira,,,1,0,0,Estrada sem separador,Seco e limpo,Setúbal,Palmela,Pinhal Novo,PINHAL NOVO,R VALE ALECRIM,Arruamento,0,Em bom estado,,NÃO DEFINIDO,Dois sentidos,Em entroncamento,Dentro das localidades,Em pleno dia,Sem marcas rodoviárias ou pouco visíveis,Despiste simples,NÃO DEFINIDO,Inexistentes,NÃO DEFINIDO,NÃO DEFINIDO,Inexistentes,Betuminoso,Recta,Em patamar,Sem berma ou impraticável,Em plena via,Direita
2011557203,2011:07:25 18:40:00,01/25/00,07/01/00,01/01/00,Guarda Nacional Republicana,50.0,50.0,Segunda-Feira,"41,202713","-8,320596",0,0,1,Outra via,Seco e limpo,Porto,Penafiel,Guilhufe,GUILHUFE,,EN - Estrada Nacional,EN15,Em estado regular,27.05,Bom tempo,Dois sentidos,Em entroncamento,Dentro das localidades,Em pleno dia,Com marcas - separadoras de sentido de trânsito,Colisão traseira com outro veículo em movimento,NÃO DEFINIDO,Inexistentes,No sentido crescente da quilometragem,NÃO DEFINIDO,Inexistentes,Betuminoso,Recta,Em patamar,Berma não pavimentada,Em plena via,Direita
2010477343,2010:07:09 10:40:00,01/09/00,07/01/00,01/01/00,Guarda Nacional Republicana,,90.0,Sexta-Feira  ,"39,433837","-7,915894",0,0,1,Estrada sem separador,Seco e limpo,Portalegre,Ponte de Sor,Ponte de Sor,BARREIRAS,,EN - Estrada Nacional,EN244,Em bom estado,60.5,Bom tempo,Dois sentidos,Em entroncamento,Fora das localidades,Em pleno dia,Sem marcas rodoviárias ou pouco visíveis,Colisão traseira com outro veículo em movimento,NÃO DEFINIDO,Inexistentes,NÃO DEFINIDO,Outros,Inexistentes,Betuminoso,Recta,Em patamar,Berma não pavimentada,Em plena via,Direita
2014856217,2014:07:14 13:45:00,01/14/00,07/01/00,01/01/00,Guarda Nacional Republicana,50.0,50.0,Segunda-Feira,"39,420460","-8,188698",0,0,1,Estrada sem separador,Seco e limpo,Santarém,Ferreira do Zezere,União das freguesias de Areias e Pias,Ramal,,EM - Estrada Municipal,EM348,Em estado regular,,Bom tempo,Dois sentidos,Fora da intersecção,Fora das localidades,Em pleno dia,Sem marcas rodoviárias ou pouco visíveis,Colisão lateral com outro veículo em movimento,NÃO DEFINIDO,Inexistentes,NÃO DEFINIDO,Outros,Inexistentes,Betuminoso,Curva,Com inclinação,Sem berma ou impraticável,Em plena via,Direita
2013709085,2013:07:26 10:40:00,01/26/00,07/01/00,01/01/00,Polícia de Segurança Pública,50.0,50.0,Sexta-Feira  ,"38,786856","-9,180945",0,0,1,Estrada sem separador,Seco e limpo,Lisboa,Odivelas,Odivelas,,Avenida Dom Dinis                                                                                   ,Arruamento,0,Em estado regular,,Bom tempo,Dois sentidos,Fora da intersecção,Dentro das localidades,Em pleno dia,Com marcas - separadoras de sentido de trânsito,Atropelamento de peões,NÃO DEFINIDO,Inexistentes,NÃO DEFINIDO,Outros,Inexistentes,Betuminoso,Recta,Em patamar,Berma pavimentada,Na berma,Direita
20161081896,2016:07:01 20:30:00,01/01/00,07/01/00,01/01/00,Polícia de Segurança Pública,50.0,50.0,Sexta-Feira  ,"39,128846","-9,247027",0,0,1,Estrada sem separador,Seco e limpo,Lisboa,Torres Vedras,"União das freguesias de Torres Vedras (São Pedro, Santiago, Santa Maria do Castelo e São Miguel) e Matacães",Torres Vedras,,EN - Estrada Nacional,EN8,Em bom estado,,Bom tempo,Dois sentidos,NÃO DEFINIDO,Dentro das localidades,Em pleno dia,Com marcas - separadoras de sentido e de vias de trânsito,Despiste sem dispositivo de retenção,NÃO DEFINIDO,Inexistentes,NÃO DEFINIDO,NÃO DEFINIDO,Inexistentes,Betuminoso,Curva,Em patamar,Berma pavimentada,Em plena via,Direita
2010467453,2010:07:17 17:30:00,01/17/00,07/01/00,01/01/00,Polícia de Segurança Pública,50.0,50.0,Sábado       ,"0,00","0,00",0,0,1,Outra via,Seco e limpo,Setúbal,Montijo,Montijo,Montijo,Rua José Joaquim Marques,Arruamento,0,Em bom estado,,Bom tempo,Sentido único,Fora da intersecção,Dentro das localidades,Em pleno dia,Sem marcas rodoviárias ou pouco visíveis,Colisão lateral com outro veículo em movimento,NÃO DEFINIDO,Inexistentes,No sentido decrescente da quilometragem,Passagem de peões,Inexistentes,Betuminoso,Recta,Em patamar,Berma pavimentada,Em plena via,Esquerda
2015988914,2015:07:01 17:05:00,01/01/00,07/01/00,01/01/00,Guarda Nacional Republicana,50.0,50.0,Quarta-Feira ,"41,165943","-7,283534",0,0,1,Estrada sem separador,Seco e limpo,Vila Real,Alijo,Alijó,,Rua Doutor César Ferreira,Arruamento,0,Em bom estado,,Bom tempo,Dois sentidos,Fora da intersecção,Dentro das localidades,Em pleno dia,Com marcas - separadoras de sentido de trânsito,Despiste simples,NÃO DEFINIDO,Inexistentes,NÃO DEFINIDO,Outros,Inexistentes,Betuminoso,Curva,Com inclinação,Berma não pavimentada,Em plena via,Direita
20181479504,2018:07:22 15:15:00,01/22/00,07/01/00,01/01/00,Polícia de Segurança Pública,40.0,50.0,Domingo      ,"40,220445","-8,414318",0,1,0,Estrada sem separador,Seco e limpo,Coimbra,Coimbra,Santo António dos Olivais,Coimbra,Arruamento Interno dos CHUC,Arruamento,0,Em estado regular,,Bom tempo,Dois sentidos,Fora da intersecção,Dentro das localidades,Em pleno dia,Sem marcas rodoviárias ou pouco visíveis,Atropelamento de peões,NÃO DEFINIDO,Inexistentes,NÃO DEFINIDO,Outros,Inexistentes,Betuminoso,Recta,Em patamar,Berma pavimentada,Em plena via,Direita
20171177597,2016:07:23 14:57:00,01/23/00,07/01/00,01/01/00,Guarda Nacional Republicana,30.0,30.0,Sábado       ,"41,365947","-7,443368",1,0,0,Estrada sem separador,Seco e limpo,Vila Real,Ribeira de Pena,Canedo,CANEDO,,Outra Via,0,Em estado regular,"0,15",Bom tempo,Dois sentidos,Fora da intersecção,Fora das localidades,Em pleno dia,Sem marcas rodoviárias ou pouco visíveis,Atropelamento de peões,NÃO DEFINIDO,Inexistentes,NÃO DEFINIDO,NÃO DEFINIDO,Inexistentes,Terra batida,Recta,Com inclinação,Sem berma ou impraticável,Em plena via,Direita
20171286312,2017:07:11 06:00:00,01/11/00,07/01/00,01/01/00,Guarda Nacional Republicana,120.0,120.0,Terça-Feira  ,"40,418082","-8,313751",0,1,1,Auto-estrada,Seco e limpo,Aveiro,Estarreja,União das freguesias de Canelas e Fermelã,Febres,,A  - Auto-Estrada,A1,Em bom estado,"248,16",Bom tempo,Sentido único,Fora da intersecção,Fora das localidades,"Noite, sem iluminação",Com marcas - separadoras de sentido e de vias de trânsito,Colisão traseira com outro veículo em movimento,NÃO DEFINIDO,Inexistentes,No sentido crescente da quilometragem,NÃO DEFINIDO,Inexistentes,Betuminoso,Recta,Em patamar,Berma pavimentada,Em plena via,Direita
2013750197,2013:07:13 00:40:00,01/13/00,07/01/00,01/01/00,Guarda Nacional Republicana,50.0,90.0,Sábado       ,"39,354590","-8,518336",0,0,1,Estrada sem separador,Seco e limpo,Leiria,Porto de Mos,Pedreiras,Pedreiras,,EN - Estrada Nacional,EN1,Em bom estado,103.375,Bom tempo,Dois sentidos,Fora da intersecção,Fora das localidades,"Noite, sem iluminação",Sem marcas rodoviárias ou pouco visíveis,Despiste com colisão com veículo imobil. ou obstáculo,NÃO DEFINIDO,Insuficentemente sinalizados,NÃO DEFINIDO,Outros,Inexistentes,Betuminoso,Recta,Em patamar,Sem berma ou impraticável,Em plena via,Direita
20161083403,2016:07:07 22:30:00,01/07/00,07/01/00,01/01/00,Polícia de Segurança Pública,50.0,50.0,Quinta-Feira ,"41,194020","-8,517432",0,0,1,Estrada sem separador,Seco e limpo,Porto,Valongo,Valongo,Valongo,Rua Ribeiro Cambado                                                                                 ,Arruamento,0,Em estado regular,,Bom tempo,Sentido único,Em rotunda,Dentro das localidades,"Noite, com iluminação",Com marcas - separadoras de sentido e de vias de trânsito,Colisão lateral com outro veículo em movimento,NÃO DEFINIDO,Inexistentes,NÃO DEFINIDO,Cedência de passagem,Inexistentes,Betuminoso,Curva,Com inclinação,Berma pavimentada,Em plena via,Direita
2014854731,2014:07:13 17:40:00,01/13/00,07/01/00,01/01/00,Guarda Nacional Republicana,90.0,90.0,Domingo      ,"39,464353","-8,065558",0,0,1,Estrada sem separador,Seco e limpo,Castelo Branco,Serta,União das freguesias de Cumeada e Marmeleiro,Cumeada,,EN - Estrada Nacional,EN2,Em bom estado,351.0,Bom tempo,Dois sentidos,Em entroncamento,Fora das localidades,Em pleno dia,Com marcas - separadoras de sentido de trânsito,Despiste simples,NÃO DEFINIDO,Inexistentes,NÃO DEFINIDO,Stop,Inexistentes,Betuminoso,Recta,Com inclinação,Berma pavimentada,Na berma,Direita
20181466958,2018:07:12 17:30:00,01/12/00,07/01/00,01/01/00,Guarda Nacional Republicana,50.0,50.0,Quinta-Feira ,"39,706289","-8,402573",0,1,0,Estrada sem separador,Seco e limpo,Santarém,Ferreira do Zezere,Chãos,Chãos,"Rua Professor Mesquita, Chãos",Arruamento,0,Em bom estado,,Bom tempo,Dois sentidos,Fora da intersecção,Dentro das localidades,Em pleno dia,Com marcas - separadoras de sentido de trânsito,Colisão lateral com outro veículo em movimento,NÃO DEFINIDO,Inexistentes,NÃO DEFINIDO,NÃO DEFINIDO,Inexistentes,Betuminoso,Recta,Com inclinação,Berma pavimentada,Em plena via,Direita