Id. Acidente,Datahora,Dia,Mês,Hora,Entidades Fiscalizadoras,Velocidade local,Velocidade geral,Dia da Semana,Latitude GPS,Longitude GPS,Num. Mortos a 30 dias,Num. Feridos graves a 30 dias,Num. Feridos ligeiros a 30 dias,Características Tecnicas1,Cond Aderência,Distrito,Concelho,Freguesia,Pov. Proxima,Nome arruamento,Tipos Vias,Cod Via,Estado Conservação,Km,Factores Atmosféricos,Reg Circulação1,Intersecção Vias,Localizações,Luminosidade,Marca Via,Natureza,Obras Arte,Obstáculos,Sentidos,Sinais,Sinais Luminosos,Tipo Piso,Traçado 1,Traçado 2,Traçado 3,Traçado 4,Via Trânsito
2010479876,2010:07:04 16:10:00,01/04/00,07/01/00,01/01/00,Guarda Nacional Republicana,120.0,120.0,Domingo      ,"38,580594","-9,045595",0,0,2,Auto-estrada,Seco e limpo,Setúbal,Sesimbra,Quinta do Conde,QTA CONDE,,A  - Auto-Estrada,A2,Em bom estado,21.3,Bom tempo,Sentido único,Fora da intersecção,Fora das localidades,Em pleno dia,Com marcas - separadoras de sentido e de vias de trânsito,Despiste simples,NÃO DEFINIDO,Inexistentes,No sentido crescente da quilometragem,Outros,Inexistentes,Betuminoso,Recta,Em patamar,Berma pavimentada,Em plena via,Central
2014825137,2014:07:16 19:45:00,01/16/00,07/01/00,01/01/00,Polícia de Segurança Pública,50.0,50.0,Quarta-Feira ,"38,717370","-9,150469",0,0,1,Estrada sem separador,Seco e limpo,Lisboa,Lisboa,Misericórdia,,Rua Escola Politécnica                                                                              ,Arruamento,0,Em estado regular,,Bom tempo,Dois sentidos,Fora da intersecção,Dentro das localidades,"Noite, com iluminação",Sem marcas rodoviárias ou pouco visíveis,Colisão lateral com outro veículo em movimento,NÃO DEFINIDO,Inexistentes,NÃO DEFINIDO,Outros,Inexistentes,Betuminoso,Recta,Em patamar,Berma pavimentada,Em plena via,Direita
2011556192,2011:07:07 10:30:00,01/07/00,07/01/00,01/01/00,Guarda Nacional Republicana,50.0,50.0,Quinta-Feira ,,,0,0,1,Estrada sem separador,Seco e limpo,Porto,Baiao,Valadares,VALADARES,R PRINCIPAL DE VALADARES,Arruamento,0,Em bom estado,,Bom tempo,Dois sentidos,Fora da intersecção,Dentro das localidades,Em pleno dia,Sem marcas rodoviárias ou pouco visíveis,Colisão lateral com outro veículo em movimento,NÃO DEFINIDO,Inexistentes,NÃO DEFINIDO,Outros,Inexistentes,Betuminoso,Curva,Em patamar,Berma não pavimentada,Em plena via,Direita
2014854267,2014:07:31 15:10:00,01/31/00,07/01/00,01/01/00,Guarda Nacional Republicana,50.0,90.0,Quinta-Feira ,"40,279385","-8,278713",0,0,1,Estrada sem separador,Seco e limpo,Aveiro,Anadia,União das freguesias de Arcos e Mogofores,Mogofores - Vale Estevão,,EM - Estrada Municipal,0,Em estado regular,,Bom tempo,Dois sentidos,Fora da intersecção,Fora das localidades,Em pleno dia,Com marcas - separadoras de sentido e de vias de trânsito,Despiste simples,NÃO DEFINIDO,Inexistentes,NÃO DEFINIDO,NÃO DEFINIDO,Inexistentes,Betuminoso,Recta,Com inclinação,Berma pavimentada,Em plena via,Direita
2013752905,2013:07:22 02:31:00,01/22/00,07/01/00,01/01/00,Guarda Nacional Republicana,50.0,50.0,Segunda-Feira,"37,053328","-8,136740",0,0,2,Estrada sem separador,Seco e limpo,Faro,Albufeira,Albufeira,Albufeira,Avª Infante D Henrique,Arruamento,0,Em bom estado,,Bom tempo,Dois sentidos,Em cruzamento,Dentro das localidades,"Noite, com iluminação",Com marcas - separadoras de sentido de trânsito,Atropelamento de peões,NÃO DEFINIDO,Inexistentes,NÃO DEFINIDO,Outros,Inexistentes,Betão de cimento,Recta,Em patamar,Sem berma ou impraticável,Em plena via,Direita
2010465306,2010:07:11 14:30:00,01/11/00,07/01/00,01/01/00,Polícia de Segurança Pública,50.0,50.0,Domingo      ,"0,00","0,00",0,1,1,Estrada sem separador,Seco e limpo,Viseu,Viseu,<Sem Freguesia>,,Rotunda de Santiago,Arruamento,0,Em bom estado,,Bom tempo,Sentido único,Em rotunda,Dentro das localidades,Em pleno dia,Com marcas - separadoras de sentido e de vias de trânsito,Despiste com capotamento,NÃO DEFINIDO,Inexistentes,NÃO DEFINIDO,NÃO DEFINIDO,Inexistentes,Betuminoso,Curva,Em patamar,Berma pavimentada,Em plena via,Esquerda
2015960026,2015:07:11 15:40:00,01/11/00,07/01/00,01/01/00,Polícia de Segurança Pública,50.0,50.0,Sábado       ,"40,194643","-8,406261",0,0,1,Outra via,Seco e limpo,Coimbra,Coimbra,Santo António dos Olivais,Coimbra,Avenida Mendes Silva                                                                                ,Arruamento,0,Em estado regular,,Bom tempo,Sentido único,Em rotunda,Dentro das localidades,Em pleno dia,Com marcas - separadoras de sentido e de vias de trânsito,Atropelamento de peões,NÃO DEFINIDO,Inexistentes,No sentido crescente da quilometragem,Outros,Inexistentes,Betuminoso,Curva,Em patamar,Sem berma ou impraticável,Em plena via,Central
2010467189,2010:07:14 18:00:00,01/14/00,07/01/00,01/01/00,Polícia de Segurança Pública,50.0,50.0,Quarta-Feira ,"0,00","0,00",0,0,4,Outra via,Húmido,Lisboa,Lisboa,Nossa Senhora de Fátima,,Av. Combatentes,Arruamento,0,Em estado regular,,Bom tempo,Dois sentidos,Em entroncamento,Dentro das localidades,Sol escandeante,Com marcas - separadoras de sentido e de vias de trânsito,Despiste com dispositivo de retenção,NÃO DEFINIDO,Inexistentes,No sentido crescente da quilometragem,Outros,Inexistentes,Betuminoso,Recta,Com inclinação,Berma pavimentada,Em plena via,Direita
2011556030,2011:07:17 15:50:00,01/17/00,07/01/00,01/01/00,Guarda Nacional Republicana,90.0,90.0,Domingo      ,,,0,0,2,Outra via,Seco e limpo,Faro,Vila Real de Santo Antonio,Monte Gordo,altura,,Outra Via,0,Em bom estado,0.5,Bom tempo,Dois sentidos,Fora da intersecção,Fora das localidades,Em pleno dia,Com marcas - separadoras de sentido de trânsito,Colisão lateral com outro veículo em movimento,NÃO DEFINIDO,Inexistentes,No sentido crescente da quilometragem,NÃO DEFINIDO,Inexistentes,Betuminoso,Recta,Em patamar,Berma pavimentada,Na berma,Direita
2014856662,2014:07:15 11:15:00,01/15/00,07/01/00,01/01/00,Guarda Nacional Republicana,50.0,50.0,Terça-Feira  ,"41,386258","-8,238189",0,0,1,Estrada sem separador,Seco e limpo,Braga,Amares,Bico,,,EN - Estrada Nacional,EN205-3,Em estado regular,1.9,Bom tempo,Dois sentidos,Fora da intersecção,Dentro das localidades,Em pleno dia,Com marcas - separadoras de sentido de trânsito,Colisão lateral com outro veículo em movimento,NÃO DEFINIDO,Inexistentes,NÃO DEFINIDO,NÃO DEFINIDO,Inexistentes,Betuminoso,Recta,Em patamar,Berma não pavimentada,Em plena via,Direita
2010479899,2010:07:18 17:00:00,01/18/00,07/01/00,01/01/00,Guarda Nacional Republicana,50.0,50.0,Domingo      ,"41,698500","-8,577090",0,0,1,Estrada sem separador,Seco e limpo,Viana do Castelo,Ponte de Lima,Feitosa,FEITOSA,,EN - Estrada Nacional,EN306,Em bom estado,22.1,Bom tempo,Dois sentidos,Em entroncamento,Dentro das localidades,Em pleno dia,Com marcas - separadoras de sentido de trânsito,Colisão frontal,NÃO DEFINIDO,Inexistentes,NÃO DEFINIDO,Outros,Inexistentes,Betuminoso,Curva,Em patamar,Berma pavimentada,Em plena via,Direita
20181476387,2018:07:23 16:50:00,01/23/00,07/01/00,01/01/00,Polícia de Segurança Pública,50.0,50.0,Segunda-Feira,"41,834335","-8,290988",0,0,1,Estrada sem separador,Seco e limpo,Braga,Braga,"União das freguesias de Nogueira, Fraião e Lamaçães",,Rua Barros Soares                                                                                   ,Arruamento,0,Em bom estado,,Bom tempo,Dois sentidos,Fora da intersecção,Dentro das localidades,Em pleno dia,Com marcas - separadoras de sentido de trânsito,Colisão lateral com outro veículo em movimento,NÃO DEFINIDO,Inexistentes,NÃO DEFINIDO,NÃO DEFINIDO,Inexistentes,Betuminoso,Curva,Com inclinação,Berma pavimentada,Em plena via,Direita
20191769221,2019:07:17 14:40:00,01/17/00,07/01/00,01/01/00,Guarda Nacional Republicana,50.0,50.0,Quarta-Feira ,"40,126070","-8,477369",0,0,1,Estrada sem separador,Seco e limpo,Coimbra,Coimbra,União das freguesias de Assafarge e Antanhol,Assafarge,Rua da Barreira,Arruamento,0,Em bom estado,,Bom tempo,Dois sentidos,Fora da intersecção,Dentro das localidades,Em pleno dia,Com marcas - separadoras de sentido de trânsito,Despiste com colisão com veículo imobil. ou obstáculo,NÃO DEFINIDO,Inexistentes,NÃO DEFINIDO,NÃO DEFINIDO,Inexistentes,Betuminoso,Recta,Em patamar,Sem berma ou impraticável,Na berma,Direita
20171286910,2017:07:13 17:20:00,01/13/00,07/01/00,01/01/00,Guarda Nacional Republicana,50.0,50.0,Quinta-Feira ,"41,433136","-8,417433",0,0,1,Estrada sem separador,Seco e limpo,Braga,Vila Nova de Famalicao,Joane,Joane,,EM - Estrada Municipal,0,Em bom estado,,Bom tempo,Dois sentidos,Em cruzamento,Dentro das localidades,Em pleno dia,Com marcas - separadoras de sentido de trânsito,Colisão traseira com outro veículo em movimento,NÃO DEFINIDO,Inexistentes,NÃO DEFINIDO,Cedência de passagem,Inexistentes,Betuminoso,Recta,Em patamar,Berma pavimentada,Em plena via,Direita
2015952461,2015:07:01 15:10:00,01/01/00,07/01/00,01/01/00,Polícia de Segurança Pública,50.0,50.0,Quarta-Feira ,"40,208838","-8,431505",0,0,1,Estrada sem separador,Seco e limpo,Coimbra,Coimbra,"União das freguesias de Coimbra (Sé Nova, Santa Cruz, Almedina e São Bartolomeu)",Coimbra,Largo  das Ameias,Arruamento,0,Em estado regular,,Bom tempo,Sentido único,Em entroncamento,Dentro das localidades,Em pleno dia,Com marcas - separadoras de sentido e de vias de trânsito,Colisão lateral com outro veículo em movimento,NÃO DEFINIDO,Inexistentes,NÃO DEFINIDO,Outros,A funcionar normalmente,Betuminoso,Recta,Em patamar,Berma pavimentada,Em plena via,Direita
2011538863,2011:07:07 13:20:00,01/07/00,07/01/00,01/01/00,Polícia de Segurança Pública,50.0,50.0,Quinta-Feira ,"0,00","0,00",0,0,1,Estrada sem separador,Seco e limpo,Lisboa,Lisboa,São Jorge de Arroios,,Rua Dona Estefânia                                                                                  ,Arruamento,0,Em bom estado,,Bom tempo,Dois sentidos,Fora da intersecção,Dentro das localidades,Em pleno dia,Com marcas - separadoras de sentido e de vias de trânsito,Atropelamento de peões,NÃO DEFINIDO,Inexistentes,NÃO DEFINIDO,Outros,Inexistentes,Betuminoso,Recta,Em patamar,Sem berma ou impraticável,Em plena via,Direita
2011541701,2011:07:17 18:50:00,01/17/00,07/01/00,01/01/00,Polícia de Segurança Pública,50.0,50.0,Domingo      ,"0,00","0,00",0,0,1,Estrada sem separador,Húmido,Setúbal,Almada,Feijó,,Rua do Vale Torrão,Arruamento,0,Em estado regular,,Bom tempo,Sentido único,Em entroncamento,Dentro das localidades,Em pleno dia,Sem marcas rodoviárias ou pouco visíveis,Colisão lateral com outro veículo em movimento,NÃO DEFINIDO,Inexistentes,NÃO DEFINIDO,NÃO DEFINIDO,Inexistentes,Betuminoso,Recta,Com inclinação,Berma pavimentada,Em plena via,Direita
20161090330,2016:07:29 08:30:00,01/29/00,07/01/00,01/01/00,Polícia de Segurança Pública,50.0,50.0,Sexta-Feira  ,"39,601274","-8,403494",0,0,1,Estrada sem separador,Seco e limpo,Santarém,Tomar,União das freguesias de Tomar (São João Baptista) e Santa Maria dos Olivais,,Rua Cavaleiros de Cristo                                                                            ,Arruamento,0,Em estado regular,,Bom tempo,Dois sentidos,Em entroncamento,Dentro das localidades,Em pleno dia,Sem marcas rodoviárias ou pouco visíveis,Colisão lateral com outro veículo em movimento,NÃO DEFINIDO,Inexistentes,NÃO DEFINIDO,Cedência de passagem,Inexistentes,Betuminoso,Recta,Em patamar,Berma pavimentada,Em plena via,Direita
20181468487,2018:07:04 18:30:00,01/04/00,07/01/00,01/01/00,Polícia de Segurança Pública,50.0,50.0,Quarta-Feira ,"38,752657","-9,158244",0,0,1,Outra via,Seco e limpo,Lisboa,Lisboa,Ajuda,,Avenida Universidade Tecnica ,Arruamento,0,Em bom estado,,Bom tempo,Sentido único,Fora da intersecção,Dentro das localidades,Em pleno dia,Com marcas - separadoras de sentido e de vias de trânsito,Colisão choque em cadeia,NÃO DEFINIDO,Inexistentes,NÃO DEFINIDO,Outros,Inexistentes,Betuminoso,Recta,Com inclinação,Berma pavimentada,Em plena via,Direita
2011556406,2011:07:01 07:45:00,01/01/00,07/01/00,01/01/00,Guarda Nacional Republicana,50.0,50.0,Sexta-Feira  ,,,0,0,1,Estrada sem separador,Seco e limpo,Aveiro,Ilhavo,Ílhavo (São Salvador),,AV SRA DO PRANTO,Arruamento,0,Em bom estado,,Bom tempo,Sentido único,Em rotunda,Dentro das localidades,Em pleno dia,Com marcas - separadoras de sentido de trânsito,Colisão lateral com outro veículo em movimento,NÃO DEFINIDO,Inexistentes,NÃO DEFINIDO,Cedência de passagem,Inexistentes,Betuminoso,Curva,Em patamar,Berma pavimentada,Em plena via,Direita
20171284794,2017:07:04 08:15:00,01/04/00,07/01/00,01/01/00,Guarda Nacional Republicana,50.0,50.0,Terça-Feira  ,"38,644202","-8,210057",0,0,1,Estrada sem separador,Seco e limpo,Évora,Montemor-o-Novo,"União das freguesias de Nossa Senhora da Vila, Nossa Senhora do Bispo e Silveiras",Montemor-o-Novo,ruas do matadouro,Arruamento,0,Em bom estado,,Bom tempo,Sentido único,Fora da intersecção,Dentro das localidades,Em pleno dia,Sem marcas rodoviárias ou pouco visíveis,Colisão frontal,NÃO DEFINIDO,Inexistentes,NÃO DEFINIDO,NÃO DEFINIDO,Inexistentes,Betuminoso,Recta,Em patamar,Sem berma ou impraticável,Em plena via,Direita
2014854479,2014:07:02 20:20:00,01/02/00,07/01/00,01/01/00,Guarda Nacional Republicana,50.0,50.0,Quarta-Feira ,"41,152329","-8,360414",0,0,1,Estrada sem separador,Seco e limpo,Porto,Maia,Gondim,Gondim,Rua do Porto Bom,Arruamento,0,Em bom estado,,Bom tempo,Dois sentidos,Fora da intersecção,Dentro das localidades,Em pleno dia,Sem marcas rodoviárias ou pouco visíveis,Atropelamento de peões,NÃO DEFINIDO,Inexistentes,NÃO DEFINIDO,Outros,Inexistentes,Calçada,Recta,Com inclinação,Sem berma ou impraticável,Em plena via,Direita
20171284551,2017:07:03 07:05:00,01/03/00,07/01/00,01/01/00,Guarda Nacional Republicana,120.0,120.0,Segunda-Feira,"39,363318","-9,079359",0,0,2,Auto-estrada,Seco e limpo,Leiria,Caldas da Rainha,Vidais,Cercal,,A  - Auto-Estrada,A15,Em bom estado,"8,95",Bom tempo,Sentido único,Fora da intersecção,Fora das localidades,Em pleno dia,Com marcas - separadoras de sentido e de vias de trânsito,Colisão traseira com outro veículo em movimento,NÃO DEFINIDO,Inexistentes,No sentido crescente da quilometragem,Outros,Inexistentes,Betuminoso,Recta,Em patamar,Berma pavimentada,Em plena via,Direita
2010476900,2010:07:14 19:20:00,01/14/00,07/01/00,01/01/00,Guarda Nacional Republicana,80.0,80.0,Quarta-Feira ,,,0,0,1,Estrada sem separador,Seco e limpo,Beja,Beja,Beja (Santiago Maior),BEJA,,EN - Estrada Nacional,EN121,Em estado regular,71.0,Bom tempo,Dois sentidos,Fora da intersecção,Fora das localidades,Em pleno dia,Com marcas - separadoras de sentido de trânsito,Colisão com outras situações,NÃO DEFINIDO,Inexistentes,NÃO DEFINIDO,Outros,Inexistentes,Betuminoso,Recta,Em patamar,Berma pavimentada,Na berma,Direita
2013709148,2013:07:25 16:20:00,01/25/00,07/01/00,01/01/00,Polícia de Segurança Pública,50.0,50.0,Quinta-Feira ,"38,525268","-8,896635",0,0,1,Estrada sem separador,Seco e limpo,Setúbal,Setubal,Setúbal (Nossa Senhora da Anunciada,Setúbal,Rua Doutor Alves da Fonseca                                                                         ,Arruamento,0,Em estado regular,,Bom tempo,Sentido único,Fora da intersecção,Dentro das localidades,Em pleno dia,Sem marcas rodoviárias ou pouco visíveis,Atropelamento de peões,NÃO DEFINIDO,Inexistentes,NÃO DEFINIDO,NÃO DEFINIDO,Inexistentes,Betuminoso,Recta,Em patamar,Berma pavimentada,Em plena via,Direita
20161089480,2016:07:26 10:20:00,01/26/00,07/01/00,01/01/00,Polícia de Segurança Pública,50.0,50.0,Terça-Feira  ,"38,750162","-9,166076",0,0,1,Outra via,Seco e limpo,Lisboa,Lisboa,Carnide,Lisboa,Avenida Lusíada                                                                                     ,Arruamento,0,Em estado regular,,Bom tempo,Sentido único,Fora da intersecção,Dentro das localidades,Em pleno dia,Sem marcas rodoviárias ou pouco visíveis,Colisão lateral com outro veículo em movimento,NÃO DEFINIDO,Inexistentes,NÃO DEFINIDO,NÃO DEFINIDO,Inexistentes,Betuminoso,Recta,Com inclinação,Berma pavimentada,Em plena via,Direita
20151007961,2015:07:12 20:15:00,01/12/00,07/01/00,01/01/00,Polícia de Segurança Pública,50.0,50.0,Domingo      ,"41,369125","-8,483975",0,0,1,Estrada sem separador,Seco e limpo,Porto,Santo Tirso,"União das freguesias de Areias, Sequeiró, Lama e Palmeira",Areias,Rua Padre José Maria Alves                                                                          ,Arruamento,0,Em bom estado,,Bom tempo,Dois sentidos,Em cruzamento,Dentro das localidades,Em pleno dia,Com marcas - separadoras de sentido e de vias de trânsito,Colisão traseira com outro veículo em movimento,NÃO DEFINIDO,Inexistentes,NÃO DEFINIDO,NÃO DEFINIDO,Inexistentes,Betuminoso,Recta,Em patamar,Berma pavimentada,Em plena via,Direita
20161083445,2016:07:07 05:20:00,01/07/00,07/01/00,01/01/00,Polícia de Segurança Pública,50.0,50.0,Quinta-Feira ,"41,811047","-6,746792",0,0,1,Outra via,Seco e limpo,Bragança,Braganca,"União das freguesias de Sé, Santa Maria e Meixedo",Bragança,Av. do Sabor,Arruamento,0,Em bom estado,,Bom tempo,Dois sentidos,Em rotunda,Dentro das localidades,Em pleno dia,Com marcas - separadoras de sentido de trânsito,Despiste com capotamento,NÃO DEFINIDO,Inexistentes,No sentido crescente da quilometragem,NÃO DEFINIDO,Inexistentes,Betuminoso,Curva,Com inclinação,Berma pavimentada,Em plena via,Direita
20191715626,2019:07:04 13:00:00,01/04/00,07/01/00,01/01/00,Polícia de Segurança Pública,50.0,50.0,Quinta-Feira ,"0,0","0,0",0,0,1,Outra via,Seco e limpo,Lisboa,Lisboa,Areeiro,,Avenida Carlos Pinhão,Arruamento,0,Em estado regular,,Bom tempo,Sentido único,Em entroncamento,Dentro das localidades,Em pleno dia,Com marcas - separadoras de sentido e de vias de trânsito,Despiste com dispositivo de retenção,NÃO DEFINIDO,Inexistentes,NÃO DEFINIDO,Outros,A funcionar normalmente,Betuminoso,Curva,Com inclinação,Berma pavimentada,Em plena via,Direita
20181529359,2018:07:10 12:35:00,01/10/00,07/01/00,01/01/00,Guarda Nacional Republicana,50.0,50.0,Terça-Feira  ,"39,520310","-8,584918",0,0,1,Estrada sem separador,Seco e limpo,Santarém,Torres Novas,Pedrógão,Pedrógão,Rua da Portela,Arruamento,0,Em bom estado,,Bom tempo,Dois sentidos,Fora da intersecção,Dentro das localidades,Em pleno dia,Sem marcas rodoviárias ou pouco visíveis,Despiste simples,NÃO DEFINIDO,Inexistentes,NÃO DEFINIDO,NÃO DEFINIDO,Inexistentes,Betuminoso,Recta,Com inclinação,Sem berma ou impraticável,Na berma,Direita
20171288759,2017:07:21 10:00:00,01/21/00,07/01/00,01/01/00,Guarda Nacional Republicana,50.0,50.0,Sexta-Feira  ,"40,533422","-8,671907",0,0,1,Estrada sem separador,Seco e limpo,Aveiro,Vagos,Sosa,Boco,Rua soares pinto,Arruamento,0,Em estado regular,,Bom tempo,Dois sentidos,Fora da intersecção,Dentro das localidades,Em pleno dia,Sem marcas rodoviárias ou pouco visíveis,Despiste com capotamento,NÃO DEFINIDO,Inexistentes,NÃO DEFINIDO,NÃO DEFINIDO,Inexistentes,Betuminoso,Recta,Com inclinação,Sem berma ou impraticável,Na berma,Direita
2013752030,2013:07:08 21:50:00,01/08/00,07/01/00,01/01/00,Guarda Nacional Republicana,50.0,50.0,Segunda-Feira,"40,362871","-8,439548",0,0,1,Estrada sem separador,Seco e limpo,Aveiro,Ilhavo,Gafanha da Encarnação,Gafanha da Encarnação,Rua do Carmo,Arruamento,0,Em bom estado,,Bom tempo,Dois sentidos,Em cruzamento,Dentro das localidades,"Noite, com iluminação",Com marcas - separadoras de sentido de trânsito,Colisão com fuga,NÃO DEFINIDO,Inexistentes,NÃO DEFINIDO,NÃO DEFINIDO,Inexistentes,Betuminoso,Recta,Em patamar,Berma não pavimentada,Em plena via,Direita
2010476975,2010:07:07 22:00:00,01/07/00,07/01/00,01/01/00,Guarda Nacional Republicana,50.0,50.0,Quarta-Feira ,"39,038263","-9,071082",0,0,1,Outra via,Seco e limpo,Lisboa,Alenquer,Carnota,SANTANA CARNOTA,,EN - Estrada Nacional,EN115-3,Em estado regular,6.6,Bom tempo,Dois sentidos,Em via de desaceleração,Dentro das localidades,"Noite, com iluminação",Com marcas - separadoras de sentido de trânsito,Atropelamento de peões,NÃO DEFINIDO,Inexistentes,No sentido decrescente da quilometragem,Outros,Inexistentes,Betuminoso,Recta,Em patamar,Berma pavimentada,Em plena via,Direita
20181486462,2018:07:26 18:15:00,01/26/00,07/01/00,01/01/00,Polícia de Segurança Pública,50.0,50.0,Quinta-Feira ,"38,690839","-9,298050",0,0,1,Estrada sem separador,Seco e limpo,Lisboa,Oeiras,"União das freguesias de Oeiras e São Julião da Barra, Paço de Arcos e Caxias",Paço de Arcos,Avenida Miratejo,Arruamento,0,Em estado regular,,Bom tempo,Dois sentidos,Fora da intersecção,Dentro das localidades,Em pleno dia,Com marcas - separadoras de sentido de trânsito,Atropelamento de peões,NÃO DEFINIDO,Inexistentes,NÃO DEFINIDO,Passagem de peões,Inexistentes,Betuminoso,Recta,Com inclinação,Sem berma ou impraticável,Em plena via,Direita
20181471858,2018:07:15 13:30:00,01/15/00,07/01/00,01/01/00,Guarda Nacional Republicana,50.0,50.0,Domingo      ,"40,637633","-8,706132",0,0,3,Estrada sem separador,Seco e limpo,Aveiro,Ilhavo,Gafanha da Nazaré,Gafanha da Nazaré,Rua Alameda Prior Sardo,Arruamento,0,Em bom estado,,Bom tempo,Dois sentidos,Em cruzamento,Dentro das localidades,Em pleno dia,Com marcas - separadoras de sentido de trânsito,Colisão lateral com outro veículo em movimento,NÃO DEFINIDO,Inexistentes,NÃO DEFINIDO,Stop,Inexistentes,Betuminoso,Recta,Em patamar,Berma pavimentada,Em plena via,Direita
20191769491,2019:07:13 18:25:00,01/13/00,07/01/00,01/01/00,Guarda Nacional Republicana,50.0,50.0,Sábado       ,"40,174820","-8,682664",0,0,1,Estrada sem separador,Seco e limpo,Coimbra,Montemor-o-Velho,Ereira,Ereira,rua 31 de Dezembro/Ponte sobre o rio Mondego Velho,Arruamento,0,Em estado regular,,Bom tempo,Sentido único,Fora da intersecção,Dentro das localidades,Em pleno dia,Sem marcas rodoviárias ou pouco visíveis,Colisão frontal,Viaduto/Ponte,Inexistentes,NÃO DEFINIDO,Cedência de passagem,Inexistentes,Betuminoso,Recta,Em Lomba,Berma pavimentada,Em plena via,Direita
20171171052,2016:07:12 14:10:00,01/12/00,07/01/00,01/01/00,Guarda Nacional Republicana,50.0,50.0,Terça-Feira  ,"37,127285","-8,042888",0,0,1,Estrada sem separador,Seco e limpo,Faro,Loule,Loulé (São Sebastião),PINHEIRO,,EM - Estrada Municipal,0,Em bom estado,,Bom tempo,Dois sentidos,Fora da intersecção,Fora das localidades,Em pleno dia,Com marcas - separadoras de sentido de trânsito,Colisão com veiculo ou obstáculo na faixa de rodagem,NÃO DEFINIDO,Inexistentes,NÃO DEFINIDO,NÃO DEFINIDO,Inexistentes,Betuminoso,Recta,Em patamar,Berma pavimentada,Em plena via,Direita
2012633320,2012:07:07 03:00:00,01/07/00,07/01/00,01/01/00,Guarda Nacional Republicana,90.0,90.0,Sábado       ,,,0,0,1,Estrada sem separador,Seco e limpo,Portalegre,Campo Maior,Nossa Senhora da Expectação,Campo Maior,,EM - Estrada Municipal,EM1116,Em bom estado,,Bom tempo,Dois sentidos,Fora da intersecção,Fora das localidades,"Noite, sem iluminação",Com marcas - separadoras de sentido de trânsito,Despiste com capotamento,NÃO DEFINIDO,Inexistentes,NÃO DEFINIDO,NÃO DEFINIDO,Inexistentes,Betuminoso,Recta,Em patamar,Berma não pavimentada,Em plena via,Direita
2014856039,2014:07:26 02:10:00,01/26/00,07/01/00,01/01/00,Guarda Nacional Republicana,,90.0,Sábado       ,"37,053481","-7,548001",0,0,1,Estrada sem separador,Seco e limpo,Faro,Faro,União das freguesias de Conceição e Estoi,,,EN - Estrada Nacional,EN2,Em estado regular,730.6,Bom tempo,Sentido único,Em cruzamento,Fora das localidades,"Noite, sem iluminação",Com marcas - separadoras de sentido de trânsito,Despiste simples,NÃO DEFINIDO,Inexistentes,NÃO DEFINIDO,Outros,Inexistentes,Betuminoso,Recta,Em patamar,Berma pavimentada,Na berma,Direita
2011544539,2011:07:18 23:00:00,01/18/00,07/01/00,01/01/00,Polícia de Segurança Pública,50.0,50.0,Segunda-Feira,"0,00","0,00",0,0,1,Outra via,Húmido,Lisboa,Sintra,Algueirão-Mem Martins,,Avenida Vitorino Nemésio                                                                            ,Arruamento,0,Em estado regular,,Chuva,Dois sentidos,NÃO DEFINIDO,Dentro das localidades,"Noite, com iluminação",Com marcas - separadoras de sentido de trânsito,Despiste sem dispositivo de retenção,NÃO DEFINIDO,Inexistentes,NÃO DEFINIDO,NÃO DEFINIDO,A funcionar normalmente,Betuminoso,Recta,Em patamar,Berma pavimentada,Em plena via,Direita
20171168821,2016:07:02 11:45:00,01/02/00,07/01/00,01/01/00,Guarda Nacional Republicana,50.0,50.0,Sábado       ,"41,009704","-8,273222",0,0,2,Estrada sem separador,Seco e limpo,Aveiro,Santa Maria da Feira,"União das freguesias de Canedo, Vale e Vila Maior",VILARES,Rua de Vilares,Arruamento,0,Em estado regular,,Bom tempo,Dois sentidos,Fora da intersecção,Dentro das localidades,Em pleno dia,Sem marcas rodoviárias ou pouco visíveis,Despiste simples,NÃO DEFINIDO,Inexistentes,NÃO DEFINIDO,NÃO DEFINIDO,Inexistentes,Betuminoso,Recta,Com inclinação,Berma pavimentada,Em plena via,Direita
2010471527,2010:07:06 00:40:00,01/06/00,07/01/00,01/01/00,Polícia de Segurança Pública,50.0,50.0,Terça-Feira  ,"0,00","0,00",0,0,1,Outra via,Húmido,Aveiro,Aveiro,Vera Cruz,,Avenida do Doutor Lourenço Peixinho                                                                 ,Arruamento,0,Em estado regular,,Bom tempo,Sentido único,Em cruzamento,Dentro das localidades,"Noite, com iluminação",Sem marcas rodoviárias ou pouco visíveis,Colisão lateral com outro veículo em movimento,NÃO DEFINIDO,Inexistentes,No sentido decrescente da quilometragem,Stop,Intermitente,Betuminoso,Recta,Em patamar,Berma pavimentada,Em plena via,Direita
20171175354,2016:07:31 11:45:00,01/31/00,07/01/00,01/01/00,Guarda Nacional Republicana,90.0,90.0,Domingo      ,"39,095806","-7,141623",0,0,1,Estrada sem separador,Seco e limpo,Portalegre,Arronches,Esperança,ESPERANÇA,,EM - Estrada Municipal,0,Em bom estado,"0,1",Bom tempo,Dois sentidos,Fora da intersecção,Fora das localidades,Em pleno dia,Sem marcas rodoviárias ou pouco visíveis,Despiste simples,NÃO DEFINIDO,Inexistentes,NÃO DEFINIDO,NÃO DEFINIDO,Inexistentes,Betuminoso,Recta,Em patamar,Sem berma ou impraticável,Em plena via,Direita