Id. Acidente,Datahora,Dia,Mês,Hora,Entidades Fiscalizadoras,Velocidade local,Velocidade geral,Dia da Semana,Latitude GPS,Longitude GPS,Num. Mortos a 30 dias,Num. Feridos graves a 30 dias,Num. Feridos ligeiros a 30 dias,Características Tecnicas1,Cond Aderência,Distrito,Concelho,Freguesia,Pov. Proxima,Nome arruamento,Tipos Vias,Cod Via,Estado Conservação,Km,Factores Atmosféricos,Reg Circulação1,Intersecção Vias,Localizações,Luminosidade,Marca Via,Natureza,Obras Arte,Obstáculos,Sentidos,Sinais,Sinais Luminosos,Tipo Piso,Traçado 1,Traçado 2,Traçado 3,Traçado 4,Via Trânsito
20191719625,2019:07:22 21:00:00,01/22/00,07/01/00,01/01/00,Polícia de Segurança Pública,50.0,50.0,Segunda-Feira,"0,0","0,0",0,0,1,Estrada sem separador,Seco e limpo,Lisboa,Amadora,Águas Livres,,Avenida Manuel Alpedrinha,Arruamento,0,Em estado regular,,Bom tempo,Dois sentidos,Fora da intersecção,Dentro das localidades,"Noite, com iluminação",Com marcas - separadoras de sentido e de vias de trânsito,Colisão com outras situações,NÃO DEFINIDO,Inexistentes,NÃO DEFINIDO,Outros,Inexistentes,Betuminoso,Recta,Com inclinação,Berma pavimentada,Em plena via,Direita
20181529942,2018:07:08 00:10:00,01/08/00,07/01/00,01/01/00,Guarda Nacional Republicana,50.0,50.0,Domingo      ,"38,631485","-8,916186",0,0,2,Estrada sem separador,Seco e limpo,Setúbal,Palmela,Pinhal Novo,Pinhal Novo,Largo José Maria Dos Santos,Arruamento,0,Em bom estado,,Bom tempo,Dois sentidos,Fora da intersecção,Dentro das localidades,"Noite, com iluminação",Com marcas - separadoras de sentido de trânsito,Colisão frontal,NÃO DEFINIDO,Inexistentes,NÃO DEFINIDO,NÃO DEFINIDO,Inexistentes,Terra batida,Recta,Em patamar,Sem berma ou impraticável,Em plena via,Direita
2011565698,2011:07:02 17:00:00,01/02/00,07/01/00,01/01/00,Guarda Nacional Republicana,50.0,50.0,Sábado       ,,,0,0,1,Estrada sem separador,Seco e limpo,Porto,Vila Nova de Gaia,Crestuma,,R DA MOURATINHA,Arruamento,0,Em bom estado,,Bom tempo,Dois sentidos,Fora da intersecção,Dentro das localidades,Em pleno dia,Sem marcas rodoviárias ou pouco visíveis,Colisão lateral com outro veículo em movimento,NÃO DEFINIDO,Inexistentes,NÃO DEFINIDO,NÃO DEFINIDO,Inexistentes,Betuminoso,Curva,Com inclinação,Sem berma ou impraticável,Em plena via,Direita
2013752800,2013:07:17 16:15:00,01/17/00,07/01/00,01/01/00,Guarda Nacional Republicana,50.0,50.0,Quarta-Feira ,"41,259840","-8,701655",0,0,1,Estrada sem separador,Seco e limpo,Porto,Vila do Conde,Aveleda,Aveledo,Rua Agra Nova,Arruamento,0,Em estado regular,,Bom tempo,Dois sentidos,Fora da intersecção,Dentro das localidades,Em pleno dia,Sem marcas rodoviárias ou pouco visíveis,Colisão frontal,Viaduto/Ponte,Inexistentes,NÃO DEFINIDO,Outros,Inexistentes,Betão de cimento,Recta,Em patamar,Berma pavimentada,Em plena via,Direita
2013752009,2013:07:08 15:15:00,01/08/00,07/01/00,01/01/00,Guarda Nacional Republicana,50.0,50.0,Segunda-Feira,"40,372098","-8,318922",0,0,1,Estrada sem separador,Seco e limpo,Aveiro,Albergaria-a-Velha,São João de Loure,São João de Loure,Rua Direita,Arruamento,0,Em estado regular,,Bom tempo,Dois sentidos,Fora da intersecção,Dentro das localidades,Em pleno dia,Sem marcas rodoviárias ou pouco visíveis,Despiste com dispositivo de retenção,NÃO DEFINIDO,Inexistentes,NÃO DEFINIDO,NÃO DEFINIDO,Inexistentes,Betuminoso,Curva,Em patamar,Sem berma ou impraticável,Na berma,Direita
20171280872,2017:07:22 20:30:00,01/22/00,07/01/00,01/01/00,Polícia de Segurança Pública,50.0,50.0,Sábado       ,"41,180757","-8,682459",0,0,1,Outra via,Seco e limpo,Porto,Matosinhos,União das freguesias de Matosinhos e Leça da Palmeira,Matosinhos,Avenida Dom Afonso Henriques                                                                        ,Arruamento,0,Em bom estado,,Bom tempo,Sentido único,Em rotunda,Dentro das localidades,Em pleno dia,Sem marcas rodoviárias ou pouco visíveis,Colisão com fuga,NÃO DEFINIDO,Inexistentes,No sentido decrescente da quilometragem,Cedência de passagem,Inexistentes,Betuminoso,Curva,Em patamar,Sem berma ou impraticável,Em plena via,Direita
2014817380,2014:07:01 12:30:00,01/01/00,07/01/00,01/01/00,Polícia de Segurança Pública,50.0,50.0,Terça-Feira  ,"38,695338","-9,421411",0,0,1,Estrada sem separador,NÃO DEFINIDO,Lisboa,Cascais,União das freguesias de Carcavelos e Parede,Parede,Rua Latino Coelho,Arruamento,0,NÃO DEFINIDO,,Bom tempo,Dois sentidos,Fora da intersecção,Dentro das localidades,Em pleno dia,NÃO DEFINIDO,Atropelamento de peões,NÃO DEFINIDO,NÃO DEFINIDO,NÃO DEFINIDO,Outros,Inexistentes,Calçada,NÃO DEFINIDO,NÃO DEFINIDO,NÃO DEFINIDO,No passeio,Direita
2013750374,2013:07:24 08:40:00,01/24/00,07/01/00,01/01/00,Guarda Nacional Republicana,50.0,50.0,Quarta-Feira ,"41,328328","-8,469464",0,0,1,Estrada sem separador,Seco e limpo,Braga,Esposende,Marinhas,Marinhas,,EN - Estrada Nacional,EN13,Em bom estado,46.15,Bom tempo,Dois sentidos,Fora da intersecção,Dentro das localidades,Em pleno dia,Com marcas - separadoras de sentido de trânsito,Colisão traseira com outro veículo em movimento,NÃO DEFINIDO,Inexistentes,NÃO DEFINIDO,Passagem de peões,Inexistentes,Betuminoso,Recta,Em patamar,Berma pavimentada,Em plena via,Direita
2014854022,2014:07:09 10:45:00,01/09/00,07/01/00,01/01/00,Guarda Nacional Republicana,50.0,50.0,Quarta-Feira ,"40,415032","-8,287746",0,0,1,Estrada sem separador,Seco e limpo,Aveiro,Albergaria-a-Velha,Albergaria-a-Velha e Valmaior,Albergaria a Velha,Praça Ferreira Tavares,Arruamento,0,Em estado regular,,Bom tempo,Sentido único,Em entroncamento,Dentro das localidades,Em pleno dia,Sem marcas rodoviárias ou pouco visíveis,Atropelamento de peões,NÃO DEFINIDO,Inexistentes,NÃO DEFINIDO,Passagem de peões,Inexistentes,Betuminoso,Curva,Em patamar,Berma pavimentada,Em plena via,Direita
2011556926,2011:07:17 03:25:00,01/17/00,07/01/00,01/01/00,Guarda Nacional Republicana,50.0,50.0,Domingo      ,"40,31820","8,41390",0,0,1,Estrada sem separador,Molhado,Aveiro,Vagos,Santo António de Vagos,STO ANTONIO,R STO ANTONIO,Arruamento,0,Em estado regular,,Chuva,Dois sentidos,Fora da intersecção,Dentro das localidades,"Noite, com iluminação",Sem marcas rodoviárias ou pouco visíveis,Despiste com colisão com veículo imobil. ou obstáculo,NÃO DEFINIDO,Inexistentes,NÃO DEFINIDO,NÃO DEFINIDO,Inexistentes,Betuminoso,Curva,Em patamar,Berma não pavimentada,Na berma,Direita
2013752494,2013:07:23 19:40:00,01/23/00,07/01/00,01/01/00,Guarda Nacional Republicana,50.0,50.0,Terça-Feira  ,"41,100760","-7,562763",0,0,1,Estrada sem separador,Seco e limpo,Porto,Baiao,Gestaçô,Gestaçô,Rua Soeiro Pereira Gomes,Arruamento,0,Em estado regular,,Bom tempo,Dois sentidos,Fora da intersecção,Dentro das localidades,Aurora ou crepúsculo,Sem marcas rodoviárias ou pouco visíveis,Colisão lateral com outro veículo em movimento,NÃO DEFINIDO,Inexistentes,NÃO DEFINIDO,Outros,Inexistentes,Betuminoso,Recta,Em patamar,Sem berma ou impraticável,Em plena via,Direita
2011557374,2011:07:17 15:50:00,01/17/00,07/01/00,01/01/00,Guarda Nacional Republicana,30.0,50.0,Domingo      ,,,0,0,1,Estrada sem separador,Seco e limpo,Leiria,Pombal,Redinha,RECHINHA,R BERNARDINO MARQUES,Arruamento,0,Em bom estado,,Bom tempo,Dois sentidos,Fora da intersecção,Dentro das localidades,Em pleno dia,Sem marcas rodoviárias ou pouco visíveis,Colisão lateral com outro veículo em movimento,NÃO DEFINIDO,Inexistentes,NÃO DEFINIDO,Outros,Inexistentes,Betuminoso,Recta,Com inclinação,Berma pavimentada,Em plena via,Direita
2012630433,2012:07:18 19:25:00,01/18/00,07/01/00,01/01/00,Guarda Nacional Republicana,50.0,50.0,Quarta-Feira ,,,0,0,1,Estrada sem separador,Seco e limpo,Lisboa,Mafra,Venda do Pinheiro,Asseiceira Pequena,Rua Manuel Valentim Duarte,Arruamento,0,Em mau estado,,Bom tempo,Dois sentidos,Fora da intersecção,Dentro das localidades,Em pleno dia,Sem marcas rodoviárias ou pouco visíveis,Despiste simples,NÃO DEFINIDO,Inexistentes,NÃO DEFINIDO,NÃO DEFINIDO,Inexistentes,Betuminoso,Recta,Com inclinação,Berma pavimentada,Em plena via,Direita
20171286064,2017:07:10 08:10:00,01/10/00,07/01/00,01/01/00,Guarda Nacional Republicana,90.0,90.0,Segunda-Feira,"37,537600","-7,633850",0,1,0,Estrada sem separador,Seco e limpo,Beja,Mertola,Espírito Santo,Espírito Santo,,EN - Estrada Nacional,EN122,Em estado regular,"66,3",Bom tempo,Dois sentidos,Fora da intersecção,Fora das localidades,Em pleno dia,Sem marcas rodoviárias ou pouco visíveis,Despiste simples,NÃO DEFINIDO,Inexistentes,NÃO DEFINIDO,NÃO DEFINIDO,Inexistentes,Betuminoso,Recta,Em patamar,Berma não pavimentada,Na berma,Direita
2012621635,2012:07:23 13:10:00,01/23/00,07/01/00,01/01/00,Polícia de Segurança Pública,50.0,50.0,Segunda-Feira,"0,00","0,00",0,0,1,Estrada sem separador,Seco e limpo,Viseu,Viseu,Viseu (Santa Maria de Viseu),Viseu,Quinta Del Rei,Arruamento,0,Em bom estado,,Bom tempo,Dois sentidos,Fora da intersecção,Dentro das localidades,Em pleno dia,Com marcas - separadoras de sentido de trânsito,Colisão lateral com outro veículo em movimento,NÃO DEFINIDO,Inexistentes,NÃO DEFINIDO,NÃO DEFINIDO,Inexistentes,Betuminoso,Recta,Com inclinação,Berma pavimentada,Em plena via,Direita
20181466528,2018:07:12 07:30:00,01/12/00,07/01/00,01/01/00,Polícia de Segurança Pública,50.0,50.0,Quinta-Feira ,"40,131862","-8,791361",0,0,1,Estrada sem separador,Seco e limpo,Coimbra,Figueira da Foz,Vila Verde,Relvinhas,Avenida Beira Rio,Arruamento,0,Em estado regular,,Bom tempo,Dois sentidos,Em entroncamento,Dentro das localidades,Em pleno dia,Com marcas - separadoras de sentido e de vias de trânsito,Despiste sem dispositivo de retenção,NÃO DEFINIDO,Inexistentes,NÃO DEFINIDO,Cedência de passagem,Inexistentes,Betuminoso,Curva,Com inclinação,Sem berma ou impraticável,Em via ou pista reservada,Direita
2012631507,2012:07:03 14:20:00,01/03/00,07/01/00,01/01/00,Guarda Nacional Republicana,50.0,50.0,Terça-Feira  ,,,0,0,1,Estrada sem separador,Seco e limpo,Setúbal,Palmela,Quinta do Anjo,,Avª Visconde Tojal,Arruamento,0,Em bom estado,,Bom tempo,Dois sentidos,Fora da intersecção,Dentro das localidades,Em pleno dia,Com marcas - separadoras de sentido de trânsito,Despiste simples,NÃO DEFINIDO,Inexistentes,NÃO DEFINIDO,NÃO DEFINIDO,Inexistentes,Betuminoso,Recta,Em patamar,Berma pavimentada,Em plena via,Direita
20191715218,2019:07:01 18:40:00,01/01/00,07/01/00,01/01/00,Polícia de Segurança Pública,100.0,100.0,Segunda-Feira,"0,0","0,0",0,0,2,Outra via,Seco e limpo,Lisboa,Loures,"União das freguesias de Camarate, Unhos e Apelação",Camarate,,IC - Itinerário Complementar,IC17,Em estado regular,"17,9",Bom tempo,Sentido único,Fora da intersecção,Dentro das localidades,Em pleno dia,Com marcas - separadoras de sentido e de vias de trânsito,Colisão traseira com outro veículo em movimento,NÃO DEFINIDO,Inexistentes,No sentido crescente da quilometragem,Outros,Inexistentes,Betuminoso,Recta,Em patamar,Berma não pavimentada,Em plena via,Direita
2011539083,2011:07:08 13:05:00,01/08/00,07/01/00,01/01/00,Polícia de Segurança Pública,50.0,50.0,Sexta-Feira  ,"0,00","0,00",0,0,1,Estrada sem separador,Húmido,Porto,Vila Nova de Gaia,Vila Nova de Gaia (Santa Marinha),,Avenida Diogo Leite                                                                                 ,Arruamento,0,Em estado regular,,Chuva,Dois sentidos,Fora da intersecção,Dentro das localidades,Em pleno dia,Sem marcas rodoviárias ou pouco visíveis,Colisão lateral com outro veículo em movimento,NÃO DEFINIDO,Inexistentes,NÃO DEFINIDO,NÃO DEFINIDO,Inexistentes,Calçada,Recta,Em patamar,Berma pavimentada,Em plena via,Direita
2014821726,2014:07:05 20:30:00,01/05/00,07/01/00,01/01/00,Polícia de Segurança Pública,50.0,50.0,Sábado       ,"38,696911","-9,332891",0,0,1,Estrada sem separador,Seco e limpo,Lisboa,Cascais,União das freguesias de Carcavelos e Parede,Carcavelos,Rotunda Barão                                                                                       ,Arruamento,0,Em bom estado,,Bom tempo,Sentido único,Em rotunda,Dentro das localidades,Em pleno dia,Com marcas - separadoras de sentido e de vias de trânsito,Despiste sem dispositivo de retenção,NÃO DEFINIDO,Inexistentes,NÃO DEFINIDO,NÃO DEFINIDO,Inexistentes,Betuminoso,Curva,Em patamar,Berma pavimentada,Em plena via,Central
2015987952,2015:07:04 10:30:00,01/04/00,07/01/00,01/01/00,Guarda Nacional Republicana,50.0,50.0,Sábado       ,"38,477900","-9,234655",0,0,1,Estrada sem separador,Com óleo,Lisboa,Sintra,União das freguesias de São João das Lampas e Terrugem,Faião,Estrada 19 de Maio,Arruamento,0,Em estado regular,,Bom tempo,Dois sentidos,Fora da intersecção,Dentro das localidades,Em pleno dia,Com marcas - separadoras de sentido de trânsito,Despiste simples,NÃO DEFINIDO,Inexistentes,NÃO DEFINIDO,NÃO DEFINIDO,Inexistentes,Betuminoso,Curva,Em patamar,Berma não pavimentada,Em plena via,Direita
2015988323,2015:07:13 07:40:00,01/13/00,07/01/00,01/01/00,Guarda Nacional Republicana,50.0,90.0,Segunda-Feira,"39,500791","-8,430774",0,0,3,Estrada sem separador,Seco e limpo,Leiria,Pombal,Meirinhas,,,EN - Estrada Nacional,EN1,Em bom estado,136.8,Bom tempo,Dois sentidos,Fora da intersecção,Dentro das localidades,Em pleno dia,Com marcas - separadoras de sentido e de vias de trânsito,Colisão choque em cadeia,NÃO DEFINIDO,Inexistentes,NÃO DEFINIDO,Outros,Inexistentes,Betuminoso,Recta,Em patamar,Berma pavimentada,Em plena via,Direita
2014870422,2014:07:01 18:25:00,01/01/00,07/01/00,01/01/00,Guarda Nacional Republicana,50.0,50.0,Terça-Feira  ,"39,081706","-8,481636",0,0,1,Estrada sem separador,Seco e limpo,Santarém,Cartaxo,Pontével,Cruz do Campo,,EN - Estrada Nacional,EN3,Em estado regular,21.0,Bom tempo,Dois sentidos,Fora da intersecção,Fora das localidades,Em pleno dia,Com marcas - separadoras de sentido de trânsito,Despiste simples,NÃO DEFINIDO,Inexistentes,NÃO DEFINIDO,NÃO DEFINIDO,Inexistentes,Betuminoso,Curva,Com inclinação,Sem berma ou impraticável,Na berma,Direita
2014855122,2014:07:25 11:20:00,01/25/00,07/01/00,01/01/00,Guarda Nacional Republicana,50.0,50.0,Sexta-Feira  ,"41,212620","-8,111744",0,0,1,Estrada sem separador,Seco e limpo,Porto,Felgueiras,"União das freguesias de Margaride (Santa Eulália), Várzea, Lagares, Varziela e Moure",,Rua D Gonçalo Sousa,Arruamento,0,Em estado regular,,Bom tempo,Dois sentidos,Fora da intersecção,Dentro das localidades,Em pleno dia,Com marcas - separadoras de sentido de trânsito,Colisão traseira com outro veículo em movimento,NÃO DEFINIDO,Inexistentes,NÃO DEFINIDO,Outros,Inexistentes,Betuminoso,Recta,Com inclinação,Berma pavimentada,Em plena via,Direita
2015988866,2015:07:24 08:30:00,01/24/00,07/01/00,01/01/00,Guarda Nacional Republicana,50.0,50.0,Sexta-Feira  ,"41,188111","-8,348467",0,0,1,Estrada sem separador,Molhado,Porto,Trofa,União das freguesias de Bougado (São Martinho e Santiago),,,EN - Estrada Nacional,EN14,Em estado regular,16.978,Chuva,Dois sentidos,Fora da intersecção,Dentro das localidades,Em pleno dia,Com marcas - separadoras de sentido e de vias de trânsito,Colisão com fuga,NÃO DEFINIDO,Inexistentes,NÃO DEFINIDO,NÃO DEFINIDO,Inexistentes,Betuminoso,Recta,Em patamar,Sem berma ou impraticável,Em plena via,Direita
2011543213,2011:07:27 09:00:00,01/27/00,07/01/00,01/01/00,Polícia de Segurança Pública,50.0,50.0,Quarta-Feira ,"0,00","0,00",0,0,1,Estrada sem separador,Seco e limpo,Faro,Vila Real de Santo Antonio,Vila Real de Santo António,Vila Real de Santo António,Rua António Vicente Campinas                                                                        ,Arruamento,0,Em bom estado,,Bom tempo,Dois sentidos,Em cruzamento,Dentro das localidades,Em pleno dia,Sem marcas rodoviárias ou pouco visíveis,Colisão lateral com outro veículo em movimento,NÃO DEFINIDO,Inexistentes,NÃO DEFINIDO,Stop,Inexistentes,Betuminoso,Recta,Em Lomba,Berma pavimentada,Em plena via,Direita
2012621095,2012:07:22 20:30:00,01/22/00,07/01/00,01/01/00,Polícia de Segurança Pública,50.0,50.0,Domingo      ,"0,00","0,00",0,0,1,Estrada sem separador,Húmido,Lisboa,Lisboa,São Jorge de Arroios,,Praça José Fontana,Arruamento,0,Em estado regular,,Bom tempo,Dois sentidos,Em entroncamento,Dentro das localidades,"Noite, com iluminação",Com marcas - separadoras de sentido e de vias de trânsito,Colisão com outras situações,NÃO DEFINIDO,Inexistentes,NÃO DEFINIDO,Cedência de passagem,Inexistentes,Betuminoso,Curva,Com inclinação,Sem berma ou impraticável,Em plena via,Direita
20171168853,2016:07:02 13:00:00,01/02/00,07/01/00,01/01/00,Guarda Nacional Republicana,50.0,50.0,Sábado       ,"39,119772","-9,167558",0,0,2,Estrada sem separador,Seco e limpo,Lisboa,Lourinha,União das freguesias de Miragaia e Marteleira,CARRASQUEIRA,,EN - Estrada Nacional,EN8-2,Em estado regular,"12,1",Bom tempo,Dois sentidos,Fora da intersecção,Fora das localidades,Em pleno dia,Com marcas - separadoras de sentido de trânsito,Colisão traseira com outro veículo em movimento,NÃO DEFINIDO,Inexistentes,NÃO DEFINIDO,Proibição de ultrapassagem,Inexistentes,Betuminoso,Recta,Com inclinação,Berma não pavimentada,Em plena via,Direita
20171281196,2017:07:17 12:05:00,01/17/00,07/01/00,01/01/00,Polícia de Segurança Pública,50.0,50.0,Segunda-Feira,"39,297514","-7,430631",0,0,1,Estrada sem separador,Seco e limpo,Portalegre,Portalegre,União das freguesias da Sé e São Lourenço,,Rua Alexandre Herculano                                                                             ,Arruamento,0,Em bom estado,,Bom tempo,Dois sentidos,Fora da intersecção,Dentro das localidades,Em pleno dia,Com marcas - separadoras de sentido e de vias de trânsito,Atropelamento de peões,NÃO DEFINIDO,Inexistentes,NÃO DEFINIDO,Outros,Inexistentes,Betuminoso,Recta,Com inclinação,Sem berma ou impraticável,Em plena via,Direita
2013697966,2013:07:02 19:20:00,01/02/00,07/01/00,01/01/00,Polícia de Segurança Pública,50.0,50.0,Terça-Feira  ,"0,00","0,00",0,0,1,Estrada sem separador,Seco e limpo,Lisboa,Cascais,Cascais,Cascais,Avenida Infante Dom Henrique                                                                        ,Arruamento,0,Em bom estado,,Bom tempo,Dois sentidos,Em rotunda,Dentro das localidades,Em pleno dia,Com marcas - separadoras de sentido de trânsito,Colisão lateral com outro veículo em movimento,NÃO DEFINIDO,Inexistentes,NÃO DEFINIDO,Cedência de passagem,Inexistentes,Betão de cimento,Recta,Em patamar,Sem berma ou impraticável,Em plena via,Direita
2015990366,2015:07:25 16:30:00,01/25/00,07/01/00,01/01/00,Guarda Nacional Republicana,,90.0,Sábado       ,"41,319631","-6,529631",0,0,1,Estrada sem separador,Seco e limpo,Bragança,Macedo de Cavaleiros,Salselas,Salselas,,EM - Estrada Municipal,EM564-2,Em estado regular,1.2,Bom tempo,Dois sentidos,Fora da intersecção,Fora das localidades,Em pleno dia,Com marcas - separadoras de sentido de trânsito,Despiste simples,NÃO DEFINIDO,Inexistentes,NÃO DEFINIDO,NÃO DEFINIDO,Inexistentes,Betuminoso,Curva,Em patamar,Berma não pavimentada,Na berma,Direita
2013752842,2013:07:08 21:30:00,01/08/00,07/01/00,01/01/00,Guarda Nacional Republicana,50.0,50.0,Segunda-Feira,"37,060713","-7,397399",0,0,2,Estrada sem separador,Seco e limpo,Faro,Tavira,Santa Luzia,Santa Luzia,Avª Engº Duarte Pacheco,Arruamento,0,Em bom estado,,Bom tempo,Dois sentidos,Fora da intersecção,Dentro das localidades,Em pleno dia,Com marcas - separadoras de sentido de trânsito,Colisão com veiculo ou obstáculo na faixa de rodagem,NÃO DEFINIDO,Inexistentes,NÃO DEFINIDO,Passagem de peões,Inexistentes,Betuminoso,Recta,Em patamar,Berma pavimentada,Em plena via,Direita
20181477200,2018:07:25 10:40:00,01/25/00,07/01/00,01/01/00,Polícia de Segurança Pública,50.0,50.0,Quarta-Feira ,"38,710462","-9,346785",0,0,1,Estrada sem separador,Seco e limpo,Lisboa,Cascais,São Domingos de Rana,Tires,Rua Miguel Torga                                                                                    ,Arruamento,0,Em bom estado,,Bom tempo,Dois sentidos,Fora da intersecção,Dentro das localidades,Em pleno dia,Sem marcas rodoviárias ou pouco visíveis,Despiste sem dispositivo de retenção,NÃO DEFINIDO,Inexistentes,NÃO DEFINIDO,NÃO DEFINIDO,Inexistentes,Betão de cimento,Recta,Em Lomba,Sem berma ou impraticável,Em plena via,Direita
2011565707,2011:07:22 18:55:00,01/22/00,07/01/00,01/01/00,Guarda Nacional Republicana,50.0,50.0,Sexta-Feira  ,,,0,0,1,Estrada sem separador,Seco e limpo,Setúbal,Montijo,Afonsoeiro,AFONSOEIRO,AV PORTAS DA CIDADE,Arruamento,0,Em bom estado,,Bom tempo,Dois sentidos,Fora da intersecção,Dentro das localidades,Em pleno dia,Com marcas - separadoras de sentido e de vias de trânsito,Colisão traseira com outro veículo em movimento,NÃO DEFINIDO,Inexistentes,NÃO DEFINIDO,Passagem de peões,Inexistentes,Betuminoso,Recta,Em patamar,Berma pavimentada,Em plena via,Direita
20191769682,2019:07:10 14:45:00,01/10/00,07/01/00,01/01/00,Guarda Nacional Republicana,50.0,50.0,Quarta-Feira ,"41,248570","-8,563375",0,0,1,Estrada sem separador,Seco e limpo,Porto,Maia,São Pedro Fins,S. Pedro Fins,Rua das Cardosas,Arruamento,0,Em mau estado,,Bom tempo,Dois sentidos,Fora da intersecção,Dentro das localidades,Em pleno dia,Sem marcas rodoviárias ou pouco visíveis,Despiste simples,NÃO DEFINIDO,Inexistentes,NÃO DEFINIDO,NÃO DEFINIDO,Inexistentes,Calçada,Recta,Em patamar,Sem berma ou impraticável,Na berma,Direita
2013750055,2013:07:09 19:24:00,01/09/00,07/01/00,01/01/00,Guarda Nacional Republicana,50.0,50.0,Terça-Feira  ,"40,064124","-8,145524",0,0,1,Estrada sem separador,Seco e limpo,Coimbra,Lousa,Lousã,Lousã,Rua General Humberto Delgado,Arruamento,0,Em bom estado,,Bom tempo,Dois sentidos,Fora da intersecção,Dentro das localidades,Em pleno dia,Sem marcas rodoviárias ou pouco visíveis,Colisão frontal,NÃO DEFINIDO,Inexistentes,NÃO DEFINIDO,Passagem de peões,Inexistentes,Betuminoso,Recta,Com inclinação,Berma pavimentada,Em plena via,Direita
2013710385,2013:07:31 19:30:00,01/31/00,07/01/00,01/01/00,Polícia de Segurança Pública,50.0,50.0,Quarta-Feira ,"38,777071","-9,220564",0,0,1,Outra via,Seco e limpo,Lisboa,Amadora,Brandoa,,Avenida Manuel Cargaleiro                                                                           ,Arruamento,0,Em estado regular,,Bom tempo,Dois sentidos,Fora da intersecção,Dentro das localidades,Aurora ou crepúsculo,Com marcas - separadoras de sentido de trânsito,Colisão com outras situações,NÃO DEFINIDO,Inexistentes,No sentido decrescente da quilometragem,Outros,Inexistentes,Betuminoso,Recta,Com inclinação,Berma pavimentada,Em plena via,Direita
2013752741,2013:07:20 16:15:00,01/20/00,07/01/00,01/01/00,Guarda Nacional Republicana,50.0,50.0,Sábado       ,"41,164669","-8,515575",0,0,1,Estrada sem separador,Seco e limpo,Porto,Gondomar,São Pedro da Cova,,Rua D Pedro IV,Arruamento,0,Em estado regular,,Bom tempo,Dois sentidos,Fora da intersecção,Dentro das localidades,Em pleno dia,Sem marcas rodoviárias ou pouco visíveis,Colisão frontal,NÃO DEFINIDO,Inexistentes,NÃO DEFINIDO,NÃO DEFINIDO,Inexistentes,Calçada,Recta,Com inclinação,Sem berma ou impraticável,Em plena via,Direita
2014833954,2014:07:24 17:00:00,01/24/00,07/01/00,01/01/00,Polícia de Segurança Pública,50.0,50.0,Quinta-Feira ,"39,612125","-9,064946",0,0,2,Estrada sem separador,Seco e limpo,Leiria,Nazare,Nazaré,Sítio da Nazaré,Praça Maria do Mar                                                                                  ,Arruamento,0,Em bom estado,,Bom tempo,Sentido único,Em rotunda,Dentro das localidades,Em pleno dia,Sem marcas rodoviárias ou pouco visíveis,Despiste com colisão com veículo imobil. ou obstáculo,NÃO DEFINIDO,Inexistentes,NÃO DEFINIDO,NÃO DEFINIDO,Inexistentes,Betuminoso,Curva,Em patamar,Berma pavimentada,Em plena via,Direita
2015988142,2015:07:20 20:15:00,01/20/00,07/01/00,01/01/00,Guarda Nacional Republicana,50.0,50.0,Segunda-Feira,"40,300664","-8,338835",0,0,2,Estrada sem separador,Seco e limpo,Aveiro,Oliveira do Bairro,"União das freguesias de Bustos, Troviscal e Mamarrosa",,Rua Professor José Oliveira,Arruamento,0,Em bom estado,,Bom tempo,Dois sentidos,Fora da intersecção,Dentro das localidades,Sol escandeante,Com marcas - separadoras de sentido de trânsito,Colisão com veiculo ou obstáculo na faixa de rodagem,NÃO DEFINIDO,Inexistentes,NÃO DEFINIDO,NÃO DEFINIDO,Inexistentes,Betuminoso,Recta,Em patamar,Sem berma ou impraticável,Em plena via,Direita
20171289058,2017:07:22 13:18:00,01/22/00,07/01/00,01/01/00,Guarda Nacional Republicana,50.0,90.0,Sábado       ,"38,092821","-8,203793",0,0,1,Estrada sem separador,Seco e limpo,Beja,Ferreira do Alentejo,Figueira dos Cavaleiros,Figueira dos Cavaleiros,,EN - Estrada Nacional,EN259,Em bom estado,"34,54",Bom tempo,Dois sentidos,Em entroncamento,Dentro das localidades,Em pleno dia,Com marcas - separadoras de sentido de trânsito,Colisão com veiculo ou obstáculo na faixa de rodagem,NÃO DEFINIDO,Inexistentes,NÃO DEFINIDO,Outros,A funcionar normalmente,Betuminoso,Recta,Em patamar,Berma pavimentada,Em plena via,Direita
2011556004,2011:07:31 11:26:00,01/31/00,07/01/00,01/01/00,Guarda Nacional Republicana,90.0,90.0,Domingo      ,"37,119524","-8,247349",0,0,1,Outra via,Seco e limpo,Faro,Albufeira,Albufeira,ALBUFEIRA FERREIRAS,,EN - Estrada Nacional,EN125,Em estado regular,71.6,Bom tempo,Dois sentidos,Em ramo de ligação - entrada,Fora das localidades,Em pleno dia,Com marcas - separadoras de sentido de trânsito,Colisão traseira com outro veículo em movimento,NÃO DEFINIDO,Inexistentes,No sentido decrescente da quilometragem,Cedência de passagem,Inexistentes,Betuminoso,Curva,Com inclinação,Berma pavimentada,Em plena via,Direita
20161092202,2016:07:27 13:30:00,01/27/00,07/01/00,01/01/00,Polícia de Segurança Pública,50.0,50.0,Quarta-Feira ,"38,785618","-9,208152",0,0,1,Estrada sem separador,Seco e limpo,Lisboa,Odivelas,União das freguesias de Pontinha e Famões,Famões,Rua Major João Luís de Moura                                                                        ,Arruamento,0,Em estado regular,,Bom tempo,Dois sentidos,Fora da intersecção,Dentro das localidades,Em pleno dia,Com marcas - separadoras de sentido de trânsito,Despiste sem dispositivo de retenção,NÃO DEFINIDO,Inexistentes,NÃO DEFINIDO,NÃO DEFINIDO,Inexistentes,Betuminoso,Recta,Em patamar,Berma pavimentada,Em plena via,Direita