Id. Acidente,Datahora,Dia,Mês,Hora,Entidades Fiscalizadoras,Velocidade local,Velocidade geral,Dia da Semana,Latitude GPS,Longitude GPS,Num. Mortos a 30 dias,Num. Feridos graves a 30 dias,Num. Feridos ligeiros a 30 dias,Características Tecnicas1,Cond Aderência,Distrito,Concelho,Freguesia,Pov. Proxima,Nome arruamento,Tipos Vias,Cod Via,Estado Conservação,Km,Factores Atmosféricos,Reg Circulação1,Intersecção Vias,Localizações,Luminosidade,Marca Via,Natureza,Obras Arte,Obstáculos,Sentidos,Sinais,Sinais Luminosos,Tipo Piso,Traçado 1,Traçado 2,Traçado 3,Traçado 4,Via Trânsito
2015987460,2015:07:19 21:15:00,01/19/00,07/01/00,01/01/00,Guarda Nacional Republicana,70.0,70.0,Domingo      ,"37,036454","-8,017654",0,1,0,Estrada sem separador,Seco e limpo,Faro,Loule,Almancil,Almancil,,Outra Via,0,Em mau estado,,Bom tempo,NÃO DEFINIDO,Fora da intersecção,Fora das localidades,"Noite, sem iluminação",Sem marcas rodoviárias ou pouco visíveis,Despiste simples,NÃO DEFINIDO,Não sinalizados,NÃO DEFINIDO,Outros,Inexistentes,Terra batida,Recta,Com inclinação,Sem berma ou impraticável,Em plena via,Direita
20181477958,2018:07:25 21:30:00,01/25/00,07/01/00,01/01/00,Guarda Nacional Republicana,50.0,50.0,Quarta-Feira ,"39,009344","-9,356965",0,0,1,Estrada sem separador,Seco e limpo,Lisboa,Mafra,Encarnação,Santo Isidoro,,EN - Estrada Nacional,EN9,Em bom estado,"46,2",Bom tempo,Dois sentidos,Fora da intersecção,Dentro das localidades,"Noite, com iluminação",Com marcas - separadoras de sentido de trânsito,Despiste com capotamento,NÃO DEFINIDO,Inexistentes,NÃO DEFINIDO,NÃO DEFINIDO,Inexistentes,Betuminoso,Curva,Em patamar,Sem berma ou impraticável,Em plena via,Direita
2010478568,2010:07:05 20:57:00,01/05/00,07/01/00,01/01/00,Guarda Nacional Republicana,50.0,50.0,Segunda-Feira,,,1,0,0,Estrada sem separador,Seco e limpo,Porto,Vila Nova de Gaia,Grijó,GRIJO,R DR CASTRO CORREIA,Arruamento,0,Em estado regular,,Bom tempo,Dois sentidos,Fora da intersecção,Dentro das localidades,Em pleno dia,Sem marcas rodoviárias ou pouco visíveis,Despiste simples,NÃO DEFINIDO,Não sinalizados,NÃO DEFINIDO,NÃO DEFINIDO,Inexistentes,Betuminoso,Curva,Com inclinação,Sem berma ou impraticável,Em plena via,Direita
2012631286,2012:07:17 18:00:00,01/17/00,07/01/00,01/01/00,Guarda Nacional Republicana,50.0,50.0,Terça-Feira  ,,,0,0,1,Estrada sem separador,Seco e limpo,Setúbal,Palmela,Palmela,Lau,,EM - Estrada Municipal,EM533,Em estado regular,,Bom tempo,Dois sentidos,Fora da intersecção,Dentro das localidades,Em pleno dia,Com marcas - separadoras de sentido de trânsito,Colisão traseira com outro veículo em movimento,NÃO DEFINIDO,Inexistentes,NÃO DEFINIDO,Outros,Inexistentes,Betão de cimento,Recta,Em patamar,Berma não pavimentada,Em plena via,Direita
20171171486,2016:07:14 22:15:00,01/14/00,07/01/00,01/01/00,Guarda Nacional Republicana,50.0,50.0,Quinta-Feira ,"41,548224","-8,401516",1,0,1,Estrada sem separador,Seco e limpo,Viana do Castelo,Vila Nova de Cerveira,Mentrestido,MENTRESTIDO,,EM - Estrada Municipal,0,Em bom estado,,Bom tempo,Dois sentidos,Fora da intersecção,Dentro das localidades,"Noite, sem iluminação",Com marcas - separadoras de sentido de trânsito,Colisão traseira com outro veículo em movimento,NÃO DEFINIDO,Inexistentes,NÃO DEFINIDO,NÃO DEFINIDO,Inexistentes,Betuminoso,Recta,Em patamar,Sem berma ou impraticável,Em plena via,Direita
2013750288,2013:07:15 20:00:00,01/15/00,07/01/00,01/01/00,Guarda Nacional Republicana,50.0,50.0,Segunda-Feira,"41,300175","-8,196270",0,0,2,Estrada sem separador,Seco e limpo,Braga,Guimaraes,Prazins (Santa Eufémia),,Rua Padre João Moreira Leite,Arruamento,0,Em bom estado,,Bom tempo,Dois sentidos,Fora da intersecção,Dentro das localidades,Em pleno dia,Sem marcas rodoviárias ou pouco visíveis,Despiste simples,NÃO DEFINIDO,Inexistentes,NÃO DEFINIDO,NÃO DEFINIDO,Inexistentes,Betuminoso,Recta,Com inclinação,Sem berma ou impraticável,Na berma,Direita
2013750354,2013:07:28 12:30:00,01/28/00,07/01/00,01/01/00,Guarda Nacional Republicana,90.0,90.0,Domingo      ,"41,362623","-8,175250",0,0,2,Estrada sem separador,Húmido,Braga,Povoa de Lanhoso,Geraz do Minho,Geraz do Minho,,EN - Estrada Nacional,EN205,Em estado regular,60.7,Chuva,Dois sentidos,Fora da intersecção,Fora das localidades,Em pleno dia,Com marcas - separadoras de sentido de trânsito,Colisão frontal,NÃO DEFINIDO,Inexistentes,NÃO DEFINIDO,NÃO DEFINIDO,Inexistentes,Betuminoso,Curva,Com inclinação,Sem berma ou impraticável,Em plena via,Direita
2012619343,2012:07:09 14:10:00,01/09/00,07/01/00,01/01/00,Polícia de Segurança Pública,50.0,50.0,Segunda-Feira,"0,00","0,00",0,0,1,Estrada sem separador,Húmido,Leiria,Caldas da Rainha,Caldas da Rainha (N Senhora do Pópu,,Rua Praça de Touros                                                                                 ,Arruamento,0,Em estado regular,,Bom tempo,Sentido único,Fora da intersecção,Dentro das localidades,Em pleno dia,Sem marcas rodoviárias ou pouco visíveis,Colisão lateral com outro veículo em movimento,NÃO DEFINIDO,Inexistentes,NÃO DEFINIDO,NÃO DEFINIDO,Inexistentes,Betuminoso,Recta,Em patamar,Berma pavimentada,Em plena via,Direita
20181466577,2018:07:10 21:15:00,01/10/00,07/01/00,01/01/00,Polícia de Segurança Pública,50.0,50.0,Terça-Feira  ,"41,381664","-8,768839",0,0,1,Estrada sem separador,Seco e limpo,Porto,Povoa de Varzim,"União das freguesias da Póvoa de Varzim, Beiriz e Argivai",Póvoa de Varzim,Rua Doutor Caetano de Oliveira                                                                      ,Arruamento,0,Em estado regular,,Bom tempo,Sentido único,Fora da intersecção,Dentro das localidades,"Noite, com iluminação",Com marcas - separadoras de sentido de trânsito,Atropelamento de peões,NÃO DEFINIDO,Inexistentes,NÃO DEFINIDO,Passagem de peões,Inexistentes,Calçada,Recta,Em patamar,Berma pavimentada,Em plena via,Direita
2013749883,2013:07:02 11:45:00,01/02/00,07/01/00,01/01/00,Guarda Nacional Republicana,70.0,70.0,Terça-Feira  ,"41,541031","-8,325821",0,0,2,Estrada sem separador,Seco e limpo,Viana do Castelo,Paredes de Coura,Cristelo,,,EN - Estrada Nacional,EN303,Em bom estado,18.75,Bom tempo,Sentido único,Fora da intersecção,Dentro das localidades,Em pleno dia,Com marcas - separadoras de sentido de trânsito,Despiste com capotamento,NÃO DEFINIDO,Inexistentes,NÃO DEFINIDO,Outros,Inexistentes,Betuminoso,Curva,Com inclinação,Sem berma ou impraticável,Em plena via,Direita
2012632089,2012:07:24 12:10:00,01/24/00,07/01/00,01/01/00,Guarda Nacional Republicana,50.0,50.0,Terça-Feira  ,"41,137832","-8,293730",0,0,1,Estrada sem separador,Seco e limpo,Porto,Penafiel,Cabeça Santa,,,EN - Estrada Nacional,EN106,Em bom estado,34.28,Bom tempo,Dois sentidos,Em cruzamento,Dentro das localidades,Em pleno dia,Com marcas - separadoras de sentido de trânsito,Colisão lateral com outro veículo em movimento,NÃO DEFINIDO,Inexistentes,NÃO DEFINIDO,Stop,Inexistentes,Betuminoso,Recta,Em patamar,Sem berma ou impraticável,Em plena via,Direita
20171285955,2017:07:09 15:30:00,01/09/00,07/01/00,01/01/00,Guarda Nacional Republicana,50.0,50.0,Domingo      ,"39,179734","-9,345571",0,0,1,Estrada sem separador,Seco e limpo,Lisboa,Torres Vedras,União das freguesias de A dos Cunhados e Maceira,Maceira,"Rua Joaquim Pedro Fernandes, Maceira",Arruamento,0,Em estado regular,,Bom tempo,Dois sentidos,Fora da intersecção,Dentro das localidades,Em pleno dia,Com marcas - separadoras de sentido de trânsito,Despiste simples,NÃO DEFINIDO,Inexistentes,NÃO DEFINIDO,NÃO DEFINIDO,Inexistentes,Betão de cimento,Recta,Com inclinação,Sem berma ou impraticável,Em plena via,Direita
20161084637,2016:07:12 20:15:00,01/12/00,07/01/00,01/01/00,Polícia de Segurança Pública,80.0,80.0,Terça-Feira  ,"38,713091","-9,222289",0,0,2,Outra via,Seco e limpo,Lisboa,Oeiras,"União das freguesias de Algés, Linda-a-Velha e Cruz Quebrada-Dafundo",Linda a Velha,,IC - Itinerário Complementar,IC17,Em bom estado,"2,7",Bom tempo,Sentido único,Fora da intersecção,Dentro das localidades,Aurora ou crepúsculo,Com marcas - separadoras de sentido e de vias de trânsito,Colisão traseira com outro veículo em movimento,NÃO DEFINIDO,Inexistentes,No sentido decrescente da quilometragem,Outros,Inexistentes,Betuminoso,Recta,Em patamar,Berma pavimentada,Em plena via,Direita
20191762500,2019:07:02 12:20:00,01/02/00,07/01/00,01/01/00,Guarda Nacional Republicana,40.0,50.0,Terça-Feira  ,"41,212800","-8,270645",0,0,1,Estrada sem separador,Seco e limpo,Porto,Penafiel,Penafiel,SANTA MARTA,,EN - Estrada Nacional,EN15,Em estado regular,"32,9",Bom tempo,Dois sentidos,Em rotunda,Dentro das localidades,Em pleno dia,Com marcas - separadoras de sentido de trânsito,Colisão lateral com outro veículo em movimento,NÃO DEFINIDO,Inexistentes,NÃO DEFINIDO,Cedência de passagem,Inexistentes,Betuminoso,Curva,Com inclinação,Sem berma ou impraticável,Em plena via,Direita
2015987984,2015:07:24 13:30:00,01/24/00,07/01/00,01/01/00,Guarda Nacional Republicana,50.0,50.0,Sexta-Feira  ,"38,507806","-9,226663",0,0,1,Estrada sem separador,Seco e limpo,Lisboa,Sintra,União das freguesias de São João das Lampas e Terrugem,Terrugem,Avª 29 de Agosto,Arruamento,0,Em bom estado,,Bom tempo,Dois sentidos,Fora da intersecção,Dentro das localidades,Em pleno dia,Sem marcas rodoviárias ou pouco visíveis,Despiste simples,NÃO DEFINIDO,Inexistentes,NÃO DEFINIDO,NÃO DEFINIDO,Inexistentes,Betuminoso,Recta,Em patamar,Berma pavimentada,Em plena via,Direita
2013657395,2012:07:23 08:15:00,01/23/00,07/01/00,01/01/00,Polícia de Segurança Pública,50.0,50.0,Segunda-Feira,"0,00","0,00",0,0,1,Estrada sem separador,Húmido,Lisboa,Loures,Loures,Loures,Rua Comandante Carvalho Araújo                                                                      ,Arruamento,0,Em estado regular,,Bom tempo,Dois sentidos,Fora da intersecção,Dentro das localidades,Em pleno dia,Com marcas - separadoras de sentido de trânsito,Colisão traseira com outro veículo em movimento,NÃO DEFINIDO,Inexistentes,NÃO DEFINIDO,Outros,Inexistentes,Betuminoso,Recta,Em patamar,Berma pavimentada,Em plena via,Direita
20171288377,2017:07:19 14:40:00,01/19/00,07/01/00,01/01/00,Guarda Nacional Republicana,50.0,50.0,Quarta-Feira ,"41,744437","-6,953889",0,1,0,Estrada sem separador,Seco e limpo,Bragança,Vinhais,Edrosa,MELHE,RUA PRINCIPAL,Arruamento,0,Em bom estado,,Bom tempo,Dois sentidos,Fora da intersecção,Dentro das localidades,Em pleno dia,Sem marcas rodoviárias ou pouco visíveis,Despiste com capotamento,NÃO DEFINIDO,Inexistentes,NÃO DEFINIDO,NÃO DEFINIDO,Inexistentes,Betuminoso,Curva,Com inclinação,Sem berma ou impraticável,Em plena via,Direita
20191719258,2019:07:29 14:45:00,01/29/00,07/01/00,01/01/00,Polícia de Segurança Pública,50.0,50.0,Segunda-Feira,"0,0","0,0",0,0,1,Estrada sem separador,Seco e limpo,Lisboa,Cascais,São Domingos de Rana,São Domingos de Rana,,EN - Estrada Nacional,EN249-4,Em estado regular,"7,4",Bom tempo,Dois sentidos,Fora da intersecção,Dentro das localidades,Em pleno dia,Sem marcas rodoviárias ou pouco visíveis,Atropelamento de peões,NÃO DEFINIDO,Inexistentes,NÃO DEFINIDO,NÃO DEFINIDO,Inexistentes,Betuminoso,Recta,Em patamar,Sem berma ou impraticável,Em plena via,Direita
20171173149,2016:07:22 10:30:00,01/22/00,07/01/00,01/01/00,Guarda Nacional Republicana,50.0,50.0,Sexta-Feira  ,"39,397005","-8,428487",0,0,1,Estrada sem separador,Seco e limpo,Leiria,Leiria,Arrabal,CHAINÇA,Rua da Barrada,Arruamento,0,Em bom estado,,Bom tempo,Dois sentidos,Fora da intersecção,Dentro das localidades,Em pleno dia,Com marcas - separadoras de sentido de trânsito,Despiste simples,NÃO DEFINIDO,Inexistentes,NÃO DEFINIDO,NÃO DEFINIDO,Inexistentes,Betuminoso,Recta,Em patamar,Sem berma ou impraticável,Em plena via,Direita
2010478950,2010:07:21 12:30:00,01/21/00,07/01/00,01/01/00,Guarda Nacional Republicana,50.0,50.0,Quarta-Feira ,,,0,0,1,Estrada sem separador,Seco e limpo,Porto,Gondomar,Fânzeres,FANZERES,R TARDARIZ,Arruamento,0,Em estado regular,,Bom tempo,Dois sentidos,Em entroncamento,Dentro das localidades,Em pleno dia,Com marcas - separadoras de sentido de trânsito,Colisão frontal,NÃO DEFINIDO,Inexistentes,NÃO DEFINIDO,Stop,Inexistentes,Betuminoso,Recta,Em patamar,Berma pavimentada,Em plena via,Direita
2011557258,2011:07:31 10:30:00,01/31/00,07/01/00,01/01/00,Guarda Nacional Republicana,50.0,50.0,Domingo      ,,,0,0,1,Estrada sem separador,Seco e limpo,Porto,Felgueiras,Lordelo,LORDELO,R DA ESCOLA,Arruamento,0,Em estado regular,,Bom tempo,Dois sentidos,Em cruzamento,Dentro das localidades,Em pleno dia,Sem marcas rodoviárias ou pouco visíveis,Colisão com outras situações,NÃO DEFINIDO,Inexistentes,NÃO DEFINIDO,NÃO DEFINIDO,Inexistentes,Calçada,Recta,Com inclinação,Sem berma ou impraticável,Em plena via,Direita
2014855833,2014:07:15 08:50:00,01/15/00,07/01/00,01/01/00,Guarda Nacional Republicana,90.0,90.0,Terça-Feira  ,"39,506279","-8,504779",0,0,2,Estrada sem separador,Seco e limpo,Leiria,Leiria,União das freguesias de Souto da Carpalhosa e Ortigosa,Ortigosa,,EN - Estrada Nacional,EN109,Em bom estado,157.4,Bom tempo,Dois sentidos,Fora da intersecção,Fora das localidades,Em pleno dia,Com marcas - separadoras de sentido de trânsito,Colisão frontal,NÃO DEFINIDO,Inexistentes,NÃO DEFINIDO,NÃO DEFINIDO,Inexistentes,Betuminoso,Curva,Em patamar,Berma pavimentada,Em plena via,Direita
2014855161,2014:07:19 22:40:00,01/19/00,07/01/00,01/01/00,Guarda Nacional Republicana,50.0,50.0,Sábado       ,"41,169929","-8,401152",0,0,1,Estrada sem separador,Molhado,Porto,Vila do Conde,Vilar de Pinheiro,Vilar de Pinheiro,Avª José Rego,Arruamento,0,Em bom estado,,Chuva,Dois sentidos,Fora da intersecção,Dentro das localidades,"Noite, com iluminação",Com marcas - separadoras de sentido de trânsito,Colisão traseira com outro veículo em movimento,NÃO DEFINIDO,Inexistentes,NÃO DEFINIDO,Outros,Inexistentes,Betuminoso,Recta,Em patamar,Berma pavimentada,Em plena via,Direita
20181467737,2018:07:10 00:05:00,01/10/00,07/01/00,01/01/00,Guarda Nacional Republicana,50.0,90.0,Terça-Feira  ,"41,026406","-8,554910",0,0,3,Estrada sem separador,Seco e limpo,Porto,Vila Nova de Gaia,União das freguesias de Grijó e Sermonde,Seixezelo,,EN - Estrada Nacional,EN1,Em estado regular,"290,3",Bom tempo,Dois sentidos,Fora da intersecção,Dentro das localidades,"Noite, com iluminação",Com marcas - separadoras de sentido e de vias de trânsito,Colisão traseira com outro veículo em movimento,NÃO DEFINIDO,Inexistentes,NÃO DEFINIDO,NÃO DEFINIDO,Inexistentes,Betuminoso,Recta,Em patamar,Berma pavimentada,Em plena via,Direita
2012619917,2012:07:13 14:50:00,01/13/00,07/01/00,01/01/00,Polícia de Segurança Pública,50.0,50.0,Sexta-Feira  ,"0,00","0,00",0,0,1,Estrada sem separador,Húmido,Setúbal,Seixal,Arrentela,,Rua Quinta da Fidalga                                                                               ,Arruamento,0,Em estado regular,,Bom tempo,Dois sentidos,Em entroncamento,Dentro das localidades,Em pleno dia,Sem marcas rodoviárias ou pouco visíveis,Colisão frontal,NÃO DEFINIDO,Inexistentes,NÃO DEFINIDO,Stop,Inexistentes,Betuminoso,Recta,Com inclinação,Berma pavimentada,Em plena via,Direita
20171271413,2017:07:10 18:30:00,01/10/00,07/01/00,01/01/00,Polícia de Segurança Pública,50.0,50.0,Segunda-Feira,"40,651150","-7,921215",0,0,2,Outra via,Seco e limpo,Viseu,Viseu,União das freguesias de Viseu,Viseu,Avenida Cidade de São Filipe                                                                        ,Arruamento,0,Em estado regular,,Bom tempo,Sentido único,Fora da intersecção,Dentro das localidades,Em pleno dia,Com marcas - separadoras de sentido e de vias de trânsito,Colisão traseira com outro veículo em movimento,NÃO DEFINIDO,Inexistentes,No sentido crescente da quilometragem,Outros,A funcionar normalmente,Betuminoso,Curva,Com inclinação,Berma pavimentada,Em plena via,Direita
2015988355,2015:07:24 08:00:00,01/24/00,07/01/00,01/01/00,Guarda Nacional Republicana,50.0,50.0,Sexta-Feira  ,"39,402290","-8,477562",0,0,2,Estrada sem separador,Molhado,Leiria,Batalha,Reguengo do Fetal,Garruchas,,EN - Estrada Nacional,EN543,Em bom estado,,Chuva,Dois sentidos,Fora da intersecção,Dentro das localidades,Em pleno dia,Com marcas - separadoras de sentido de trânsito,Colisão frontal,NÃO DEFINIDO,Inexistentes,NÃO DEFINIDO,Outros,Inexistentes,Betuminoso,Recta,Com inclinação,Sem berma ou impraticável,Em plena via,Direita
2010465773,2010:07:13 06:20:00,01/13/00,07/01/00,01/01/00,Polícia de Segurança Pública,50.0,50.0,Terça-Feira  ,"0,00","0,00",0,0,1,Estrada sem separador,Seco e limpo,Porto,Santo Tirso,Santo Tirso,Santo Tirso,Rua Doutor Oliveira Salazar,Arruamento,0,Em bom estado,,Bom tempo,Dois sentidos,Fora da intersecção,Dentro das localidades,Em pleno dia,Com marcas - separadoras de sentido de trânsito,Despiste com colisão com veículo imobil. ou obstáculo,NÃO DEFINIDO,Inexistentes,NÃO DEFINIDO,NÃO DEFINIDO,Inexistentes,Betuminoso,Recta,Em patamar,Berma pavimentada,Em plena via,Direita
20191768799,2019:07:25 10:45:00,01/25/00,07/01/00,01/01/00,Guarda Nacional Republicana,50.0,50.0,Quinta-Feira ,"41,741990","-7,012109",0,0,1,Estrada sem separador,Seco e limpo,Bragança,Vinhais,Penhas Juntas,Penhas Juntas - Vinhais,Largo da Igreja Penhas Juntas 1,Arruamento,0,Em estado regular,,Bom tempo,Dois sentidos,Fora da intersecção,Dentro das localidades,Em pleno dia,Sem marcas rodoviárias ou pouco visíveis,Atropelamento de peões,NÃO DEFINIDO,Inexistentes,NÃO DEFINIDO,NÃO DEFINIDO,Inexistentes,Betuminoso,Recta,Em patamar,Sem berma ou impraticável,Em plena via,Direita
2014856993,2014:07:13 08:15:00,01/13/00,07/01/00,01/01/00,Guarda Nacional Republicana,50.0,50.0,Domingo      ,"41,459778","-8,356560",0,0,1,Estrada sem separador,Seco e limpo,Viana do Castelo,Ponte de Lima,Arcozelo,São Gonçalo,,EN - Estrada Nacional,EN201,Em bom estado,34.4,Bom tempo,Dois sentidos,Fora da intersecção,Dentro das localidades,Em pleno dia,Com marcas - separadoras de sentido de trânsito,Colisão traseira com outro veículo em movimento,NÃO DEFINIDO,Inexistentes,NÃO DEFINIDO,Proibição de ultrapassagem,Inexistentes,Betuminoso,Recta,Com inclinação,Berma pavimentada,Em plena via,Direita
20171287972,2017:07:18 05:30:00,01/18/00,07/01/00,01/01/00,Guarda Nacional Republicana,50.0,50.0,Terça-Feira  ,"37,090105","-8,117271",0,0,2,Estrada sem separador,Seco e limpo,Faro,Loule,Quarteira,Quarteira,Rua E.U.A.,Arruamento,0,Em bom estado,,Bom tempo,Dois sentidos,Em cruzamento,Dentro das localidades,"Noite, com iluminação",Com marcas - separadoras de sentido e de vias de trânsito,Colisão lateral com outro veículo em movimento,NÃO DEFINIDO,Inexistentes,NÃO DEFINIDO,Stop,Inexistentes,Betuminoso,Recta,Em patamar,Berma pavimentada,Em plena via,Direita
2015951736,2015:07:01 14:55:00,01/01/00,07/01/00,01/01/00,Polícia de Segurança Pública,50.0,50.0,Quarta-Feira ,"38,738517","-9,138346",0,0,1,Outra via,Seco e limpo,Lisboa,Lisboa,Areeiro,,Avenida México                                                                                      ,Arruamento,0,Em estado regular,,Bom tempo,Sentido único,Fora da intersecção,Dentro das localidades,Em pleno dia,Sem marcas rodoviárias ou pouco visíveis,Colisão com veiculo ou obstáculo na faixa de rodagem,NÃO DEFINIDO,Inexistentes,No sentido decrescente da quilometragem,Outros,Inexistentes,Calçada,Curva,Com inclinação,Berma pavimentada,Em plena via,Direita
2011540786,2011:07:11 09:00:00,01/11/00,07/01/00,01/01/00,Polícia de Segurança Pública,50.0,50.0,Segunda-Feira,"0,00","0,00",0,1,0,Estrada sem separador,NÃO DEFINIDO,Lisboa,Cascais,São Domingos de Rana,Trajouce,Estrada José Justino Anjos                                                                          ,Arruamento,0,NÃO DEFINIDO,,NÃO DEFINIDO,Dois sentidos,NÃO DEFINIDO,Dentro das localidades,NÃO DEFINIDO,NÃO DEFINIDO,Colisão lateral com outro veículo em movimento,NÃO DEFINIDO,NÃO DEFINIDO,NÃO DEFINIDO,NÃO DEFINIDO,NÃO DEFINIDO,NÃO DEFINIDO,NÃO DEFINIDO,NÃO DEFINIDO,NÃO DEFINIDO,NÃO DEFINIDO,Direita
2014854001,2014:07:30 14:50:00,01/30/00,07/01/00,01/01/00,Guarda Nacional Republicana,50.0,50.0,Quarta-Feira ,"39,173922","-7,273731",0,1,1,Estrada sem separador,Seco e limpo,Portalegre,Portalegre,União das freguesias da Sé e São Lourenço,Portalegre,,IC - Itinerário Complementar,IC13,Em bom estado,153.15,Bom tempo,Sentido único,Em rotunda,Fora das localidades,Em pleno dia,Com marcas - separadoras de sentido de trânsito,Despiste com capotamento,NÃO DEFINIDO,Inexistentes,NÃO DEFINIDO,Cedência de passagem,Inexistentes,Betuminoso,Curva,Com inclinação,Berma pavimentada,Em plena via,Direita
20181468347,2018:07:14 20:55:00,01/14/00,07/01/00,01/01/00,Polícia de Segurança Pública,50.0,50.0,Sábado       ,"41,182421","-8,682838",0,0,1,Estrada sem separador,Seco e limpo,Porto,Matosinhos,União das freguesias de Matosinhos e Leça da Palmeira,Matosinhos,Rua 1º de Maio,Arruamento,0,Em bom estado,,Bom tempo,Sentido único,Em entroncamento,Dentro das localidades,Aurora ou crepúsculo,Com marcas - separadoras de sentido e de vias de trânsito,Despiste sem dispositivo de retenção,NÃO DEFINIDO,Inexistentes,NÃO DEFINIDO,Outros,Inexistentes,Betuminoso,Curva,Em patamar,Berma pavimentada,Em plena via,Direita
2012630242,2012:07:24 18:30:00,01/24/00,07/01/00,01/01/00,Guarda Nacional Republicana,50.0,50.0,Terça-Feira  ,,,0,1,3,Estrada sem separador,Seco e limpo,Braga,Barcelos,Galegos (Santa Maria),,Rua do Galo,Arruamento,0,Em estado regular,,Bom tempo,Dois sentidos,Em cruzamento,Dentro das localidades,Em pleno dia,Sem marcas rodoviárias ou pouco visíveis,Colisão lateral com outro veículo em movimento,NÃO DEFINIDO,Inexistentes,NÃO DEFINIDO,Stop,Inexistentes,Betuminoso,Recta,Em patamar,Sem berma ou impraticável,Em plena via,Direita
20171281576,2017:07:26 18:41:00,01/26/00,07/01/00,01/01/00,Polícia de Segurança Pública,70.0,70.0,Quarta-Feira ,"38,698676","-9,235340",0,0,2,Estrada sem separador,Seco e limpo,Lisboa,Oeiras,"União das freguesias de Algés, Linda-a-Velha e Cruz Quebrada-Dafundo",Algés,Avenida Ivens                                                                                       ,Arruamento,0,Em bom estado,,Bom tempo,Dois sentidos,Fora da intersecção,Dentro das localidades,Em pleno dia,Com marcas - separadoras de sentido e de vias de trânsito,Colisão choque em cadeia,NÃO DEFINIDO,Inexistentes,NÃO DEFINIDO,NÃO DEFINIDO,A funcionar normalmente,Betuminoso,Recta,Em patamar,Sem berma ou impraticável,Em plena via,Esquerda
20191717218,2019:07:16 08:45:00,01/16/00,07/01/00,01/01/00,Polícia de Segurança Pública,50.0,50.0,Terça-Feira  ,"0,0","0,0",0,0,1,Outra via,Seco e limpo,Braga,Braga,Braga (São Vicente),Braga,Avenida António Macedo                                                                              ,Arruamento,0,Em bom estado,,Bom tempo,Sentido único,Fora da intersecção,Dentro das localidades,Em pleno dia,Com marcas - separadoras de sentido e de vias de trânsito,Colisão choque em cadeia,NÃO DEFINIDO,Inexistentes,No sentido decrescente da quilometragem,NÃO DEFINIDO,Inexistentes,Betuminoso,Recta,Em patamar,Berma pavimentada,Em plena via,Direita
2012632589,2012:07:07 10:30:00,01/07/00,07/01/00,01/01/00,Guarda Nacional Republicana,50.0,50.0,Sábado       ,,,0,0,1,Estrada sem separador,Seco e limpo,Braga,Vila Nova de Famalicao,Ribeirão,Ribeirão,Avª 3 de Julho,Arruamento,0,Em bom estado,,Bom tempo,Dois sentidos,Fora da intersecção,Dentro das localidades,Em pleno dia,Sem marcas rodoviárias ou pouco visíveis,Colisão lateral com outro veículo em movimento,NÃO DEFINIDO,Inexistentes,NÃO DEFINIDO,Outros,Inexistentes,Betuminoso,Curva,Com inclinação,Berma pavimentada,Em plena via,Direita
20181458016,2018:07:03 07:00:00,01/03/00,07/01/00,01/01/00,Polícia de Segurança Pública,50.0,50.0,Terça-Feira  ,"38,763323","-9,197641",0,0,1,Estrada sem separador,Seco e limpo,Lisboa,Odivelas,União das freguesias de Pontinha e Famões,Pontinha,Avenida 25 de Abril                                                                                 ,Arruamento,0,Em estado regular,,Bom tempo,Sentido único,Em entroncamento,Dentro das localidades,Em pleno dia,Com marcas - separadoras de sentido e de vias de trânsito,Atropelamento de peões,NÃO DEFINIDO,Inexistentes,NÃO DEFINIDO,Outros,Inexistentes,Betuminoso,Recta,Em patamar,Sem berma ou impraticável,Em plena via,Direita
20171289102,2017:07:22 18:30:00,01/22/00,07/01/00,01/01/00,Guarda Nacional Republicana,90.0,90.0,Sábado       ,"37,123933","-7,800695",1,0,0,Estrada sem separador,Seco e limpo,Faro,Olhao,União das freguesias de Moncarapacho e Fuseta,Moncarapacho,,EN - Estrada Nacional,EN398,Em bom estado,"12,5",Bom tempo,Dois sentidos,Fora da intersecção,Fora das localidades,Em pleno dia,Sem marcas rodoviárias ou pouco visíveis,Despiste simples,NÃO DEFINIDO,Inexistentes,NÃO DEFINIDO,NÃO DEFINIDO,Inexistentes,Betuminoso,Recta,Em patamar,Sem berma ou impraticável,Em plena via,Direita
2015987712,2015:07:15 13:20:00,01/15/00,07/01/00,01/01/00,Guarda Nacional Republicana,50.0,50.0,Quarta-Feira ,"41,264340","-8,242900",0,0,1,Estrada sem separador,Seco e limpo,Braga,Vila Nova de Famalicao,Joane,Labruge,,EN - Estrada Nacional,EN206,Em estado regular,33.0,Bom tempo,Dois sentidos,Em entroncamento,Dentro das localidades,Em pleno dia,Com marcas - separadoras de sentido de trânsito,Colisão lateral com outro veículo em movimento,NÃO DEFINIDO,Inexistentes,NÃO DEFINIDO,Stop,Inexistentes,Betuminoso,Recta,Em patamar,Berma pavimentada,Em plena via,Direita
20171285816,2017:07:08 20:00:00,01/08/00,07/01/00,01/01/00,Guarda Nacional Republicana,50.0,50.0,Sábado       ,"41,567062","-8,788166",0,0,1,Estrada sem separador,Seco e limpo,Braga,Esposende,"União das freguesias de Esposende, Marinhas e Gandra",Braga,,EN - Estrada Nacional,EN13,Em bom estado,"48,5",Bom tempo,Dois sentidos,Fora da intersecção,Dentro das localidades,Em pleno dia,Com marcas - separadoras de sentido de trânsito,Despiste simples,NÃO DEFINIDO,Inexistentes,NÃO DEFINIDO,NÃO DEFINIDO,Inexistentes,Betuminoso,Curva,Em patamar,Berma pavimentada,Na berma,Direita