Id. Acidente,Datahora,Dia,Mês,Hora,Entidades Fiscalizadoras,Velocidade local,Velocidade geral,Dia da Semana,Latitude GPS,Longitude GPS,Num. Mortos a 30 dias,Num. Feridos graves a 30 dias,Num. Feridos ligeiros a 30 dias,Características Tecnicas1,Cond Aderência,Distrito,Concelho,Freguesia,Pov. Proxima,Nome arruamento,Tipos Vias,Cod Via,Estado Conservação,Km,Factores Atmosféricos,Reg Circulação1,Intersecção Vias,Localizações,Luminosidade,Marca Via,Natureza,Obras Arte,Obstáculos,Sentidos,Sinais,Sinais Luminosos,Tipo Piso,Traçado 1,Traçado 2,Traçado 3,Traçado 4,Via Trânsito
2010478833,2010:07:06 17:30:00,01/06/00,07/01/00,01/01/00,Guarda Nacional Republicana,90.0,90.0,Terça-Feira  ,"40,230960","-8,041713",0,0,1,Estrada sem separador,Seco e limpo,Coimbra,Arganil,Arganil,ARGANIL,,EN - Estrada Nacional,EN342,Em bom estado,94.0,Bom tempo,Dois sentidos,Fora da intersecção,Fora das localidades,Em pleno dia,Com marcas - separadoras de sentido de trânsito,Colisão lateral com outro veículo em movimento,NÃO DEFINIDO,Inexistentes,NÃO DEFINIDO,Proibição de ultrapassagem,Inexistentes,Betuminoso,Curva,Com inclinação,Berma não pavimentada,Em plena via,Direita
20171287598,2017:07:16 09:00:00,01/16/00,07/01/00,01/01/00,Guarda Nacional Republicana,50.0,50.0,Domingo      ,"41,743184","-8,534668",0,0,1,Estrada sem separador,Seco e limpo,Viana do Castelo,Ponte de Lima,Fornelos e Queijada,Serdedelo,,EN - Estrada Nacional,EN307,Em bom estado,"4,25",Bom tempo,Dois sentidos,Fora da intersecção,Dentro das localidades,Em pleno dia,Com marcas - separadoras de sentido de trânsito,Despiste simples,NÃO DEFINIDO,Inexistentes,NÃO DEFINIDO,Stop,Inexistentes,Betuminoso,Recta,Com inclinação,Berma não pavimentada,Em plena via,Direita
20171287931,2017:07:17 19:50:00,01/17/00,07/01/00,01/01/00,Guarda Nacional Republicana,90.0,90.0,Segunda-Feira,"39,030354","-9,368382",0,0,1,Estrada sem separador,Seco e limpo,Lisboa,Mafra,Encarnação,Encarnação,,EN - Estrada Nacional,EN9,Em bom estado,"49,4",Bom tempo,Dois sentidos,Fora da intersecção,Fora das localidades,Em pleno dia,Com marcas - separadoras de sentido de trânsito,Colisão frontal,NÃO DEFINIDO,Inexistentes,NÃO DEFINIDO,NÃO DEFINIDO,Inexistentes,Betuminoso,Curva,Com inclinação,Sem berma ou impraticável,Em plena via,Direita
2010477275,2010:07:13 09:00:00,01/13/00,07/01/00,01/01/00,Guarda Nacional Republicana,90.0,90.0,Terça-Feira  ,"37,036241","-7,958601",0,0,1,Outra via,Seco e limpo,Faro,Faro,Montenegro,MONTENEGRO,,EN - Estrada Nacional,EN125-10,Em bom estado,0.7,Bom tempo,Dois sentidos,Fora da intersecção,Fora das localidades,Em pleno dia,Com marcas - separadoras de sentido e de vias de trânsito,Colisão traseira com outro veículo em movimento,NÃO DEFINIDO,Inexistentes,No sentido crescente da quilometragem,Outros,Inexistentes,Betuminoso,Recta,Em patamar,Berma não pavimentada,Em plena via,Direita
20181461112,2018:07:04 07:40:00,01/04/00,07/01/00,01/01/00,Polícia de Segurança Pública,50.0,50.0,Quarta-Feira ,"38,771061","-9,101301",0,0,1,Estrada sem separador,Seco e limpo,Lisboa,Lisboa,Parque das Nações,,Rua Padre Joaquim Alves Correia                                                                     ,Arruamento,0,Em estado regular,,Bom tempo,Dois sentidos,Em entroncamento,Dentro das localidades,Em pleno dia,Com marcas - separadoras de sentido e de vias de trânsito,Colisão lateral com outro veículo em movimento,NÃO DEFINIDO,Inexistentes,NÃO DEFINIDO,Outros,Inexistentes,Betuminoso,Recta,Em patamar,Berma pavimentada,Em plena via,Direita
2011557639,2011:07:22 14:15:00,01/22/00,07/01/00,01/01/00,Guarda Nacional Republicana,90.0,90.0,Sexta-Feira  ,,,0,0,1,Estrada sem separador,Seco e limpo,Guarda,Seia,Santa Comba,SANTA COMBA DAO,,EN - Estrada Nacional,EN231,Em bom estado,39.4,Bom tempo,Dois sentidos,Fora da intersecção,Fora das localidades,Em pleno dia,Com marcas - separadoras de sentido de trânsito,Colisão frontal,NÃO DEFINIDO,Inexistentes,NÃO DEFINIDO,Outros,Inexistentes,Betuminoso,Recta,Em patamar,Berma não pavimentada,Em plena via,Direita
2014855298,2014:07:06 12:00:00,01/06/00,07/01/00,01/01/00,Guarda Nacional Republicana,50.0,90.0,Domingo      ,"40,372039","-7,551704",0,0,1,Estrada sem separador,Molhado,Viseu,Viseu,São João de Lourosa,Teigas,,EN - Estrada Nacional,EN231,Em bom estado,3.55,Bom tempo,Dois sentidos,Fora da intersecção,Fora das localidades,Em pleno dia,Sem marcas rodoviárias ou pouco visíveis,Despiste simples,NÃO DEFINIDO,Correctamente sinalizados,NÃO DEFINIDO,Outros,Inexistentes,Betuminoso,Recta,Em patamar,Sem berma ou impraticável,Em plena via,Direita
2015988367,2015:07:27 17:10:00,01/27/00,07/01/00,01/01/00,Guarda Nacional Republicana,50.0,50.0,Segunda-Feira,"39,443898","-8,414870",0,0,1,Estrada sem separador,Seco e limpo,Leiria,Leiria,Caranguejeira,Vale Sobreiro,Rua Heróis do Ultramar,Arruamento,0,Em bom estado,,Bom tempo,Dois sentidos,Fora da intersecção,Dentro das localidades,Em pleno dia,Com marcas - separadoras de sentido de trânsito,Despiste simples,NÃO DEFINIDO,Inexistentes,NÃO DEFINIDO,NÃO DEFINIDO,Inexistentes,Betuminoso,Curva,Com inclinação,Sem berma ou impraticável,Em plena via,Direita
20171292405,2017:07:21 05:15:00,01/21/00,07/01/00,01/01/00,Guarda Nacional Republicana,90.0,90.0,Sexta-Feira  ,"38,521104","-8,983589",1,0,0,Estrada sem separador,Seco e limpo,Setúbal,Setubal,União das freguesias de Azeitão (São Lourenço e São Simão),Setúbal,,EN - Estrada Nacional,EN10,Em bom estado,"29,55",Bom tempo,Sentido único,Fora da intersecção,Dentro das localidades,"Noite, com iluminação",Sem marcas rodoviárias ou pouco visíveis,Despiste com fuga,NÃO DEFINIDO,Inexistentes,NÃO DEFINIDO,NÃO DEFINIDO,Inexistentes,Betuminoso,Curva,Em patamar,Sem berma ou impraticável,Em plena via,Direita
2010479803,2010:07:29 10:30:00,01/29/00,07/01/00,01/01/00,Guarda Nacional Republicana,50.0,50.0,Quinta-Feira ,,,0,0,2,Estrada sem separador,Seco e limpo,Aveiro,Ilhavo,Gafanha da Nazaré,GAFANHA DA NAZARE,R JOÃO XXIII,Arruamento,0,Em bom estado,,Bom tempo,Dois sentidos,Em cruzamento,Dentro das localidades,Em pleno dia,Sem marcas rodoviárias ou pouco visíveis,Colisão lateral com outro veículo em movimento,NÃO DEFINIDO,Inexistentes,NÃO DEFINIDO,Stop,A funcionar normalmente,Betuminoso,Recta,Em patamar,Berma não pavimentada,Em plena via,Direita
20181457978,2018:07:04 12:55:00,01/04/00,07/01/00,01/01/00,Polícia de Segurança Pública,50.0,50.0,Quarta-Feira ,"41,139653","-8,594266",0,0,1,Estrada sem separador,Seco e limpo,Porto,Porto,"União das freguesias de Cedofeita, Santo Ildefonso, Sé, Miragaia, São Nicolau e Vitória",Porto,Avenida Gustavo Eiffel                                                                              ,Arruamento,0,Em bom estado,,Bom tempo,Dois sentidos,Fora da intersecção,Dentro das localidades,Em pleno dia,Com marcas - separadoras de sentido de trânsito,Despiste sem dispositivo de retenção,NÃO DEFINIDO,Inexistentes,NÃO DEFINIDO,NÃO DEFINIDO,Inexistentes,Betuminoso,Recta,Em patamar,Berma pavimentada,Em plena via,Direita
2014855848,2014:07:15 14:30:00,01/15/00,07/01/00,01/01/00,Guarda Nacional Republicana,50.0,50.0,Terça-Feira  ,"39,538989","-8,323285",0,0,1,Estrada sem separador,Seco e limpo,Leiria,Pombal,Abiul,Ramalhais,,EM - Estrada Municipal,EM237,Em estado regular,0.01,Bom tempo,Dois sentidos,Fora da intersecção,Dentro das localidades,Em pleno dia,Sem marcas rodoviárias ou pouco visíveis,Despiste simples,NÃO DEFINIDO,Inexistentes,NÃO DEFINIDO,NÃO DEFINIDO,Inexistentes,Betuminoso,Recta,Em patamar,Berma pavimentada,Em plena via,Direita
20171290251,2017:07:27 17:10:00,01/27/00,07/01/00,01/01/00,Guarda Nacional Republicana,50.0,50.0,Quinta-Feira ,"41,357884","-8,238312",0,0,1,Estrada sem separador,Seco e limpo,Porto,Felgueiras,União das freguesias de Torrados e Sousa,Porto,"Rua de Torrados, n.º 913, Felgueiras",Arruamento,0,Em estado regular,,Bom tempo,Dois sentidos,Fora da intersecção,Dentro das localidades,Em pleno dia,Sem marcas rodoviárias ou pouco visíveis,Colisão traseira com outro veículo em movimento,NÃO DEFINIDO,Inexistentes,NÃO DEFINIDO,NÃO DEFINIDO,Intermitente,Betuminoso,Recta,Com inclinação,Berma pavimentada,Em plena via,Direita
2010479858,2010:07:04 20:20:00,01/04/00,07/01/00,01/01/00,Guarda Nacional Republicana,50.0,50.0,Domingo      ,"38,525301","-9,017812",0,0,2,Estrada sem separador,Seco e limpo,Setúbal,Setubal,São Lourenço,AZEITÃO,,EN - Estrada Nacional,EN10,Em bom estado,25.05,Bom tempo,Dois sentidos,Fora da intersecção,Fora das localidades,Em pleno dia,Com marcas - separadoras de sentido de trânsito,Colisão traseira com outro veículo em movimento,NÃO DEFINIDO,Inexistentes,NÃO DEFINIDO,Outros,A funcionar normalmente,Betuminoso,Recta,Em patamar,Berma pavimentada,Em plena via,Direita
20181482786,2018:07:29 17:50:00,01/29/00,07/01/00,01/01/00,Guarda Nacional Republicana,50.0,50.0,Domingo      ,"41,275498","-8,378774",0,0,2,Estrada sem separador,Seco e limpo,Porto,Pacos de Ferreira,Paços de Ferreira,Paços de Ferreira,Rua Capitão da Praça,Arruamento,0,Em bom estado,,Bom tempo,Dois sentidos,Em cruzamento,Dentro das localidades,Em pleno dia,Com marcas - separadoras de sentido de trânsito,Colisão lateral com outro veículo em movimento,NÃO DEFINIDO,Inexistentes,NÃO DEFINIDO,Stop,Inexistentes,Betuminoso,Recta,Em patamar,Berma pavimentada,Em plena via,Direita
2011555468,2011:07:04 12:20:00,01/04/00,07/01/00,01/01/00,Guarda Nacional Republicana,50.0,50.0,Segunda-Feira,"41,642829","-8,668068",0,0,1,Estrada sem separador,Seco e limpo,Viana do Castelo,Viana do Castelo,Carvoeiro,,,EN - Estrada Nacional,EN308,Em estado regular,8.23,Bom tempo,Dois sentidos,Em entroncamento,Dentro das localidades,Em pleno dia,Com marcas - separadoras de sentido de trânsito,Colisão lateral com outro veículo em movimento,NÃO DEFINIDO,Inexistentes,NÃO DEFINIDO,NÃO DEFINIDO,Inexistentes,Betuminoso,Recta,Em patamar,Berma pavimentada,Em plena via,Direita
20171168806,2016:07:02 09:30:00,01/02/00,07/01/00,01/01/00,Guarda Nacional Republicana,50.0,50.0,Sábado       ,"41,446037","-8,366822",0,0,4,Estrada sem separador,Seco e limpo,Viana do Castelo,Ponte de Lima,Correlhã,PONTE DE LIMA,,EN - Estrada Nacional,EN203,Em bom estado,"17,9",Bom tempo,Dois sentidos,Em entroncamento,Dentro das localidades,Em pleno dia,Com marcas - separadoras de sentido de trânsito,Colisão com outras situações,NÃO DEFINIDO,Inexistentes,NÃO DEFINIDO,Stop,Inexistentes,Betuminoso,Recta,Em patamar,Berma pavimentada,Em plena via,Direita
2013705164,2013:07:22 17:45:00,01/22/00,07/01/00,01/01/00,Polícia de Segurança Pública,50.0,50.0,Segunda-Feira,"38,849002","-9,200950",0,0,2,Estrada sem separador,Seco e limpo,Lisboa,Loures,Loures,Loures,Rua Combatentes do Ultramar                                                                         ,Arruamento,0,Em bom estado,,Bom tempo,Dois sentidos,Fora da intersecção,Dentro das localidades,Em pleno dia,Com marcas - separadoras de sentido de trânsito,Colisão lateral com outro veículo em movimento,NÃO DEFINIDO,Inexistentes,NÃO DEFINIDO,Outros,Inexistentes,Betuminoso,Recta,Em patamar,Sem berma ou impraticável,Em plena via,Direita
20191742646,2019:07:30 00:05:00,01/30/00,07/01/00,01/01/00,Guarda Nacional Republicana,50.0,50.0,Terça-Feira  ,"42,025000","-8,646331",0,0,1,Estrada sem separador,Seco e limpo,Viana do Castelo,Valenca,"União das freguesias de Valença, Cristelo Covo e Arão",Valença,Rua José Maria Gonçalves,Arruamento,0,Em bom estado,,Bom tempo,Dois sentidos,Fora da intersecção,Dentro das localidades,"Noite, com iluminação",Sem marcas rodoviárias ou pouco visíveis,Despiste simples,NÃO DEFINIDO,Inexistentes,NÃO DEFINIDO,NÃO DEFINIDO,Desligada,Betuminoso,Recta,Em patamar,Berma pavimentada,Em plena via,Direita
2014855352,2014:07:02 10:10:00,01/02/00,07/01/00,01/01/00,Guarda Nacional Republicana,50.0,50.0,Quarta-Feira ,"38,596765","-8,463758",0,0,1,Estrada sem separador,Seco e limpo,Santarém,Salvaterra de Magos,Foros de Salvaterra,Foros de Salvaterra: Estrada do Forno do Tijolo,,Outra Via,0,Em estado regular,,Bom tempo,Dois sentidos,Fora da intersecção,Dentro das localidades,Em pleno dia,Com marcas - separadoras de sentido de trânsito,Despiste simples,NÃO DEFINIDO,Inexistentes,NÃO DEFINIDO,NÃO DEFINIDO,Inexistentes,Betuminoso,Recta,Em patamar,Berma não pavimentada,Na berma,Direita
20171280107,2017:07:14 18:30:00,01/14/00,07/01/00,01/01/00,Polícia de Segurança Pública,50.0,50.0,Sexta-Feira  ,"38,787835","-9,328851",0,0,1,Estrada sem separador,Seco e limpo,Lisboa,Sintra,Rio de Mouro,,Rua Escuteiros de Portugal                                                                          ,Arruamento,0,Em estado regular,,Bom tempo,Sentido único,Em rotunda,Dentro das localidades,Em pleno dia,Sem marcas rodoviárias ou pouco visíveis,Despiste sem dispositivo de retenção,NÃO DEFINIDO,Não sinalizados,NÃO DEFINIDO,Outros,Inexistentes,Betuminoso,Curva,Em patamar,Sem berma ou impraticável,Em plena via,Direita
2014853800,2014:07:01 14:33:00,01/01/00,07/01/00,01/01/00,Guarda Nacional Republicana,80.0,80.0,Terça-Feira  ,"40,000904","-8,356258",1,0,0,Estrada sem separador,Seco e limpo,Leiria,Pombal,Redinha,Redinha,,EN - Estrada Nacional,EN1,Em bom estado,159.9,Bom tempo,Dois sentidos,Em entroncamento,Fora das localidades,Em pleno dia,Com marcas - separadoras de sentido e de vias de trânsito,Colisão traseira com outro veículo em movimento,NÃO DEFINIDO,Inexistentes,NÃO DEFINIDO,Cedência de passagem,Inexistentes,Betuminoso,Curva,Com inclinação,Sem berma ou impraticável,Em plena via,Direita
20171272382,2017:07:12 17:25:00,01/12/00,07/01/00,01/01/00,Polícia de Segurança Pública,50.0,50.0,Quarta-Feira ,"41,186202","-8,659164",0,0,1,Estrada sem separador,Seco e limpo,Porto,Matosinhos,União das freguesias de São Mamede de Infesta e Senhora da Hora,Senhora da Hora,Avenida António Domingues dos Santos                                                                ,Arruamento,0,Em estado regular,,Bom tempo,Dois sentidos,Fora da intersecção,Dentro das localidades,Em pleno dia,Sem marcas rodoviárias ou pouco visíveis,Atropelamento de peões,NÃO DEFINIDO,Inexistentes,NÃO DEFINIDO,Outros,Inexistentes,Betuminoso,Recta,Em patamar,Sem berma ou impraticável,Em plena via,Direita
2014854248,2014:07:14 13:50:00,01/14/00,07/01/00,01/01/00,Guarda Nacional Republicana,50.0,50.0,Segunda-Feira,"40,514945","-8,291718",0,0,1,Estrada sem separador,Seco e limpo,Aveiro,Oliveira de Azemeis,"União das freguesias de Oliveira de Azeméis, Santiago de Riba-Ul, Ul, Macinhata da Seixa e Madail",Cucujães,Rua Tomás Figueiredo Araújo Costa,Arruamento,0,Em estado regular,,Bom tempo,Dois sentidos,Fora da intersecção,Dentro das localidades,Em pleno dia,Sem marcas rodoviárias ou pouco visíveis,Despiste simples,NÃO DEFINIDO,Inexistentes,NÃO DEFINIDO,Outros,Inexistentes,Betuminoso,Curva,Em patamar,Berma não pavimentada,Na berma,Direita
2010476374,2010:07:21 18:30:00,01/21/00,07/01/00,01/01/00,Guarda Nacional Republicana,,50.0,Quarta-Feira ,,,1,1,0,Estrada sem separador,Seco e limpo,Setúbal,Barreiro,Santo António da Charneca,FONTE FETO,,EM - Estrada Municipal,EM510-1,Em estado regular,,Bom tempo,Dois sentidos,Fora da intersecção,Fora das localidades,Em pleno dia,Sem marcas rodoviárias ou pouco visíveis,Colisão lateral com outro veículo em movimento,NÃO DEFINIDO,Inexistentes,NÃO DEFINIDO,NÃO DEFINIDO,Inexistentes,Betuminoso,Curva,Com inclinação,Berma não pavimentada,Em plena via,Direita
2011556432,2011:07:05 12:00:00,01/05/00,07/01/00,01/01/00,Guarda Nacional Republicana,50.0,50.0,Terça-Feira  ,,,0,0,1,Estrada sem separador,Seco e limpo,Aveiro,Estarreja,Canelas,CANELAS,R LEIRA DAS VINHAS,Arruamento,0,Em estado regular,,Bom tempo,Dois sentidos,Em entroncamento,Dentro das localidades,Em pleno dia,Sem marcas rodoviárias ou pouco visíveis,Colisão lateral com outro veículo em movimento,NÃO DEFINIDO,Inexistentes,NÃO DEFINIDO,NÃO DEFINIDO,Inexistentes,Betuminoso,Recta,Em patamar,Sem berma ou impraticável,Em plena via,Direita
20171271809,2017:07:09 13:00:00,01/09/00,07/01/00,01/01/00,Polícia de Segurança Pública,50.0,50.0,Domingo      ,"38,738645","-9,220508",0,0,1,Estrada sem separador,Seco e limpo,Lisboa,Amadora,Alfragide,,Rua Freixos                                                                                         ,Arruamento,0,Em mau estado,,Bom tempo,Dois sentidos,Fora da intersecção,Dentro das localidades,Em pleno dia,Com marcas - separadoras de sentido e de vias de trânsito,Colisão com veiculo ou obstáculo na faixa de rodagem,NÃO DEFINIDO,Inexistentes,NÃO DEFINIDO,Outros,Inexistentes,Betuminoso,Curva,Com inclinação,Berma pavimentada,Em plena via,Direita
20181464798,2018:07:10 22:35:00,01/10/00,07/01/00,01/01/00,Guarda Nacional Republicana,50.0,50.0,Terça-Feira  ,"40,561981","-8,766001",0,0,1,Estrada sem separador,Seco e limpo,Aveiro,Vagos,Gafanha da Boa Hora,Praia da Vagueira,Praceta do Infante,Arruamento,0,Em bom estado,,Bom tempo,Dois sentidos,Fora da intersecção,Dentro das localidades,"Noite, com iluminação",Sem marcas rodoviárias ou pouco visíveis,Despiste com colisão com veículo imobil. ou obstáculo,NÃO DEFINIDO,Inexistentes,NÃO DEFINIDO,NÃO DEFINIDO,Inexistentes,Betuminoso,Recta,Em patamar,Berma pavimentada,Em plena via,Direita
2011556797,2011:07:28 11:15:00,01/28/00,07/01/00,01/01/00,Guarda Nacional Republicana,50.0,50.0,Quinta-Feira ,"39,14983","9,14349",0,0,1,Estrada sem separador,Seco e limpo,Lisboa,Lourinha,Moita dos Ferreiros,PINHOA,EST PRINCIPAL PINHOA,Arruamento,0,Em estado regular,,Bom tempo,Dois sentidos,Em cruzamento,Dentro das localidades,Em pleno dia,Sem marcas rodoviárias ou pouco visíveis,Despiste simples,NÃO DEFINIDO,Inexistentes,NÃO DEFINIDO,Outros,Inexistentes,Betuminoso,Curva,Com inclinação,Sem berma ou impraticável,Em plena via,Direita
20171170360,2016:07:09 21:30:00,01/09/00,07/01/00,01/01/00,Guarda Nacional Republicana,50.0,50.0,Sábado       ,"41,025480","-8,170967",0,0,1,Estrada sem separador,Seco e limpo,Aveiro,Castelo de Paiva,São Martinho de Sardoura,VILA VERDE,,EM - Estrada Municipal,0,Em bom estado,,Bom tempo,Dois sentidos,Fora da intersecção,Dentro das localidades,"Noite, com iluminação",Sem marcas rodoviárias ou pouco visíveis,Colisão traseira com outro veículo em movimento,NÃO DEFINIDO,Inexistentes,NÃO DEFINIDO,NÃO DEFINIDO,Inexistentes,Betuminoso,Curva,Em patamar,Berma não pavimentada,Em plena via,Direita
2015988833,2015:07:18 23:40:00,01/18/00,07/01/00,01/01/00,Guarda Nacional Republicana,50.0,50.0,Sábado       ,"41,092166","-8,308051",0,0,1,Estrada sem separador,Seco e limpo,Porto,Gondomar,São Pedro da Cova,,Rua Eduardo Castro Gandra,Arruamento,0,Em estado regular,,Bom tempo,Dois sentidos,Fora da intersecção,Dentro das localidades,"Noite, com iluminação",Com marcas - separadoras de sentido de trânsito,Despiste simples,NÃO DEFINIDO,Inexistentes,NÃO DEFINIDO,NÃO DEFINIDO,Inexistentes,Betuminoso,Recta,Com inclinação,Berma não pavimentada,Em plena via,Direita
2014842784,2014:07:30 23:30:00,01/30/00,07/01/00,01/01/00,Polícia de Segurança Pública,30.0,30.0,Quarta-Feira ,"41,533461","-8,618985",0,0,1,Outra via,Seco e limpo,Braga,Barcelos,"União das freguesias de Barcelos, Vila Boa e Vila Frescainha (São Martinho e São Pedro)",Barcelos,Avenida Combatentes Grande Guerra                                                                   ,Arruamento,0,Em estado regular,,Bom tempo,Sentido único,Em cruzamento,Dentro das localidades,"Noite, sem iluminação",Sem marcas rodoviárias ou pouco visíveis,Atropelamento de peões,NÃO DEFINIDO,Inexistentes,NÃO DEFINIDO,Outros,Inexistentes,Calçada,Curva,Em patamar,Berma pavimentada,Em plena via,Direita
20161083372,2016:07:10 19:42:00,01/10/00,07/01/00,01/01/00,Polícia de Segurança Pública,50.0,50.0,Domingo      ,"38,781755","-9,156891",0,0,1,Estrada sem separador,Seco e limpo,Lisboa,Lisboa,Santa Clara,Lisboa,Estrada São Bartolomeu                                                                              ,Arruamento,0,Em bom estado,,Bom tempo,Dois sentidos,Fora da intersecção,Dentro das localidades,Em pleno dia,Sem marcas rodoviárias ou pouco visíveis,Atropelamento de peões,NÃO DEFINIDO,Inexistentes,NÃO DEFINIDO,Passagem de peões,Inexistentes,Betuminoso,Recta,Em patamar,Berma não pavimentada,Em plena via,Direita
20171286980,2017:07:13 22:00:00,01/13/00,07/01/00,01/01/00,Guarda Nacional Republicana,50.0,50.0,Quinta-Feira ,"40,915703","-8,495047",0,0,2,Estrada sem separador,Seco e limpo,Aveiro,Santa Maria da Feira,Arrifana,Arrifana,Rua Cristóvão Colombo,Arruamento,0,Em estado regular,,Bom tempo,Dois sentidos,Fora da intersecção,Dentro das localidades,"Noite, com iluminação",Sem marcas rodoviárias ou pouco visíveis,Colisão com outras situações,NÃO DEFINIDO,Inexistentes,NÃO DEFINIDO,NÃO DEFINIDO,Inexistentes,Betuminoso,Recta,Em patamar,Berma pavimentada,Em plena via,Direita
20171288886,2017:07:21 18:15:00,01/21/00,07/01/00,01/01/00,Guarda Nacional Republicana,120.0,120.0,Sexta-Feira  ,"38,724858","-9,184124",0,0,1,Auto-estrada,Seco e limpo,Lisboa,Lisboa,Ajuda,Lisboa,,A  - Auto-Estrada,A5,Em bom estado,"0,2",Bom tempo,Sentido único,Fora da intersecção,Fora das localidades,Em pleno dia,Com marcas - separadoras de sentido e de vias de trânsito,Colisão traseira com outro veículo em movimento,NÃO DEFINIDO,Inexistentes,No sentido crescente da quilometragem,NÃO DEFINIDO,Inexistentes,Betuminoso,Recta,Em patamar,Sem berma ou impraticável,Em plena via,Esquerda
2010478625,2010:07:08 11:15:00,01/08/00,07/01/00,01/01/00,Guarda Nacional Republicana,50.0,50.0,Quinta-Feira ,,,0,0,1,Estrada sem separador,Seco e limpo,Porto,Maia,São Pedro Fins,S PEDRO FINS,R CENTRAL,Arruamento,0,Em estado regular,,Bom tempo,Dois sentidos,Fora da intersecção,Dentro das localidades,Em pleno dia,Sem marcas rodoviárias ou pouco visíveis,Colisão com veiculo ou obstáculo na faixa de rodagem,NÃO DEFINIDO,Inexistentes,NÃO DEFINIDO,NÃO DEFINIDO,Inexistentes,Calçada,Recta,Em patamar,Sem berma ou impraticável,Em plena via,Direita
20171174920,2016:07:29 23:20:00,01/29/00,07/01/00,01/01/00,Guarda Nacional Republicana,50.0,50.0,Sexta-Feira  ,"41,063938","-8,318262",0,0,1,Estrada sem separador,Seco e limpo,Porto,Gondomar,"União das freguesias de Gondomar (São Cosme), Valbom e Jovim",JOVIM,Rua Padre Manuel Rodrigues Pinho Pinhal,Arruamento,0,Em estado regular,,Bom tempo,Dois sentidos,Em cruzamento,Dentro das localidades,"Noite, com iluminação",Sem marcas rodoviárias ou pouco visíveis,Colisão frontal,NÃO DEFINIDO,Inexistentes,NÃO DEFINIDO,NÃO DEFINIDO,Inexistentes,Betuminoso,Recta,Em patamar,Berma pavimentada,Em plena via,Direita
20191719410,2019:07:09 11:00:00,01/09/00,07/01/00,01/01/00,Polícia de Segurança Pública,50.0,50.0,Terça-Feira  ,"0,0","0,0",0,0,1,Estrada sem separador,Seco e limpo,Lisboa,Sintra,União das freguesias de Queluz e Belas,,Alameda Aqueduto,Arruamento,0,Em estado regular,,Bom tempo,Reversível,Fora da intersecção,Dentro das localidades,Em pleno dia,Sem marcas rodoviárias ou pouco visíveis,Despiste sem dispositivo de retenção,NÃO DEFINIDO,Inexistentes,NÃO DEFINIDO,Passagem de peões,Inexistentes,Calçada,Curva,Com inclinação,Sem berma ou impraticável,Na berma,Direita
2010479856,2010:07:01 10:15:00,01/01/00,07/01/00,01/01/00,Guarda Nacional Republicana,90.0,90.0,Quinta-Feira ,,,0,0,1,Estrada sem separador,Seco e limpo,Setúbal,Sines,Sines,SINES,,EN - Estrada Nacional,EN120-1,Em bom estado,15.35,Bom tempo,Dois sentidos,Fora da intersecção,Fora das localidades,Em pleno dia,Com marcas - separadoras de sentido de trânsito,Colisão com outras situações,NÃO DEFINIDO,Inexistentes,NÃO DEFINIDO,NÃO DEFINIDO,Inexistentes,Betuminoso,Recta,Em patamar,Berma pavimentada,Em plena via,Direita
20171286854,2017:07:13 07:20:00,01/13/00,07/01/00,01/01/00,Guarda Nacional Republicana,70.0,70.0,Quinta-Feira ,"40,196060","-8,655597",0,0,1,Estrada sem separador,Seco e limpo,Coimbra,Montemor-o-Velho,Carapinheira,Montemor-o-Velho,,EN - Estrada Nacional,EN111,Em estado regular,19,Bom tempo,Dois sentidos,Fora da intersecção,Fora das localidades,Em pleno dia,Sem marcas rodoviárias ou pouco visíveis,Despiste com capotamento,NÃO DEFINIDO,Inexistentes,NÃO DEFINIDO,NÃO DEFINIDO,Inexistentes,Betuminoso,Recta,Em patamar,Berma não pavimentada,Em plena via,Direita
2011543057,2011:07:26 10:00:00,01/26/00,07/01/00,01/01/00,Polícia de Segurança Pública,100.0,100.0,Terça-Feira  ,"0,00","0,00",0,0,1,Outra via,Seco e limpo,Lisboa,Sintra,Mira-Sintra,,,IC - Itinerário Complementar,IC19,Em bom estado,,Bom tempo,Dois sentidos,NÃO DEFINIDO,Fora das localidades,Em pleno dia,Com marcas - separadoras de sentido de trânsito,Colisão com veiculo ou obstáculo na faixa de rodagem,NÃO DEFINIDO,Inexistentes,NÃO DEFINIDO,Outros,Inexistentes,Betuminoso,Recta,Em patamar,Berma pavimentada,Em plena via,Esquerda
20171287734,2017:07:17 05:00:00,01/17/00,07/01/00,01/01/00,Guarda Nacional Republicana,90.0,90.0,Segunda-Feira,"39,554200","-9,070506",0,0,1,Estrada sem separador,Seco e limpo,Leiria,Nazare,Nazaré,Leiria,,EN - Estrada Nacional,EN242,Em bom estado,"39,791",Bom tempo,Dois sentidos,Fora da intersecção,Fora das localidades,"Noite, sem iluminação",Com marcas - separadoras de sentido de trânsito,Despiste simples,NÃO DEFINIDO,Inexistentes,NÃO DEFINIDO,Outros,Inexistentes,Betuminoso,Recta,Em patamar,Sem berma ou impraticável,Na berma,Direita
2014855928,2014:07:24 17:15:00,01/24/00,07/01/00,01/01/00,Guarda Nacional Republicana,50.0,50.0,Quinta-Feira ,"39,546741","-8,379667",0,0,1,Estrada sem separador,Seco e limpo,Leiria,Pombal,Pombal,Pombal,,IC - Itinerário Complementar,IC2,Em bom estado,148.6,Bom tempo,Dois sentidos,Fora da intersecção,Dentro das localidades,Em pleno dia,Com marcas - separadoras de sentido de trânsito,Colisão frontal,NÃO DEFINIDO,Inexistentes,NÃO DEFINIDO,NÃO DEFINIDO,Inexistentes,Betuminoso,Recta,Em patamar,Berma pavimentada,Em plena via,Direita
2010480076,2010:07:27 13:30:00,01/27/00,07/01/00,01/01/00,Guarda Nacional Republicana,50.0,50.0,Terça-Feira  ,"37,086999","-7,803358",0,0,1,Estrada sem separador,Seco e limpo,Faro,Olhao,Moncarapacho,LAGEÃO,,EN - Estrada Nacional,EN398,Em bom estado,5.2,Bom tempo,Dois sentidos,Em entroncamento,Fora das localidades,Em pleno dia,Com marcas - separadoras de sentido e de vias de trânsito,Colisão lateral com outro veículo em movimento,NÃO DEFINIDO,Inexistentes,NÃO DEFINIDO,Stop,Inexistentes,Betuminoso,Recta,Em patamar,Sem berma ou impraticável,Em plena via,Direita