Id. Acidente,Datahora,Dia,Mês,Hora,Entidades Fiscalizadoras,Velocidade local,Velocidade geral,Dia da Semana,Latitude GPS,Longitude GPS,Num. Mortos a 30 dias,Num. Feridos graves a 30 dias,Num. Feridos ligeiros a 30 dias,Características Tecnicas1,Cond Aderência,Distrito,Concelho,Freguesia,Pov. Proxima,Nome arruamento,Tipos Vias,Cod Via,Estado Conservação,Km,Factores Atmosféricos,Reg Circulação1,Intersecção Vias,Localizações,Luminosidade,Marca Via,Natureza,Obras Arte,Obstáculos,Sentidos,Sinais,Sinais Luminosos,Tipo Piso,Traçado 1,Traçado 2,Traçado 3,Traçado 4,Via Trânsito
2012633073,2012:07:25 09:40:00,01/25/00,07/01/00,01/01/00,Guarda Nacional Republicana,90.0,90.0,Quarta-Feira ,,,0,0,1,Estrada sem separador,Seco e limpo,Viseu,Penalva do Castelo,Ínsua,Insua,,EM - Estrada Municipal,EM603,Em bom estado,,Bom tempo,Dois sentidos,Fora da intersecção,Fora das localidades,Em pleno dia,Sem marcas rodoviárias ou pouco visíveis,Atropelamento de peões,NÃO DEFINIDO,Inexistentes,NÃO DEFINIDO,Outros,Inexistentes,Betuminoso,Recta,Com inclinação,Sem berma ou impraticável,Em plena via,Direita
2010465157,2010:07:04 13:15:00,01/04/00,07/01/00,01/01/00,Polícia de Segurança Pública,50.0,50.0,Domingo      ,"0,00","0,00",0,0,2,Outra via,Húmido,Lisboa,Lisboa,Santa Maria dos Olivais,,Avª Marechal Craveiro Lopes,Arruamento,0,Em estado regular,,Bom tempo,Sentido único,Em ramo de ligação - entrada,Dentro das localidades,Em pleno dia,Com marcas - separadoras de sentido de trânsito,Despiste com transposição do dispositivo de retenção lateral,NÃO DEFINIDO,Inexistentes,NÃO DEFINIDO,Outros,Inexistentes,Betuminoso,Recta,Em patamar,Sem berma ou impraticável,Em plena via,Direita
2012631482,2012:07:11 12:45:00,01/11/00,07/01/00,01/01/00,Guarda Nacional Republicana,50.0,50.0,Quarta-Feira ,,,0,0,2,Estrada sem separador,Seco e limpo,Setúbal,Almada,Charneca de Caparica,Charneca de Caparica,Rua Pedro Costa,Arruamento,0,Em bom estado,,Bom tempo,Dois sentidos,Fora da intersecção,Dentro das localidades,Em pleno dia,Com marcas - separadoras de sentido e de vias de trânsito,Colisão traseira com outro veículo em movimento,NÃO DEFINIDO,Inexistentes,NÃO DEFINIDO,Outros,Inexistentes,Betuminoso,Recta,Em patamar,Berma pavimentada,Em plena via,Direita
20191718296,2019:07:20 13:25:00,01/20/00,07/01/00,01/01/00,Polícia de Segurança Pública,60.0,50.0,Sábado       ,"0,0","0,0",0,0,2,Outra via,Seco e limpo,Lisboa,Lisboa,Santa Maria dos Olivais,Lisboa,Avenida Cidade do Porto,Arruamento,0,Em estado regular,,Bom tempo,Sentido único,Fora da intersecção,Dentro das localidades,Em pleno dia,Com marcas - separadoras de sentido e de vias de trânsito,Colisão com outras situações,NÃO DEFINIDO,Inexistentes,NÃO DEFINIDO,Outros,Inexistentes,Betuminoso,Recta,Em patamar,Berma pavimentada,Em plena via,Direita
2010477789,2010:07:10 07:10:00,01/10/00,07/01/00,01/01/00,Guarda Nacional Republicana,,50.0,Sábado       ,,,0,0,1,Estrada sem separador,Seco e limpo,Leiria,Pombal,Mata Mourisca,MATA MOURISCA,,EN - Estrada Nacional,EN237-1,Em bom estado,,Bom tempo,Dois sentidos,Em entroncamento,Dentro das localidades,Em pleno dia,Com marcas - separadoras de sentido de trânsito,Colisão frontal,NÃO DEFINIDO,Inexistentes,NÃO DEFINIDO,Stop,Inexistentes,Betuminoso,Recta,Em patamar,Berma não pavimentada,Em plena via,Direita
2014855830,2014:07:11 11:40:00,01/11/00,07/01/00,01/01/00,Guarda Nacional Republicana,50.0,50.0,Sexta-Feira  ,"39,403333","-8,529556",0,0,1,Estrada sem separador,Seco e limpo,Leiria,Leiria,Maceira,Vale Salgueiro,,EN - Estrada Nacional,EN356,Em bom estado,8.16,Bom tempo,Dois sentidos,Fora da intersecção,Dentro das localidades,Em pleno dia,Com marcas - separadoras de sentido de trânsito,Colisão com veiculo ou obstáculo na faixa de rodagem,NÃO DEFINIDO,Inexistentes,NÃO DEFINIDO,NÃO DEFINIDO,Inexistentes,Betuminoso,Recta,Em patamar,Sem berma ou impraticável,Em plena via,Direita
20191716771,2019:07:16 19:15:00,01/16/00,07/01/00,01/01/00,Polícia de Segurança Pública,50.0,50.0,Terça-Feira  ,"41,551840","-8,421322",0,0,1,Estrada sem separador,Seco e limpo,Braga,Braga,Braga (São Vítor),,,EN - Estrada Nacional,EN14,Em estado regular,,Bom tempo,Dois sentidos,Em entroncamento,Dentro das localidades,Em pleno dia,Com marcas - separadoras de sentido de trânsito,Colisão frontal,NÃO DEFINIDO,Inexistentes,NÃO DEFINIDO,Stop,Desligada,Betuminoso,Recta,Com inclinação,Berma pavimentada,Em plena via,Direita
2015989472,2015:07:24 19:50:00,01/24/00,07/01/00,01/01/00,Guarda Nacional Republicana,50.0,50.0,Sexta-Feira  ,"40,034258","-8,491094",0,0,1,Estrada sem separador,Seco e limpo,Coimbra,Figueira da Foz,Lavos,Franco,Rua da Liberdade,Arruamento,0,Em estado regular,,Bom tempo,Dois sentidos,Fora da intersecção,Dentro das localidades,Em pleno dia,Sem marcas rodoviárias ou pouco visíveis,Colisão frontal,NÃO DEFINIDO,Inexistentes,NÃO DEFINIDO,Outros,Inexistentes,Betuminoso,Recta,Em patamar,Berma pavimentada,Em plena via,Direita
2012632102,2012:07:20 00:45:00,01/20/00,07/01/00,01/01/00,Guarda Nacional Republicana,50.0,50.0,Sexta-Feira  ,,,0,0,2,Estrada sem separador,Seco e limpo,Porto,Lousada,Lustosa,Lustosa,Rua da Serra de Campelos,Arruamento,0,Em bom estado,,Bom tempo,Dois sentidos,Fora da intersecção,Dentro das localidades,"Noite, sem iluminação",Com marcas - separadoras de sentido de trânsito,Despiste simples,NÃO DEFINIDO,Inexistentes,NÃO DEFINIDO,NÃO DEFINIDO,Inexistentes,Betuminoso,Curva,Com inclinação,Berma não pavimentada,No passeio,Direita
20171285030,2017:07:05 08:30:00,01/05/00,07/01/00,01/01/00,Guarda Nacional Republicana,50.0,50.0,Quarta-Feira ,"41,589610","-6,357491",0,1,0,Estrada sem separador,Seco e limpo,Bragança,Miranda do Douro,Genísio,Bragança,Rua das Eirinhas,Arruamento,0,Em bom estado,,Bom tempo,Dois sentidos,Em cruzamento,Dentro das localidades,Em pleno dia,Sem marcas rodoviárias ou pouco visíveis,Atropelamento de peões,NÃO DEFINIDO,Inexistentes,NÃO DEFINIDO,NÃO DEFINIDO,Inexistentes,Betuminoso,Recta,Com inclinação,Berma não pavimentada,Em plena via,Direita
2010479775,2010:07:25 16:23:00,01/25/00,07/01/00,01/01/00,Guarda Nacional Republicana,50.0,50.0,Domingo      ,,,0,0,1,Estrada sem separador,Seco e limpo,Aveiro,Agueda,Valongo do Vouga,VALONGO DO VOUGA,R DA IGREJA,Arruamento,0,Em bom estado,,Bom tempo,Dois sentidos,Fora da intersecção,Dentro das localidades,Em pleno dia,Sem marcas rodoviárias ou pouco visíveis,Despiste simples,NÃO DEFINIDO,Inexistentes,NÃO DEFINIDO,Outros,Inexistentes,Betuminoso,Recta,Em patamar,Berma não pavimentada,Em plena via,Direita
20191749835,2019:07:21 15:00:00,01/21/00,07/01/00,01/01/00,Guarda Nacional Republicana,50.0,50.0,Domingo      ,"41,277200","-8,207957",0,0,1,Estrada sem separador,Seco e limpo,Porto,Amarante,Travanca,TRAVANCA,,EN - Estrada Nacional,EN15,Em bom estado,"43,3",Bom tempo,Dois sentidos,Fora da intersecção,Dentro das localidades,Em pleno dia,Com marcas - separadoras de sentido de trânsito,Despiste simples,NÃO DEFINIDO,Inexistentes,NÃO DEFINIDO,NÃO DEFINIDO,Inexistentes,Betuminoso,Curva,Em patamar,Sem berma ou impraticável,Em plena via,Direita
20161086598,2016:07:15 16:45:00,01/15/00,07/01/00,01/01/00,Polícia de Segurança Pública,50.0,50.0,Sexta-Feira  ,"37,028025","-7,841318",0,0,1,Estrada sem separador,Seco e limpo,Faro,Olhao,Olhão,Olhão,Rua 18 de Junho                                                                                     ,Arruamento,0,Em bom estado,,Bom tempo,Sentido único,Em cruzamento,Dentro das localidades,Em pleno dia,Sem marcas rodoviárias ou pouco visíveis,Atropelamento de peões,NÃO DEFINIDO,Inexistentes,NÃO DEFINIDO,Outros,Inexistentes,Betuminoso,Recta,Em patamar,Sem berma ou impraticável,Em plena via,Direita
2013749989,2013:07:26 19:20:00,01/26/00,07/01/00,01/01/00,Guarda Nacional Republicana,50.0,50.0,Sexta-Feira  ,"41,180862","-7,481071",0,0,1,Estrada sem separador,Seco e limpo,Vila Real,Vila Real,Mondrões,Lapiões,Rua Principal,Arruamento,0,Em bom estado,,Bom tempo,Dois sentidos,Fora da intersecção,Dentro das localidades,Em pleno dia,Sem marcas rodoviárias ou pouco visíveis,Atropelamento de peões,NÃO DEFINIDO,Inexistentes,NÃO DEFINIDO,NÃO DEFINIDO,Inexistentes,Betuminoso,Recta,Com inclinação,Berma não pavimentada,Em plena via,Direita
2014829202,2014:07:26 01:30:00,01/26/00,07/01/00,01/01/00,Polícia de Segurança Pública,50.0,50.0,Sábado       ,"38,706802","-9,143839",0,0,1,Estrada sem separador,NÃO DEFINIDO,Lisboa,Lisboa,Misericórdia,,Rua Remolares,Arruamento,0,NÃO DEFINIDO,,Bom tempo,Sentido único,NÃO DEFINIDO,Dentro das localidades,"Noite, com iluminação",NÃO DEFINIDO,Atropelamento de peões,NÃO DEFINIDO,NÃO DEFINIDO,NÃO DEFINIDO,NÃO DEFINIDO,NÃO DEFINIDO,NÃO DEFINIDO,Recta,NÃO DEFINIDO,NÃO DEFINIDO,NÃO DEFINIDO,Direita
20171284758,2017:07:03 19:10:00,01/03/00,07/01/00,01/01/00,Guarda Nacional Republicana,50.0,50.0,Segunda-Feira,"41,070307","-8,577859",0,0,2,Estrada sem separador,Seco e limpo,Porto,Vila Nova de Gaia,União das freguesias de Pedroso e Seixezelo,Pedroso,Avenida Dr.Moreira de Sousa - Pedroso -VNG,Arruamento,0,Em bom estado,,Bom tempo,Dois sentidos,Fora da intersecção,Dentro das localidades,Em pleno dia,Com marcas - separadoras de sentido de trânsito,Despiste simples,NÃO DEFINIDO,Inexistentes,NÃO DEFINIDO,Outros,Inexistentes,Betuminoso,Recta,Com inclinação,Berma pavimentada,Em plena via,Direita
20181482577,2018:07:29 23:20:00,01/29/00,07/01/00,01/01/00,Guarda Nacional Republicana,20.0,50.0,Domingo      ,"38,877858","-9,068016",0,0,1,Estrada sem separador,Seco e limpo,Lisboa,Vila Franca de Xira,Vialonga,Vialonga,Rua 1.º de Maio - Vialonga,Arruamento,0,Em bom estado,,Bom tempo,Dois sentidos,Fora da intersecção,Dentro das localidades,"Noite, com iluminação",Sem marcas rodoviárias ou pouco visíveis,Despiste simples,NÃO DEFINIDO,Inexistentes,NÃO DEFINIDO,NÃO DEFINIDO,Inexistentes,Betuminoso,Curva,Em patamar,Berma pavimentada,Em plena via,Direita
2011555127,2011:07:09 10:20:00,01/09/00,07/01/00,01/01/00,Guarda Nacional Republicana,50.0,50.0,Sábado       ,"41,442509","-8,371555",0,0,5,Estrada sem separador,Molhado,Braga,Guimaraes,Ronfe,,,EN - Estrada Nacional,EN206,Em estado regular,36.62,Chuva,Dois sentidos,Fora da intersecção,Dentro das localidades,Em pleno dia,Com marcas - separadoras de sentido de trânsito,Colisão frontal,NÃO DEFINIDO,Inexistentes,NÃO DEFINIDO,NÃO DEFINIDO,Inexistentes,Betuminoso,Curva,Com inclinação,Sem berma ou impraticável,Em plena via,Direita
20181487825,2018:07:30 11:40:00,01/30/00,07/01/00,01/01/00,Polícia de Segurança Pública,50.0,50.0,Segunda-Feira,"38,898130","-9,037931",0,0,2,Estrada sem separador,Seco e limpo,Lisboa,Vila Franca de Xira,União das freguesias de Alverca do Ribatejo e Sobralinho,Alverca do Ribatejo,,EN - Estrada Nacional,EN10,Em estado regular,129,Bom tempo,Dois sentidos,Em entroncamento,Dentro das localidades,Em pleno dia,Com marcas - separadoras de sentido e de vias de trânsito,Colisão lateral com outro veículo em movimento,NÃO DEFINIDO,Inexistentes,NÃO DEFINIDO,NÃO DEFINIDO,A funcionar normalmente,Betuminoso,Recta,Em patamar,Sem berma ou impraticável,Em plena via,Direita
2011557183,2011:07:19 01:32:00,01/19/00,07/01/00,01/01/00,Guarda Nacional Republicana,40.0,120.0,Terça-Feira  ,"41,201949","-8,311002",0,0,1,Auto-estrada,Molhado,Porto,Penafiel,Guilhufe,,,A  - Auto-Estrada,A4,Em estado regular,34.93,Chuva,Sentido único,Em ramo de ligação - saída,Fora das localidades,"Noite, com iluminação",Com marcas - separadoras de sentido e de vias de trânsito,Despiste com dispositivo de retenção,NÃO DEFINIDO,Inexistentes,No sentido crescente da quilometragem,Outros,Inexistentes,Betuminoso,Curva,Com inclinação,Berma pavimentada,Em plena via,Direita
2011542060,2011:07:23 05:15:00,01/23/00,07/01/00,01/01/00,Polícia de Segurança Pública,80.0,80.0,Sábado       ,"0,00","0,00",0,0,1,Outra via,Húmido,Lisboa,Lisboa,Campo Grande,,,Outra Via,0,Em estado regular,,Bom tempo,Dois sentidos,Em entroncamento,Dentro das localidades,Em pleno dia,Com marcas - separadoras de sentido e de vias de trânsito,Despiste sem dispositivo de retenção,NÃO DEFINIDO,Inexistentes,No sentido decrescente da quilometragem,Outros,Inexistentes,Betuminoso,Curva,Em patamar,Berma pavimentada,Em plena via,Central
20171170054,2016:07:08 12:50:00,01/08/00,07/01/00,01/01/00,Guarda Nacional Republicana,50.0,50.0,Sexta-Feira  ,"41,493580","-8,314187",0,0,2,Estrada sem separador,Seco e limpo,Porto,Amarante,União das freguesias de Figueiró (Santiago e Santa Cristina),Barreiras,,EM - Estrada Municipal,0,Em bom estado,46,Bom tempo,Dois sentidos,Em entroncamento,Dentro das localidades,Em pleno dia,Com marcas - separadoras de sentido de trânsito,Colisão lateral com outro veículo em movimento,NÃO DEFINIDO,Inexistentes,NÃO DEFINIDO,Outros,Inexistentes,Betuminoso,Curva,Em patamar,Berma pavimentada,Em plena via,Direita
2013750081,2013:07:25 13:00:00,01/25/00,07/01/00,01/01/00,Guarda Nacional Republicana,50.0,50.0,Quinta-Feira ,"40,067440","-8,310325",0,0,1,Estrada sem separador,Seco e limpo,Coimbra,Condeixa-a-Nova,Sebal,Fornes de Castel,,EN - Estrada Nacional,EN347,Em estado regular,33.15,Bom tempo,Sentido único,Fora da intersecção,Dentro das localidades,Em pleno dia,Com marcas - separadoras de sentido de trânsito,Despiste simples,NÃO DEFINIDO,Inexistentes,NÃO DEFINIDO,NÃO DEFINIDO,Inexistentes,Betuminoso,Recta,Em patamar,Sem berma ou impraticável,Na berma,Direita
2014828943,2014:07:28 11:55:00,01/28/00,07/01/00,01/01/00,Polícia de Segurança Pública,50.0,50.0,Segunda-Feira,"41,166033","-8,634981",0,0,1,Estrada sem separador,Seco e limpo,Porto,Porto,Ramalde,Porto,Travessa Pisca                                                                                      ,Arruamento,0,Em estado regular,,Bom tempo,Sentido único,Fora da intersecção,Dentro das localidades,Em pleno dia,Sem marcas rodoviárias ou pouco visíveis,Atropelamento com fuga,NÃO DEFINIDO,Inexistentes,NÃO DEFINIDO,Outros,Inexistentes,Calçada,Recta,Com inclinação,Sem berma ou impraticável,Em plena via,Direita
2015961439,2015:07:20 14:00:00,01/20/00,07/01/00,01/01/00,Polícia de Segurança Pública,50.0,50.0,Segunda-Feira,"38,749662","-9,203473",0,0,1,Outra via,Seco e limpo,Lisboa,Lisboa,Benfica,,Avenida Grão Vasco                                                                                  ,Arruamento,0,Em bom estado,,Bom tempo,Sentido único,Em cruzamento,Dentro das localidades,Em pleno dia,Com marcas - separadoras de sentido e de vias de trânsito,Colisão lateral com outro veículo em movimento,NÃO DEFINIDO,Inexistentes,No sentido decrescente da quilometragem,Outros,Inexistentes,Betuminoso,Recta,Em patamar,Berma pavimentada,Em plena via,Direita
2011571147,2011:07:24 12:50:00,01/24/00,07/01/00,01/01/00,Polícia de Segurança Pública,40.0,50.0,Domingo      ,"0,00","0,00",0,0,1,Estrada sem separador,Húmido,Leiria,Leiria,Leiria,,Rua Dom José Alves Correia da Silva,Arruamento,0,Em estado regular,,Bom tempo,Dois sentidos,Fora da intersecção,Dentro das localidades,Em pleno dia,Sem marcas rodoviárias ou pouco visíveis,Colisão lateral com outro veículo em movimento,NÃO DEFINIDO,Inexistentes,NÃO DEFINIDO,Outros,Inexistentes,Calçada,Recta,Em patamar,Berma pavimentada,Em plena via,Direita
20191768684,2019:07:27 20:05:00,01/27/00,07/01/00,01/01/00,Guarda Nacional Republicana,50.0,50.0,Sábado       ,"41,723560","-8,705877",0,0,1,Estrada sem separador,Seco e limpo,Viana do Castelo,Viana do Castelo,"União das freguesias de Nogueira, Meixedo e Vilar de Murteda",Nogueira-Viana do Castelo,Rua do Outeiro,Arruamento,0,Em estado regular,,Bom tempo,Dois sentidos,Fora da intersecção,Dentro das localidades,Em pleno dia,Sem marcas rodoviárias ou pouco visíveis,Colisão com fuga,NÃO DEFINIDO,Inexistentes,NÃO DEFINIDO,NÃO DEFINIDO,Inexistentes,Betuminoso,Curva,Com inclinação,Sem berma ou impraticável,Em plena via,Direita
2014826379,2014:07:16 18:50:00,01/16/00,07/01/00,01/01/00,Polícia de Segurança Pública,50.0,50.0,Quarta-Feira ,"41,110981","-8,631760",0,0,3,Estrada sem separador,Seco e limpo,Porto,Vila Nova de Gaia,Madalena,Vila Nova de Gaia,Rua António Fernando Almeida Pinto Tavares                                                          ,Arruamento,0,Em bom estado,,Bom tempo,Dois sentidos,Em cruzamento,Dentro das localidades,Em pleno dia,Sem marcas rodoviárias ou pouco visíveis,Colisão com veiculo ou obstáculo na faixa de rodagem,NÃO DEFINIDO,Inexistentes,NÃO DEFINIDO,NÃO DEFINIDO,Intermitente,Betuminoso,Recta,Em patamar,Berma pavimentada,Em plena via,Direita
2011541431,2011:07:08 18:45:00,01/08/00,07/01/00,01/01/00,Polícia de Segurança Pública,50.0,50.0,Sexta-Feira  ,"0,00","0,00",0,0,1,Outra via,Seco e limpo,Porto,Vila Nova de Gaia,Vila Nova de Gaia (Santa Marinha),,Via Engenheiro Edgar Cardoso                                                                        ,Arruamento,0,Em bom estado,,Chuva,Sentido único,Fora da intersecção,Dentro das localidades,Em pleno dia,Com marcas - separadoras de sentido de trânsito,Despiste com dispositivo de retenção,NÃO DEFINIDO,Inexistentes,NÃO DEFINIDO,NÃO DEFINIDO,Inexistentes,Betuminoso,Recta,Com inclinação,Berma pavimentada,Em plena via,Direita
20171289163,2017:07:22 22:50:00,01/22/00,07/01/00,01/01/00,Guarda Nacional Republicana,50.0,50.0,Sábado       ,"40,158779","-8,524684",0,0,2,Outra via,Seco e limpo,Coimbra,Condeixa-a-Nova,Anobra,Anobra,rua santo António - Anobra,Arruamento,0,Em bom estado,,Bom tempo,Dois sentidos,Fora da intersecção,Dentro das localidades,"Noite, com iluminação",Sem marcas rodoviárias ou pouco visíveis,Despiste simples,NÃO DEFINIDO,Inexistentes,No sentido crescente da quilometragem,NÃO DEFINIDO,Inexistentes,Betuminoso,Recta,Em patamar,Berma não pavimentada,Em plena via,Direita
2012632142,2012:07:21 10:40:00,01/21/00,07/01/00,01/01/00,Guarda Nacional Republicana,50.0,50.0,Sábado       ,,,0,0,1,Estrada sem separador,Seco e limpo,Coimbra,Cantanhede,Cantanhede,,Rua Doutor António José de Almeida,Arruamento,0,Em estado regular,,Bom tempo,Dois sentidos,Em entroncamento,Dentro das localidades,Em pleno dia,Sem marcas rodoviárias ou pouco visíveis,Colisão lateral com outro veículo em movimento,NÃO DEFINIDO,Inexistentes,NÃO DEFINIDO,Stop,Inexistentes,Betuminoso,Recta,Em patamar,Berma pavimentada,Em plena via,Direita
2014855193,2014:07:29 00:56:00,01/29/00,07/01/00,01/01/00,Guarda Nacional Republicana,50.0,70.0,Terça-Feira  ,"41,037848","-8,316630",0,0,1,Estrada sem separador,Seco e limpo,Porto,Vila Nova de Gaia,"União das freguesias de Sandim, Olival, Lever e Crestuma",Olival,,EN - Estrada Nacional,EN222,Em estado regular,10.4,Bom tempo,Dois sentidos,Fora da intersecção,Dentro das localidades,"Noite, com iluminação",Com marcas - separadoras de sentido de trânsito,Despiste com capotamento,NÃO DEFINIDO,Inexistentes,NÃO DEFINIDO,Outros,Inexistentes,Betuminoso,Recta,Com inclinação,Berma pavimentada,Na berma,Direita
20181482226,2018:07:30 08:30:00,01/30/00,07/01/00,01/01/00,Polícia de Segurança Pública,80.0,80.0,Segunda-Feira,"38,746833","-9,165817",0,0,1,Outra via,Seco e limpo,Lisboa,Lisboa,Carnide,Lisboa,,IP- Itinerário Principal,IP7,Em estado regular,"7,6",Bom tempo,Sentido único,Fora da intersecção,Fora das localidades,Em pleno dia,Com marcas - separadoras de sentido e de vias de trânsito,Colisão com fuga,NÃO DEFINIDO,Inexistentes,No sentido crescente da quilometragem,Outros,Inexistentes,Betuminoso,Recta,Em patamar,Berma pavimentada,Em plena via,Direita
20191794098,2019:07:08 18:10:00,01/08/00,07/01/00,01/01/00,Polícia de Segurança Pública,50.0,50.0,Segunda-Feira,0,0,0,0,1,Estrada sem separador,Molhado,Vila Real,Vila Real,"União das freguesias de Vila Real (Nossa Senhora da Conceição, São Pedro e São Dinis)",Vila Real,Rua Montezelos                                                                                      ,Arruamento,0,Em mau estado,,Chuva,Dois sentidos,NÃO DEFINIDO,Dentro das localidades,Em pleno dia,Com marcas - separadoras de sentido de trânsito,Despiste sem dispositivo de retenção,NÃO DEFINIDO,NÃO DEFINIDO,NÃO DEFINIDO,NÃO DEFINIDO,Inexistentes,Betuminoso,Curva,Com inclinação,Berma não pavimentada,Em plena via,Direita
2010465635,2010:07:10 18:15:00,01/10/00,07/01/00,01/01/00,Polícia de Segurança Pública,50.0,50.0,Sábado       ,"0,00","0,00",0,0,1,Estrada sem separador,NÃO DEFINIDO,Aveiro,Santa Maria da Feira,Feira,,Rua da Estrada Nacional,Arruamento,0,NÃO DEFINIDO,,Bom tempo,Dois sentidos,NÃO DEFINIDO,Dentro das localidades,Em pleno dia,NÃO DEFINIDO,Colisão com outras situações,NÃO DEFINIDO,Inexistentes,NÃO DEFINIDO,Outros,Inexistentes,Betuminoso,Curva,Em patamar,Berma pavimentada,Em via ou pista reservada,Direita
20181455017,2018:07:02 18:45:00,01/02/00,07/01/00,01/01/00,Guarda Nacional Republicana,50.0,50.0,Segunda-Feira,"39,289401","-9,160392",0,1,0,Estrada sem separador,Seco e limpo,Leiria,Bombarral,Carvalhal,Paúl,,EN - Estrada Nacional,EN8,Em bom estado,75,Bom tempo,Dois sentidos,Em entroncamento,Fora das localidades,Em pleno dia,Com marcas - separadoras de sentido de trânsito,Colisão frontal,NÃO DEFINIDO,Inexistentes,NÃO DEFINIDO,Stop,Inexistentes,Betuminoso,Recta,Em patamar,Sem berma ou impraticável,Em plena via,Direita
2010478501,2010:07:27 15:20:00,01/27/00,07/01/00,01/01/00,Guarda Nacional Republicana,50.0,50.0,Terça-Feira  ,"38,98815","9,36884",0,0,1,Estrada sem separador,Seco e limpo,Lisboa,Mafra,Santo Isidoro,MONTE BOM,R DA RIBEIRA,Arruamento,0,Em estado regular,,Bom tempo,Dois sentidos,Fora da intersecção,Dentro das localidades,Em pleno dia,Sem marcas rodoviárias ou pouco visíveis,Colisão frontal,NÃO DEFINIDO,Inexistentes,NÃO DEFINIDO,NÃO DEFINIDO,Inexistentes,Betuminoso,Curva,Em patamar,Sem berma ou impraticável,Em plena via,Direita
2011555512,2011:07:20 11:50:00,01/20/00,07/01/00,01/01/00,Guarda Nacional Republicana,50.0,50.0,Quarta-Feira ,"41,645548","-8,435732",0,0,1,Estrada sem separador,Seco e limpo,Braga,Vila Verde,Vila Verde,,,EN - Estrada Nacional,EN101,Em bom estado,79.182,Bom tempo,Dois sentidos,Fora da intersecção,Dentro das localidades,Em pleno dia,Com marcas - separadoras de sentido e de vias de trânsito,Colisão lateral com outro veículo em movimento,NÃO DEFINIDO,Inexistentes,NÃO DEFINIDO,Outros,Inexistentes,Betuminoso,Recta,Em patamar,Sem berma ou impraticável,Em plena via,Direita
20171289190,2017:07:23 03:00:00,01/23/00,07/01/00,01/01/00,Guarda Nacional Republicana,50.0,50.0,Domingo      ,"40,478051","-8,734850",0,1,0,Estrada sem separador,Seco e limpo,Coimbra,Mira,Seixo,Seixo,Rua dos Moliceiros,Arruamento,0,Em mau estado,,Bom tempo,Dois sentidos,Fora da intersecção,Dentro das localidades,"Noite, sem iluminação",Com marcas - separadoras de sentido de trânsito,Despiste simples,NÃO DEFINIDO,Inexistentes,NÃO DEFINIDO,NÃO DEFINIDO,Inexistentes,Betuminoso,Recta,Em patamar,Sem berma ou impraticável,Na berma,Direita
2012620642,2012:07:18 12:13:00,01/18/00,07/01/00,01/01/00,Polícia de Segurança Pública,50.0,50.0,Quarta-Feira ,"0,00","0,00",1,0,0,Estrada sem separador,Seco e limpo,Leiria,Peniche,Peniche (Ajuda),Peniche,Rua Doutor Ernesto Moreira,Arruamento,0,Em bom estado,,Bom tempo,Sentido único,NÃO DEFINIDO,Dentro das localidades,Em pleno dia,NÃO DEFINIDO,Atropelamento de peões,NÃO DEFINIDO,Inexistentes,NÃO DEFINIDO,Outros,Inexistentes,NÃO DEFINIDO,Recta,Em patamar,Berma pavimentada,Em parque de estacionamento,Direita
2010467764,2010:07:25 19:00:00,01/25/00,07/01/00,01/01/00,Polícia de Segurança Pública,50.0,50.0,Domingo      ,"0,00","0,00",0,0,1,Estrada sem separador,Húmido,Viana do Castelo,Viana do Castelo,Darque,,Avenida 1º de Maio,Arruamento,0,Em estado regular,,Bom tempo,Dois sentidos,Em cruzamento,Dentro das localidades,Em pleno dia,Sem marcas rodoviárias ou pouco visíveis,Colisão lateral com outro veículo em movimento,NÃO DEFINIDO,Inexistentes,NÃO DEFINIDO,Stop,Inexistentes,Betuminoso,Recta,Em patamar,Berma pavimentada,Em plena via,Direita
20191749136,2019:07:19 12:15:00,01/19/00,07/01/00,01/01/00,Guarda Nacional Republicana,50.0,50.0,Sexta-Feira  ,"41,562800","-8,576828",0,0,1,Estrada sem separador,Seco e limpo,Braga,Barcelos,Galegos (Santa Maria),G. Santa Maria,Rua de São João - São João 63,Arruamento,0,Em estado regular,,Bom tempo,Dois sentidos,Em cruzamento,Dentro das localidades,Em pleno dia,Sem marcas rodoviárias ou pouco visíveis,Colisão lateral com outro veículo em movimento,NÃO DEFINIDO,Inexistentes,NÃO DEFINIDO,Stop,Inexistentes,Betuminoso,Recta,Em patamar,Sem berma ou impraticável,Em plena via,Direita
20171171613,2016:07:15 10:00:00,01/15/00,07/01/00,01/01/00,Guarda Nacional Republicana,50.0,50.0,Sexta-Feira  ,"40,552384","-8,320027",0,0,1,Estrada sem separador,Seco e limpo,Aveiro,Santa Maria da Feira,Fornos,FARINHEIRO,Rua do Farinheiro,Arruamento,0,Em bom estado,,Bom tempo,Dois sentidos,Em cruzamento,Dentro das localidades,Em pleno dia,Sem marcas rodoviárias ou pouco visíveis,Colisão com outras situações,NÃO DEFINIDO,Inexistentes,NÃO DEFINIDO,Stop,Inexistentes,Betuminoso,Recta,Em patamar,Sem berma ou impraticável,Em plena via,Direita
20191749685,2019:07:20 15:49:00,01/20/00,07/01/00,01/01/00,Guarda Nacional Republicana,50.0,50.0,Sábado       ,"40,487880","-7,863200",0,0,1,Estrada sem separador,Seco e limpo,Viseu,Nelas,Canas de Senhorim,Caldas da Felgueira,,EM - Estrada Municipal,0,Em estado regular,"0,1",Bom tempo,Dois sentidos,Fora da intersecção,Dentro das localidades,Em pleno dia,Sem marcas rodoviárias ou pouco visíveis,Despiste simples,NÃO DEFINIDO,Inexistentes,NÃO DEFINIDO,NÃO DEFINIDO,Inexistentes,Betuminoso,Curva,Com inclinação,Sem berma ou impraticável,Em plena via,Direita