Id. Acidente,Datahora,Dia,Mês,Hora,Entidades Fiscalizadoras,Velocidade local,Velocidade geral,Dia da Semana,Latitude GPS,Longitude GPS,Num. Mortos a 30 dias,Num. Feridos graves a 30 dias,Num. Feridos ligeiros a 30 dias,Características Tecnicas1,Cond Aderência,Distrito,Concelho,Freguesia,Pov. Proxima,Nome arruamento,Tipos Vias,Cod Via,Estado Conservação,Km,Factores Atmosféricos,Reg Circulação1,Intersecção Vias,Localizações,Luminosidade,Marca Via,Natureza,Obras Arte,Obstáculos,Sentidos,Sinais,Sinais Luminosos,Tipo Piso,Traçado 1,Traçado 2,Traçado 3,Traçado 4,Via Trânsito
2014818778,2014:07:06 23:30:00,01/06/00,07/01/00,01/01/00,Polícia de Segurança Pública,20.0,20.0,Domingo      ,"41,174805","-8,564621",0,0,2,Estrada sem separador,Seco e limpo,Porto,Gondomar,Rio Tinto,Rio Tinto,Praceta Parque Nascente,Arruamento,0,Em estado regular,,Bom tempo,Sentido único,Fora da intersecção,Dentro das localidades,"Noite, com iluminação",Sem marcas rodoviárias ou pouco visíveis,Colisão lateral com outro veículo em movimento,NÃO DEFINIDO,Inexistentes,NÃO DEFINIDO,Stop,Inexistentes,Betão de cimento,Recta,Em patamar,Sem berma ou impraticável,Em parque de estacionamento,Direita
2014854474,2014:07:02 08:20:00,01/02/00,07/01/00,01/01/00,Guarda Nacional Republicana,50.0,50.0,Quarta-Feira ,"41,237237","-8,722136",0,0,1,Estrada sem separador,Seco e limpo,Porto,Matosinhos,Lavra,Lavra,Rua da Agudela,Arruamento,0,Em bom estado,,Bom tempo,NÃO DEFINIDO,Fora da intersecção,Dentro das localidades,Em pleno dia,Sem marcas rodoviárias ou pouco visíveis,Colisão lateral com outro veículo em movimento,NÃO DEFINIDO,Inexistentes,NÃO DEFINIDO,Outros,Inexistentes,Betuminoso,Recta,Em patamar,Berma pavimentada,No passeio,Direita
2015959587,2015:07:19 10:25:00,01/19/00,07/01/00,01/01/00,Polícia de Segurança Pública,50.0,50.0,Domingo      ,"40,207680","-8,404966",0,0,1,Estrada sem separador,Seco e limpo,Coimbra,Coimbra,Santo António dos Olivais,Coimbra,Rua Miguel Torga,Arruamento,0,Em estado regular,,Bom tempo,Dois sentidos,Fora da intersecção,Dentro das localidades,Em pleno dia,Com marcas - separadoras de sentido e de vias de trânsito,Despiste sem dispositivo de retenção,NÃO DEFINIDO,Inexistentes,NÃO DEFINIDO,Passagem de peões,Inexistentes,Betuminoso,Recta,Com inclinação,Berma pavimentada,Em plena via,Direita
20191718132,2019:07:19 08:50:00,01/19/00,07/01/00,01/01/00,Polícia de Segurança Pública,50.0,50.0,Sexta-Feira  ,"0,0","0,0",0,0,1,Outra via,Seco e limpo,Lisboa,Lisboa,Carnide,,Avenida Nações Unidas                                                                               ,Arruamento,0,Em bom estado,,Bom tempo,Sentido único,Em via de aceleração,Dentro das localidades,Em pleno dia,Com marcas - separadoras de sentido e de vias de trânsito,Colisão traseira com outro veículo em movimento,NÃO DEFINIDO,Inexistentes,NÃO DEFINIDO,Outros,A funcionar normalmente,Betuminoso,Recta,Em patamar,Berma pavimentada,Em plena via,Esquerda
2014855327,2014:07:26 11:40:00,01/26/00,07/01/00,01/01/00,Guarda Nacional Republicana,50.0,50.0,Sábado       ,"40,065403","-8,145018",0,0,1,Estrada sem separador,Seco e limpo,Coimbra,Lousa,União das freguesias de Lousã e Vilarinho,Lousã,Avª do Brasil,Arruamento,0,Em estado regular,,Bom tempo,Dois sentidos,Em cruzamento,Dentro das localidades,Em pleno dia,Sem marcas rodoviárias ou pouco visíveis,Despiste simples,NÃO DEFINIDO,Inexistentes,NÃO DEFINIDO,Stop,Inexistentes,Betuminoso,Recta,Em patamar,Sem berma ou impraticável,Em plena via,Direita
20191749674,2019:07:21 17:30:00,01/21/00,07/01/00,01/01/00,Guarda Nacional Republicana,50.0,50.0,Domingo      ,"39,052550","-9,259733",0,0,2,Estrada sem separador,Seco e limpo,Lisboa,Torres Vedras,Turcifal,Carvalhal,,EN - Estrada Nacional,EN8,Em estado regular,"38,9",Bom tempo,Dois sentidos,Em entroncamento,Dentro das localidades,Em pleno dia,Com marcas - separadoras de sentido e de vias de trânsito,Despiste simples,NÃO DEFINIDO,Inexistentes,NÃO DEFINIDO,NÃO DEFINIDO,Inexistentes,Betuminoso,Recta,Com inclinação,Berma pavimentada,Em plena via,Direita
2015960404,2015:07:24 01:30:00,01/24/00,07/01/00,01/01/00,Polícia de Segurança Pública,50.0,50.0,Sexta-Feira  ,"41,172765","-8,554466",0,0,1,Estrada sem separador,Seco e limpo,Porto,Gondomar,Rio Tinto,Rio Tinto,Avenida Conduta                                                                                     ,Arruamento,0,Em bom estado,,Bom tempo,Dois sentidos,Em rotunda,Dentro das localidades,"Noite, com iluminação",Com marcas - separadoras de sentido de trânsito,Colisão com outras situações,NÃO DEFINIDO,Inexistentes,NÃO DEFINIDO,Cedência de passagem,Inexistentes,Betuminoso,Recta,Com inclinação,Berma pavimentada,Em plena via,Direita
2013749857,2013:07:07 09:18:00,01/07/00,07/01/00,01/01/00,Guarda Nacional Republicana,50.0,50.0,Domingo      ,"37,443270","-8,462924",0,0,1,Estrada sem separador,Seco e limpo,Beja,Odemira,Vila Nova de Milfontes,Vila Nova de Milfontes,Urbanização Alagoachos,Arruamento,0,Em estado regular,,Bom tempo,Dois sentidos,Em entroncamento,Dentro das localidades,Em pleno dia,Sem marcas rodoviárias ou pouco visíveis,Despiste simples,NÃO DEFINIDO,Inexistentes,NÃO DEFINIDO,NÃO DEFINIDO,Inexistentes,Betuminoso,Recta,Em patamar,Sem berma ou impraticável,No passeio,Direita
2013749473,2013:07:31 06:56:00,01/31/00,07/01/00,01/01/00,Guarda Nacional Republicana,120.0,120.0,Quarta-Feira ,"41,120426","-8,333015",0,1,0,Auto-estrada,Seco e limpo,Porto,Valongo,Ermesinde,Ermesinde,,A  - Auto-Estrada,A4,Em bom estado,10.9,Bom tempo,Sentido único,Em via de desaceleração,Fora das localidades,Em pleno dia,Com marcas - separadoras de sentido e de vias de trânsito,Despiste com dispositivo de retenção,NÃO DEFINIDO,Inexistentes,No sentido crescente da quilometragem,NÃO DEFINIDO,Inexistentes,Betuminoso,Recta,Em patamar,Berma pavimentada,Em plena via,Direita
2014853855,2014:07:12 18:15:00,01/12/00,07/01/00,01/01/00,Guarda Nacional Republicana,50.0,50.0,Sábado       ,"39,115624","-8,364801",0,1,0,Estrada sem separador,Seco e limpo,Santarém,Almeirim,Almeirim,Almeirim,,EM - Estrada Municipal,EM578,Em bom estado,,Bom tempo,Dois sentidos,Fora da intersecção,Dentro das localidades,Em pleno dia,Com marcas - separadoras de sentido de trânsito,Colisão lateral com outro veículo em movimento,NÃO DEFINIDO,Inexistentes,NÃO DEFINIDO,Outros,Inexistentes,Betuminoso,Recta,Com inclinação,Berma pavimentada,Em plena via,Direita
20181471612,2018:07:15 11:00:00,01/15/00,07/01/00,01/01/00,Polícia de Segurança Pública,50.0,50.0,Domingo      ,"38,839451","-9,176533",0,0,1,Estrada sem separador,Seco e limpo,Lisboa,Loures,Loures,Loures,Rua Comandante Carvalho Araújo                                                                      ,Arruamento,0,Em estado regular,,Bom tempo,Dois sentidos,Fora da intersecção,Dentro das localidades,Em pleno dia,Com marcas - separadoras de sentido de trânsito,Despiste com colisão com veículo imobil. ou obstáculo,NÃO DEFINIDO,Inexistentes,NÃO DEFINIDO,NÃO DEFINIDO,Inexistentes,Betuminoso,Curva,Em patamar,Berma pavimentada,Em plena via,Direita
2013751952,2013:07:23 11:30:00,01/23/00,07/01/00,01/01/00,Guarda Nacional Republicana,50.0,50.0,Terça-Feira  ,"39,117416","-8,372323",0,0,1,Estrada sem separador,Seco e limpo,Santarém,Almeirim,Almeirim,Almeirim,Rua do Matadouro Novo,Arruamento,0,Em bom estado,,Bom tempo,Dois sentidos,Fora da intersecção,Dentro das localidades,Em pleno dia,Com marcas - separadoras de sentido de trânsito,Despiste simples,NÃO DEFINIDO,Inexistentes,NÃO DEFINIDO,Outros,Inexistentes,Betuminoso,Recta,Em patamar,Sem berma ou impraticável,Em plena via,Direita
20181468091,2018:07:11 12:45:00,01/11/00,07/01/00,01/01/00,Polícia de Segurança Pública,50.0,50.0,Quarta-Feira ,"40,268276","-7,504939",0,0,1,Estrada sem separador,Seco e limpo,Castelo Branco,Covilha,União das freguesias de Covilhã e Canhoso,,Alameda Pero da Covilhã,Arruamento,0,Em estado regular,,Bom tempo,Dois sentidos,Fora da intersecção,Dentro das localidades,Em pleno dia,Sem marcas rodoviárias ou pouco visíveis,Atropelamento de peões,NÃO DEFINIDO,Inexistentes,NÃO DEFINIDO,Outros,Inexistentes,Betuminoso,Recta,Com inclinação,Berma pavimentada,Em plena via,Direita
2012624159,2012:07:31 20:15:00,01/31/00,07/01/00,01/01/00,Polícia de Segurança Pública,50.0,50.0,Terça-Feira  ,"0,00","0,00",0,0,2,Estrada sem separador,Húmido,Aveiro,Espinho,Espinho,,Rua 33                                                                                              ,Arruamento,0,Em estado regular,,Bom tempo,Dois sentidos,Fora da intersecção,Dentro das localidades,Em pleno dia,Sem marcas rodoviárias ou pouco visíveis,Atropelamento de peões,NÃO DEFINIDO,Inexistentes,NÃO DEFINIDO,NÃO DEFINIDO,Inexistentes,NÃO DEFINIDO,Recta,Em patamar,Sem berma ou impraticável,Em plena via,Direita
2013749877,2013:07:29 18:50:00,01/29/00,07/01/00,01/01/00,Guarda Nacional Republicana,90.0,90.0,Segunda-Feira,"38,013928","-7,491741",0,0,2,Estrada sem separador,Seco e limpo,Beja,Beja,Nossa Senhora das Neves,Nossa Senhora das Neves,,EN - Estrada Nacional,EN260,Em bom estado,5.1,Bom tempo,Dois sentidos,Fora da intersecção,Fora das localidades,Em pleno dia,Com marcas - separadoras de sentido de trânsito,Despiste simples,NÃO DEFINIDO,Inexistentes,NÃO DEFINIDO,Proibição de ultrapassagem,Inexistentes,Betuminoso,Recta,Em patamar,Berma não pavimentada,Na berma,Direita
2014843538,2014:07:06 07:50:00,01/06/00,07/01/00,01/01/00,Polícia de Segurança Pública,60.0,60.0,Domingo      ,"38,777652","-9,158031",0,0,1,Outra via,Molhado,Lisboa,Lisboa,Alcântara,,,IP- Itinerário Principal,IP7,Em bom estado,10.7,Chuva,Sentido único,Fora da intersecção,Fora das localidades,Em pleno dia,Sem marcas rodoviárias ou pouco visíveis,Despiste com capotamento,NÃO DEFINIDO,Inexistentes,No sentido crescente da quilometragem,Outros,Inexistentes,Betuminoso,Recta,Em patamar,Sem berma ou impraticável,Em plena via,Central
20171286941,2017:07:13 14:30:00,01/13/00,07/01/00,01/01/00,Guarda Nacional Republicana,50.0,50.0,Quinta-Feira ,"41,556931","-8,334380",0,0,3,Estrada sem separador,Seco e limpo,Braga,Braga,Sobreposta,Sobreposta,avenida Requeixo,Arruamento,0,Em bom estado,,Bom tempo,Dois sentidos,Fora da intersecção,Dentro das localidades,Em pleno dia,Com marcas - separadoras de sentido de trânsito,Colisão frontal,NÃO DEFINIDO,Inexistentes,NÃO DEFINIDO,NÃO DEFINIDO,Inexistentes,Betuminoso,Curva,Com inclinação,Berma não pavimentada,Em plena via,Direita
20181466466,2018:07:06 18:00:00,01/06/00,07/01/00,01/01/00,Polícia de Segurança Pública,50.0,50.0,Sexta-Feira  ,"41,194803","-8,609063",0,0,3,Estrada sem separador,Seco e limpo,Porto,Matosinhos,União das freguesias de São Mamede de Infesta e Senhora da Hora,São Mamede de Infesta,Rua Santos Dias                                                                                     ,Arruamento,0,Em bom estado,,Bom tempo,Dois sentidos,Fora da intersecção,Dentro das localidades,Em pleno dia,Sem marcas rodoviárias ou pouco visíveis,Despiste com colisão com veículo imobil. ou obstáculo,NÃO DEFINIDO,Inexistentes,NÃO DEFINIDO,Outros,Inexistentes,Betuminoso,Recta,Com inclinação,Sem berma ou impraticável,Em plena via,Direita
20161085714,2016:07:14 00:20:00,01/14/00,07/01/00,01/01/00,Polícia de Segurança Pública,50.0,50.0,Quinta-Feira ,"41,092635","-8,656743",0,0,1,Estrada sem separador,Molhado,Porto,Vila Nova de Gaia,União das freguesias de Gulpilhares e Valadares,,Rua Caetano Remeão,Arruamento,0,Em estado regular,,Bom tempo,Dois sentidos,Fora da intersecção,Dentro das localidades,"Noite, com iluminação",Sem marcas rodoviárias ou pouco visíveis,Colisão com veiculo ou obstáculo na faixa de rodagem,NÃO DEFINIDO,Inexistentes,NÃO DEFINIDO,NÃO DEFINIDO,Inexistentes,Betuminoso,Recta,Em patamar,Berma pavimentada,Em plena via,Direita
2014856046,2014:07:08 19:00:00,01/08/00,07/01/00,01/01/00,Guarda Nacional Republicana,50.0,50.0,Terça-Feira  ,"41,346042","-8,348094",0,0,1,Estrada sem separador,Com gravilha ou areia,Braga,Barcelos,Roriz,Roriz,Rua do Outeiro,Arruamento,0,Em estado regular,,Bom tempo,Dois sentidos,Fora da intersecção,Dentro das localidades,Em pleno dia,Sem marcas rodoviárias ou pouco visíveis,Despiste simples,NÃO DEFINIDO,Inexistentes,NÃO DEFINIDO,Outros,Inexistentes,Betuminoso,Curva,Com inclinação,Berma não pavimentada,Em plena via,Direita
20191768870,2019:07:24 00:40:00,01/24/00,07/01/00,01/01/00,Guarda Nacional Republicana,70.0,70.0,Quarta-Feira ,"41,366410","-8,197197",0,0,1,Estrada sem separador,Seco e limpo,Porto,Felgueiras,Pinheiro,Pinheiro,Rua de Entre-Caminhos,Arruamento,0,Em estado regular,,Bom tempo,Dois sentidos,Fora da intersecção,Dentro das localidades,"Noite, com iluminação",Com marcas - separadoras de sentido de trânsito,Despiste simples,NÃO DEFINIDO,Inexistentes,NÃO DEFINIDO,NÃO DEFINIDO,Inexistentes,Betuminoso,Recta,Em patamar,Sem berma ou impraticável,Na berma,Direita
2015963092,2015:07:30 04:40:00,01/30/00,07/01/00,01/01/00,Polícia de Segurança Pública,50.0,50.0,Quinta-Feira ,"41,362929","-8,746929",0,0,1,Estrada sem separador,Húmido,Porto,Vila do Conde,Vila do Conde,Vila do Conde,Rua 5 de Outubro                                                                                    ,Arruamento,0,Em bom estado,,Chuva,Dois sentidos,Em entroncamento,Dentro das localidades,"Noite, com iluminação",Sem marcas rodoviárias ou pouco visíveis,Colisão traseira com outro veículo em movimento,NÃO DEFINIDO,Inexistentes,NÃO DEFINIDO,NÃO DEFINIDO,Inexistentes,Betuminoso,Recta,Em patamar,Berma pavimentada,Em plena via,Direita
2013749640,2013:07:07 16:30:00,01/07/00,07/01/00,01/01/00,Guarda Nacional Republicana,50.0,50.0,Domingo      ,"38,376394","-9,125089",0,0,2,Estrada sem separador,Seco e limpo,Setúbal,Almada,Charneca de Caparica,Botequim,Rua Foz do Rego,Arruamento,0,Em bom estado,,Bom tempo,Dois sentidos,Fora da intersecção,Dentro das localidades,Em pleno dia,Sem marcas rodoviárias ou pouco visíveis,Despiste simples,NÃO DEFINIDO,Inexistentes,NÃO DEFINIDO,Outros,Inexistentes,Betuminoso,Curva,Com inclinação,Berma não pavimentada,Na berma,Direita
2011555943,2011:07:30 22:15:00,01/30/00,07/01/00,01/01/00,Guarda Nacional Republicana,50.0,50.0,Sábado       ,,,0,0,2,Estrada sem separador,Seco e limpo,Braga,Guimaraes,Serzedo,SERZEDO,R DE OLEIROS,Arruamento,0,Em bom estado,,Bom tempo,Dois sentidos,Em entroncamento,Dentro das localidades,"Noite, com iluminação",Sem marcas rodoviárias ou pouco visíveis,Colisão frontal,NÃO DEFINIDO,Inexistentes,NÃO DEFINIDO,NÃO DEFINIDO,A funcionar normalmente,Betuminoso,Recta,Em patamar,Sem berma ou impraticável,Em plena via,Direita
2011541808,2011:07:19 19:20:00,01/19/00,07/01/00,01/01/00,Polícia de Segurança Pública,50.0,50.0,Terça-Feira  ,"0,00","0,00",0,0,1,Estrada sem separador,Seco e limpo,Lisboa,Torres Vedras,Torres Vedras (São Pedro e Santiago,,Avenida Guerras Peninsulares,Arruamento,0,Em bom estado,,Bom tempo,Dois sentidos,Em via de desaceleração,Dentro das localidades,Em pleno dia,Sem marcas rodoviárias ou pouco visíveis,Despiste com colisão com veículo imobil. ou obstáculo,NÃO DEFINIDO,Inexistentes,NÃO DEFINIDO,NÃO DEFINIDO,Inexistentes,Betuminoso,Recta,Em patamar,Berma não pavimentada,Em plena via,Direita
20171284540,2017:07:03 09:10:00,01/03/00,07/01/00,01/01/00,Guarda Nacional Republicana,50.0,50.0,Segunda-Feira,"41,238339","-8,525796",0,0,1,Estrada sem separador,Seco e limpo,Porto,Valongo,Alfena,Alfena,Rua de São Vicente,Arruamento,0,Em bom estado,,Bom tempo,Dois sentidos,Fora da intersecção,Dentro das localidades,Em pleno dia,Com marcas - separadoras de sentido de trânsito,Atropelamento de peões,NÃO DEFINIDO,Inexistentes,NÃO DEFINIDO,Passagem de peões,Inexistentes,Betuminoso,Recta,Com inclinação,Sem berma ou impraticável,Em plena via,Direita
20191769478,2019:07:14 09:30:00,01/14/00,07/01/00,01/01/00,Guarda Nacional Republicana,50.0,50.0,Domingo      ,"41,390130","-8,286121",0,0,1,Estrada sem separador,Seco e limpo,Braga,Guimaraes,União das freguesias de Tabuadelo e São Faustino,Abação,Rua de São Bento,Arruamento,0,Em bom estado,,Bom tempo,Dois sentidos,Fora da intersecção,Dentro das localidades,Em pleno dia,Com marcas - separadoras de sentido de trânsito,Atropelamento de peões,NÃO DEFINIDO,Inexistentes,NÃO DEFINIDO,NÃO DEFINIDO,Inexistentes,Betuminoso,Recta,Em patamar,Berma não pavimentada,Em plena via,Direita
20181482132,2018:07:24 12:05:00,01/24/00,07/01/00,01/01/00,Polícia de Segurança Pública,50.0,50.0,Terça-Feira  ,"38,860485","-9,072589",0,0,3,Estrada sem separador,Seco e limpo,Lisboa,Vila Franca de Xira,União das freguesias de Póvoa de Santa Iria e Forte da Casa,Póvoa de Santa Iria,Rua Padre Manuel Duarte                                                                             ,Arruamento,0,Em estado regular,,Bom tempo,Dois sentidos,Fora da intersecção,Dentro das localidades,Em pleno dia,Sem marcas rodoviárias ou pouco visíveis,Colisão traseira com outro veículo em movimento,NÃO DEFINIDO,Inexistentes,NÃO DEFINIDO,NÃO DEFINIDO,Inexistentes,Betuminoso,Recta,Em patamar,Berma pavimentada,Em plena via,Direita
20191769683,2019:07:09 18:15:00,01/09/00,07/01/00,01/01/00,Guarda Nacional Republicana,50.0,50.0,Terça-Feira  ,"41,337730","-8,603525",0,0,1,Estrada sem separador,Seco e limpo,Porto,Trofa,União das freguesias de Bougado (São Martinho e Santiago),GUIDÕES,Rua 16 de Maio - Maganha,Arruamento,0,Em estado regular,,Bom tempo,Sentido único,Fora da intersecção,Dentro das localidades,Em pleno dia,Com marcas - separadoras de sentido de trânsito,Despiste simples,NÃO DEFINIDO,Inexistentes,NÃO DEFINIDO,NÃO DEFINIDO,Inexistentes,Betuminoso,Curva,Com inclinação,Sem berma ou impraticável,Em plena via,Direita
20161090260,2016:07:30 00:45:00,01/30/00,07/01/00,01/01/00,Polícia de Segurança Pública,50.0,50.0,Sábado       ,"41,366421","-8,463550",0,0,1,Estrada sem separador,Seco e limpo,Porto,Santo Tirso,"União das freguesias de Areias, Sequeiró, Lama e Palmeira",Areias,Rua Santo António                                                                                   ,Arruamento,0,Em estado regular,,Bom tempo,Dois sentidos,Fora da intersecção,Dentro das localidades,"Noite, com iluminação",Sem marcas rodoviárias ou pouco visíveis,Despiste com capotamento,NÃO DEFINIDO,Inexistentes,NÃO DEFINIDO,NÃO DEFINIDO,Inexistentes,Calçada,Recta,Em patamar,Sem berma ou impraticável,Em plena via,Direita
2012617262,2012:07:07 12:00:00,01/07/00,07/01/00,01/01/00,Polícia de Segurança Pública,50.0,50.0,Sábado       ,"0,00","0,00",0,0,1,Estrada sem separador,Húmido,Porto,Porto,Bonfim,Porto,Rua Santos Pousada                                                                                  ,Arruamento,0,Em estado regular,,Bom tempo,Sentido único,Em cruzamento,Dentro das localidades,Em pleno dia,Com marcas - separadoras de sentido e de vias de trânsito,Atropelamento de peões,NÃO DEFINIDO,Inexistentes,NÃO DEFINIDO,Outros,Inexistentes,Calçada,Recta,Em patamar,Sem berma ou impraticável,Em plena via,Direita
2012620657,2012:07:14 05:15:00,01/14/00,07/01/00,01/01/00,Polícia de Segurança Pública,50.0,50.0,Sábado       ,"0,00","0,00",0,0,1,Estrada sem separador,Húmido,Vila Real,Chaves,Santa Maria Maior,, PRAÇA DO BRASIL,Arruamento,0,Em estado regular,,Bom tempo,Sentido único,Fora da intersecção,Dentro das localidades,"Noite, com iluminação",Sem marcas rodoviárias ou pouco visíveis,Despiste com colisão com veículo imobil. ou obstáculo,NÃO DEFINIDO,Inexistentes,NÃO DEFINIDO,NÃO DEFINIDO,Inexistentes,Betuminoso,Recta,Em patamar,Berma pavimentada,Em plena via,Direita
20171287216,2017:07:14 18:50:00,01/14/00,07/01/00,01/01/00,Guarda Nacional Republicana,50.0,50.0,Sexta-Feira  ,"40,524444","-8,085029",0,0,1,Estrada sem separador,Seco e limpo,Viseu,Tondela,União das freguesias de Tondela e Nandufe,Tondela,Rua Eduardo António Coimbra,Arruamento,0,Em bom estado,,Bom tempo,Dois sentidos,Em via de desaceleração,Dentro das localidades,Em pleno dia,Com marcas - separadoras de sentido de trânsito,Colisão traseira com outro veículo em movimento,NÃO DEFINIDO,Inexistentes,NÃO DEFINIDO,NÃO DEFINIDO,Inexistentes,Betuminoso,Recta,Em patamar,Sem berma ou impraticável,Em plena via,Direita
2010466471,2010:07:15 08:00:00,01/15/00,07/01/00,01/01/00,Polícia de Segurança Pública,30.0,50.0,Quinta-Feira ,"0,00","0,00",0,0,1,Estrada sem separador,Seco e limpo,Braga,Barcelos,Arcozelo,Barcelos,Rua Imaculada Conceição,Arruamento,0,Em bom estado,,Bom tempo,Dois sentidos,Em cruzamento,Dentro das localidades,Em pleno dia,Sem marcas rodoviárias ou pouco visíveis,Colisão lateral com outro veículo em movimento,NÃO DEFINIDO,Inexistentes,NÃO DEFINIDO,Stop,Inexistentes,Calçada,Recta,Com inclinação,Berma pavimentada,Em plena via,Central
2011544581,2011:07:25 11:00:00,01/25/00,07/01/00,01/01/00,Polícia de Segurança Pública,50.0,50.0,Segunda-Feira,"0,00","0,00",0,0,1,Estrada sem separador,Seco e limpo,Lisboa,Oeiras,Carnaxide,Carnaxide,Avenida Portugal,Arruamento,0,Em bom estado,,Bom tempo,Sentido único,Fora da intersecção,Dentro das localidades,Em pleno dia,Sem marcas rodoviárias ou pouco visíveis,Colisão com outras situações,NÃO DEFINIDO,Inexistentes,NÃO DEFINIDO,NÃO DEFINIDO,Inexistentes,Betuminoso,Recta,Com inclinação,Sem berma ou impraticável,Em plena via,Direita
2015952436,2015:07:05 05:50:00,01/05/00,07/01/00,01/01/00,Polícia de Segurança Pública,50.0,50.0,Domingo      ,"41,162922","-8,590410",0,0,6,Outra via,Seco e limpo,Porto,Porto,Bonfim,Porto,Avenida Fernão de Magalhães                                                                         ,Arruamento,0,Em bom estado,,Bom tempo,Sentido único,Fora da intersecção,Dentro das localidades,"Noite, com iluminação",Com marcas - separadoras de sentido e de vias de trânsito,Colisão traseira com outro veículo em movimento,NÃO DEFINIDO,Inexistentes,No sentido crescente da quilometragem,Outros,Inexistentes,Betuminoso,Recta,Em patamar,Berma pavimentada,Em plena via,Esquerda
20191719355,2019:07:14 05:00:00,01/14/00,07/01/00,01/01/00,Polícia de Segurança Pública,50.0,50.0,Domingo      ,"0,0","0,0",0,0,1,Estrada sem separador,Seco e limpo,Lisboa,Loures,"União das freguesias de Santa Iria de Azoia, São João da Talha e Bobadela",Santa Iria de Azóia,Avenida 25 de Abril                                                                                 ,Arruamento,0,Em estado regular,,Bom tempo,Dois sentidos,Em entroncamento,Dentro das localidades,"Noite, com iluminação",Com marcas - separadoras de sentido de trânsito,Despiste com colisão com veículo imobil. ou obstáculo,NÃO DEFINIDO,Inexistentes,NÃO DEFINIDO,Outros,Inexistentes,Betuminoso,Curva,Com inclinação,Berma pavimentada,Em plena via,Direita
2010476367,2010:07:21 09:00:00,01/21/00,07/01/00,01/01/00,Guarda Nacional Republicana,90.0,90.0,Quarta-Feira ,,,0,1,0,Estrada sem separador,Seco e limpo,Bragança,Braganca,Gimonde,GIMONDE,,EN - Estrada Nacional,EN308,Em bom estado,311.4,Bom tempo,Dois sentidos,Fora da intersecção,Fora das localidades,Em pleno dia,Com marcas - separadoras de sentido de trânsito,Despiste com capotamento,NÃO DEFINIDO,Inexistentes,NÃO DEFINIDO,Cedência de passagem,Inexistentes,Betuminoso,Recta,Em patamar,Berma não pavimentada,Em plena via,Direita
20191719909,2019:07:20 12:30:00,01/20/00,07/01/00,01/01/00,Polícia de Segurança Pública,50.0,50.0,Sábado       ,"0,0","0,0",0,1,0,Estrada sem separador,Seco e limpo,Aveiro,Aveiro,Aradas,Aveiro,Rua Direita,Arruamento,0,Em estado regular,,Bom tempo,Dois sentidos,Em cruzamento,Dentro das localidades,Em pleno dia,Com marcas - separadoras de sentido e de vias de trânsito,Colisão lateral com outro veículo em movimento,NÃO DEFINIDO,Inexistentes,NÃO DEFINIDO,Passagem de peões,Inexistentes,Betuminoso,Recta,Em patamar,Berma pavimentada,Em plena via,Direita
2011541535,2011:07:18 17:00:00,01/18/00,07/01/00,01/01/00,Polícia de Segurança Pública,50.0,50.0,Segunda-Feira,"0,00","0,00",0,0,1,Estrada sem separador,Húmido,Lisboa,Cascais,Estoril,,Rua Luísa Todi                                                                                      ,Arruamento,0,Em estado regular,,Bom tempo,Dois sentidos,Fora da intersecção,Dentro das localidades,Em pleno dia,Sem marcas rodoviárias ou pouco visíveis,Despiste sem dispositivo de retenção,Viaduto/Ponte,Inexistentes,NÃO DEFINIDO,NÃO DEFINIDO,Inexistentes,Betuminoso,Recta,Com inclinação,Sem berma ou impraticável,Em plena via,Direita
2010467937,2010:07:27 02:10:00,01/27/00,07/01/00,01/01/00,Polícia de Segurança Pública,50.0,50.0,Terça-Feira  ,"0,00","0,00",0,0,2,Outra via,Seco e limpo,Braga,Guimaraes,Urgezes,,Rodovia de Covas,Arruamento,0,Em bom estado,,Bom tempo,Sentido único,NÃO DEFINIDO,Dentro das localidades,"Noite, com iluminação",Com marcas - separadoras de sentido e de vias de trânsito,Despiste com dispositivo de retenção,NÃO DEFINIDO,Inexistentes,NÃO DEFINIDO,NÃO DEFINIDO,Inexistentes,Betuminoso,Recta,Com inclinação,Sem berma ou impraticável,Em plena via,Direita
20171290684,2017:07:29 12:50:00,01/29/00,07/01/00,01/01/00,Guarda Nacional Republicana,50.0,50.0,Sábado       ,"38,961483","-9,207319",0,0,2,Estrada sem separador,Seco e limpo,Lisboa,Sobral Monte Agraco,Sapataria,Sapataria,avenida da Guia,Arruamento,0,Em bom estado,,Bom tempo,Dois sentidos,Em cruzamento,Dentro das localidades,Em pleno dia,Sem marcas rodoviárias ou pouco visíveis,Colisão lateral com outro veículo em movimento,NÃO DEFINIDO,Inexistentes,NÃO DEFINIDO,Stop,Inexistentes,Betuminoso,Recta,Em patamar,Sem berma ou impraticável,Em plena via,Direita
2012632173,2012:07:17 21:00:00,01/17/00,07/01/00,01/01/00,Guarda Nacional Republicana,50.0,50.0,Terça-Feira  ,"41,54449","8,26590",0,0,1,Estrada sem separador,Seco e limpo,Viana do Castelo,Arcos de Valdevez,Carralcova,Cortes,,EM - Estrada Municipal,0,Em estado regular,,Bom tempo,Dois sentidos,Fora da intersecção,Dentro das localidades,"Noite, sem iluminação",Sem marcas rodoviárias ou pouco visíveis,Atropelamento com fuga,NÃO DEFINIDO,Inexistentes,NÃO DEFINIDO,NÃO DEFINIDO,Inexistentes,Betuminoso,Recta,Com inclinação,Sem berma ou impraticável,Na berma,Direita