Id. Acidente,Datahora,Dia,Mês,Hora,Entidades Fiscalizadoras,Velocidade local,Velocidade geral,Dia da Semana,Latitude GPS,Longitude GPS,Num. Mortos a 30 dias,Num. Feridos graves a 30 dias,Num. Feridos ligeiros a 30 dias,Características Tecnicas1,Cond Aderência,Distrito,Concelho,Freguesia,Pov. Proxima,Nome arruamento,Tipos Vias,Cod Via,Estado Conservação,Km,Factores Atmosféricos,Reg Circulação1,Intersecção Vias,Localizações,Luminosidade,Marca Via,Natureza,Obras Arte,Obstáculos,Sentidos,Sinais,Sinais Luminosos,Tipo Piso,Traçado 1,Traçado 2,Traçado 3,Traçado 4,Via Trânsito
20181477257,2018:07:21 15:05:00,01/21/00,07/01/00,01/01/00,Polícia de Segurança Pública,50.0,50.0,Sábado       ,"40,673540","-7,907771",0,0,1,Estrada sem separador,Seco e limpo,Viseu,Viseu,União das freguesias de Viseu,Viseu,Rotunda Herois Lusitanos,Arruamento,0,Em estado regular,,Bom tempo,Sentido único,Em rotunda,Dentro das localidades,Em pleno dia,Com marcas - separadoras de sentido e de vias de trânsito,Colisão lateral com outro veículo em movimento,NÃO DEFINIDO,Inexistentes,NÃO DEFINIDO,Cedência de passagem,Inexistentes,Betuminoso,Curva,Em patamar,Berma pavimentada,Em plena via,Esquerda
2011556788,2011:07:17 14:45:00,01/17/00,07/01/00,01/01/00,Guarda Nacional Republicana,120.0,120.0,Domingo      ,"38,711038","-9,352108",0,0,2,Auto-estrada,Seco e limpo,Lisboa,Cascais,São Domingos de Rana,CAPARIDE,,A  - Auto-Estrada,A5,Em bom estado,16.2,Bom tempo,Sentido único,Fora da intersecção,Fora das localidades,Em pleno dia,Com marcas - separadoras de sentido de trânsito,Colisão traseira com outro veículo em movimento,NÃO DEFINIDO,Inexistentes,No sentido crescente da quilometragem,NÃO DEFINIDO,Inexistentes,Betuminoso,Recta,Em patamar,Berma pavimentada,Em plena via,Direita
2013752980,2013:07:28 17:45:00,01/28/00,07/01/00,01/01/00,Guarda Nacional Republicana,50.0,50.0,Domingo      ,"37,709595","-8,271756",0,0,2,Estrada sem separador,Seco e limpo,Faro,Lagoa (Algarve),Lagoa,Lagoa,,EN - Estrada Nacional,EN125,Em bom estado,51.4,Bom tempo,Dois sentidos,Fora da intersecção,Dentro das localidades,Em pleno dia,Sem marcas rodoviárias ou pouco visíveis,Colisão lateral com outro veículo em movimento,NÃO DEFINIDO,Inexistentes,NÃO DEFINIDO,Outros,Desligada,Betuminoso,Recta,Em patamar,Berma pavimentada,Em plena via,Direita
2010479768,2010:07:27 16:36:00,01/27/00,07/01/00,01/01/00,Guarda Nacional Republicana,50.0,50.0,Terça-Feira  ,,,0,0,1,Estrada sem separador,Seco e limpo,Aveiro,Agueda,Trofa,MOURISCA VOUGA,R BARRIL,Arruamento,0,Em bom estado,,Bom tempo,Dois sentidos,Fora da intersecção,Dentro das localidades,Em pleno dia,Com marcas - separadoras de sentido de trânsito,Colisão frontal,NÃO DEFINIDO,Inexistentes,NÃO DEFINIDO,Outros,Inexistentes,Betuminoso,Curva,Com inclinação,Berma não pavimentada,Em plena via,Direita
20181461069,2018:07:08 13:25:00,01/08/00,07/01/00,01/01/00,Polícia de Segurança Pública,50.0,50.0,Domingo      ,"41,538279","-8,434266",0,0,1,Estrada sem separador,Seco e limpo,Braga,Braga,"União das freguesias de Braga (Maximinos, Sé e Cividade)",,Rua Cidade do Porto                                                                                 ,Arruamento,0,Em bom estado,,Bom tempo,Dois sentidos,Em rotunda,Dentro das localidades,Em pleno dia,Com marcas - separadoras de sentido de trânsito,Colisão lateral com outro veículo em movimento,NÃO DEFINIDO,Inexistentes,NÃO DEFINIDO,Cedência de passagem,Inexistentes,Calçada,Recta,Em patamar,Sem berma ou impraticável,Em plena via,Direita
20181482384,2018:07:24 13:20:00,01/24/00,07/01/00,01/01/00,Guarda Nacional Republicana,50.0,50.0,Terça-Feira  ,"40,250765","-8,074030",0,0,1,Estrada sem separador,Seco e limpo,Coimbra,Arganil,Sarzedo,Coimbra,Rua 71,Arruamento,0,Em bom estado,,Bom tempo,Dois sentidos,Fora da intersecção,Dentro das localidades,Em pleno dia,Sem marcas rodoviárias ou pouco visíveis,Despiste simples,NÃO DEFINIDO,Inexistentes,NÃO DEFINIDO,NÃO DEFINIDO,Inexistentes,Betuminoso,Curva,Com inclinação,Sem berma ou impraticável,Em plena via,Direita
2013749415,2013:07:19 14:00:00,01/19/00,07/01/00,01/01/00,Guarda Nacional Republicana,90.0,90.0,Sexta-Feira  ,"37,454572","-8,450068",0,1,0,Estrada sem separador,Seco e limpo,Beja,Odemira,Vila Nova de Milfontes,Brunheiras,,EN - Estrada Nacional,EN390,Em bom estado,36.7,Bom tempo,Dois sentidos,Em cruzamento,Fora das localidades,Em pleno dia,Com marcas - separadoras de sentido de trânsito,Colisão lateral com outro veículo em movimento,NÃO DEFINIDO,Inexistentes,NÃO DEFINIDO,Outros,Inexistentes,Betuminoso,Recta,Em patamar,Berma pavimentada,Em plena via,Direita
20181471579,2018:07:17 14:05:00,01/17/00,07/01/00,01/01/00,Polícia de Segurança Pública,50.0,50.0,Terça-Feira  ,"41,122531","-8,659018",0,0,1,Estrada sem separador,Seco e limpo,Porto,Vila Nova de Gaia,Canidelo,Vila Nova de Gaia,Rua Salgueiros                                                                                      ,Arruamento,0,Em estado regular,,Bom tempo,Dois sentidos,Fora da intersecção,Dentro das localidades,Em pleno dia,Com marcas - separadoras de sentido de trânsito,Despiste sem dispositivo de retenção,NÃO DEFINIDO,Inexistentes,NÃO DEFINIDO,NÃO DEFINIDO,Inexistentes,Betuminoso,Recta,Com inclinação,Berma pavimentada,Em plena via,Direita
2013752822,2013:07:17 09:30:00,01/17/00,07/01/00,01/01/00,Guarda Nacional Republicana,50.0,50.0,Quarta-Feira ,"41,233830","-8,398910",0,0,1,Estrada sem separador,Seco e limpo,Porto,Paredes,Lordelo,Lordelo,Rua Centro Formação,Arruamento,0,Em estado regular,,Bom tempo,Dois sentidos,Fora da intersecção,Dentro das localidades,Em pleno dia,Sem marcas rodoviárias ou pouco visíveis,Colisão com veiculo ou obstáculo na faixa de rodagem,NÃO DEFINIDO,Inexistentes,NÃO DEFINIDO,NÃO DEFINIDO,Desligada,Calçada,Recta,Com inclinação,Berma pavimentada,No passeio,Direita
2013705825,2013:07:20 17:40:00,01/20/00,07/01/00,01/01/00,Polícia de Segurança Pública,50.0,50.0,Sábado       ,"38,609019","-9,125519",0,0,1,Outra via,Seco e limpo,Setúbal,Seixal,Amora,Foros de Amora,Esstrada dos Foros de Amora,Arruamento,0,Em estado regular,,Bom tempo,Dois sentidos,Em entroncamento,Dentro das localidades,Em pleno dia,Com marcas - separadoras de sentido de trânsito,Colisão traseira com outro veículo em movimento,NÃO DEFINIDO,Inexistentes,No sentido crescente da quilometragem,Stop,Inexistentes,Betuminoso,Recta,Em patamar,Sem berma ou impraticável,Em plena via,Direita
20171262904,2017:07:04 18:37:00,01/04/00,07/01/00,01/01/00,Polícia de Segurança Pública,50.0,50.0,Terça-Feira  ,"38,747198","-9,167865",0,0,1,Estrada sem separador,Seco e limpo,Lisboa,Lisboa,São Domingos de Benfica,,Rua Laranjeiras                                                                                     ,Arruamento,0,Em estado regular,,Bom tempo,Sentido único,Em entroncamento,Dentro das localidades,Em pleno dia,Sem marcas rodoviárias ou pouco visíveis,Atropelamento de peões,NÃO DEFINIDO,Inexistentes,NÃO DEFINIDO,Passagem de peões,Inexistentes,Betuminoso,Recta,Com inclinação,Sem berma ou impraticável,Em plena via,Direita
2010477718,2010:07:13 13:25:00,01/13/00,07/01/00,01/01/00,Guarda Nacional Republicana,50.0,50.0,Terça-Feira  ,"41,533889","-8,721530",0,0,1,Estrada sem separador,Seco e limpo,Braga,Barcelos,Vila Cova,VILA COVA,,EN - Estrada Nacional,EN103-1,Em bom estado,9.1,Bom tempo,Dois sentidos,Fora da intersecção,Dentro das localidades,Em pleno dia,Com marcas - separadoras de sentido de trânsito,Colisão lateral com outro veículo em movimento,NÃO DEFINIDO,Inexistentes,NÃO DEFINIDO,Stop,Inexistentes,Betuminoso,Recta,Em patamar,Berma pavimentada,Em plena via,Direita
20161091519,2016:07:30 09:30:00,01/30/00,07/01/00,01/01/00,Polícia de Segurança Pública,50.0,50.0,Sábado       ,"38,623634","-9,105550",0,0,1,Estrada sem separador,Seco e limpo,Setúbal,Seixal,"União das freguesias do Seixal, Arrentela e Aldeia de Paio Pires",Arrentela,Avenida República                                                                                   ,Arruamento,0,Em estado regular,,Bom tempo,Dois sentidos,Fora da intersecção,Dentro das localidades,Em pleno dia,Sem marcas rodoviárias ou pouco visíveis,Despiste com colisão com veículo imobil. ou obstáculo,NÃO DEFINIDO,Insuficentemente sinalizados,NÃO DEFINIDO,NÃO DEFINIDO,Inexistentes,Betuminoso,Recta,Em patamar,Berma pavimentada,Em plena via,Direita
2013749638,2013:07:15 21:20:00,01/15/00,07/01/00,01/01/00,Guarda Nacional Republicana,50.0,50.0,Segunda-Feira,"38,430906","-8,434926",0,0,1,Estrada sem separador,Seco e limpo,Setúbal,Palmela,Poceirão,Aldeia Nova Aroeira,Rua António Horta,Arruamento,0,Em estado regular,,Bom tempo,Dois sentidos,Em cruzamento,Dentro das localidades,"Noite, com iluminação",Com marcas - separadoras de sentido de trânsito,Colisão lateral com outro veículo em movimento,NÃO DEFINIDO,Inexistentes,NÃO DEFINIDO,Stop,Inexistentes,Betuminoso,Recta,Em patamar,Sem berma ou impraticável,Em plena via,Direita
2014843491,2014:07:28 08:50:00,01/28/00,07/01/00,01/01/00,Polícia de Segurança Pública,50.0,50.0,Segunda-Feira,"38,717000","-9,138753",0,0,1,Estrada sem separador,Seco e limpo,Lisboa,Lisboa,Arroios,,Calçada de Santana,Arruamento,0,Em bom estado,,Bom tempo,Sentido único,Em cruzamento,Dentro das localidades,Em pleno dia,Sem marcas rodoviárias ou pouco visíveis,Atropelamento de peões,NÃO DEFINIDO,Inexistentes,NÃO DEFINIDO,Passagem de peões,Inexistentes,Betuminoso,Recta,Com inclinação,Sem berma ou impraticável,Em plena via,Direita
20171289929,2017:07:26 10:30:00,01/26/00,07/01/00,01/01/00,Guarda Nacional Republicana,50.0,50.0,Quarta-Feira ,"41,596964","-8,428622",0,0,1,Estrada sem separador,Seco e limpo,Braga,Braga,Palmeira,Palmeira,,EM - Estrada Municipal,0,Em estado regular,,Bom tempo,Dois sentidos,Fora da intersecção,Dentro das localidades,Em pleno dia,Com marcas - separadoras de sentido de trânsito,Colisão lateral com outro veículo em movimento,NÃO DEFINIDO,Inexistentes,NÃO DEFINIDO,NÃO DEFINIDO,Inexistentes,Betuminoso,Recta,Com inclinação,Berma pavimentada,Em plena via,Direita
2010467298,2010:07:05 19:30:00,01/05/00,07/01/00,01/01/00,Polícia de Segurança Pública,50.0,50.0,Segunda-Feira,"0,00","0,00",0,0,1,Estrada sem separador,Húmido,Lisboa,Amadora,Venteira,,Rua Elias Garcia,Arruamento,0,Em estado regular,,Bom tempo,Dois sentidos,Fora da intersecção,Dentro das localidades,Em pleno dia,Com marcas - separadoras de sentido e de vias de trânsito,Colisão lateral com outro veículo em movimento,NÃO DEFINIDO,Inexistentes,NÃO DEFINIDO,NÃO DEFINIDO,Inexistentes,Betuminoso,Recta,Em patamar,Berma pavimentada,Em plena via,Direita
2010477708,2010:07:06 17:15:00,01/06/00,07/01/00,01/01/00,Guarda Nacional Republicana,50.0,50.0,Terça-Feira  ,"41,507632","-8,663728",0,0,1,Estrada sem separador,Seco e limpo,Braga,Barcelos,Gilmonde,,,EN - Estrada Nacional,EN205,Em bom estado,18.2,Bom tempo,Dois sentidos,Fora da intersecção,Dentro das localidades,Em pleno dia,Com marcas - separadoras de sentido de trânsito,Despiste simples,NÃO DEFINIDO,Inexistentes,NÃO DEFINIDO,Outros,Inexistentes,Betuminoso,Recta,Em patamar,Berma pavimentada,Em plena via,Direita
2013710908,2013:07:29 19:30:00,01/29/00,07/01/00,01/01/00,Polícia de Segurança Pública,50.0,50.0,Segunda-Feira,"38,705360","-8,976439",0,0,1,Estrada sem separador,Seco e limpo,Setúbal,Montijo,Montijo,Montijo,Praça Gomes Freire de Andrade                                                                       ,Arruamento,0,Em bom estado,,Bom tempo,Dois sentidos,Fora da intersecção,Dentro das localidades,Em pleno dia,Com marcas - separadoras de sentido de trânsito,Atropelamento de peões,NÃO DEFINIDO,Inexistentes,NÃO DEFINIDO,NÃO DEFINIDO,Inexistentes,Betuminoso,Recta,Em patamar,Berma pavimentada,Em plena via,Direita
20191748599,2019:07:28 07:20:00,01/28/00,07/01/00,01/01/00,Guarda Nacional Republicana,50.0,50.0,Domingo      ,"37,114290","-7,711694",0,1,0,Estrada sem separador,Seco e limpo,Faro,Tavira,União das freguesias de Luz de Tavira e Santo Estêvão,Santo Estevão,,EM - Estrada Municipal,0,Em bom estado,"0,1",Bom tempo,Dois sentidos,Fora da intersecção,Fora das localidades,Em pleno dia,Com marcas - separadoras de sentido de trânsito,Despiste com fuga,NÃO DEFINIDO,Inexistentes,NÃO DEFINIDO,NÃO DEFINIDO,Inexistentes,Betuminoso,Curva,Em patamar,Sem berma ou impraticável,Em plena via,Direita
20171288765,2017:07:21 12:00:00,01/21/00,07/01/00,01/01/00,Guarda Nacional Republicana,90.0,90.0,Sexta-Feira  ,"40,879046","-8,438075",0,0,1,Estrada sem separador,Seco e limpo,Aveiro,Oliveira de Azemeis,União das freguesias de Nogueira do Cravo e Pindelo,Luso,,EN - Estrada Nacional,EN227,Em bom estado,"4,149",Bom tempo,Dois sentidos,Fora da intersecção,Fora das localidades,Em pleno dia,Com marcas - separadoras de sentido de trânsito,Colisão traseira com outro veículo em movimento,NÃO DEFINIDO,Inexistentes,NÃO DEFINIDO,Outros,Inexistentes,Betuminoso,Recta,Com inclinação,Berma pavimentada,Em plena via,Direita
2013752515,2013:07:27 13:10:00,01/27/00,07/01/00,01/01/00,Guarda Nacional Republicana,50.0,50.0,Sábado       ,"41,223175","-8,113818",0,0,1,NÃO DEFINIDO,Seco e limpo,Porto,Felgueiras,Friande,Friande,Rua Nicolau Coelho,Arruamento,0,Em estado regular,,Bom tempo,Dois sentidos,Fora da intersecção,Dentro das localidades,Em pleno dia,Sem marcas rodoviárias ou pouco visíveis,Despiste com dispositivo de retenção,NÃO DEFINIDO,Inexistentes,NÃO DEFINIDO,NÃO DEFINIDO,Inexistentes,Betuminoso,Curva,Em patamar,Berma pavimentada,Na berma,Esquerda
20181475739,2018:07:13 18:45:00,01/13/00,07/01/00,01/01/00,Guarda Nacional Republicana,50.0,50.0,Sexta-Feira  ,"41,028266","-7,767156",0,1,0,Estrada sem separador,Seco e limpo,Viseu,Tarouca,União das freguesias de Tarouca e Dálvares,Tarouca,,EN - Estrada Nacional,EN226,Em bom estado,"22,5",Bom tempo,Dois sentidos,Fora da intersecção,Dentro das localidades,Em pleno dia,Com marcas - separadoras de sentido de trânsito,Colisão lateral com outro veículo em movimento,NÃO DEFINIDO,Inexistentes,NÃO DEFINIDO,NÃO DEFINIDO,Inexistentes,Betuminoso,Recta,Em patamar,Berma pavimentada,Em plena via,Direita
20161086136,2016:07:18 18:40:00,01/18/00,07/01/00,01/01/00,Polícia de Segurança Pública,50.0,50.0,Segunda-Feira,"37,024477","-7,943712",0,0,1,Estrada sem separador,Seco e limpo,Faro,Faro,União das freguesias de Faro (Sé e São Pedro),,Rotunda da Cadeia (Faro),Arruamento,0,Em bom estado,,Bom tempo,Sentido único,Em rotunda,Dentro das localidades,Em pleno dia,Com marcas - separadoras de sentido de trânsito,Colisão com outras situações,NÃO DEFINIDO,Inexistentes,NÃO DEFINIDO,NÃO DEFINIDO,Inexistentes,Betão de cimento,Curva,Em patamar,Berma pavimentada,Em plena via,Direita
20191763423,2019:07:01 06:20:00,01/01/00,07/01/00,01/01/00,Guarda Nacional Republicana,50.0,50.0,Segunda-Feira,"41,232780","-8,543475",0,0,1,Estrada sem separador,Seco e limpo,Porto,Valongo,Alfena,Alfena,,EN - Estrada Nacional,EN105,Em estado regular,"7,4",Bom tempo,Dois sentidos,Em cruzamento,Dentro das localidades,Em pleno dia,Com marcas - separadoras de sentido e de vias de trânsito,Colisão lateral com outro veículo em movimento,NÃO DEFINIDO,Inexistentes,NÃO DEFINIDO,Stop,Inexistentes,Betão de cimento,Recta,Em patamar,Berma pavimentada,Em plena via,Direita
20181468737,2018:07:02 19:00:00,01/02/00,07/01/00,01/01/00,Guarda Nacional Republicana,50.0,50.0,Segunda-Feira,"41,627285","-8,406161",0,0,1,Estrada sem separador,Seco e limpo,Braga,Amares,Rendufe,Rendufe,Rua Monte do Calvário - Rendufe,Arruamento,0,Em bom estado,,Bom tempo,Dois sentidos,Fora da intersecção,Dentro das localidades,Em pleno dia,Sem marcas rodoviárias ou pouco visíveis,Despiste simples,NÃO DEFINIDO,Inexistentes,NÃO DEFINIDO,NÃO DEFINIDO,Inexistentes,Betuminoso,Recta,Em patamar,Sem berma ou impraticável,Em plena via,Direita
2015990976,2015:07:17 11:50:00,01/17/00,07/01/00,01/01/00,Guarda Nacional Republicana,90.0,90.0,Sexta-Feira  ,"37,070685","-8,078570",0,0,1,Estrada sem separador,Seco e limpo,Faro,Loule,Boliqueime,Boliqueime,,EN - Estrada Nacional,EN125,Em estado regular,82.4,Bom tempo,Dois sentidos,Fora da intersecção,Fora das localidades,Em pleno dia,Com marcas - separadoras de sentido de trânsito,Colisão traseira com outro veículo em movimento,NÃO DEFINIDO,Inexistentes,NÃO DEFINIDO,Outros,Inexistentes,Betuminoso,Recta,Em patamar,Berma pavimentada,Em plena via,Direita
2013750194,2013:07:10 10:20:00,01/10/00,07/01/00,01/01/00,Guarda Nacional Republicana,60.0,120.0,Quarta-Feira ,"39,431760","-8,428430",0,0,1,Auto-estrada,Seco e limpo,Leiria,Leiria,Arrabal,Cardosos,,A  - Auto-Estrada,A1,Em bom estado,125.58,Bom tempo,Sentido único,Em via de desaceleração,Fora das localidades,Em pleno dia,Com marcas - separadoras de sentido e de vias de trânsito,Despiste simples,NÃO DEFINIDO,Inexistentes,No sentido decrescente da quilometragem,NÃO DEFINIDO,Inexistentes,Betuminoso,Curva,Em patamar,Berma pavimentada,Em plena via,Direita
20191748897,2019:07:25 15:00:00,01/25/00,07/01/00,01/01/00,Guarda Nacional Republicana,90.0,90.0,Quinta-Feira ,"39,203950","-8,998575",0,0,1,Estrada sem separador,Seco e limpo,Lisboa,Azambuja,Alcoentre,Espinheira,,IC - Itinerário Complementar,IC2,Em bom estado,"52,6",Bom tempo,Dois sentidos,Fora da intersecção,Fora das localidades,Em pleno dia,Com marcas - separadoras de sentido de trânsito,Despiste com capotamento,NÃO DEFINIDO,Inexistentes,NÃO DEFINIDO,Outros,Inexistentes,Betuminoso,Recta,Com inclinação,Berma não pavimentada,Em plena via,Direita
2015988082,2015:07:06 11:50:00,01/06/00,07/01/00,01/01/00,Guarda Nacional Republicana,50.0,50.0,Segunda-Feira,"40,852064","-8,490015",0,0,1,Estrada sem separador,Seco e limpo,Aveiro,Oliveira de Azemeis,"União das freguesias de Oliveira de Azeméis, Santiago de Riba-Ul, Ul, Macinhata da Seixa e Madail",,Rua Visconde de Santiafo de Riba Ul,Arruamento,0,Em estado regular,,Bom tempo,Dois sentidos,Fora da intersecção,Dentro das localidades,Em pleno dia,Sem marcas rodoviárias ou pouco visíveis,Despiste simples,NÃO DEFINIDO,Inexistentes,NÃO DEFINIDO,NÃO DEFINIDO,Inexistentes,Betuminoso,Curva,Em patamar,Sem berma ou impraticável,Em plena via,Direita
2013750456,2013:07:16 13:45:00,01/16/00,07/01/00,01/01/00,Guarda Nacional Republicana,90.0,90.0,Terça-Feira  ,"41,212403","-7,103776",0,0,4,Estrada sem separador,Seco e limpo,Bragança,Vila Flor,Vilas Boas,Meireles,,EN - Estrada Nacional,EN213,Em bom estado,69.8,Bom tempo,Dois sentidos,Fora da intersecção,Fora das localidades,Em pleno dia,Com marcas - separadoras de sentido de trânsito,Despiste simples,NÃO DEFINIDO,Inexistentes,NÃO DEFINIDO,Proibição de ultrapassagem,Inexistentes,Betuminoso,Curva,Em patamar,Sem berma ou impraticável,Em plena via,Direita
2011538676,2011:07:01 15:10:00,01/01/00,07/01/00,01/01/00,Polícia de Segurança Pública,50.0,50.0,Sexta-Feira  ,"0,00","0,00",0,0,3,Estrada sem separador,Seco e limpo,Porto,Porto,Cedofeita,Porto,Avenida França                                                                                      ,Arruamento,0,Em bom estado,,Bom tempo,Dois sentidos,NÃO DEFINIDO,Dentro das localidades,Em pleno dia,Com marcas - separadoras de sentido e de vias de trânsito,Colisão traseira com outro veículo em movimento,NÃO DEFINIDO,Inexistentes,NÃO DEFINIDO,Passagem de peões,Inexistentes,Betuminoso,Recta,Em patamar,Berma pavimentada,Em plena via,Central
20191769447,2019:07:14 19:40:00,01/14/00,07/01/00,01/01/00,Guarda Nacional Republicana,50.0,50.0,Domingo      ,"37,153850","-7,768096",0,0,1,Estrada sem separador,Seco e limpo,Faro,Tavira,Santa Catarina da Fonte do Bispo,"Santa Catarina, Fonte do Bispo.",,EN - Estrada Nacional,EN270,Em bom estado,"54,5",Bom tempo,Dois sentidos,Fora da intersecção,Dentro das localidades,Em pleno dia,Com marcas - separadoras de sentido de trânsito,Despiste simples,NÃO DEFINIDO,Inexistentes,NÃO DEFINIDO,NÃO DEFINIDO,Inexistentes,Betuminoso,Curva,Em patamar,Sem berma ou impraticável,Em plena via,Direita
20181461298,2018:07:02 16:45:00,01/02/00,07/01/00,01/01/00,Guarda Nacional Republicana,50.0,50.0,Segunda-Feira,"37,123020","-7,660436",0,0,1,Estrada sem separador,Seco e limpo,Faro,Tavira,União das freguesias de Tavira (Santa Maria e Santiago),Tavira,,Outra Via,0,Em bom estado,,Bom tempo,Sentido único,Fora da intersecção,Fora das localidades,Em pleno dia,Sem marcas rodoviárias ou pouco visíveis,Despiste simples,NÃO DEFINIDO,Inexistentes,NÃO DEFINIDO,NÃO DEFINIDO,Inexistentes,Betuminoso,Recta,Em patamar,Sem berma ou impraticável,Em plena via,Direita
20191717651,2019:07:10 08:30:00,01/10/00,07/01/00,01/01/00,Polícia de Segurança Pública,50.0,50.0,Quarta-Feira ,"38,723482","-9,212161",0,0,1,Estrada sem separador,Seco e limpo,Lisboa,Amadora,Alfragide,Amadora,,EN - Estrada Nacional,EN117,Em estado regular,"0,6",Bom tempo,Sentido único,Em ramo de ligação - entrada,Dentro das localidades,Em pleno dia,Com marcas - separadoras de sentido e de vias de trânsito,Despiste sem dispositivo de retenção,NÃO DEFINIDO,Inexistentes,NÃO DEFINIDO,Outros,Inexistentes,Betuminoso,Curva,Com inclinação,Berma pavimentada,Em plena via,Direita
2013752829,2013:07:08 08:30:00,01/08/00,07/01/00,01/01/00,Guarda Nacional Republicana,70.0,70.0,Segunda-Feira,"37,017862","-7,581257",0,0,1,Estrada sem separador,Seco e limpo,Faro,Faro,Montenegro,Gambelas,Rua Aquilino Ribeiro,Arruamento,0,Em estado regular,,Bom tempo,Sentido único,Em via de aceleração,Dentro das localidades,Em pleno dia,Com marcas - separadoras de sentido de trânsito,Despiste simples,NÃO DEFINIDO,Inexistentes,NÃO DEFINIDO,Cedência de passagem,Inexistentes,Betuminoso,Curva,Em patamar,Sem berma ou impraticável,Em plena via,Direita
2015955641,2015:07:10 10:25:00,01/10/00,07/01/00,01/01/00,Polícia de Segurança Pública,50.0,50.0,Sexta-Feira  ,"41,109840","-8,575997",0,0,1,Estrada sem separador,Seco e limpo,Porto,Vila Nova de Gaia,Vilar de Andorinho,Vila Nova de Gaia,Avenida Vasco da Gama                                                                               ,Arruamento,0,Em estado regular,,Bom tempo,Dois sentidos,Fora da intersecção,Dentro das localidades,Em pleno dia,Com marcas - separadoras de sentido e de vias de trânsito,Colisão com veiculo ou obstáculo na faixa de rodagem,NÃO DEFINIDO,Inexistentes,NÃO DEFINIDO,NÃO DEFINIDO,Inexistentes,Betuminoso,Recta,Em patamar,Berma pavimentada,Em plena via,Direita
2014855345,2014:07:31 09:55:00,01/31/00,07/01/00,01/01/00,Guarda Nacional Republicana,120.0,120.0,Quinta-Feira ,"40,153856","-8,292288",0,0,1,Auto-estrada,Seco e limpo,Coimbra,Coimbra,União das freguesias de Antuzede e Vil de Matos,Antuzede,,A  - Auto-Estrada,A1,Em bom estado,195.75,Bom tempo,Sentido único,Fora da intersecção,Fora das localidades,Em pleno dia,Com marcas - separadoras de sentido e de vias de trânsito,Despiste com dispositivo de retenção,NÃO DEFINIDO,Inexistentes,No sentido crescente da quilometragem,Outros,Inexistentes,Betuminoso,Recta,Em patamar,Berma pavimentada,Em plena via,Direita
20161088504,2016:07:24 18:53:00,01/24/00,07/01/00,01/01/00,Polícia de Segurança Pública,70.0,70.0,Domingo      ,"38,688619","-9,176893",0,0,1,Outra via,Seco e limpo,Setúbal,Almada,"União das freguesias de Almada, Cova da Piedade, Pragal e Cacilhas",,,PNT - Ponte,PNT25ABRIL,Em bom estado,"2,5",Bom tempo,Sentido único,Fora da intersecção,Dentro das localidades,Em pleno dia,Com marcas - separadoras de sentido de trânsito,Despiste com dispositivo de retenção,Viaduto/Ponte,Inexistentes,No sentido decrescente da quilometragem,Outros,A funcionar normalmente,Betuminoso,Recta,Em patamar,Berma pavimentada,Em plena via,Esquerda
2014853837,2014:07:09 11:20:00,01/09/00,07/01/00,01/01/00,Guarda Nacional Republicana,50.0,50.0,Quarta-Feira ,"41,556332","-6,437108",0,1,0,Estrada sem separador,Seco e limpo,Bragança,Braganca,França,Fontelo,,EN - Estrada Nacional,EN103-7,Em bom estado,18.5,Bom tempo,Dois sentidos,Fora da intersecção,Dentro das localidades,Em pleno dia,Com marcas - separadoras de sentido de trânsito,Colisão lateral com outro veículo em movimento,NÃO DEFINIDO,Inexistentes,NÃO DEFINIDO,Outros,Desligada,Betuminoso,Recta,Com inclinação,Berma não pavimentada,Em plena via,Direita
2011539028,2011:07:08 21:40:00,01/08/00,07/01/00,01/01/00,Polícia de Segurança Pública,50.0,50.0,Sexta-Feira  ,"0,00","0,00",0,0,2,Outra via,Seco e limpo,Porto,Matosinhos,Matosinhos,,Avenida Serpa Pinto                                                                                 ,Arruamento,0,Em bom estado,,Chuva,Sentido único,Em entroncamento,Dentro das localidades,"Noite, com iluminação",Com marcas - separadoras de sentido de trânsito,Atropelamento de peões,NÃO DEFINIDO,Inexistentes,NÃO DEFINIDO,Outros,Inexistentes,Betuminoso,Recta,Em patamar,Berma pavimentada,Em plena via,Direita
20161083677,2016:07:11 14:30:00,01/11/00,07/01/00,01/01/00,Polícia de Segurança Pública,50.0,50.0,Segunda-Feira,"41,162815","-8,685712",0,0,1,Estrada sem separador,Seco e limpo,Porto,Porto,"União das freguesias de Aldoar, Foz do Douro e Nevogilde",Porto,Avenida Montevideu                                                                                  ,Arruamento,0,Em bom estado,,Bom tempo,Dois sentidos,Em entroncamento,Dentro das localidades,Em pleno dia,Com marcas - separadoras de sentido e de vias de trânsito,Atropelamento de peões,NÃO DEFINIDO,Inexistentes,NÃO DEFINIDO,Passagem de peões,Inexistentes,Betuminoso,Recta,Em patamar,Sem berma ou impraticável,Em plena via,Direita
2011544059,2011:07:25 07:30:00,01/25/00,07/01/00,01/01/00,Polícia de Segurança Pública,50.0,50.0,Segunda-Feira,"0,00","0,00",0,0,1,Estrada sem separador,Húmido,Lisboa,Loures,Sacavém,Sacavém,Rua Cidade de Goa                                                                                   ,Arruamento,0,Em estado regular,,Bom tempo,Dois sentidos,Fora da intersecção,Dentro das localidades,Em pleno dia,Sem marcas rodoviárias ou pouco visíveis,Despiste sem dispositivo de retenção,NÃO DEFINIDO,Inexistentes,NÃO DEFINIDO,Passagem de peões,Inexistentes,Betuminoso,Recta,Em patamar,Berma pavimentada,Em plena via,Direita