Id. Acidente,Datahora,Dia,Mês,Hora,Entidades Fiscalizadoras,Velocidade local,Velocidade geral,Dia da Semana,Latitude GPS,Longitude GPS,Num. Mortos a 30 dias,Num. Feridos graves a 30 dias,Num. Feridos ligeiros a 30 dias,Características Tecnicas1,Cond Aderência,Distrito,Concelho,Freguesia,Pov. Proxima,Nome arruamento,Tipos Vias,Cod Via,Estado Conservação,Km,Factores Atmosféricos,Reg Circulação1,Intersecção Vias,Localizações,Luminosidade,Marca Via,Natureza,Obras Arte,Obstáculos,Sentidos,Sinais,Sinais Luminosos,Tipo Piso,Traçado 1,Traçado 2,Traçado 3,Traçado 4,Via Trânsito
2011556109,2011:07:17 03:00:00,01/17/00,07/01/00,01/01/00,Guarda Nacional Republicana,50.0,50.0,Domingo      ,,,0,0,1,Estrada sem separador,Molhado,Coimbra,Penacova,Penacova,TRAVASSO,,EM - Estrada Municipal,EM540,Em estado regular,,Chuva,Dois sentidos,Fora da intersecção,Dentro das localidades,"Noite, com iluminação",Sem marcas rodoviárias ou pouco visíveis,Despiste com capotamento,NÃO DEFINIDO,Inexistentes,NÃO DEFINIDO,NÃO DEFINIDO,Inexistentes,Betuminoso,Curva,Com inclinação,Sem berma ou impraticável,Em plena via,Direita
20171289267,2017:07:23 16:20:00,01/23/00,07/01/00,01/01/00,Guarda Nacional Republicana,50.0,50.0,Domingo      ,"39,298302","-9,316754",0,0,3,Estrada sem separador,Seco e limpo,Leiria,Peniche,Atouguia da Baleia,Atouguia da Baleia,,EN - Estrada Nacional,EN247,Em bom estado,"5,8",Bom tempo,Dois sentidos,Fora da intersecção,Dentro das localidades,Em pleno dia,Com marcas - separadoras de sentido de trânsito,Colisão frontal,NÃO DEFINIDO,Inexistentes,NÃO DEFINIDO,NÃO DEFINIDO,Inexistentes,Betuminoso,Recta,Em patamar,Berma não pavimentada,Em plena via,Direita
2013706921,2013:07:25 14:00:00,01/25/00,07/01/00,01/01/00,Polícia de Segurança Pública,50.0,50.0,Quinta-Feira ,"41,421992","-8,515573",0,0,1,Estrada sem separador,Seco e limpo,Braga,Vila Nova de Famalicao,Gavião,Vila Nova de Famalicão,Rua Joaquim Moreira Pinto                                                                           ,Arruamento,0,Em bom estado,,Bom tempo,Dois sentidos,NÃO DEFINIDO,Dentro das localidades,Em pleno dia,Com marcas - separadoras de sentido de trânsito,Colisão com fuga,NÃO DEFINIDO,NÃO DEFINIDO,NÃO DEFINIDO,NÃO DEFINIDO,NÃO DEFINIDO,Betuminoso,Curva,Com inclinação,Berma pavimentada,Em plena via,Direita
2011554458,2011:07:24 15:45:00,01/24/00,07/01/00,01/01/00,Guarda Nacional Republicana,90.0,90.0,Domingo      ,,,0,1,2,Estrada sem separador,Seco e limpo,Viseu,Mangualde,Cunha Baixa,ABRUNHOSA A VELHA,,EM - Estrada Municipal,EM645,Em bom estado,,Bom tempo,Dois sentidos,Fora da intersecção,Fora das localidades,Em pleno dia,Com marcas - separadoras de sentido de trânsito,Colisão frontal,NÃO DEFINIDO,Inexistentes,NÃO DEFINIDO,Outros,Inexistentes,Betuminoso,Curva,Com inclinação,Sem berma ou impraticável,Em plena via,Direita
20181520098,2018:07:08 12:30:00,01/08/00,07/01/00,01/01/00,Guarda Nacional Republicana,50.0,50.0,Domingo      ,"42,027492","-8,638199",0,1,0,Estrada sem separador,Seco e limpo,Viana do Castelo,Valenca,"União das freguesias de Valença, Cristelo Covo e Arão",Valença,,EM - Estrada Municipal,0,Em bom estado,,Bom tempo,Dois sentidos,Fora da intersecção,Dentro das localidades,Em pleno dia,Sem marcas rodoviárias ou pouco visíveis,Atropelamento de animais,NÃO DEFINIDO,Inexistentes,NÃO DEFINIDO,NÃO DEFINIDO,Inexistentes,Terra batida,Recta,Em patamar,Sem berma ou impraticável,Em plena via,Direita
20171169503,2016:07:05 18:20:00,01/05/00,07/01/00,01/01/00,Guarda Nacional Republicana,50.0,50.0,Terça-Feira  ,"41,204325","-8,338183",0,0,1,Estrada sem separador,Seco e limpo,Porto,Trofa,União das freguesias de Bougado (São Martinho e Santiago),FINZES,RUA CONEGOS LANDIM,Arruamento,0,Em estado regular,,Bom tempo,Sentido único,Em cruzamento,Dentro das localidades,Em pleno dia,Sem marcas rodoviárias ou pouco visíveis,Colisão lateral com outro veículo em movimento,NÃO DEFINIDO,Inexistentes,NÃO DEFINIDO,Stop,Inexistentes,Calçada,Recta,Em patamar,Sem berma ou impraticável,Em plena via,Direita
2015965463,2015:07:31 20:30:00,01/31/00,07/01/00,01/01/00,Polícia de Segurança Pública,20.0,50.0,Sexta-Feira  ,"38,789315","-9,168784",0,0,1,Estrada sem separador,Seco e limpo,Lisboa,Odivelas,União das freguesias de Póvoa de Santo Adrião e Olival Basto,Olival Basto,Rua Angola                                                                                          ,Arruamento,0,Em estado regular,,Bom tempo,Sentido único,Fora da intersecção,Dentro das localidades,Aurora ou crepúsculo,Sem marcas rodoviárias ou pouco visíveis,Atropelamento de peões,NÃO DEFINIDO,Inexistentes,NÃO DEFINIDO,NÃO DEFINIDO,Inexistentes,Betuminoso,Recta,Em patamar,Sem berma ou impraticável,Em parque de estacionamento,Direita
20191769457,2019:07:14 12:15:00,01/14/00,07/01/00,01/01/00,Guarda Nacional Republicana,50.0,50.0,Domingo      ,"37,946670","-8,380688",0,0,2,Estrada sem separador,Seco e limpo,Setúbal,Santiago do Cacem,Alvalade,Alvalade-Sado,,EN - Estrada Nacional,EN262,Em bom estado,39,Bom tempo,Dois sentidos,Fora da intersecção,Dentro das localidades,Em pleno dia,Com marcas - separadoras de sentido de trânsito,Colisão traseira com outro veículo em movimento,NÃO DEFINIDO,Inexistentes,NÃO DEFINIDO,NÃO DEFINIDO,A funcionar normalmente,Betuminoso,Recta,Em patamar,Berma pavimentada,Em plena via,Direita
2010463995,2010:07:02 08:30:00,01/02/00,07/01/00,01/01/00,Polícia de Segurança Pública,50.0,50.0,Sexta-Feira  ,"0,00","0,00",0,0,1,Outra via,Seco e limpo,Lisboa,Lisboa,São Sebastião da Pedreira,,Avenida 5 de Outubro,Arruamento,0,Em bom estado,,Bom tempo,Dois sentidos,Em cruzamento,Dentro das localidades,Em pleno dia,Com marcas - separadoras de sentido e de vias de trânsito,Colisão com outras situações,NÃO DEFINIDO,Inexistentes,NÃO DEFINIDO,Outros,A funcionar normalmente,Betuminoso,Recta,Em patamar,Sem berma ou impraticável,Em plena via,Direita
2012621952,2012:07:28 08:50:00,01/28/00,07/01/00,01/01/00,Polícia de Segurança Pública,50.0,50.0,Sábado       ,"0,00","0,00",0,0,1,Estrada sem separador,Seco e limpo,Lisboa,Cascais,São Domingos de Rana,Tires,Rua Canteiros                                                                                       ,Arruamento,0,Em bom estado,,Chuva,Sentido único,Em entroncamento,Dentro das localidades,Em pleno dia,Sem marcas rodoviárias ou pouco visíveis,Atropelamento de peões,NÃO DEFINIDO,Inexistentes,NÃO DEFINIDO,Passagem de peões,Inexistentes,Betuminoso,Curva,Em patamar,Berma pavimentada,No passeio,Direita
2014833969,2014:07:28 12:40:00,01/28/00,07/01/00,01/01/00,Polícia de Segurança Pública,50.0,50.0,Segunda-Feira,"38,792107","-9,104230",0,0,1,Outra via,Seco e limpo,Lisboa,Loures,União das freguesias de Sacavém e Prior Velho,Sacavém,Avenida Estado da India,Arruamento,0,Em bom estado,,Bom tempo,Sentido único,Fora da intersecção,Dentro das localidades,Em pleno dia,Com marcas - separadoras de sentido de trânsito,Colisão traseira com outro veículo em movimento,NÃO DEFINIDO,Inexistentes,No sentido decrescente da quilometragem,Passagem de peões,Inexistentes,Betuminoso,Recta,Em patamar,Berma pavimentada,Em plena via,Esquerda
2012631288,2012:07:29 18:10:00,01/29/00,07/01/00,01/01/00,Guarda Nacional Republicana,50.0,50.0,Domingo      ,,,0,0,1,Estrada sem separador,Seco e limpo,Setúbal,Palmela,Palmela,Palmela,Rua do Fandanguinho,Arruamento,0,Em bom estado,,Bom tempo,Dois sentidos,Fora da intersecção,Dentro das localidades,Em pleno dia,Sem marcas rodoviárias ou pouco visíveis,Colisão traseira com outro veículo em movimento,NÃO DEFINIDO,Inexistentes,NÃO DEFINIDO,NÃO DEFINIDO,Inexistentes,Betuminoso,Recta,Em patamar,Berma pavimentada,Em plena via,Direita
2013752843,2013:07:08 10:30:00,01/08/00,07/01/00,01/01/00,Guarda Nacional Republicana,90.0,90.0,Segunda-Feira,"37,144287","-6,271320",0,0,1,Estrada sem separador,Seco e limpo,Faro,Castro Marim,Castro Marim,Monte Francisco,,IC - Itinerário Complementar,IC27,Em bom estado,1.5,Bom tempo,Dois sentidos,Fora da intersecção,Fora das localidades,Em pleno dia,Com marcas - separadoras de sentido e de vias de trânsito,Colisão traseira com outro veículo em movimento,NÃO DEFINIDO,Inexistentes,NÃO DEFINIDO,NÃO DEFINIDO,Inexistentes,Betuminoso,Recta,Em patamar,Berma pavimentada,Na berma,Direita
2014855153,2014:07:22 09:35:00,01/22/00,07/01/00,01/01/00,Guarda Nacional Republicana,50.0,50.0,Terça-Feira  ,"41,254759","-8,577125",0,0,2,Estrada sem separador,Seco e limpo,Porto,Maia,Nogueira e Silva Escura,,Rua de Friães,Arruamento,0,Em estado regular,,Bom tempo,Dois sentidos,Fora da intersecção,Dentro das localidades,Em pleno dia,Sem marcas rodoviárias ou pouco visíveis,Colisão frontal,NÃO DEFINIDO,Inexistentes,NÃO DEFINIDO,NÃO DEFINIDO,Inexistentes,Betuminoso,Curva,Com inclinação,Berma não pavimentada,Em plena via,Direita
2011556012,2011:07:27 07:30:00,01/27/00,07/01/00,01/01/00,Guarda Nacional Republicana,90.0,90.0,Quarta-Feira ,"37,107877","-8,253624",0,0,2,Estrada sem separador,Seco e limpo,Faro,Albufeira,Albufeira,ALBUFEIRA,,EN - Estrada Nacional,EN395,Em estado regular,60.2,Bom tempo,Dois sentidos,Fora da intersecção,Fora das localidades,Em pleno dia,Com marcas - separadoras de sentido de trânsito,Despiste com colisão com veículo imobil. ou obstáculo,NÃO DEFINIDO,Inexistentes,NÃO DEFINIDO,Outros,Inexistentes,Betuminoso,Recta,Com inclinação,Berma pavimentada,Na berma,Direita
2012622162,2012:07:05 09:05:00,01/05/00,07/01/00,01/01/00,Polícia de Segurança Pública,50.0,50.0,Quinta-Feira ,"0,00","0,00",0,0,1,Estrada sem separador,Seco e limpo,Santarém,Ourem,Nossa Senhora da Piedade,,Rua Castela                                                                                         ,Arruamento,0,Em bom estado,,Bom tempo,Dois sentidos,Em cruzamento,Dentro das localidades,Em pleno dia,Sem marcas rodoviárias ou pouco visíveis,Colisão lateral com outro veículo em movimento,NÃO DEFINIDO,Inexistentes,NÃO DEFINIDO,Stop,Inexistentes,Betuminoso,Curva,Com inclinação,Sem berma ou impraticável,Em plena via,Direita
2013698686,2013:07:07 08:55:00,01/07/00,07/01/00,01/01/00,Polícia de Segurança Pública,50.0,50.0,Domingo      ,"0,00","0,00",1,0,0,Estrada sem separador,Seco e limpo,Lisboa,Vila Franca de Xira,Vila Franca de Xira,,,EN - Estrada Nacional,EN10,Em estado regular,120.1,Bom tempo,Dois sentidos,Fora da intersecção,Dentro das localidades,Em pleno dia,Com marcas - separadoras de sentido de trânsito,Colisão com outras situações,NÃO DEFINIDO,Inexistentes,NÃO DEFINIDO,Outros,A funcionar normalmente,Betuminoso,Recta,Em patamar,Berma pavimentada,Em plena via,Central
20171170816,2016:07:11 23:25:00,01/11/00,07/01/00,01/01/00,Guarda Nacional Republicana,50.0,50.0,Segunda-Feira,"40,294442","-8,278746",0,0,1,Estrada sem separador,Seco e limpo,Aveiro,Anadia,Sangalhos,SANGALHOS,Rua Alves Barbosa,Arruamento,0,Em estado regular,,Bom tempo,Dois sentidos,Fora da intersecção,Dentro das localidades,"Noite, com iluminação",Sem marcas rodoviárias ou pouco visíveis,Despiste com colisão com veículo imobil. ou obstáculo,NÃO DEFINIDO,Inexistentes,NÃO DEFINIDO,NÃO DEFINIDO,Inexistentes,Betuminoso,Curva,Com inclinação,Berma não pavimentada,Em plena via,Direita
2014856426,2014:07:17 20:30:00,01/17/00,07/01/00,01/01/00,Guarda Nacional Republicana,50.0,50.0,Quinta-Feira ,"37,023731","-8,009652",0,0,1,Estrada sem separador,Seco e limpo,Faro,Loule,Almancil,Almancil,Avª André Jordan,Arruamento,0,Em bom estado,,Bom tempo,Dois sentidos,Fora da intersecção,Dentro das localidades,Aurora ou crepúsculo,Com marcas - separadoras de sentido de trânsito,Despiste simples,NÃO DEFINIDO,Inexistentes,NÃO DEFINIDO,Outros,Desligada,Betuminoso,Recta,Em patamar,Berma pavimentada,Em plena via,Direita
2012630941,2012:07:30 09:40:00,01/30/00,07/01/00,01/01/00,Guarda Nacional Republicana,120.0,120.0,Segunda-Feira,"41,407894","-8,220136",0,0,1,Auto-estrada,Seco e limpo,Braga,Guimaraes,Serzedo,,,A  - Auto-Estrada,A7,Em bom estado,49.5,Bom tempo,Sentido único,Fora da intersecção,Fora das localidades,Em pleno dia,Com marcas - separadoras de sentido e de vias de trânsito,Despiste simples,NÃO DEFINIDO,Inexistentes,No sentido crescente da quilometragem,NÃO DEFINIDO,Inexistentes,Betuminoso,Curva,Com inclinação,Berma pavimentada,Em plena via,Esquerda
2012632147,2012:07:21 22:05:00,01/21/00,07/01/00,01/01/00,Guarda Nacional Republicana,50.0,50.0,Sábado       ,,,0,0,1,Estrada sem separador,Seco e limpo,Coimbra,Lousa,Casal de Ermio,,Rua 25 de Abril,Arruamento,0,Em bom estado,,Bom tempo,Dois sentidos,Fora da intersecção,Dentro das localidades,"Noite, com iluminação",Com marcas - separadoras de sentido de trânsito,Atropelamento de peões,NÃO DEFINIDO,Inexistentes,NÃO DEFINIDO,Outros,Inexistentes,Betuminoso,Recta,Com inclinação,Berma não pavimentada,Na berma,Direita
2012632199,2012:07:18 20:00:00,01/18/00,07/01/00,01/01/00,Guarda Nacional Republicana,50.0,50.0,Quarta-Feira ,,,0,0,1,Estrada sem separador,Seco e limpo,Setúbal,Almada,Charneca de Caparica,Vale Fetal,Estrada da Carcereira,Arruamento,0,Em estado regular,,Bom tempo,Dois sentidos,Fora da intersecção,Dentro das localidades,Em pleno dia,Com marcas - separadoras de sentido de trânsito,Colisão lateral com outro veículo em movimento,NÃO DEFINIDO,Inexistentes,NÃO DEFINIDO,Outros,Inexistentes,Betuminoso,Recta,Em patamar,Berma pavimentada,Em plena via,Direita
2015990281,2015:07:17 20:28:00,01/17/00,07/01/00,01/01/00,Guarda Nacional Republicana,120.0,120.0,Sexta-Feira  ,"39,175220","-8,413485",0,0,4,Auto-estrada,Seco e limpo,Santarém,Santarem,"União das freguesias de Achete, Azoia de Baixo e Póvoa de Santarém",Santarém,,A  - Auto-Estrada,A1,Em bom estado,71.6,Bom tempo,Sentido único,Fora da intersecção,Fora das localidades,Em pleno dia,Com marcas - separadoras de sentido e de vias de trânsito,Despiste com dispositivo de retenção,NÃO DEFINIDO,Inexistentes,No sentido crescente da quilometragem,NÃO DEFINIDO,Inexistentes,Betuminoso,Recta,Com inclinação,Berma pavimentada,Na berma,Esquerda
2011556481,2011:07:05 15:30:00,01/05/00,07/01/00,01/01/00,Guarda Nacional Republicana,70.0,70.0,Terça-Feira  ,"40,858298","-8,484686",0,0,1,Outra via,Seco e limpo,Aveiro,Oliveira de Azemeis,Vila de Cucujães,CUCUJAES,,IC - Itinerário Complementar,IC2,Em estado regular,267.2,Bom tempo,Dois sentidos,Fora da intersecção,Fora das localidades,Em pleno dia,Com marcas - separadoras de sentido de trânsito,Despiste simples,NÃO DEFINIDO,Inexistentes,No sentido decrescente da quilometragem,Outros,Inexistentes,Betuminoso,Curva,Com inclinação,Berma pavimentada,Na berma,Direita
2011555354,2011:07:14 18:45:00,01/14/00,07/01/00,01/01/00,Guarda Nacional Republicana,50.0,50.0,Quinta-Feira ,,,0,0,1,Estrada sem separador,Seco e limpo,Faro,Castro Marim,Castro Marim,CASTRO MARIM,R DO CAMPO DE FUTEBOL,Arruamento,0,Em bom estado,,Bom tempo,Dois sentidos,Fora da intersecção,Dentro das localidades,Em pleno dia,Com marcas - separadoras de sentido de trânsito,Atropelamento de peões,NÃO DEFINIDO,Inexistentes,NÃO DEFINIDO,Outros,Inexistentes,Betuminoso,Curva,Em patamar,Berma pavimentada,Em plena via,Direita
2014829909,2014:07:25 13:40:00,01/25/00,07/01/00,01/01/00,Polícia de Segurança Pública,50.0,50.0,Sexta-Feira  ,"38,735755","-9,157179",0,0,1,Estrada sem separador,Seco e limpo,Lisboa,Lisboa,Avenidas Novas,Lisboa,Rua Ramalho Ortigão                                                                                 ,Arruamento,0,Em bom estado,,Bom tempo,Dois sentidos,Fora da intersecção,Dentro das localidades,Em pleno dia,Com marcas - separadoras de sentido e de vias de trânsito,Colisão lateral com outro veículo em movimento,NÃO DEFINIDO,Inexistentes,NÃO DEFINIDO,Outros,Inexistentes,Betuminoso,Recta,Em patamar,Berma pavimentada,Em plena via,Direita
20171168958,2016:07:03 04:30:00,01/03/00,07/01/00,01/01/00,Guarda Nacional Republicana,90.0,90.0,Domingo      ,"39,033199","-8,340045",0,1,0,Outra via,Seco e limpo,Santarém,Coruche,São José da Lamarosa,CANEIRA,,EN - Estrada Nacional,EN114,Em bom estado,"100,8",Bom tempo,Dois sentidos,Fora da intersecção,Fora das localidades,"Noite, sem iluminação",Com marcas - separadoras de sentido de trânsito,Despiste simples,NÃO DEFINIDO,Inexistentes,No sentido crescente da quilometragem,Outros,Inexistentes,Betuminoso,Curva,Em patamar,Sem berma ou impraticável,Em plena via,Direita
20171291018,2017:07:30 21:00:00,01/30/00,07/01/00,01/01/00,Guarda Nacional Republicana,50.0,50.0,Domingo      ,"39,646259","-8,381177",0,0,1,Estrada sem separador,Seco e limpo,Santarém,Tomar,União das freguesias de Casais e Alviobeira,Casais,Rua Principal Fonte Galega,Arruamento,0,Em bom estado,,Bom tempo,Dois sentidos,Fora da intersecção,Dentro das localidades,"Noite, sem iluminação",Sem marcas rodoviárias ou pouco visíveis,Despiste simples,NÃO DEFINIDO,Inexistentes,NÃO DEFINIDO,NÃO DEFINIDO,Inexistentes,Betuminoso,Recta,Em patamar,Sem berma ou impraticável,Em plena via,Direita
2011557302,2011:07:17 01:50:00,01/17/00,07/01/00,01/01/00,Guarda Nacional Republicana,50.0,50.0,Domingo      ,,,0,0,1,Estrada sem separador,Molhado,Porto,Felgueiras,Vila Cova da Lixa,VILA COVA DA LIXA,R D MANUEL I,Arruamento,0,Em bom estado,,Chuva,Dois sentidos,Fora da intersecção,Dentro das localidades,"Noite, com iluminação",Sem marcas rodoviárias ou pouco visíveis,Colisão frontal,NÃO DEFINIDO,Inexistentes,NÃO DEFINIDO,NÃO DEFINIDO,Inexistentes,Betuminoso,Recta,Em patamar,Sem berma ou impraticável,Em plena via,Direita
2010477212,2010:07:11 03:30:00,01/11/00,07/01/00,01/01/00,Guarda Nacional Republicana,50.0,50.0,Domingo      ,,,0,0,1,Estrada sem separador,Seco e limpo,Aveiro,Anadia,Ancas,ANCAS,R AZINHAGA,Arruamento,0,Em bom estado,,Bom tempo,Dois sentidos,Fora da intersecção,Dentro das localidades,"Noite, sem iluminação",Sem marcas rodoviárias ou pouco visíveis,Despiste simples,NÃO DEFINIDO,Inexistentes,NÃO DEFINIDO,NÃO DEFINIDO,Inexistentes,Betuminoso,Recta,Em patamar,Sem berma ou impraticável,Em plena via,Direita
2010476907,2010:07:26 16:40:00,01/26/00,07/01/00,01/01/00,Guarda Nacional Republicana,50.0,50.0,Segunda-Feira,,,0,0,1,Estrada sem separador,Com gravilha ou areia,Vila Real,Ribeira de Pena,Ribeira de Pena (Salvador),PORTELA STA EULALIA,,EF - Estrada Florestal,0,Em mau estado,,Bom tempo,Dois sentidos,Em entroncamento,Dentro das localidades,Em pleno dia,Sem marcas rodoviárias ou pouco visíveis,Despiste simples,NÃO DEFINIDO,Inexistentes,NÃO DEFINIDO,Outros,Inexistentes,Terra batida,Curva,Com inclinação,Sem berma ou impraticável,Na berma,Direita
2013699878,2013:07:10 11:45:00,01/10/00,07/01/00,01/01/00,Polícia de Segurança Pública,40.0,40.0,Quarta-Feira ,"0,00","0,00",0,0,1,Outra via,Seco e limpo,Braga,Vila Nova de Famalicao,Calendário,,AVª Marechal Humberto Delgado,Arruamento,0,Em bom estado,,Bom tempo,Dois sentidos,NÃO DEFINIDO,Dentro das localidades,Em pleno dia,Com marcas - separadoras de sentido e de vias de trânsito,Atropelamento de peões,NÃO DEFINIDO,Inexistentes,NÃO DEFINIDO,Passagem de peões,NÃO DEFINIDO,Betuminoso,Recta,Em patamar,Berma pavimentada,Em plena via,Direita
2013752006,2013:07:10 13:45:00,01/10/00,07/01/00,01/01/00,Guarda Nacional Republicana,50.0,50.0,Quarta-Feira ,"40,307226","-8,272173",0,0,1,Estrada sem separador,Seco e limpo,Aveiro,Agueda,Aguada de Baixo,Aguada de Baixo,Rua Prior Doutor Cura Machado,Arruamento,0,Em estado regular,,Bom tempo,Dois sentidos,Em cruzamento,Dentro das localidades,Em pleno dia,Sem marcas rodoviárias ou pouco visíveis,Colisão lateral com outro veículo em movimento,NÃO DEFINIDO,Inexistentes,NÃO DEFINIDO,Stop,Inexistentes,Betuminoso,Recta,Em patamar,Sem berma ou impraticável,Em plena via,Direita
20171168954,2016:07:03 05:00:00,01/03/00,07/01/00,01/01/00,Guarda Nacional Republicana,90.0,90.0,Domingo      ,"37,024122","-7,553936",0,0,1,Outra via,Seco e limpo,Faro,Faro,União das freguesias de Faro (Sé e São Pedro),FARO,,Outra Via,0,Em bom estado,,Bom tempo,Dois sentidos,Fora da intersecção,Fora das localidades,"Noite, com iluminação",Com marcas - separadoras de sentido e de vias de trânsito,Atropelamento de animais,NÃO DEFINIDO,Inexistentes,No sentido crescente da quilometragem,Outros,Inexistentes,Betuminoso,Recta,Em patamar,Berma pavimentada,Em plena via,Direita
20191779897,2019:07:01 20:40:00,01/01/00,07/01/00,01/01/00,Guarda Nacional Republicana,50.0,50.0,Segunda-Feira,"38,653790","-9,007071",1,0,2,Estrada sem separador,Seco e limpo,Setúbal,Moita,Alhos Vedros,Alhos Vedros,,Outra Via,0,Em bom estado,,Bom tempo,Dois sentidos,Fora da intersecção,Dentro das localidades,"Noite, com iluminação",Com marcas - separadoras de sentido de trânsito,Colisão frontal,NÃO DEFINIDO,Inexistentes,NÃO DEFINIDO,NÃO DEFINIDO,Inexistentes,Betuminoso,Recta,Em patamar,Berma pavimentada,Em plena via,Direita
20191778208,2019:07:13 11:47:00,01/13/00,07/01/00,01/01/00,Guarda Nacional Republicana,50.0,50.0,Sábado       ,"40,724640","-8,070185",0,0,2,Estrada sem separador,Seco e limpo,Viseu,Vouzela,União das freguesias de Fataunços e Figueiredo das Donas,Fataunços,Rua Santa Margarida de Cima 10,Arruamento,0,Em bom estado,,Bom tempo,Dois sentidos,Fora da intersecção,Dentro das localidades,Em pleno dia,Sem marcas rodoviárias ou pouco visíveis,Colisão lateral com outro veículo em movimento,NÃO DEFINIDO,Inexistentes,NÃO DEFINIDO,NÃO DEFINIDO,Inexistentes,Betuminoso,Recta,Com inclinação,Sem berma ou impraticável,Em plena via,Direita
20181460110,2018:07:08 16:45:00,01/08/00,07/01/00,01/01/00,Guarda Nacional Republicana,50.0,50.0,Domingo      ,"41,071386","-8,601155",0,0,1,Estrada sem separador,Seco e limpo,Porto,Vila Nova de Gaia,Canelas,Canelas,Rua Chavinha de Água,Arruamento,0,Em estado regular,,Bom tempo,Dois sentidos,Fora da intersecção,Dentro das localidades,Em pleno dia,Sem marcas rodoviárias ou pouco visíveis,Colisão lateral com outro veículo em movimento,NÃO DEFINIDO,Inexistentes,NÃO DEFINIDO,NÃO DEFINIDO,Inexistentes,Betuminoso,Recta,Em patamar,Sem berma ou impraticável,Em plena via,Direita
2011555023,2011:07:07 07:28:00,01/07/00,07/01/00,01/01/00,Guarda Nacional Republicana,50.0,50.0,Quinta-Feira ,"39,411065","-8,489148",0,0,1,Estrada sem separador,Seco e limpo,Santarém,Golega,Golegã,,,EN - Estrada Nacional,EN243,Em bom estado,43.0,Bom tempo,Sentido único,Em rotunda,Dentro das localidades,Em pleno dia,Sem marcas rodoviárias ou pouco visíveis,Colisão lateral com outro veículo em movimento,NÃO DEFINIDO,Inexistentes,NÃO DEFINIDO,Cedência de passagem,Inexistentes,Betuminoso,Curva,Em patamar,Berma pavimentada,Em plena via,Direita
2015987930,2015:07:14 13:15:00,01/14/00,07/01/00,01/01/00,Guarda Nacional Republicana,50.0,50.0,Terça-Feira  ,"39,100034","-9,346114",0,0,1,Estrada sem separador,Seco e limpo,Lisboa,Torres Vedras,Silveira,,,EN - Estrada Nacional,EN247,Em estado regular,32.7,Bom tempo,Dois sentidos,Em entroncamento,Dentro das localidades,Em pleno dia,Com marcas - separadoras de sentido de trânsito,Colisão lateral com outro veículo em movimento,NÃO DEFINIDO,Inexistentes,NÃO DEFINIDO,Outros,Inexistentes,Betuminoso,Recta,Em patamar,Berma pavimentada,Em plena via,Direita
2014853848,2014:07:11 21:15:00,01/11/00,07/01/00,01/01/00,Guarda Nacional Republicana,50.0,50.0,Sexta-Feira  ,"40,109549","-8,056288",1,0,0,Estrada sem separador,Seco e limpo,Coimbra,Gois,Góis,Bordeiro,,EN - Estrada Nacional,EN342,Em estado regular,83.0,Bom tempo,Dois sentidos,Em cruzamento,Dentro das localidades,"Noite, com iluminação",Com marcas - separadoras de sentido de trânsito,Despiste simples,NÃO DEFINIDO,Inexistentes,NÃO DEFINIDO,NÃO DEFINIDO,Inexistentes,Betuminoso,Recta,Em patamar,Sem berma ou impraticável,Na berma,Direita
2011543394,2011:07:25 15:15:00,01/25/00,07/01/00,01/01/00,Polícia de Segurança Pública,50.0,50.0,Segunda-Feira,"0,00","0,00",0,0,1,Estrada sem separador,Húmido,Porto,Porto,Campanhã,Porto,Túnel 1 - Estádio do Dragão,Arruamento,0,Em estado regular,,Bom tempo,Sentido único,Fora da intersecção,Dentro das localidades,Em pleno dia,Com marcas - separadoras de sentido e de vias de trânsito,Despiste com dispositivo de retenção,NÃO DEFINIDO,Inexistentes,NÃO DEFINIDO,Outros,Inexistentes,Betuminoso,Curva,Em patamar,Berma pavimentada,Em plena via,Direita
2014828204,2014:07:15 14:20:00,01/15/00,07/01/00,01/01/00,Polícia de Segurança Pública,50.0,50.0,Terça-Feira  ,"41,127746","-8,640503",0,0,1,Estrada sem separador,Seco e limpo,Porto,Vila Nova de Gaia,Canidelo,Vila Nova de Gaia,Rua Bélgica                                                                                         ,Arruamento,0,Em bom estado,,Bom tempo,Dois sentidos,Fora da intersecção,Dentro das localidades,Em pleno dia,Com marcas - separadoras de sentido de trânsito,Colisão lateral com outro veículo em movimento,NÃO DEFINIDO,Inexistentes,NÃO DEFINIDO,Outros,Inexistentes,Betuminoso,Recta,Com inclinação,Sem berma ou impraticável,Em plena via,Direita
2014826969,2014:07:16 12:35:00,01/16/00,07/01/00,01/01/00,Polícia de Segurança Pública,50.0,50.0,Quarta-Feira ,"41,483208","-7,191293",0,0,3,Estrada sem separador,Seco e limpo,Bragança,Mirandela,Mirandela,Mirandela,Avenida Francisco Sá Carneiro,Arruamento,0,Em bom estado,,Bom tempo,Dois sentidos,Em cruzamento,Dentro das localidades,Em pleno dia,Com marcas - separadoras de sentido de trânsito,Colisão com outras situações,NÃO DEFINIDO,Inexistentes,NÃO DEFINIDO,Proibição de ultrapassagem,Inexistentes,Betuminoso,Recta,Em patamar,Berma pavimentada,Em plena via,Direita
2013749843,2013:07:23 17:25:00,01/23/00,07/01/00,01/01/00,Guarda Nacional Republicana,50.0,50.0,Terça-Feira  ,"41,051908","-7,084217",0,0,1,Estrada sem separador,Seco e limpo,Guarda,Vila Nova de Foz Coa,Vila Nova de Foz Côa,,Rua São Sebastião,Arruamento,0,Em bom estado,,Bom tempo,Dois sentidos,Em entroncamento,Dentro das localidades,Em pleno dia,Sem marcas rodoviárias ou pouco visíveis,Colisão lateral com outro veículo em movimento,NÃO DEFINIDO,Inexistentes,NÃO DEFINIDO,NÃO DEFINIDO,Inexistentes,Betuminoso,Recta,Em patamar,Berma pavimentada,Em plena via,Direita