Id. Acidente,Datahora,Dia,Mês,Hora,Entidades Fiscalizadoras,Velocidade local,Velocidade geral,Dia da Semana,Latitude GPS,Longitude GPS,Num. Mortos a 30 dias,Num. Feridos graves a 30 dias,Num. Feridos ligeiros a 30 dias,Características Tecnicas1,Cond Aderência,Distrito,Concelho,Freguesia,Pov. Proxima,Nome arruamento,Tipos Vias,Cod Via,Estado Conservação,Km,Factores Atmosféricos,Reg Circulação1,Intersecção Vias,Localizações,Luminosidade,Marca Via,Natureza,Obras Arte,Obstáculos,Sentidos,Sinais,Sinais Luminosos,Tipo Piso,Traçado 1,Traçado 2,Traçado 3,Traçado 4,Via Trânsito
2014855204,2014:07:23 23:30:00,01/23/00,07/01/00,01/01/00,Guarda Nacional Republicana,50.0,50.0,Quarta-Feira ,"41,022421","-8,340004",0,0,4,Estrada sem separador,Húmido,Porto,Vila Nova de Gaia,União das freguesias de Grijó e Sermonde,Grijó,Rua Nova da Bouça,Arruamento,0,Em estado regular,,Bom tempo,Dois sentidos,Fora da intersecção,Dentro das localidades,"Noite, com iluminação",Sem marcas rodoviárias ou pouco visíveis,Colisão frontal,NÃO DEFINIDO,Inexistentes,NÃO DEFINIDO,NÃO DEFINIDO,Inexistentes,Calçada,Curva,Com inclinação,Sem berma ou impraticável,Em plena via,Direita
20181481357,2018:07:19 16:16:00,01/19/00,07/01/00,01/01/00,Guarda Nacional Republicana,90.0,90.0,Quinta-Feira ,"40,566919","-7,472106",0,0,1,Estrada sem separador,Seco e limpo,Guarda,Celorico da Beira,Carrapichana,Guarda,,EN - Estrada Nacional,EN17,Em bom estado,"121,8",Bom tempo,Dois sentidos,Fora da intersecção,Fora das localidades,Em pleno dia,Com marcas - separadoras de sentido de trânsito,Colisão frontal,NÃO DEFINIDO,Inexistentes,NÃO DEFINIDO,NÃO DEFINIDO,Inexistentes,Betuminoso,Curva,Em patamar,Sem berma ou impraticável,Em plena via,Direita
20191748449,2019:07:28 13:05:00,01/28/00,07/01/00,01/01/00,Guarda Nacional Republicana,50.0,50.0,Domingo      ,"40,051419","-8,054056",0,0,1,Estrada sem separador,Seco e limpo,Viseu,Sao Pedro do Sul,União das freguesias de São Martinho das Moitas e Covas do Rio,Covas do Monte - São Martinho das Moitas,,EF - Estrada Florestal,0,Em estado regular,,Bom tempo,Dois sentidos,Fora da intersecção,Fora das localidades,Em pleno dia,Sem marcas rodoviárias ou pouco visíveis,Despiste simples,NÃO DEFINIDO,Inexistentes,NÃO DEFINIDO,NÃO DEFINIDO,Inexistentes,Betuminoso,Curva,Com inclinação,Sem berma ou impraticável,Em plena via,Direita
2013697950,2013:07:04 18:35:00,01/04/00,07/01/00,01/01/00,Polícia de Segurança Pública,40.0,50.0,Quinta-Feira ,"0,00","0,00",0,0,1,Estrada sem separador,Seco e limpo,Braga,Barcelos,Arcozelo,,Rua Calçadas                                                                                        ,Arruamento,0,Em estado regular,,Bom tempo,Dois sentidos,Em entroncamento,Dentro das localidades,Em pleno dia,Sem marcas rodoviárias ou pouco visíveis,Colisão lateral com outro veículo em movimento,NÃO DEFINIDO,Inexistentes,NÃO DEFINIDO,Outros,Inexistentes,Betuminoso,Recta,Em patamar,Berma pavimentada,Em plena via,Direita
2011555519,2011:07:14 15:15:00,01/14/00,07/01/00,01/01/00,Guarda Nacional Republicana,,90.0,Quinta-Feira ,"39,035813","-7,598759",0,0,1,Estrada sem separador,Seco e limpo,Portalegre,Fronteira,Fronteira,FRONTEIRA,,EN - Estrada Nacional,EN243,Em bom estado,147.35,Bom tempo,Dois sentidos,Fora da intersecção,Fora das localidades,Em pleno dia,Sem marcas rodoviárias ou pouco visíveis,Despiste simples,NÃO DEFINIDO,Inexistentes,NÃO DEFINIDO,NÃO DEFINIDO,Inexistentes,Betuminoso,Recta,Em patamar,Berma não pavimentada,Na berma,Direita
2012619190,2012:07:10 20:00:00,01/10/00,07/01/00,01/01/00,Polícia de Segurança Pública,50.0,50.0,Terça-Feira  ,"0,00","0,00",0,0,1,Estrada sem separador,Seco e limpo,Porto,Porto,Ramalde,Porto,Avenida Doutor Antunes Guimarães                                                                    ,Arruamento,0,Em bom estado,,Bom tempo,Dois sentidos,Em entroncamento,Dentro das localidades,Em pleno dia,Com marcas - separadoras de sentido e de vias de trânsito,Colisão lateral com outro veículo em movimento,NÃO DEFINIDO,Inexistentes,NÃO DEFINIDO,Outros,Inexistentes,Betuminoso,Recta,Com inclinação,Sem berma ou impraticável,Em plena via,Direita
2010469506,2010:07:31 17:50:00,01/31/00,07/01/00,01/01/00,Polícia de Segurança Pública,50.0,50.0,Sábado       ,"0,00","0,00",0,0,1,Estrada sem separador,Húmido,Vila Real,Vila Real,Vila Real (São Pedro),,Avenida da Europa,Arruamento,0,Em estado regular,,Bom tempo,Dois sentidos,Fora da intersecção,Dentro das localidades,Em pleno dia,Com marcas - separadoras de sentido de trânsito,Colisão lateral com outro veículo em movimento,NÃO DEFINIDO,Inexistentes,NÃO DEFINIDO,NÃO DEFINIDO,Inexistentes,Betuminoso,Recta,Com inclinação,Berma pavimentada,Em plena via,Direita
20191750217,2019:07:19 16:30:00,01/19/00,07/01/00,01/01/00,Guarda Nacional Republicana,50.0,50.0,Sexta-Feira  ,"37,125620","-8,397778",0,0,1,Estrada sem separador,Seco e limpo,Faro,Lagoa (Algarve),Porches,Porches,Caminho Campo dos Liríos,Arruamento,0,Em estado regular,,Bom tempo,Dois sentidos,Fora da intersecção,Dentro das localidades,Em pleno dia,Sem marcas rodoviárias ou pouco visíveis,Colisão frontal,NÃO DEFINIDO,Inexistentes,NÃO DEFINIDO,NÃO DEFINIDO,Inexistentes,Terra batida,Curva,Em patamar,Sem berma ou impraticável,Em plena via,Direita
2015970437,2015:07:31 14:00:00,01/31/00,07/01/00,01/01/00,Polícia de Segurança Pública,70.0,70.0,Sexta-Feira  ,"38,686346","-9,355336",0,1,1,Estrada sem separador,Seco e limpo,Lisboa,Cascais,União das freguesias de Carcavelos e Parede,Parede,,EN - Estrada Nacional,EN6,Em bom estado,12.0,Bom tempo,Sentido único,Fora da intersecção,Dentro das localidades,"Noite, sem iluminação",Com marcas - separadoras de sentido e de vias de trânsito,Despiste sem dispositivo de retenção,NÃO DEFINIDO,Inexistentes,NÃO DEFINIDO,Outros,Inexistentes,Betão de cimento,Recta,Em patamar,Sem berma ou impraticável,Em plena via,Direita
20171168934,2016:07:02 22:50:00,01/02/00,07/01/00,01/01/00,Guarda Nacional Republicana,90.0,90.0,Sábado       ,"38,545899","-7,084253",0,0,1,Estrada sem separador,Seco e limpo,Portalegre,Elvas,"Caia, São Pedro e Alcáçova",ELVAS,,EN - Estrada Nacional,EN373,Em bom estado,"21,7",Bom tempo,Dois sentidos,Fora da intersecção,Fora das localidades,"Noite, sem iluminação",Com marcas - separadoras de sentido de trânsito,Despiste simples,NÃO DEFINIDO,Inexistentes,NÃO DEFINIDO,NÃO DEFINIDO,Inexistentes,Betuminoso,Recta,Em patamar,Sem berma ou impraticável,Em plena via,Direita
2010478865,2010:07:12 02:40:00,01/12/00,07/01/00,01/01/00,Guarda Nacional Republicana,50.0,50.0,Segunda-Feira,,,0,0,1,Estrada sem separador,Seco e limpo,Coimbra,Penela,Penela (São Miguel),VALE DO INFESTO,,EM - Estrada Municipal,0,Em bom estado,,Bom tempo,Dois sentidos,Fora da intersecção,Dentro das localidades,"Noite, com iluminação",Com marcas - separadoras de sentido de trânsito,Despiste com capotamento,NÃO DEFINIDO,Inexistentes,NÃO DEFINIDO,Outros,Inexistentes,Betuminoso,Curva,Em patamar,Sem berma ou impraticável,Em plena via,Direita
2015987921,2015:07:01 14:45:00,01/01/00,07/01/00,01/01/00,Guarda Nacional Republicana,50.0,50.0,Quarta-Feira ,"38,541843","-9,053491",0,0,1,Estrada sem separador,Molhado,Lisboa,Loures,Bucelas,Bucelas,,EN - Estrada Nacional,EN116,Em estado regular,30.6,Chuva,Dois sentidos,Fora da intersecção,Fora das localidades,Em pleno dia,Com marcas - separadoras de sentido de trânsito,Despiste com capotamento,NÃO DEFINIDO,Inexistentes,NÃO DEFINIDO,NÃO DEFINIDO,Inexistentes,Betuminoso,Curva,Com inclinação,Sem berma ou impraticável,Na berma,Direita
2012621547,2012:07:18 19:00:00,01/18/00,07/01/00,01/01/00,Polícia de Segurança Pública,50.0,50.0,Quarta-Feira ,"0,00","0,00",0,0,2,Estrada sem separador,Seco e limpo,Faro,Olhao,Olhão,,Av. D. João VI,Arruamento,0,Em bom estado,,Bom tempo,Dois sentidos,Fora da intersecção,Dentro das localidades,Em pleno dia,Com marcas - separadoras de sentido de trânsito,Colisão frontal,NÃO DEFINIDO,Inexistentes,NÃO DEFINIDO,Proibição de ultrapassagem,Inexistentes,Betuminoso,Recta,Em patamar,Berma pavimentada,Em plena via,Direita
2011502133,2010:07:30 17:30:00,01/30/00,07/01/00,01/01/00,Polícia de Segurança Pública,50.0,50.0,Sexta-Feira  ,"0,00","0,00",0,0,1,Outra via,Seco e limpo,Santarém,Entroncamento,Entroncamento / São João Batista,Entroncamento,Avenida Amilcar Cabral                                                                              ,Arruamento,0,Em bom estado,,Bom tempo,Sentido único,Em rotunda,Dentro das localidades,Em pleno dia,Com marcas - separadoras de sentido de trânsito,Colisão com outras situações,NÃO DEFINIDO,Inexistentes,No sentido decrescente da quilometragem,Cedência de passagem,Inexistentes,Betuminoso,Curva,Em patamar,Berma pavimentada,Em plena via,Direita
20191749216,2019:07:24 09:00:00,01/24/00,07/01/00,01/01/00,Guarda Nacional Republicana,50.0,50.0,Quarta-Feira ,"41,180480","-8,195126",0,0,7,Estrada sem separador,Seco e limpo,Porto,Marco de Canaveses,Vila Boa de Quires e Maureles,Vila Boa de Quires e Maureles,Rua do Vale da Vinha - Vale da Vinha,Arruamento,0,Em estado regular,,Bom tempo,Dois sentidos,Fora da intersecção,Dentro das localidades,Em pleno dia,Sem marcas rodoviárias ou pouco visíveis,Colisão frontal,NÃO DEFINIDO,Inexistentes,NÃO DEFINIDO,NÃO DEFINIDO,Desligada,Calçada,Curva,Com inclinação,Berma não pavimentada,Em plena via,Direita
2015988893,2015:07:06 10:00:00,01/06/00,07/01/00,01/01/00,Guarda Nacional Republicana,50.0,50.0,Segunda-Feira,"40,420431","-8,586345",0,0,1,Estrada sem separador,Seco e limpo,Coimbra,Cantanhede,União das freguesias de Covões e Camarneira,Quinta do Cedro,,EN - Estrada Nacional,EN335,Em bom estado,,Bom tempo,Sentido único,Em rotunda,Dentro das localidades,Em pleno dia,Com marcas - separadoras de sentido de trânsito,Colisão lateral com outro veículo em movimento,NÃO DEFINIDO,Inexistentes,NÃO DEFINIDO,Cedência de passagem,Inexistentes,Betuminoso,Curva,Em patamar,Berma pavimentada,Em plena via,Direita
2015957865,2015:07:12 02:25:00,01/12/00,07/01/00,01/01/00,Polícia de Segurança Pública,50.0,50.0,Domingo      ,"41,148053","-8,612244",0,0,2,Estrada sem separador,Seco e limpo,Porto,Porto,"União das freguesias de Cedofeita, Santo Ildefonso, Sé, Miragaia, São Nicolau e Vitória",Porto,Praça Dona Filipa de Lencastre                                                                      ,Arruamento,0,Em bom estado,,Bom tempo,Sentido único,Em cruzamento,Dentro das localidades,"Noite, com iluminação",Com marcas - separadoras de sentido e de vias de trânsito,Atropelamento de peões,NÃO DEFINIDO,Inexistentes,NÃO DEFINIDO,Outros,Inexistentes,Betuminoso,Curva,Com inclinação,Sem berma ou impraticável,Em plena via,Direita
2013752908,2013:07:26 10:50:00,01/26/00,07/01/00,01/01/00,Guarda Nacional Republicana,50.0,50.0,Sexta-Feira  ,"37,072443","-8,147380",0,0,1,Estrada sem separador,Seco e limpo,Faro,Albufeira,Ferreiras,Ferreiras,,EM - Estrada Municipal,0,Em estado regular,,Bom tempo,Dois sentidos,Em cruzamento,Fora das localidades,Em pleno dia,Sem marcas rodoviárias ou pouco visíveis,Colisão lateral com outro veículo em movimento,NÃO DEFINIDO,Inexistentes,NÃO DEFINIDO,Stop,Inexistentes,Betuminoso,Recta,Em patamar,Berma não pavimentada,Em plena via,Direita
20181468887,2018:07:13 09:10:00,01/13/00,07/01/00,01/01/00,Polícia de Segurança Pública,50.0,50.0,Sexta-Feira  ,"38,703409","-9,391187",0,0,1,Estrada sem separador,Seco e limpo,Lisboa,Cascais,União das freguesias de Cascais e Estoril,Estoril,Rua Santa Rita,Arruamento,0,Em estado regular,,Bom tempo,Dois sentidos,Em entroncamento,Dentro das localidades,Em pleno dia,Com marcas - separadoras de sentido e de vias de trânsito,Colisão com outras situações,NÃO DEFINIDO,Inexistentes,NÃO DEFINIDO,Outros,Inexistentes,Betuminoso,Recta,Com inclinação,Berma pavimentada,Em plena via,Direita
2015990328,2015:07:14 16:00:00,01/14/00,07/01/00,01/01/00,Guarda Nacional Republicana,120.0,120.0,Terça-Feira  ,"37,301023","-8,116368",0,0,2,Auto-estrada,Seco e limpo,Beja,Almodovar,União das freguesias de Santa Clara-a-Nova e Gomes Aires,Gomes Aires,,A  - Auto-Estrada,A2,Em bom estado,197.475,Bom tempo,Sentido único,Fora da intersecção,Fora das localidades,Em pleno dia,Com marcas - separadoras de sentido e de vias de trânsito,Despiste com capotamento,NÃO DEFINIDO,Inexistentes,No sentido decrescente da quilometragem,Outros,Inexistentes,Betuminoso,Recta,Em patamar,Berma pavimentada,Em plena via,Direita
2015990380,2015:07:12 11:30:00,01/12/00,07/01/00,01/01/00,Guarda Nacional Republicana,90.0,90.0,Domingo      ,"37,083198","-7,796413",0,0,1,Estrada sem separador,Seco e limpo,Faro,Olhao,União das freguesias de Moncarapacho e Fuseta,Moncarapacho,,EM - Estrada Municipal,EM516,Em bom estado,,Bom tempo,Dois sentidos,Fora da intersecção,Fora das localidades,Em pleno dia,Com marcas - separadoras de sentido e de vias de trânsito,Despiste com capotamento,NÃO DEFINIDO,Inexistentes,NÃO DEFINIDO,NÃO DEFINIDO,Inexistentes,Betuminoso,Recta,Com inclinação,Berma não pavimentada,Na berma,Direita
20191778119,2019:07:31 14:41:00,01/31/00,07/01/00,01/01/00,Guarda Nacional Republicana,120.0,120.0,Quarta-Feira ,"41,380740","-8,647850",0,0,1,Auto-estrada,Seco e limpo,Porto,Povoa de Varzim,Balazar,BALAZAR,,A  - Auto-Estrada,A7,Em bom estado,"10,1",Bom tempo,Sentido único,Fora da intersecção,Fora das localidades,Em pleno dia,Com marcas - separadoras de sentido e de vias de trânsito,Colisão lateral com outro veículo em movimento,NÃO DEFINIDO,Inexistentes,No sentido decrescente da quilometragem,Outros,Inexistentes,Betuminoso,Recta,Em patamar,Berma pavimentada,Em plena via,Direita
2010477601,2010:07:06 21:25:00,01/06/00,07/01/00,01/01/00,Guarda Nacional Republicana,50.0,50.0,Terça-Feira  ,,,0,0,1,Estrada sem separador,Com gravilha ou areia,Porto,Valongo,Sobrado,SOBRADO,R PONTE ACUDE,Arruamento,0,Em estado regular,,Bom tempo,Dois sentidos,Fora da intersecção,Dentro das localidades,"Noite, com iluminação",Sem marcas rodoviárias ou pouco visíveis,Despiste simples,NÃO DEFINIDO,Inexistentes,NÃO DEFINIDO,NÃO DEFINIDO,Inexistentes,Calçada,Recta,Em patamar,Sem berma ou impraticável,Em plena via,Direita
20171284603,2017:07:03 13:00:00,01/03/00,07/01/00,01/01/00,Guarda Nacional Republicana,120.0,120.0,Segunda-Feira,"41,259595","-8,369890",0,0,1,Auto-estrada,Seco e limpo,Porto,Santo Tirso,Reguenga,Ferreira,,A  - Auto-Estrada,A42,Em estado regular,"2,3",Bom tempo,Sentido único,Fora da intersecção,Fora das localidades,Em pleno dia,Com marcas - separadoras de sentido e de vias de trânsito,Colisão traseira com outro veículo em movimento,NÃO DEFINIDO,Inexistentes,No sentido crescente da quilometragem,Outros,Inexistentes,Betuminoso,Recta,Em patamar,Berma pavimentada,Em plena via,Direita
2011502048,2010:07:09 01:30:00,01/09/00,07/01/00,01/01/00,Polícia de Segurança Pública,50.0,50.0,Sexta-Feira  ,"0,00","0,00",0,0,1,Outra via,Seco e limpo,Braga,Barcelos,Arcozelo,,Cintura Interna de Barcelos,Arruamento,0,Em bom estado,,Bom tempo,Sentido único,NÃO DEFINIDO,Dentro das localidades,"Noite, com iluminação",Com marcas - separadoras de sentido e de vias de trânsito,Despiste sem dispositivo de retenção,NÃO DEFINIDO,NÃO DEFINIDO,NÃO DEFINIDO,NÃO DEFINIDO,NÃO DEFINIDO,Betuminoso,Recta,Em patamar,Berma não pavimentada,NÃO DEFINIDO,Direita
2010477660,2010:07:04 13:00:00,01/04/00,07/01/00,01/01/00,Guarda Nacional Republicana,50.0,50.0,Domingo      ,,,0,0,1,Estrada sem separador,Seco e limpo,Aveiro,Albergaria-a-Velha,Albergaria-a-Velha,ALBERGARIA A VELHA,R BERNARDINO MAXIMO ALBUQUERQUE,Arruamento,0,Em bom estado,,Bom tempo,Dois sentidos,Em rotunda,Dentro das localidades,Em pleno dia,Com marcas - separadoras de sentido de trânsito,Despiste com capotamento,NÃO DEFINIDO,Inexistentes,NÃO DEFINIDO,NÃO DEFINIDO,Inexistentes,Betuminoso,Curva,Em patamar,Berma pavimentada,Em plena via,Direita
2012630931,2012:07:29 16:30:00,01/29/00,07/01/00,01/01/00,Guarda Nacional Republicana,90.0,90.0,Domingo      ,"40,47791","7,20762",0,0,2,Estrada sem separador,Seco e limpo,Guarda,Trancoso,Moreira de Rei,Trancoso,,EM - Estrada Municipal,EM600,Em bom estado,,Bom tempo,Dois sentidos,Fora da intersecção,Fora das localidades,Em pleno dia,Com marcas - separadoras de sentido de trânsito,Despiste simples,NÃO DEFINIDO,Inexistentes,NÃO DEFINIDO,NÃO DEFINIDO,Inexistentes,Betuminoso,Recta,Em patamar,Sem berma ou impraticável,Na berma,Direita
20171174852,2016:07:29 14:00:00,01/29/00,07/01/00,01/01/00,Guarda Nacional Republicana,120.0,120.0,Sexta-Feira  ,"38,356433","-9,043146",0,0,4,Auto-estrada,Seco e limpo,Setúbal,Barreiro,União das freguesias de Palhais e Coina,COINA,,A  - Auto-Estrada,A2,Em bom estado,"18,5",Bom tempo,Sentido único,Fora da intersecção,Fora das localidades,Em pleno dia,Com marcas - separadoras de sentido de trânsito,Despiste com capotamento,NÃO DEFINIDO,Inexistentes,No sentido crescente da quilometragem,NÃO DEFINIDO,Inexistentes,Betuminoso,Recta,Em patamar,Berma pavimentada,Em plena via,Direita
2015988851,2015:07:24 17:50:00,01/24/00,07/01/00,01/01/00,Guarda Nacional Republicana,50.0,50.0,Sexta-Feira  ,"41,213187","-8,247451",0,0,1,Estrada sem separador,Seco e limpo,Porto,Santo Tirso,Negrelos (São Tomé),,,EN - Estrada Nacional,EN105,Em bom estado,29.95,Bom tempo,Dois sentidos,Fora da intersecção,Dentro das localidades,Em pleno dia,Com marcas - separadoras de sentido de trânsito,Colisão traseira com outro veículo em movimento,NÃO DEFINIDO,Inexistentes,NÃO DEFINIDO,NÃO DEFINIDO,Inexistentes,Betuminoso,Recta,Em patamar,Sem berma ou impraticável,Em plena via,Direita
2012633306,2012:07:10 10:00:00,01/10/00,07/01/00,01/01/00,Guarda Nacional Republicana,50.0,90.0,Terça-Feira  ,,,0,0,1,Estrada sem separador,Seco e limpo,Viseu,Viseu,Bodiosa,Cruzeiro de Bodiosa,,EN - Estrada Nacional,EN16,Em bom estado,82.8,Bom tempo,Dois sentidos,Fora da intersecção,Dentro das localidades,Em pleno dia,Com marcas - separadoras de sentido de trânsito,Despiste com colisão com veículo imobil. ou obstáculo,NÃO DEFINIDO,Inexistentes,NÃO DEFINIDO,Outros,Inexistentes,Betuminoso,Curva,Em patamar,Sem berma ou impraticável,Na berma,Direita
20181472039,2018:07:03 16:05:00,01/03/00,07/01/00,01/01/00,Guarda Nacional Republicana,90.0,90.0,Terça-Feira  ,"41,286970","-7,865177",0,0,2,Estrada sem separador,Seco e limpo,Vila Real,Vila Real,Campeã,Vila Real,,EN - Estrada Nacional,EN304,Em estado regular,"165,3",Bom tempo,Dois sentidos,Fora da intersecção,Fora das localidades,Em pleno dia,Com marcas - separadoras de sentido de trânsito,Colisão lateral com outro veículo em movimento,NÃO DEFINIDO,Inexistentes,NÃO DEFINIDO,NÃO DEFINIDO,Inexistentes,Betuminoso,Curva,Em patamar,Berma não pavimentada,Em plena via,Direita
2015962818,2015:07:30 11:20:00,01/30/00,07/01/00,01/01/00,Polícia de Segurança Pública,50.0,50.0,Quinta-Feira ,"38,716425","-9,130305",0,0,1,Estrada sem separador,Seco e limpo,Lisboa,Lisboa,São Vicente,Lisboa,Largo Graça                                                                                         ,Arruamento,0,Em bom estado,,Bom tempo,Dois sentidos,Fora da intersecção,Dentro das localidades,Em pleno dia,Com marcas - separadoras de sentido e de vias de trânsito,Atropelamento de peões,NÃO DEFINIDO,Inexistentes,NÃO DEFINIDO,NÃO DEFINIDO,Inexistentes,Calçada,Recta,Em patamar,Sem berma ou impraticável,No passeio,Direita
2011555006,2011:07:05 14:30:00,01/05/00,07/01/00,01/01/00,Guarda Nacional Republicana,50.0,50.0,Terça-Feira  ,"38,55058","9,78609",0,0,1,Estrada sem separador,Seco e limpo,Lisboa,Loures,São Julião do Tojal,,R 1º DE MAIO,Arruamento,0,Em bom estado,,Bom tempo,Dois sentidos,Fora da intersecção,Dentro das localidades,Em pleno dia,Com marcas - separadoras de sentido de trânsito,Colisão lateral com outro veículo em movimento,NÃO DEFINIDO,Inexistentes,NÃO DEFINIDO,NÃO DEFINIDO,A funcionar normalmente,Betuminoso,Recta,Em patamar,Berma pavimentada,Em plena via,Direita
2012618403,2012:07:06 14:50:00,01/06/00,07/01/00,01/01/00,Polícia de Segurança Pública,50.0,50.0,Sexta-Feira  ,"0,00","0,00",0,0,1,Estrada sem separador,Húmido,Lisboa,Lisboa,Prazeres,,Rua General Gomes Araújo                                                                            ,Arruamento,0,Em estado regular,,Bom tempo,Sentido único,Fora da intersecção,Dentro das localidades,Em pleno dia,Sem marcas rodoviárias ou pouco visíveis,Despiste com colisão com veículo imobil. ou obstáculo,NÃO DEFINIDO,Inexistentes,NÃO DEFINIDO,Outros,Inexistentes,Calçada,Recta,Em patamar,Sem berma ou impraticável,Em plena via,Direita
2015958604,2015:07:16 23:25:00,01/16/00,07/01/00,01/01/00,Polícia de Segurança Pública,50.0,50.0,Quinta-Feira ,"38,736801","-9,145595",0,0,1,Outra via,Seco e limpo,Lisboa,Lisboa,Avenidas Novas,Lisboa,Avenida República                                                                                   ,Arruamento,0,Em bom estado,,Bom tempo,Sentido único,Fora da intersecção,Dentro das localidades,"Noite, com iluminação",Com marcas - separadoras de sentido de trânsito,Despiste sem dispositivo de retenção,NÃO DEFINIDO,Inexistentes,No sentido decrescente da quilometragem,Outros,Inexistentes,Betuminoso,Recta,Em patamar,Sem berma ou impraticável,Em plena via,Esquerda
2015959030,2015:07:20 20:00:00,01/20/00,07/01/00,01/01/00,Polícia de Segurança Pública,50.0,50.0,Segunda-Feira,"37,024424","-7,926461",0,0,1,Estrada sem separador,Seco e limpo,Faro,Faro,União das freguesias de Faro (Sé e São Pedro),Faro,Praça Bombeiros de Faro                                                                             ,Arruamento,0,Em bom estado,,Bom tempo,Dois sentidos,Fora da intersecção,Dentro das localidades,Em pleno dia,Sem marcas rodoviárias ou pouco visíveis,Colisão com outras situações,NÃO DEFINIDO,Inexistentes,NÃO DEFINIDO,Outros,Inexistentes,Betuminoso,Recta,Em patamar,Berma pavimentada,Em plena via,Direita
2015990990,2015:07:23 20:15:00,01/23/00,07/01/00,01/01/00,Guarda Nacional Republicana,70.0,70.0,Quinta-Feira ,"37,077238","-8,169348",0,0,1,Outra via,Seco e limpo,Faro,Albufeira,Guia,Guia,,Outra Via,0,Em bom estado,68.0,Bom tempo,Reversível,Em ramo de ligação - saída,Fora das localidades,Em pleno dia,Com marcas - separadoras de sentido e de vias de trânsito,Colisão choque em cadeia,NÃO DEFINIDO,Inexistentes,No sentido crescente da quilometragem,Outros,Inexistentes,Betuminoso,Recta,Em patamar,Berma pavimentada,Em plena via,Direita
20181488598,2018:07:31 10:00:00,01/31/00,07/01/00,01/01/00,Guarda Nacional Republicana,90.0,90.0,Terça-Feira  ,"38,072583","-7,968317",0,0,1,Estrada sem separador,Seco e limpo,Beja,Beja,União das freguesias de Trigaches e São Brissos,Beja,,EM - Estrada Municipal,0,Em bom estado,,Bom tempo,Dois sentidos,Fora da intersecção,Fora das localidades,Em pleno dia,Sem marcas rodoviárias ou pouco visíveis,Despiste simples,NÃO DEFINIDO,Inexistentes,NÃO DEFINIDO,NÃO DEFINIDO,Inexistentes,Betuminoso,Curva,Em patamar,Sem berma ou impraticável,Em plena via,Direita
2010468219,2010:07:18 18:50:00,01/18/00,07/01/00,01/01/00,Polícia de Segurança Pública,50.0,50.0,Domingo      ,"0,00","0,00",0,0,1,Outra via,Seco e limpo,Lisboa,Lisboa,Carnide,,Rua Fernando Namora,Arruamento,0,Em bom estado,,Bom tempo,Dois sentidos,NÃO DEFINIDO,Dentro das localidades,Em pleno dia,Com marcas - separadoras de sentido e de vias de trânsito,Colisão com outras situações,NÃO DEFINIDO,Inexistentes,NÃO DEFINIDO,Outros,Inexistentes,Betuminoso,Recta,Em patamar,Berma pavimentada,Em plena via,Esquerda
2015966328,2015:07:22 19:00:00,01/22/00,07/01/00,01/01/00,Polícia de Segurança Pública,50.0,50.0,Quarta-Feira ,"38,840279","-9,194129",0,1,0,Estrada sem separador,Seco e limpo,Lisboa,Loures,Loures,Loures,Rua Combatentes do Ultramar                                                                         ,Arruamento,0,Em estado regular,,Bom tempo,Dois sentidos,Fora da intersecção,Dentro das localidades,Em pleno dia,Com marcas - separadoras de sentido de trânsito,Atropelamento de peões,NÃO DEFINIDO,Inexistentes,NÃO DEFINIDO,Passagem de peões,Inexistentes,Betuminoso,Recta,Com inclinação,Berma pavimentada,Em plena via,Direita
2010465668,2010:07:12 14:00:00,01/12/00,07/01/00,01/01/00,Polícia de Segurança Pública,50.0,50.0,Segunda-Feira,"0,00","0,00",0,0,3,Estrada sem separador,Seco e limpo,Porto,Porto,Paranhos,,Rua Faria Guimarães,Arruamento,0,Em bom estado,,Bom tempo,Sentido único,Em ramo de ligação - entrada,Dentro das localidades,Em pleno dia,Sem marcas rodoviárias ou pouco visíveis,Colisão frontal,NÃO DEFINIDO,Inexistentes,NÃO DEFINIDO,NÃO DEFINIDO,Inexistentes,Betuminoso,Curva,Com inclinação,Berma pavimentada,Em plena via,Direita
2014855096,2014:07:09 11:40:00,01/09/00,07/01/00,01/01/00,Guarda Nacional Republicana,40.0,120.0,Quarta-Feira ,"41,134800","-8,083613",0,0,2,Auto-estrada,Seco e limpo,Porto,Amarante,Vila Caiz,,,A  - Auto-Estrada,A4,Em bom estado,51.8,Bom tempo,Sentido único,Fora da intersecção,Fora das localidades,Em pleno dia,Com marcas - separadoras de sentido e de vias de trânsito,Despiste com dispositivo de retenção,NÃO DEFINIDO,Inexistentes,No sentido decrescente da quilometragem,NÃO DEFINIDO,Inexistentes,Betuminoso,Recta,Em patamar,Berma pavimentada,Em plena via,Central
20181528219,2018:07:29 09:00:00,01/29/00,07/01/00,01/01/00,Guarda Nacional Republicana,60.0,120.0,Domingo      ,"40,627830","-8,706733",0,0,1,Auto-estrada,Seco e limpo,Aveiro,Ilhavo,Gafanha da Nazaré,Gafanha da Nazaré,,A  - Auto-Estrada,A25,Em bom estado,"3,8",Bom tempo,Sentido único,Fora da intersecção,Fora das localidades,Em pleno dia,Com marcas - separadoras de sentido de trânsito,Despiste simples,NÃO DEFINIDO,Inexistentes,No sentido crescente da quilometragem,Outros,Inexistentes,Betuminoso,Recta,Em patamar,Berma pavimentada,Em plena via,Direita
20181487237,2018:07:19 19:40:00,01/19/00,07/01/00,01/01/00,Guarda Nacional Republicana,50.0,50.0,Quinta-Feira ,"39,025274","-8,979246",0,0,1,Estrada sem separador,Seco e limpo,Lisboa,Alenquer,União das freguesias de Carregado e Cadafais,Carregado,Rua Castelo Melhor,Arruamento,0,Em bom estado,,Bom tempo,Dois sentidos,Em entroncamento,Dentro das localidades,Em pleno dia,Com marcas - separadoras de sentido de trânsito,Atropelamento de peões,NÃO DEFINIDO,Inexistentes,NÃO DEFINIDO,NÃO DEFINIDO,Inexistentes,Betuminoso,Recta,Em patamar,Sem berma ou impraticável,Em plena via,Direita