Id. Acidente,Datahora,Dia,Mês,Hora,Entidades Fiscalizadoras,Velocidade local,Velocidade geral,Dia da Semana,Latitude GPS,Longitude GPS,Num. Mortos a 30 dias,Num. Feridos graves a 30 dias,Num. Feridos ligeiros a 30 dias,Características Tecnicas1,Cond Aderência,Distrito,Concelho,Freguesia,Pov. Proxima,Nome arruamento,Tipos Vias,Cod Via,Estado Conservação,Km,Factores Atmosféricos,Reg Circulação1,Intersecção Vias,Localizações,Luminosidade,Marca Via,Natureza,Obras Arte,Obstáculos,Sentidos,Sinais,Sinais Luminosos,Tipo Piso,Traçado 1,Traçado 2,Traçado 3,Traçado 4,Via Trânsito
20181479801,2018:07:25 10:15:00,01/25/00,07/01/00,01/01/00,Guarda Nacional Republicana,50.0,50.0,Quarta-Feira ,"41,004905","-8,488581",0,0,1,Estrada sem separador,Seco e limpo,Aveiro,Santa Maria da Feira,"União das freguesias de Canedo, Vale e Vila Maior",Vila Maior,Rua da Estrada,Arruamento,0,Em estado regular,,Bom tempo,Dois sentidos,Em entroncamento,Dentro das localidades,Em pleno dia,Sem marcas rodoviárias ou pouco visíveis,Despiste simples,NÃO DEFINIDO,Inexistentes,NÃO DEFINIDO,NÃO DEFINIDO,Inexistentes,Betuminoso,Curva,Com inclinação,Sem berma ou impraticável,Em plena via,Direita
2012631597,2012:07:30 18:35:00,01/30/00,07/01/00,01/01/00,Guarda Nacional Republicana,50.0,50.0,Segunda-Feira,"41,31735","8,45707",0,0,1,Estrada sem separador,Seco e limpo,Braga,Esposende,Gandra,,Rua Comendador Leite,Arruamento,0,Em estado regular,,Bom tempo,Dois sentidos,Fora da intersecção,Dentro das localidades,Em pleno dia,Com marcas - separadoras de sentido de trânsito,Colisão lateral com outro veículo em movimento,NÃO DEFINIDO,Inexistentes,NÃO DEFINIDO,Outros,Inexistentes,Betuminoso,Curva,Com inclinação,Sem berma ou impraticável,Em plena via,Direita
20161088232,2016:07:20 01:30:00,01/20/00,07/01/00,01/01/00,Polícia de Segurança Pública,30.0,30.0,Quarta-Feira ,"40,652607","-8,629499",0,1,0,Estrada sem separador,Seco e limpo,Aveiro,Aveiro,Esgueira,,Arramento da Ribeira de Mataduços,Arruamento,0,Em estado regular,,Bom tempo,Dois sentidos,Fora da intersecção,Dentro das localidades,"Noite, com iluminação",Sem marcas rodoviárias ou pouco visíveis,Despiste com capotamento,NÃO DEFINIDO,Inexistentes,NÃO DEFINIDO,Outros,Inexistentes,Betuminoso,Recta,Em Lomba,Berma pavimentada,Em plena via,Direita
2013749725,2013:07:26 23:00:00,01/26/00,07/01/00,01/01/00,Guarda Nacional Republicana,50.0,50.0,Sexta-Feira  ,"38,387291","-9,141272",0,0,3,Estrada sem separador,Seco e limpo,Setúbal,Almada,Costa da Caparica,Costa da Caparica,Avª 1º de Maio,Arruamento,0,Em estado regular,,Bom tempo,Dois sentidos,Em cruzamento,Dentro das localidades,"Noite, com iluminação",Com marcas - separadoras de sentido de trânsito,Colisão lateral com outro veículo em movimento,NÃO DEFINIDO,Correctamente sinalizados,NÃO DEFINIDO,Outros,A funcionar normalmente,Betuminoso,Recta,Em patamar,Berma pavimentada,Em plena via,Direita
20171284703,2017:07:03 20:30:00,01/03/00,07/01/00,01/01/00,Guarda Nacional Republicana,50.0,50.0,Segunda-Feira,"39,270906","-9,160360",0,0,1,Estrada sem separador,Seco e limpo,Leiria,Bombarral,União das freguesias do Bombarral e Vale Covo,Bombarral,Rua José Pereira da Conceição,Arruamento,0,Em bom estado,,Bom tempo,Dois sentidos,Fora da intersecção,Dentro das localidades,Em pleno dia,Sem marcas rodoviárias ou pouco visíveis,Atropelamento de peões,NÃO DEFINIDO,Inexistentes,NÃO DEFINIDO,NÃO DEFINIDO,Inexistentes,Betuminoso,Recta,Em patamar,Berma pavimentada,Em plena via,Direita
2010477817,2010:07:12 14:05:00,01/12/00,07/01/00,01/01/00,Guarda Nacional Republicana,60.0,60.0,Segunda-Feira,"39,750257","-8,817849",0,0,2,Outra via,Seco e limpo,Leiria,Leiria,Leiria,LEIRIA,,EN - Estrada Nacional,EN1,Em estado regular,123.13,Bom tempo,Dois sentidos,Fora da intersecção,Fora das localidades,Em pleno dia,Com marcas - separadoras de sentido e de vias de trânsito,Colisão traseira com outro veículo em movimento,NÃO DEFINIDO,Correctamente sinalizados,No sentido decrescente da quilometragem,Outros,Inexistentes,Betuminoso,Recta,Em patamar,Sem berma ou impraticável,Em plena via,Direita
20161088188,2016:07:23 09:30:00,01/23/00,07/01/00,01/01/00,Polícia de Segurança Pública,50.0,50.0,Sábado       ,"37,095140","-8,672072",0,0,1,Estrada sem separador,Seco e limpo,Faro,Lagos,União das freguesias de Lagos (São Sebastião e Santa Maria),Lagos,Estrada da Ponta da Piedade,Arruamento,0,Em bom estado,,Bom tempo,Dois sentidos,Fora da intersecção,Dentro das localidades,Em pleno dia,Sem marcas rodoviárias ou pouco visíveis,Atropelamento de peões,NÃO DEFINIDO,Inexistentes,NÃO DEFINIDO,NÃO DEFINIDO,Inexistentes,Betuminoso,Curva,Com inclinação,Berma pavimentada,Em plena via,Direita
20191768131,2019:07:30 15:55:00,01/30/00,07/01/00,01/01/00,Guarda Nacional Republicana,50.0,50.0,Terça-Feira  ,"40,574830","-7,930376",0,0,1,Estrada sem separador,Seco e limpo,Viseu,Viseu,Silgueiros,Pindelo de Silgueiros.,Avenida D. Luis de Loureiro,Arruamento,0,Em bom estado,,Bom tempo,Dois sentidos,Fora da intersecção,Dentro das localidades,Em pleno dia,Com marcas - separadoras de sentido de trânsito,Colisão com fuga,NÃO DEFINIDO,Inexistentes,NÃO DEFINIDO,NÃO DEFINIDO,Inexistentes,Betuminoso,Recta,Em patamar,Berma não pavimentada,Em plena via,Direita
2015987645,2015:07:27 15:25:00,01/27/00,07/01/00,01/01/00,Guarda Nacional Republicana,50.0,50.0,Segunda-Feira,"41,403444","-8,478959",0,0,2,Estrada sem separador,Seco e limpo,Viana do Castelo,Viana do Castelo,Anha,,Estrada Real,Arruamento,0,Em bom estado,,Bom tempo,Dois sentidos,Fora da intersecção,Dentro das localidades,Em pleno dia,Sem marcas rodoviárias ou pouco visíveis,Atropelamento de peões,NÃO DEFINIDO,Inexistentes,NÃO DEFINIDO,NÃO DEFINIDO,Inexistentes,Betuminoso,Recta,Com inclinação,Berma não pavimentada,Em plena via,Direita
20171284567,2017:07:03 08:20:00,01/03/00,07/01/00,01/01/00,Guarda Nacional Republicana,90.0,90.0,Segunda-Feira,"40,686600","-7,879080",0,0,1,Estrada sem separador,Seco e limpo,Viseu,Viseu,Mundão,Viseu,,EN - Estrada Nacional,EN229,Em bom estado,"72,9",Bom tempo,Dois sentidos,Fora da intersecção,Dentro das localidades,Em pleno dia,Sem marcas rodoviárias ou pouco visíveis,Colisão frontal,NÃO DEFINIDO,Inexistentes,NÃO DEFINIDO,NÃO DEFINIDO,Inexistentes,Betuminoso,Recta,Em patamar,Sem berma ou impraticável,Em plena via,Direita
2010476934,2010:07:07 14:45:00,01/07/00,07/01/00,01/01/00,Guarda Nacional Republicana,50.0,50.0,Quarta-Feira ,"39,82302","8,54025",0,0,1,Estrada sem separador,Seco e limpo,Lisboa,Azambuja,Aveiras de Cima,AVEIRAS DE CIMA,R ANTONIO AMARO DOS SANTOS,Arruamento,0,Em bom estado,,Bom tempo,Dois sentidos,Em cruzamento,Dentro das localidades,Em pleno dia,Sem marcas rodoviárias ou pouco visíveis,Colisão lateral com outro veículo em movimento,NÃO DEFINIDO,Inexistentes,NÃO DEFINIDO,Stop,Inexistentes,Betuminoso,Recta,Com inclinação,Berma pavimentada,Em plena via,Direita
2011556997,2011:07:27 11:35:00,01/27/00,07/01/00,01/01/00,Guarda Nacional Republicana,90.0,90.0,Quarta-Feira ,"38,222075","-8,194740",0,0,1,Estrada sem separador,Seco e limpo,Setúbal,Alcacer do Sal,Torrão,TORRÃO,,ER - Estrada Regional,ER2,Em bom estado,574.4,Bom tempo,Dois sentidos,Em entroncamento,Fora das localidades,Em pleno dia,Com marcas - separadoras de sentido de trânsito,Colisão lateral com outro veículo em movimento,NÃO DEFINIDO,Inexistentes,NÃO DEFINIDO,NÃO DEFINIDO,Inexistentes,Betuminoso,Recta,Em patamar,Sem berma ou impraticável,Em plena via,Direita
20181474344,2018:07:16 18:00:00,01/16/00,07/01/00,01/01/00,Polícia de Segurança Pública,50.0,50.0,Segunda-Feira,"38,756238","-9,119316",0,0,2,Outra via,Seco e limpo,Lisboa,Lisboa,Marvila,Lisboa,Avenida Santo Condestável                                                                           ,Arruamento,0,Em estado regular,,Bom tempo,Sentido único,Fora da intersecção,Dentro das localidades,Em pleno dia,Com marcas - separadoras de sentido e de vias de trânsito,Despiste sem dispositivo de retenção,NÃO DEFINIDO,Inexistentes,NÃO DEFINIDO,Outros,Inexistentes,Betuminoso,Recta,Com inclinação,Berma pavimentada,Em plena via,Direita
2013750309,2013:07:11 06:55:00,01/11/00,07/01/00,01/01/00,Guarda Nacional Republicana,50.0,90.0,Quinta-Feira ,"41,308237","-8,389940",0,0,1,Estrada sem separador,Seco e limpo,Braga,Barcelos,Gilmonde,Vila Seca,,EN - Estrada Nacional,EN205,Em bom estado,19.65,Bom tempo,Dois sentidos,Em entroncamento,Dentro das localidades,Em pleno dia,Sem marcas rodoviárias ou pouco visíveis,Colisão lateral com outro veículo em movimento,NÃO DEFINIDO,Inexistentes,NÃO DEFINIDO,Stop,Inexistentes,Betuminoso,Recta,Em patamar,Berma pavimentada,Em plena via,Direita
20171174422,2016:07:28 00:45:00,01/28/00,07/01/00,01/01/00,Guarda Nacional Republicana,90.0,90.0,Quinta-Feira ,"40,044247","-7,283729",0,0,1,Estrada sem separador,Seco e limpo,Castelo Branco,Fundao,Castelo Novo,CASTELO NOVO,,Outra Via,0,Em estado regular,,Bom tempo,Dois sentidos,Fora da intersecção,Fora das localidades,"Noite, sem iluminação",Sem marcas rodoviárias ou pouco visíveis,Despiste simples,NÃO DEFINIDO,Inexistentes,NÃO DEFINIDO,NÃO DEFINIDO,Inexistentes,Betuminoso,Curva,Em patamar,Berma não pavimentada,Em plena via,Direita
2010467697,2010:07:20 02:10:00,01/20/00,07/01/00,01/01/00,Polícia de Segurança Pública,90.0,90.0,Terça-Feira  ,"0,00","0,00",0,0,1,Auto-estrada,Seco e limpo,Porto,Porto,Paranhos,,,A  - Auto-Estrada,A20,Em bom estado,,Bom tempo,Sentido único,Fora da intersecção,Fora das localidades,"Noite, sem iluminação",Com marcas - separadoras de sentido e de vias de trânsito,Despiste com dispositivo de retenção,NÃO DEFINIDO,Inexistentes,No sentido decrescente da quilometragem,Outros,Inexistentes,Betuminoso,Curva,Com inclinação,Berma pavimentada,Na berma,Direita
2014856431,2014:07:28 08:05:00,01/28/00,07/01/00,01/01/00,Guarda Nacional Republicana,50.0,50.0,Segunda-Feira,"38,391497","-9,010538",0,0,1,Estrada sem separador,Seco e limpo,Setúbal,Moita,Alhos Vedros,Alhos Vedros,,EN - Estrada Nacional,EN11,Em bom estado,22.9,Bom tempo,Sentido único,Em rotunda,Dentro das localidades,Em pleno dia,Com marcas - separadoras de sentido e de vias de trânsito,Colisão lateral com outro veículo em movimento,NÃO DEFINIDO,Inexistentes,NÃO DEFINIDO,Cedência de passagem,Inexistentes,Betuminoso,Recta,Em patamar,Berma pavimentada,Em plena via,Direita
20191717434,2019:07:19 16:30:00,01/19/00,07/01/00,01/01/00,Polícia de Segurança Pública,50.0,50.0,Sexta-Feira  ,"0,0","0,0",0,0,2,Estrada sem separador,Seco e limpo,Lisboa,Sintra,Rio de Mouro,Albarraque,Avenida Santa Isabel,Arruamento,0,Em estado regular,,Bom tempo,Dois sentidos,Em entroncamento,Dentro das localidades,Em pleno dia,Com marcas - separadoras de sentido e de vias de trânsito,Colisão lateral com outro veículo em movimento,NÃO DEFINIDO,Inexistentes,NÃO DEFINIDO,Outros,A funcionar normalmente,Betuminoso,Recta,Em patamar,Berma pavimentada,Em plena via,Direita
20181469102,2018:07:07 19:00:00,01/07/00,07/01/00,01/01/00,Guarda Nacional Republicana,50.0,50.0,Sábado       ,"40,794920","-8,274768",0,0,1,Estrada sem separador,Seco e limpo,Aveiro,Vale de Cambra,Arões,Arões- Ervedoso,,EM - Estrada Municipal,0,Em bom estado,,Bom tempo,Sentido único,Fora da intersecção,Fora das localidades,Em pleno dia,Sem marcas rodoviárias ou pouco visíveis,Despiste simples,NÃO DEFINIDO,Inexistentes,NÃO DEFINIDO,NÃO DEFINIDO,Inexistentes,Terra batida,Recta,Em patamar,Sem berma ou impraticável,Em plena via,Direita
2013749588,2013:07:06 07:50:00,01/06/00,07/01/00,01/01/00,Guarda Nacional Republicana,80.0,120.0,Sábado       ,"38,429816","-8,566505",0,0,1,Outra via,Seco e limpo,Setúbal,Montijo,Montijo,Montijo (ramo A) junto ponte V Gama,,Outra Via,0,Em bom estado,,Bom tempo,Sentido único,Fora da intersecção,Fora das localidades,Em pleno dia,Com marcas - separadoras de sentido e de vias de trânsito,Colisão traseira com outro veículo em movimento,NÃO DEFINIDO,Inexistentes,No sentido decrescente da quilometragem,NÃO DEFINIDO,Inexistentes,Betuminoso,Curva,Com inclinação,Berma pavimentada,Em plena via,Esquerda
2015988857,2015:07:20 08:40:00,01/20/00,07/01/00,01/01/00,Guarda Nacional Republicana,120.0,120.0,Segunda-Feira,"41,106549","-8,356022",0,0,4,Auto-estrada,Seco e limpo,Porto,Porto,Paranhos,Paranhos,,A  - Auto-Estrada,A3,Em estado regular,0.675,Bom tempo,Sentido único,Fora da intersecção,Fora das localidades,Em pleno dia,Com marcas - separadoras de sentido e de vias de trânsito,Colisão choque em cadeia,NÃO DEFINIDO,Inexistentes,No sentido decrescente da quilometragem,NÃO DEFINIDO,Inexistentes,Betuminoso,Recta,Em patamar,Sem berma ou impraticável,Em plena via,Esquerda
2014854769,2014:07:07 07:55:00,01/07/00,07/01/00,01/01/00,Guarda Nacional Republicana,120.0,120.0,Segunda-Feira,"38,526894","-9,038575",0,0,1,Auto-estrada,Seco e limpo,Lisboa,Vila Franca de Xira,União das freguesias de Alverca do Ribatejo e Sobralinho,Alverca,,A  - Auto-Estrada,A1,Em bom estado,12.0,Bom tempo,Sentido único,Fora da intersecção,Fora das localidades,Em pleno dia,Com marcas - separadoras de sentido e de vias de trânsito,Colisão com veiculo ou obstáculo na faixa de rodagem,NÃO DEFINIDO,Inexistentes,No sentido decrescente da quilometragem,NÃO DEFINIDO,Inexistentes,Betuminoso,Recta,Em patamar,Berma pavimentada,Em plena via,Esquerda
20191768701,2019:07:27 16:00:00,01/27/00,07/01/00,01/01/00,Guarda Nacional Republicana,50.0,90.0,Sábado       ,"39,978440","-8,621521",0,0,2,Estrada sem separador,Seco e limpo,Leiria,Pombal,Pelariga,Tinto,,IC - Itinerário Complementar,IC2,Em estado regular,"156,479",Bom tempo,Dois sentidos,Fora da intersecção,Dentro das localidades,Em pleno dia,Com marcas - separadoras de sentido de trânsito,Despiste simples,NÃO DEFINIDO,Inexistentes,NÃO DEFINIDO,NÃO DEFINIDO,Inexistentes,Betuminoso,Recta,Em patamar,Berma pavimentada,Na berma,Direita
2015987428,2015:07:18 12:10:00,01/18/00,07/01/00,01/01/00,Guarda Nacional Republicana,50.0,50.0,Sábado       ,"39,393495","-8,376638",0,1,0,Estrada sem separador,Seco e limpo,Santarém,Ourem,Atouguia,Mourã,,Outra Via,0,Em bom estado,,Bom tempo,Dois sentidos,Fora da intersecção,Dentro das localidades,Em pleno dia,Sem marcas rodoviárias ou pouco visíveis,Despiste com colisão com veículo imobil. ou obstáculo,NÃO DEFINIDO,Inexistentes,NÃO DEFINIDO,NÃO DEFINIDO,Inexistentes,Betuminoso,Recta,Em patamar,Berma não pavimentada,Na berma,Direita
20161083582,2016:07:07 00:30:00,01/07/00,07/01/00,01/01/00,Polícia de Segurança Pública,50.0,50.0,Quinta-Feira ,"41,201190","-8,698929",0,0,1,Estrada sem separador,Seco e limpo,Porto,Matosinhos,União das freguesias de Matosinhos e Leça da Palmeira,Matosinhos,Rua Belchior Robles                                                                                 ,Arruamento,0,Em bom estado,,Bom tempo,Dois sentidos,Fora da intersecção,Dentro das localidades,"Noite, com iluminação",Com marcas - separadoras de sentido de trânsito,Colisão com outras situações,NÃO DEFINIDO,Inexistentes,NÃO DEFINIDO,Stop,Inexistentes,Betuminoso,Recta,Em patamar,Berma pavimentada,Em plena via,Direita
2014854244,2014:07:04 07:45:00,01/04/00,07/01/00,01/01/00,Guarda Nacional Republicana,90.0,90.0,Sexta-Feira  ,"40,558735","-8,315996",0,0,1,Estrada sem separador,Húmido,Aveiro,Santa Maria da Feira,Escapães,Escapães,,EN - Estrada Nacional,EN223,Em estado regular,18.95,Chuva,Dois sentidos,Em cruzamento,Fora das localidades,Em pleno dia,Com marcas - separadoras de sentido de trânsito,Colisão lateral com outro veículo em movimento,NÃO DEFINIDO,Inexistentes,NÃO DEFINIDO,Outros,Inexistentes,Betuminoso,Recta,Em patamar,Berma pavimentada,Em plena via,Direita
20171173043,2016:07:21 18:20:00,01/21/00,07/01/00,01/01/00,Guarda Nacional Republicana,50.0,50.0,Quinta-Feira ,"38,387144","-9,139330",0,0,1,Estrada sem separador,Seco e limpo,Setúbal,Almada,Costa da Caparica,COSTA DA CAPARICA,RUA HORACIO SILVA LOURO,Arruamento,0,Em estado regular,,Bom tempo,Sentido único,Fora da intersecção,Dentro das localidades,Em pleno dia,Com marcas - separadoras de sentido e de vias de trânsito,Atropelamento de peões,NÃO DEFINIDO,Inexistentes,NÃO DEFINIDO,Outros,Inexistentes,Betuminoso,Recta,Em patamar,Berma pavimentada,Em via ou pista reservada,Direita
2012633323,2012:07:01 17:00:00,01/01/00,07/01/00,01/01/00,Guarda Nacional Republicana,90.0,90.0,Domingo      ,"39,148933","-8,259647",0,0,1,Estrada sem separador,Seco e limpo,Portalegre,Ponte de Sor,Foros de Arrão,Foros de Arrão,,EN - Estrada Nacional,EN243,Em bom estado,87.65,Bom tempo,Dois sentidos,Fora da intersecção,Fora das localidades,Em pleno dia,Com marcas - separadoras de sentido de trânsito,Despiste com colisão com veículo imobil. ou obstáculo,NÃO DEFINIDO,Inexistentes,NÃO DEFINIDO,Proibição de ultrapassagem,Inexistentes,Betuminoso,Curva,Em patamar,Berma pavimentada,Em plena via,Direita
20171287753,2017:07:17 09:10:00,01/17/00,07/01/00,01/01/00,Guarda Nacional Republicana,50.0,50.0,Segunda-Feira,"38,560227","-9,080187",0,0,1,Estrada sem separador,Seco e limpo,Setúbal,Seixal,Fernão Ferro,Quinta do Conde,avenida 10 de junho,Arruamento,0,Em estado regular,,Bom tempo,Dois sentidos,Fora da intersecção,Dentro das localidades,Em pleno dia,Com marcas - separadoras de sentido de trânsito,Colisão frontal,NÃO DEFINIDO,Inexistentes,NÃO DEFINIDO,NÃO DEFINIDO,Inexistentes,Betuminoso,Recta,Em patamar,Sem berma ou impraticável,Em plena via,Direita
2012631220,2012:07:25 17:30:00,01/25/00,07/01/00,01/01/00,Guarda Nacional Republicana,90.0,90.0,Quarta-Feira ,"39,08942","9,16337",0,0,1,Estrada sem separador,Seco e limpo,Lisboa,Torres Vedras,A dos Cunhados,A dos Cunhados,,EN - Estrada Nacional,EN8-2,Em bom estado,3.8,Bom tempo,Dois sentidos,Em entroncamento,Fora das localidades,Em pleno dia,Com marcas - separadoras de sentido de trânsito,Colisão lateral com outro veículo em movimento,NÃO DEFINIDO,Inexistentes,NÃO DEFINIDO,Stop,Inexistentes,Betuminoso,Recta,Com inclinação,Berma pavimentada,Em plena via,Direita
20191718314,2019:07:25 08:00:00,01/25/00,07/01/00,01/01/00,Polícia de Segurança Pública,50.0,50.0,Quinta-Feira ,0,0,0,0,1,Outra via,Seco e limpo,Lisboa,Lisboa,Campo de Ourique,,Avenida Engenheiro Duarte Pacheco                                                                   ,Arruamento,0,Em bom estado,,Bom tempo,Sentido único,Fora da intersecção,Dentro das localidades,Em pleno dia,Com marcas - separadoras de sentido e de vias de trânsito,Colisão com fuga,Túnel,Inexistentes,No sentido decrescente da quilometragem,Outros,Inexistentes,Betuminoso,Curva,Com inclinação,Sem berma ou impraticável,Em plena via,Direita
20161090407,2016:07:27 16:04:00,01/27/00,07/01/00,01/01/00,Polícia de Segurança Pública,50.0,50.0,Quarta-Feira ,"39,605381","-8,404312",0,0,1,Estrada sem separador,Seco e limpo,Santarém,Tomar,União das freguesias de Tomar (São João Baptista) e Santa Maria dos Olivais,,Rua Dom Lopo Dias de Sousa                                                                          ,Arruamento,0,Em bom estado,,Bom tempo,Dois sentidos,Fora da intersecção,Dentro das localidades,Em pleno dia,Sem marcas rodoviárias ou pouco visíveis,Atropelamento de peões,NÃO DEFINIDO,Inexistentes,NÃO DEFINIDO,NÃO DEFINIDO,Inexistentes,Betuminoso,Recta,Em patamar,Berma pavimentada,No passeio,Direita
20171271898,2017:07:13 17:40:00,01/13/00,07/01/00,01/01/00,Polícia de Segurança Pública,50.0,50.0,Quinta-Feira ,"38,725075","-9,150548",0,0,1,Outra via,Seco e limpo,Lisboa,Lisboa,Avenidas Novas,,Praça Marquês Pombal                                                                                ,Arruamento,0,Em estado regular,,Bom tempo,Sentido único,Em rotunda,Dentro das localidades,Em pleno dia,Com marcas - separadoras de sentido e de vias de trânsito,Colisão lateral com outro veículo em movimento,NÃO DEFINIDO,Inexistentes,No sentido decrescente da quilometragem,Outros,A funcionar normalmente,Betuminoso,Curva,Em patamar,Sem berma ou impraticável,Em plena via,Direita
2014829901,2014:07:27 11:15:00,01/27/00,07/01/00,01/01/00,Polícia de Segurança Pública,50.0,50.0,Domingo      ,"40,185012","-8,442386",0,0,2,Estrada sem separador,Seco e limpo,Coimbra,Coimbra,União das freguesias de Santa Clara e Castelo Viegas,,Antiga Estrada de Lisboa                                                                            ,Arruamento,0,Em estado regular,,Bom tempo,Dois sentidos,Em entroncamento,Dentro das localidades,Em pleno dia,Com marcas - separadoras de sentido e de vias de trânsito,Colisão lateral com outro veículo em movimento,NÃO DEFINIDO,Inexistentes,NÃO DEFINIDO,Stop,Inexistentes,Betuminoso,Recta,Em patamar,Sem berma ou impraticável,Em plena via,Direita
20171287618,2017:07:16 11:45:00,01/16/00,07/01/00,01/01/00,Guarda Nacional Republicana,50.0,50.0,Domingo      ,"40,605920","-7,743181",0,0,4,Estrada sem separador,Seco e limpo,Viseu,Mangualde,"União das freguesias de Mangualde, Mesquitela e Cunha Alta",Mangualde,,EN - Estrada Nacional,EN16,Em estado regular,"112,15",Bom tempo,Dois sentidos,Em cruzamento,Dentro das localidades,Em pleno dia,Com marcas - separadoras de sentido e de vias de trânsito,Colisão lateral com outro veículo em movimento,NÃO DEFINIDO,Inexistentes,NÃO DEFINIDO,Stop,Inexistentes,Betuminoso,Recta,Em patamar,Berma não pavimentada,Em plena via,Direita
2010465389,2010:07:13 17:00:00,01/13/00,07/01/00,01/01/00,Polícia de Segurança Pública,50.0,50.0,Terça-Feira  ,"0,00","0,00",0,0,1,Estrada sem separador,Seco e limpo,Leiria,Marinha Grande,Marinha Grande,Marinha Grande,Rua do Lamarão à Embra,Arruamento,0,Em bom estado,,Bom tempo,Dois sentidos,Fora da intersecção,Dentro das localidades,Em pleno dia,Com marcas - separadoras de sentido de trânsito,Colisão traseira com outro veículo em movimento,NÃO DEFINIDO,Inexistentes,NÃO DEFINIDO,Outros,Inexistentes,Betuminoso,Recta,Em patamar,Berma pavimentada,Em plena via,Direita
2012630526,2012:07:11 22:00:00,01/11/00,07/01/00,01/01/00,Guarda Nacional Republicana,50.0,50.0,Quarta-Feira ,,,0,0,1,Estrada sem separador,Seco e limpo,Faro,Albufeira,Albufeira,Albufeira,Rua Abel Salazar,Arruamento,0,Em bom estado,,Bom tempo,Dois sentidos,Fora da intersecção,Dentro das localidades,"Noite, com iluminação",Com marcas - separadoras de sentido de trânsito,Despiste simples,NÃO DEFINIDO,Inexistentes,NÃO DEFINIDO,Stop,Inexistentes,Betuminoso,Curva,Em patamar,Berma pavimentada,Em plena via,Direita
2013696234,2013:07:01 16:25:00,01/01/00,07/01/00,01/01/00,Polícia de Segurança Pública,50.0,50.0,Segunda-Feira,"0,00","0,00",0,0,1,Outra via,Seco e limpo,Porto,Porto,Paranhos,Porto,,EN - Estrada Nacional,EN12,Em bom estado,8.5,Bom tempo,Sentido único,Fora da intersecção,Dentro das localidades,Em pleno dia,Com marcas - separadoras de sentido e de vias de trânsito,Colisão traseira com outro veículo em movimento,NÃO DEFINIDO,Inexistentes,No sentido crescente da quilometragem,Outros,Inexistentes,Betuminoso,Recta,Em patamar,Berma pavimentada,Em plena via,Esquerda
2010465069,2010:07:07 13:15:00,01/07/00,07/01/00,01/01/00,Polícia de Segurança Pública,50.0,50.0,Quarta-Feira ,"0,00","0,00",1,0,0,Outra via,Húmido,Lisboa,Lisboa,São Paulo,,Avenida 24 de Julho,Arruamento,0,Em estado regular,,Bom tempo,Dois sentidos,Fora da intersecção,Dentro das localidades,Em pleno dia,Com marcas - separadoras de sentido e de vias de trânsito,Atropelamento de peões,NÃO DEFINIDO,Inexistentes,NÃO DEFINIDO,Passagem de peões,Inexistentes,Betuminoso,Recta,Em patamar,Sem berma ou impraticável,Em plena via,Direita
2011555315,2011:07:02 21:10:00,01/02/00,07/01/00,01/01/00,Guarda Nacional Republicana,90.0,90.0,Sábado       ,,,0,0,1,Estrada sem separador,Seco e limpo,Faro,Silves,Silves,SILVES,,EM - Estrada Municipal,EM1155,Em mau estado,,Bom tempo,Dois sentidos,Fora da intersecção,Fora das localidades,"Noite, sem iluminação",Sem marcas rodoviárias ou pouco visíveis,Despiste simples,NÃO DEFINIDO,Inexistentes,NÃO DEFINIDO,Outros,Inexistentes,Betuminoso,Recta,Com inclinação,Berma não pavimentada,Em plena via,Direita
20171288825,2017:07:21 15:40:00,01/21/00,07/01/00,01/01/00,Guarda Nacional Republicana,50.0,50.0,Sexta-Feira  ,"37,186779","-7,452399",0,0,1,Outra via,Seco e limpo,Faro,Vila Real de Santo Antonio,Monte Gordo,Monte Gordo,,Outra Via,0,Em bom estado,,Bom tempo,Dois sentidos,Fora da intersecção,Dentro das localidades,Em pleno dia,Com marcas - separadoras de sentido e de vias de trânsito,Colisão traseira com outro veículo em movimento,NÃO DEFINIDO,Inexistentes,No sentido crescente da quilometragem,Passagem de peões,Inexistentes,Betão de cimento,Recta,Em patamar,Berma pavimentada,Em plena via,Direita
2014855842,2014:07:03 21:25:00,01/03/00,07/01/00,01/01/00,Guarda Nacional Republicana,50.0,50.0,Quinta-Feira ,"39,536956","-8,219931",0,0,3,Estrada sem separador,Seco e limpo,Leiria,Ansiao,Chão de Couce,Ramalha,,EM - Estrada Municipal,0,Em estado regular,,Bom tempo,Dois sentidos,Fora da intersecção,Dentro das localidades,"Noite, com iluminação",Sem marcas rodoviárias ou pouco visíveis,Colisão frontal,NÃO DEFINIDO,Inexistentes,NÃO DEFINIDO,NÃO DEFINIDO,Inexistentes,Betuminoso,Curva,Em patamar,Berma pavimentada,Em plena via,Direita
20181525703,2018:07:21 18:30:00,01/21/00,07/01/00,01/01/00,Guarda Nacional Republicana,50.0,50.0,Sábado       ,"37,108999","-8,172245",0,0,1,Estrada sem separador,Seco e limpo,Faro,Albufeira,Albufeira e Olhos de Água,Olhos de Água,,EM - Estrada Municipal,0,Em bom estado,,Bom tempo,Dois sentidos,Fora da intersecção,Dentro das localidades,Em pleno dia,Com marcas - separadoras de sentido de trânsito,Colisão frontal,NÃO DEFINIDO,Inexistentes,NÃO DEFINIDO,NÃO DEFINIDO,Inexistentes,Betuminoso,Recta,Em patamar,Sem berma ou impraticável,Em plena via,Direita
20181470990,2018:07:12 20:50:00,01/12/00,07/01/00,01/01/00,Polícia de Segurança Pública,50.0,50.0,Quinta-Feira ,"41,154204","-8,657597",0,0,1,Estrada